split_seed,method,round,batch_position,experiment_id,selection_role,PI,EI,GP_mean,GP_std,d_min,B_I,B_F,suspicious,gate_fallback,q_true
0,random,1,1,Q092,random,5.109818132477593e-07,2.381190830563389e-07,0.4567818575746152,2.4493377486149885,10.0,0.2000000029802322,0.800000011920929,True,False,0.0
0,random,1,2,Q093,random,0.002198749905886,0.0023951578386566,1.881386428939357,3.7028302286547543,11.0,0.2000000029802322,0.800000011920929,True,False,0.0
0,random,1,3,Q075,random,0.0273072563742788,0.0517521768912055,2.9005029293473115,4.957035753648422,6.0,0.800000011920929,0.2000000029802322,True,False,0.0
0,random,1,4,Q029,random,0.101072386781051,0.0371945320749655,11.438315685903351,0.7756114295895219,2.0,0.0,0.0,False,False,119441.0
0,random,1,5,Q082,random,0.0001085410064313,8.786859145262153e-05,-0.0185406523383253,3.365398760293639,8.0,1.0,0.0,True,False,0.0
0,random,2,1,Q022,random,0.1056136845017615,0.0369832229319194,11.51320465917734,0.7313852619524475,1.0,0.0,0.0,False,False,114383.0
0,random,2,2,Q089,random,0.0027771121980716,0.0035324917579828,0.6686726574695694,4.24050168450441,7.0,1.0,0.0,True,False,0.0
0,random,2,3,Q047,random,0.1528238362859379,0.0812225064425722,11.381200633301887,1.0214593185254188,3.0,0.0,0.0,False,False,7770.0
0,random,2,4,Q025,random,0.0067641600829618,0.0016900024154691,10.531858012218413,0.7676390184369621,1.0,0.0,0.0,False,False,51808.0
0,random,2,5,Q023,random,0.7187436367034344,0.7821028494970319,13.028607595367976,1.0378397951302565,1.0,0.0,0.0,False,False,130578.0
0,random,3,1,Q044,random,0.2197322109617647,0.1044939796658798,11.786499137325013,0.8292372789796596,3.0,0.0,1.0,False,False,54574.0
0,random,3,2,Q041,random,0.0002416447522335,4.107655840098216e-05,10.073213119389386,0.6746326677611119,2.0,0.0,0.0,False,False,155410.0
0,random,3,3,Q038,random,0.165583464386956,0.0520271988098745,11.852350865661222,0.591942759359138,2.0,0.0,0.0,False,False,80348.0
0,random,3,4,Q004,random,2.8098156564548555e-05,1.8826986946863643e-05,0.393964784839488,2.987314651839206,7.0,1.0,0.0,True,False,0.0
0,random,3,5,Q013,random,0.0055797207560752,0.0023023729798382,9.149417550065609,1.2918024497300225,4.0,0.0,0.0,False,False,2639.0
0,random,4,1,Q052,random,0.2529215985846403,0.1318354525339204,11.848457981891771,0.8704370621565487,2.0,0.0,0.0,False,False,81273.0
0,random,4,2,Q033,random,0.417227458336823,0.2789961660246161,12.235226602425309,0.9203925267278772,2.0,0.0,0.0,False,False,76472.0
0,random,4,3,Q050,random,0.0858866671977274,0.0407681177757347,11.015624177022094,1.0332438909693271,2.0,0.0,0.0,False,False,6338.0
0,random,4,4,Q002,random,2.0404407518618385e-11,4.192615327356732e-12,3.087639802463028,1.4149044183059087,8.0,0.0,0.800000011920929,True,False,0.0
0,random,4,5,Q019,random,0.6744050583038843,0.6657567373298997,12.8801443610618,1.0010037232551263,5.0,0.0,0.0,False,False,84493.0
0,random,5,1,Q071,random,0.0273740480917472,0.0079223322980276,10.973996873004602,0.7567320426103449,4.0,0.0,0.0,False,False,60955.0
0,random,5,2,Q059,random,0.0638189972062241,0.0130570119616491,11.71134795438999,0.4701286263914951,1.0,0.0,0.0,False,False,128632.0
0,random,5,3,Q018,random,0.3754178862564338,0.1538927170329562,12.239717786531056,0.5916245076023565,2.0,0.0,0.0,False,False,207261.0
0,random,5,4,Q084,random,0.023900583630009,0.0417161057644302,3.2309448053939978,4.64680315413834,6.0,0.0,1.0,True,False,0.0
0,random,5,5,Q001,random,0.0190739305216918,0.0286779754701759,3.887345825184117,4.119225200758275,7.0,0.0,1.0,True,False,4553.0
0,random,6,1,Q073,random,0.0364238087717464,0.0128713994071959,10.835318928456408,0.8876551739969022,1.0,0.0,0.0,False,False,31696.0
0,random,6,2,Q062,random,0.0050950257712932,0.0022386336884565,8.862791210261651,1.3874487974873146,3.0,0.0,1.0,False,False,0.0
0,random,6,3,Q046,random,0.2103418968221153,0.0986781723407755,11.760428679581878,0.8285179757160551,1.0,0.0,0.0,False,False,58386.0
0,random,6,4,Q058,random,0.0066774943386317,0.0022897582847684,9.817567866520957,1.0549087141109044,5.0,0.0,0.0,False,False,60312.0
0,random,6,5,Q027,random,1.8675888357359077e-06,1.0029948250446369e-06,-0.0213072350575451,2.691303037684591,6.0,0.0,1.0,True,False,0.0
0,random,7,1,Q036,random,0.0002242017391667,0.0002234355792259,-1.517269570670244,3.973091114171917,4.0,0.0,1.0,False,False,0.0
0,random,7,2,Q007,random,0.0074933646960819,0.0046827967920333,7.804368836720458,1.9004450683246932,6.0,0.6000000238418579,0.0,True,False,0.0
0,random,7,3,Q065,random,0.1108870029836979,0.1191281020466741,9.713899018081658,2.221007824977842,4.0,0.0,0.0,False,False,38100.0
0,random,7,4,Q087,random,0.0003775762622288,0.0003393883047326,0.7396613359407276,3.4695324442068096,8.0,1.0,0.0,True,False,0.0
0,random,7,5,Q048,random,1.026984217279339e-05,1.9152810973182036e-06,8.717645983579281,0.8710930721597281,3.0,0.0,1.0,False,False,42637.0
0,gp_m52_pi,1,1,Q019,exploitation,0.3730771074258293,0.5845276295412449,11.693621226464924,2.267305322251905,5.0,0.0,0.0,False,False,84493.0
0,gp_m52_pi,1,2,Q001,exploitation,0.2976777718927651,0.556992607684624,10.8572183159349,2.9568599288517907,7.0,0.0,1.0,True,False,4553.0
0,gp_m52_pi,1,3,Q023,exploitation,0.2761716783404699,0.2748095098997934,11.468392404052215,1.6141095518663315,1.0,0.0,0.0,False,False,130578.0
0,gp_m52_pi,1,4,Q033,exploitation,0.2731592564868771,0.2450840359365519,11.546298181422106,1.460804221138832,2.0,0.0,0.0,False,False,76472.0
0,gp_m52_pi,1,5,Q018,exploitation,0.1916535065750437,0.1633894015413339,11.080250460045118,1.545423972869695,2.0,0.0,0.0,False,False,207261.0
0,gp_m52_pi,2,1,Q084,exploitation,0.132362686222985,0.3513677995976996,6.540902655188691,5.27815034124838,6.0,0.0,1.0,True,False,0.0
0,gp_m52_pi,2,2,Q065,exploitation,0.1087847696267121,0.1450823612017724,9.014169337700793,2.768341638034145,4.0,0.0,0.0,False,False,38100.0
0,gp_m52_pi,2,3,Q027,exploitation,0.1075854700061193,0.2767434831518348,5.794050827296176,5.351901987689507,6.0,0.0,1.0,True,False,0.0
0,gp_m52_pi,2,4,Q087,exploitation,0.0954276196732643,0.2555753870611513,4.957708111825527,5.710679209746328,10.0,1.0,0.0,True,False,0.0
0,gp_m52_pi,2,5,Q089,exploitation,0.0952870733458124,0.2529784028143562,5.01582876403196,5.662656394222824,7.0,1.0,0.0,True,False,0.0
0,gp_m52_pi,3,1,Q041,exploitation,0.238801313580463,0.1460149247319816,11.689206440191326,1.0397241154917354,2.0,0.0,0.0,False,False,155410.0
0,gp_m52_pi,3,2,Q047,exploitation,0.2294135697068275,0.1496460057209677,11.59577147019599,1.1228837771565914,3.0,0.0,0.0,False,False,7770.0
0,gp_m52_pi,3,3,Q052,exploitation,0.1767120402525862,0.0891249469296151,11.5605282106376,0.9343559227412556,2.0,0.0,0.0,False,False,81273.0
0,gp_m52_pi,3,4,Q059,exploitation,0.1693063559746602,0.0842738090545422,11.535318939445956,0.932440752355593,2.0,0.0,0.0,False,False,128632.0
0,gp_m52_pi,3,5,Q046,exploitation,0.1559226388687158,0.0731509430944953,11.520152647699692,0.8972375990078807,1.0,0.0,0.0,False,False,58386.0
0,gp_m52_pi,4,1,Q044,exploitation,0.1407072614742125,0.0734143137597297,11.325866156569523,1.0228078778098366,3.0,0.0,0.0,False,False,54574.0
0,gp_m52_pi,4,2,Q029,exploitation,0.1306636118122298,0.0617352715624829,11.369244193216293,0.9422011622486564,2.0,0.0,0.0,False,False,119441.0
0,gp_m52_pi,4,3,Q038,exploitation,0.0774904152775973,0.0311500897935585,11.158784919914751,0.8921633224498299,2.0,0.0,0.0,False,False,80348.0
0,gp_m52_pi,4,4,Q071,exploitation,0.0690721215429392,0.0288425238188779,11.024479319743527,0.9462913815650844,4.0,0.0,0.0,False,False,60955.0
0,gp_m52_pi,4,5,Q058,exploitation,0.0570365649556708,0.0280277551518199,10.608919673508067,1.1509440015030603,7.0,0.0,0.0,False,False,60312.0
0,gp_m52_pi,5,1,Q050,exploitation,0.0396961846317989,0.0148484614897787,10.800161560488846,0.9277153257392322,2.0,0.0,0.0,False,False,6338.0
0,gp_m52_pi,5,2,Q022,exploitation,0.038223037522703,0.0124542548615063,10.98776795162298,0.812677744491867,1.0,0.0,0.0,False,False,114383.0
0,gp_m52_pi,5,3,Q073,exploitation,0.0281987903176608,0.0093706968046091,10.776429184078207,0.8654057624777474,1.0,0.0,0.0,False,False,31696.0
0,gp_m52_pi,5,4,Q048,exploitation,0.0146209549485047,0.0047557040742796,10.421773966819668,0.9200063018324542,3.0,0.0,0.2000000029802322,False,False,42637.0
0,gp_m52_pi,5,5,Q075,exploitation,0.0141241844157712,0.0196731942510048,3.749900758268198,3.9555118064856822,6.0,1.0,0.0,True,False,0.0
0,gp_m52_pi,6,1,Q007,exploitation,0.0141364961422857,0.0072085365003521,9.25154039320194,1.447947535564371,7.0,0.0,0.0,False,False,0.0
0,gp_m52_pi,6,2,Q062,exploitation,0.0102959226333159,0.0044848071746455,9.460624569078698,1.2814091733534732,3.0,0.0,1.0,False,False,0.0
0,gp_m52_pi,6,3,Q013,exploitation,0.0091736192021677,0.0036290118546368,9.648870646906747,1.1781509839551016,4.0,0.0,0.0,False,False,2639.0
0,gp_m52_pi,6,4,Q036,exploitation,0.0027398483226391,0.0014366782406859,7.5669005447671935,1.7500876298311423,6.0,0.0,0.0,False,False,0.0
0,gp_m52_pi,6,5,Q025,exploitation,0.002216483518241,0.0005651744264027,9.962790407643222,0.8661799825188358,1.0,0.0,0.0,False,False,51808.0
0,gp_m52_pi,7,1,Q002,exploitation,4.011067622257685e-07,1.3558947162837737e-07,3.5853344730793664,1.7918042901348328,8.0,1.0,0.0,True,False,0.0
0,gp_m52_pi,7,2,Q004,exploitation,0.0348222142739817,0.0717012806693134,2.982689122101106,5.2060449132316275,7.0,1.0,0.0,True,False,0.0
0,gp_m52_pi,7,3,Q082,exploitation,0.0115024413073647,0.0190457558817326,1.487202285143871,4.812440395677098,8.0,1.0,0.0,True,False,0.0
0,gp_m52_pi,7,4,Q092,exploitation,0.0172775892220274,0.0302942337433147,2.151133254097134,4.862213075849212,10.0,1.0,0.0,True,False,0.0
0,gp_m52_pi,7,5,Q093,exploitation,0.069887413082831,0.1756890350680209,4.032909696260941,5.685019715167751,11.0,1.0,0.0,True,False,0.0
0,gp_m52_ei,1,1,Q019,exploitation,0.8876974891491535,1.998624909890484,14.340409413588327,1.5751564072359991,5.0,0.0,0.0,False,False,84493.0
0,gp_m52_ei,1,2,Q023,exploitation,0.9406407392180018,1.3474961084231596,13.753395275857311,0.849785743328794,1.0,0.0,0.0,False,False,130578.0
0,gp_m52_ei,1,3,Q033,exploitation,0.9063939200425092,1.1561465866003828,13.546621892152256,0.8484839797930299,2.0,0.0,0.0,False,False,76472.0
0,gp_m52_ei,1,4,Q018,exploitation,0.9289044555807956,0.939675420496736,13.347490904185351,0.626778289185563,2.0,0.0,0.0,False,False,207261.0
0,gp_m52_ei,1,5,Q058,exploitation,0.2844840463777982,0.5322713143250266,10.716445835089914,3.004247464408238,7.0,0.0,1.0,True,False,60312.0
0,gp_m52_ei,2,1,Q084,exploitation,0.1300968865512032,0.3435284105785563,6.492833832546902,5.270958044828493,6.0,0.0,1.0,True,False,0.0
0,gp_m52_ei,2,2,Q027,exploitation,0.1109993020190553,0.2932293922721373,5.7593860810435045,5.460224295805814,6.0,1.0,0.0,True,False,0.0
0,gp_m52_ei,2,3,Q089,exploitation,0.0971680009328562,0.2631903165855698,4.958928846122511,5.754596955814454,7.0,1.0,0.0,True,False,0.0
0,gp_m52_ei,2,4,Q087,exploitation,0.0924468625409123,0.2491078570078554,4.761620153210545,5.781978591024437,10.0,1.0,0.0,True,False,0.0
0,gp_m52_ei,2,5,Q001,exploitation,0.1231830470892715,0.1813409567868847,8.979126097654577,2.9748033613113445,7.0,0.0,1.0,True,False,4553.0
0,gp_m52_ei,3,1,Q047,exploitation,0.1881369734723545,0.1169420851655937,11.425592732286423,1.132468181616404,3.0,0.0,0.0,False,False,7770.0
0,gp_m52_ei,3,2,Q041,exploitation,0.1913058415729151,0.1086115465473374,11.52856978033313,1.029683725667069,2.0,0.0,0.0,False,False,155410.0
0,gp_m52_ei,3,3,Q052,exploitation,0.1773209952640296,0.0872452227367036,11.584629014691728,0.9106859351199132,2.0,0.0,0.0,False,False,81273.0
0,gp_m52_ei,3,4,Q059,exploitation,0.1727931996196308,0.0841185134340439,11.571962351891546,0.907158848728308,2.0,0.0,0.0,False,False,128632.0
0,gp_m52_ei,3,5,Q044,exploitation,0.1597076666420023,0.0812473158024602,11.46462078688809,0.9671573672467724,3.0,0.0,0.0,False,False,54574.0
0,gp_m52_ei,4,1,Q046,exploitation,0.1664682459851735,0.0763603663332824,11.592002946775931,0.8630076309189527,1.0,0.0,0.0,False,False,58386.0
0,gp_m52_ei,4,2,Q029,exploitation,0.107938904630324,0.0480188839337129,11.282892166500927,0.9249531326790944,2.0,0.0,0.0,False,False,119441.0
0,gp_m52_ei,4,3,Q065,exploitation,0.0587429097358705,0.0363418923849672,10.17046820032628,1.4418628355844576,4.0,0.0,0.0,False,False,38100.0
0,gp_m52_ei,4,4,Q038,exploitation,0.0869051160546971,0.0346556558903046,11.249677258140183,0.8660658924235557,2.0,0.0,0.0,False,False,80348.0
0,gp_m52_ei,4,5,Q071,exploitation,0.0642652079392092,0.0258188562005962,11.0261203787293,0.922060332345564,4.0,0.0,0.0,False,False,60955.0
0,gp_m52_ei,5,1,Q075,exploitation,0.0141239709308,0.0196728116558376,3.7498997338028346,3.955501569201377,6.0,1.0,0.0,True,False,0.0
0,gp_m52_ei,5,2,Q050,exploitation,0.0396960173042557,0.014848396483069,10.80015898659877,0.9277157597206384,2.0,0.0,0.0,False,False,6338.0
0,gp_m52_ei,5,3,Q022,exploitation,0.0382229701620088,0.0124542410541355,10.98776597574782,0.8126784876679709,1.0,0.0,0.0,False,False,114383.0
0,gp_m52_ei,5,4,Q073,exploitation,0.0281988479319478,0.0093707267168211,10.776428518102556,0.8654065158724236,1.0,0.0,0.0,False,False,31696.0
0,gp_m52_ei,5,5,Q048,exploitation,0.0146209032889101,0.0047556888588521,10.421771189921786,0.9200069870742325,3.0,0.0,0.2000000029802322,False,False,42637.0
0,gp_m52_ei,6,1,Q007,exploitation,0.0141364961422857,0.0072085365003521,9.25154039320194,1.447947535564371,7.0,0.0,0.0,False,False,0.0
0,gp_m52_ei,6,2,Q062,exploitation,0.0102959226333159,0.0044848071746455,9.460624569078698,1.2814091733534732,3.0,0.0,1.0,False,False,0.0
0,gp_m52_ei,6,3,Q013,exploitation,0.0091736192021677,0.0036290118546368,9.648870646906747,1.1781509839551016,4.0,0.0,0.0,False,False,2639.0
0,gp_m52_ei,6,4,Q036,exploitation,0.0027398483226391,0.0014366782406859,7.5669005447671935,1.7500876298311423,6.0,0.0,0.0,False,False,0.0
0,gp_m52_ei,6,5,Q093,exploitation,0.0005939180895792,0.0005380068342546,1.4255871394730013,3.393807358986641,11.0,1.0,0.0,True,False,0.0
0,gp_m52_ei,7,1,Q002,exploitation,4.949543893286766e-07,1.620864014238678e-07,3.9950362763008727,1.723166170037593,8.0,1.0,0.0,True,False,0.0
0,gp_m52_ei,7,2,Q004,exploitation,0.0288974908769686,0.055973947319775,2.889176524798285,5.027490013870274,7.0,1.0,0.0,True,False,0.0
0,gp_m52_ei,7,3,Q025,exploitation,9.500025100086468e-05,1.5868165955005588e-05,9.817101690585734,0.6994939792016652,1.0,0.0,0.0,False,False,51808.0
0,gp_m52_ei,7,4,Q082,exploitation,0.0115636244418,0.0188752144335658,1.6584650218901595,4.7413341920979715,8.0,1.0,0.0,True,False,0.0
0,gp_m52_ei,7,5,Q092,exploitation,0.0031361224093293,0.0040860630922301,0.6789450317370296,4.298492825133202,5.0,1.0,0.0,True,False,0.0
0,pi_random_exploration,1,1,Q002,exploitation,0.4596165574338552,0.5601646158923087,12.265428522973584,1.599138100756955,8.0,0.0,0.6000000238418579,True,False,0.0
0,pi_random_exploration,1,2,Q050,exploitation,0.399589953425344,0.809489624490882,11.703912126436036,2.844513265699518,2.0,0.0,0.2000000029802322,False,False,6338.0
0,pi_random_exploration,1,3,Q092,exploitation,0.2418235114259672,0.8209687113759387,8.399820033628254,5.750256557137599,10.0,0.2000000029802322,0.800000011920929,True,False,0.0
0,pi_random_exploration,1,4,Q082,exploitation,0.212249367773154,0.700777418940222,7.782846248145608,5.8157993521520766,8.0,1.0,0.0,True,False,0.0
0,pi_random_exploration,1,5,Q044,random_exploration,0.1885435099921975,0.4224914345342712,8.82363546223928,4.080201646361745,3.0,0.0,0.800000011920929,False,False,54574.0
0,pi_random_exploration,2,1,Q019,exploitation,0.8101392394969888,1.1198187539206088,13.42837682902135,1.1393274339158388,5.0,0.0,0.0,False,False,84493.0
0,pi_random_exploration,2,2,Q018,exploitation,0.7681735246964427,0.943955424950788,13.22460552496582,1.0875761185174078,2.0,0.0,0.0,False,False,207261.0
0,pi_random_exploration,2,3,Q023,exploitation,0.6749494612173355,0.7134668279207852,12.913453138868768,1.071095784568304,1.0,0.0,0.0,False,False,130578.0
0,pi_random_exploration,2,4,Q033,exploitation,0.6125118657606318,0.5426594268904138,12.705558835046029,0.9723869627522684,2.0,0.0,0.0,False,False,76472.0
0,pi_random_exploration,2,5,Q041,random_exploration,0.0770043606385023,0.0201002069425736,11.600791232074965,0.579994041166455,2.0,0.0,0.0,False,False,155410.0
0,pi_random_exploration,3,1,Q047,exploitation,0.3022996633069001,0.1942632486232685,11.904662043746672,1.0098897376927198,2.0,0.0,0.0,False,False,7770.0
0,pi_random_exploration,3,2,Q046,exploitation,0.1399516951343836,0.0640640471744579,11.456725772014678,0.898493565065548,1.0,0.0,0.0,False,False,58386.0
0,pi_random_exploration,3,3,Q059,exploitation,0.1307721600793172,0.0623173549129193,11.360839473647534,0.9501159754437716,2.0,0.0,0.0,False,False,128632.0
0,pi_random_exploration,3,4,Q029,exploitation,0.1149063226764502,0.0542524815551621,11.264330121302027,0.9686961463877066,2.0,0.0,0.0,False,False,119441.0
0,pi_random_exploration,3,5,Q089,random_exploration,0.0016207010384814,0.0018858996991007,0.496327248346871,4.0529199114039365,7.0,1.0,0.0,True,False,0.0
0,pi_random_exploration,4,1,Q052,exploitation,0.1459257787706422,0.0712359947709033,11.42753971404909,0.948743895473148,1.0,0.0,0.0,False,False,81273.0
0,pi_random_exploration,4,2,Q071,exploitation,0.0875462575817774,0.0394879623474428,11.101106491592056,0.9782107825155882,4.0,0.0,0.0,False,False,60955.0
0,pi_random_exploration,4,3,Q001,exploitation,0.0813652456259543,0.0751033939082462,9.5938044093163,2.0300029989086648,7.0,0.0,1.0,True,False,4553.0
0,pi_random_exploration,4,4,Q065,exploitation,0.078381366837705,0.0553420546830494,10.213307434473773,1.563704183697474,4.0,0.0,0.0,False,False,38100.0
0,pi_random_exploration,4,5,Q073,random_exploration,0.0567315938794635,0.0241759639224505,10.846343184948951,0.9990021666757052,4.0,0.0,0.0,False,False,31696.0
0,pi_random_exploration,5,1,Q022,exploitation,0.0538394557382618,0.0196953090513182,11.03601266097634,0.8650190019113818,1.0,0.0,0.0,False,False,114383.0
0,pi_random_exploration,5,2,Q038,exploitation,0.0447119265855238,0.0156756463750698,10.977239912535891,0.8539228957697014,2.0,0.0,0.0,False,False,80348.0
0,pi_random_exploration,5,3,Q075,exploitation,0.0171818966149408,0.0260128624569243,3.5389417888382875,4.201123144628198,6.0,0.0,1.0,True,False,0.0
0,pi_random_exploration,5,4,Q084,exploitation,0.0125165207871346,0.0185230458788632,2.8794371303348125,4.26086650465664,6.0,0.0,1.0,True,False,0.0
0,pi_random_exploration,5,5,Q013,random_exploration,0.0048368709455158,0.0018837731211657,9.23012763417834,1.2358365567957668,4.0,0.0,1.0,False,False,2639.0
0,pi_random_exploration,6,1,Q048,exploitation,0.0065381689467776,0.002013473066909,10.071556758385846,0.949365239031366,3.0,0.0,0.0,False,False,42637.0
0,pi_random_exploration,6,2,Q058,exploitation,0.0058043393963518,0.0019460542886251,9.788536634589166,1.0456539475008082,5.0,0.0,0.0,False,False,60312.0
0,pi_random_exploration,6,3,Q062,exploitation,0.0048611574908975,0.002150250924819,8.800170479961055,1.4029538009409477,3.0,0.0,1.0,False,False,0.0
0,pi_random_exploration,6,4,Q025,exploitation,0.0031910772406319,0.0008455072506528,10.046958472185484,0.8728308530615636,1.0,0.0,0.0,False,False,51808.0
0,pi_random_exploration,6,5,Q004,random_exploration,2.4756686041205064e-06,1.3177708175750158e-06,0.3789807487621761,2.6382799345542107,7.0,1.0,0.0,True,False,0.0
0,pi_random_exploration,7,1,Q027,exploitation,0.0964787546478311,0.2601474449382873,4.958820956332197,5.7369046841504865,6.0,1.0,0.0,True,False,0.0
0,pi_random_exploration,7,2,Q087,exploitation,0.0620619062359952,0.1507926749493287,3.801023435326215,5.610066510492494,8.0,1.0,0.0,True,False,0.0
0,pi_random_exploration,7,3,Q036,exploitation,0.052433541625445,0.0185511872921985,11.064966078970617,0.8402371991234049,4.0,0.0,1.0,False,False,0.0
0,pi_random_exploration,7,4,Q093,exploitation,0.0217117288031449,0.0365901618980061,3.2531021876172135,4.542689479183567,5.0,1.0,0.0,True,False,0.0
0,pi_random_exploration,7,5,Q007,random_exploration,2.2900845726769752e-06,4.919542902044506e-07,7.53271862318522,1.0680119712010272,6.0,0.800000011920929,0.0,True,False,0.0
0,pi_uncertainty,1,1,Q023,exploitation,0.9406407392180018,1.3474961084231596,13.753395275857311,0.849785743328794,1.0,0.0,0.0,False,False,130578.0
0,pi_uncertainty,1,2,Q018,exploitation,0.9289044555807956,0.939675420496736,13.347490904185351,0.626778289185563,2.0,0.0,0.0,False,False,207261.0
0,pi_uncertainty,1,3,Q033,exploitation,0.9063939200425092,1.1561465866003828,13.546621892152256,0.8484839797930299,2.0,0.0,0.0,False,False,76472.0
0,pi_uncertainty,1,4,Q019,exploitation,0.8876974891491535,1.998624909890484,14.340409413588327,1.5751564072359991,5.0,0.0,0.0,False,False,84493.0
0,pi_uncertainty,1,5,Q093,uncertainty_exploration,0.0951898427425915,0.2478421374837373,5.154222066096381,5.554485711881351,11.0,0.2000000029802322,0.800000011920929,True,False,0.0
0,pi_uncertainty,2,1,Q001,exploitation,0.1255120913819598,0.1849506528888274,9.023780706525669,2.9653306152200427,7.0,0.0,1.0,True,False,4553.0
0,pi_uncertainty,2,2,Q084,exploitation,0.1221106270152233,0.3127296974017391,6.389361666301647,5.18524403345027,6.0,0.0,1.0,True,False,0.0
0,pi_uncertainty,2,3,Q027,exploitation,0.1055842952069498,0.2724539377190634,5.6882755718546205,5.389898016095647,6.0,0.0,1.0,True,False,0.0
0,pi_uncertainty,2,4,Q065,exploitation,0.1016439126893187,0.1335337566710496,8.908937434357979,2.765706994837634,4.0,0.0,0.0,False,False,38100.0
0,pi_uncertainty,2,5,Q087,uncertainty_exploration,0.0881134883021453,0.2306848009375359,4.758131445901714,5.670724091867,10.0,1.0,0.0,True,False,0.0
0,pi_uncertainty,3,1,Q041,exploitation,0.2419733362872393,0.1476755991091404,11.70415298430656,1.0335140502368956,2.0,0.0,0.0,False,False,155410.0
0,pi_uncertainty,3,2,Q047,exploitation,0.2342457964571823,0.1526299671285541,11.619599565013912,1.1145559672271417,3.0,0.0,0.0,False,False,7770.0
0,pi_uncertainty,3,3,Q052,exploitation,0.1739943434357759,0.087388192339545,11.550806150975864,0.9342320125803282,2.0,0.0,0.0,False,False,81273.0
0,pi_uncertainty,3,4,Q059,exploitation,0.1648493469718806,0.0814068474664929,11.519740388805005,0.9313848958650672,2.0,0.0,0.0,False,False,128632.0
0,pi_uncertainty,3,5,Q075,uncertainty_exploration,0.0084859381056027,0.0106286733182292,3.449565427994191,3.760714424370861,6.0,0.0,1.0,True,False,0.0
0,pi_uncertainty,4,1,Q046,exploitation,0.1763620158524156,0.0854899895442362,11.592593856434435,0.8984937650498481,1.0,0.0,0.0,False,False,58386.0
0,pi_uncertainty,4,2,Q044,exploitation,0.1500764058621644,0.0803625318314189,11.356562663065093,1.033695747555804,3.0,0.0,0.0,False,False,54574.0
0,pi_uncertainty,4,3,Q029,exploitation,0.1331365220308062,0.064184314311092,11.3633897122659,0.95727637953927,2.0,0.0,0.0,False,False,119441.0
0,pi_uncertainty,4,4,Q038,exploitation,0.0900075301927326,0.0379165231618629,11.20930013228695,0.9086840916196488,2.0,0.0,0.0,False,False,80348.0
0,pi_uncertainty,4,5,Q082,uncertainty_exploration,6.773875229687926e-07,3.502356339665235e-07,-0.5718546764585684,2.690533796641661,8.0,1.0,0.0,True,False,0.0
0,pi_uncertainty,5,1,Q071,exploitation,0.0589841268835186,0.0227880784520543,11.020876172758806,0.8997964536767219,4.0,0.0,0.0,False,False,60955.0
0,pi_uncertainty,5,2,Q058,exploitation,0.040738380565936,0.0174683058102653,10.5820031386203,1.0593489017300568,5.0,0.0,0.0,False,False,60312.0
0,pi_uncertainty,5,3,Q022,exploitation,0.0410478879876922,0.014114083085309,10.952313002339292,0.8485117861783983,1.0,0.0,0.0,False,False,114383.0
0,pi_uncertainty,5,4,Q050,exploitation,0.040249173792376,0.0164381247061491,10.660855944541357,1.0108267354687566,2.0,0.0,0.0,False,False,6338.0
0,pi_uncertainty,5,5,Q089,uncertainty_exploration,1.4546527561900416e-07,6.459023276563426e-08,-0.0609932600703189,2.4347856006208675,7.0,1.0,0.0,True,False,0.0
0,pi_uncertainty,6,1,Q073,exploitation,0.0341269828319894,0.0123493234857948,10.754540242228186,0.917575974108794,1.0,0.0,0.0,False,False,31696.0
0,pi_uncertainty,6,2,Q007,exploitation,0.0130164459836436,0.006495533873788,9.243808449084836,1.43044553876313,7.0,0.0,0.0,False,False,0.0
0,pi_uncertainty,6,3,Q048,exploitation,0.0108632511987427,0.0035763952287988,10.217681440772555,0.9628706116357842,3.0,0.0,0.0,False,False,42637.0
0,pi_uncertainty,6,4,Q013,exploitation,0.0086925101460195,0.0034219579041059,9.623240286376598,1.1790561591106947,4.0,0.0,0.0,False,False,2639.0
0,pi_uncertainty,6,5,Q004,uncertainty_exploration,2.1718885511275242e-07,9.627294392730207e-08,0.3052713179232471,2.398918252575167,7.0,1.0,0.0,True,False,0.0
0,pi_uncertainty,7,1,Q036,exploitation,0.0462834226506097,0.0438147331566198,8.570094494620935,2.293378526771499,6.0,0.0,0.4000000059604645,True,False,0.0
0,pi_uncertainty,7,2,Q062,exploitation,0.0333765703678206,0.0236916401583581,9.117246764969934,1.8056375604875037,3.0,0.0,1.0,False,False,0.0
0,pi_uncertainty,7,3,Q025,exploitation,0.0096792433426447,0.0022887562969249,10.790046216816894,0.7002335604453318,1.0,0.0,0.0,False,False,51808.0
0,pi_uncertainty,7,4,Q092,exploitation,1.8462763228267923e-05,1.260031816653596e-05,-0.3792748910871193,3.103999827440328,5.0,1.0,0.0,True,False,0.0
0,pi_uncertainty,7,5,Q002,uncertainty_exploration,3.672583860106373e-05,1.7548272438082987e-05,4.091488756091153,2.1025151791575447,8.0,1.0,0.0,True,False,0.0
0,imperfection_aware,1,1,Q023,exploitation,0.9406445080988652,1.3475230707037176,13.753423824087836,0.849786662700386,1.0,0.0,0.0,False,False,130578.0
0,imperfection_aware,1,2,Q018,exploitation,0.9289048297562716,0.9396778360111472,13.347493425323488,0.6267788309687536,2.0,0.0,0.0,False,False,207261.0
0,imperfection_aware,1,3,Q033,exploitation,0.9063959684206292,1.156159609935176,13.546635773030983,0.848486622241919,2.0,0.0,0.0,False,False,76472.0
0,imperfection_aware,1,4,Q019,exploitation,0.88770080196311,1.998650450877962,14.3404379707322,1.575157407192201,5.0,0.0,0.0,False,False,84493.0
0,imperfection_aware,1,5,Q007,suspicious_exploration,0.3284299383944404,0.4146646461468821,11.572943849848318,1.9237629170305413,7.0,0.0,0.800000011920929,True,False,0.0
0,imperfection_aware,2,1,Q048,exploitation,0.2252289052760674,0.1186659537781082,11.73933667417088,0.9120019390438064,3.0,0.0,0.0,False,False,42637.0
0,imperfection_aware,2,2,Q036,exploitation,0.2174283878136837,0.6390264492710511,8.413098148018578,5.140790076309605,7.0,0.0,0.0,False,False,0.0
0,imperfection_aware,2,3,Q062,exploitation,0.1144665159722643,0.1528558137101719,9.128600966767092,2.742039105305025,3.0,0.0,1.0,False,False,0.0
0,imperfection_aware,2,4,Q044,exploitation,0.1059655587652888,0.035789534690567,11.54762298088708,0.7049402037596055,3.0,0.0,0.2000000029802322,False,False,54574.0
0,imperfection_aware,2,5,Q058,suspicious_exploration,0.3179204376907164,0.2679978997086925,11.811816399483288,1.3003925654934372,7.0,0.0,1.0,True,False,60312.0
0,imperfection_aware,3,1,Q050,exploitation,0.0919039041208156,0.038311327265055,11.237315106175682,0.8955279438463961,2.0,0.0,0.0,False,False,6338.0
0,imperfection_aware,3,2,Q065,exploitation,0.0902498859518868,0.0998189809070135,9.234186693990342,2.3845217846250604,4.0,0.0,0.0,False,False,38100.0
0,imperfection_aware,3,3,Q022,exploitation,0.0446504202663205,0.0040954238958833,12.047915618176685,0.2234510849807245,1.0,0.0,0.0,False,False,114383.0
0,imperfection_aware,3,4,Q059,exploitation,0.0297443805829031,0.006696045951194,11.3307921178854,0.5819854344761072,2.0,0.0,0.0,False,False,128632.0
0,imperfection_aware,3,5,Q075,suspicious_exploration,0.1233344556642616,0.3617147283477824,5.563779818662588,5.924842167199549,6.0,1.0,0.0,True,False,0.0
0,imperfection_aware,4,1,Q029,exploitation,0.0858380072357033,0.0226433071819816,11.642647799333472,0.5742691022406464,2.0,0.0,0.0,False,False,119441.0
0,imperfection_aware,4,2,Q073,exploitation,0.0140486491436818,0.0040003682198935,10.650763473677891,0.8091429071003252,4.0,0.0,1.0,False,False,31696.0
0,imperfection_aware,4,3,Q052,exploitation,0.0123643713889658,0.0022170242578511,11.266669547378688,0.5169682849084097,1.0,0.0,0.0,False,False,81273.0
0,imperfection_aware,4,4,Q071,exploitation,0.0123884055434987,0.0029146863763722,10.905150084573188,0.6781836747409153,4.0,0.0,0.0,False,False,60955.0
0,imperfection_aware,4,5,Q093,suspicious_exploration,0.0915995316104239,0.2691829147336356,4.019595299596543,6.317188921918691,11.0,1.0,0.0,True,False,0.0
0,imperfection_aware,5,1,Q047,exploitation,0.0067330484440006,0.004945138613337,6.848577372429685,2.2576101903567096,3.0,0.0,1.0,False,False,7770.0
0,imperfection_aware,5,2,Q041,exploitation,0.001325956500979,0.0005509953376177,8.010055356170772,1.4698400073894804,2.0,0.0,1.0,False,False,155410.0
0,imperfection_aware,5,3,Q046,exploitation,9.206996217718117e-05,4.1295158127104025e-06,11.723928272998304,0.1881505988593269,1.0,0.0,0.0,False,False,58386.0
0,imperfection_aware,5,4,Q038,exploitation,5.398117360138742e-05,3.71404434469015e-06,11.277976058926107,0.2969048801368789,2.0,0.0,0.0,False,False,80348.0
0,imperfection_aware,5,5,Q087,suspicious_exploration,0.0234678123982911,0.0505266792823705,1.011602241262901,5.745679060102462,10.0,1.0,0.0,True,False,0.0
0,imperfection_aware,6,1,Q025,exploitation,7.142675065153612e-05,1.0888316018451175e-05,9.962122733986796,0.6482631444653675,1.0,0.0,0.0,False,True,51808.0
0,imperfection_aware,6,2,Q013,exploitation,3.012605852558399e-05,8.853590712174506e-06,7.188840910326941,1.3058258431067205,4.0,0.0,1.0,False,True,2639.0
0,imperfection_aware,6,3,Q084,exploitation,0.0178954746955283,0.0328422983467854,1.7893415710210547,5.067530676479849,6.0,0.0,1.0,True,True,0.0
0,imperfection_aware,6,4,Q082,exploitation,0.0168202273565202,0.0316848627151525,1.2947018281085088,5.240592080235399,8.0,1.0,0.0,True,True,0.0
0,imperfection_aware,6,5,Q004,suspicious_exploration,0.0160837378784165,0.0337336908291812,-0.1398052492867769,5.866241598718204,7.0,1.0,0.0,True,True,0.0
0,imperfection_aware,7,1,Q092,exploitation,0.0010115460652969,0.0011205710769631,0.0867149422124633,3.997920460766024,5.0,1.0,0.0,True,True,0.0
0,imperfection_aware,7,2,Q089,exploitation,0.0001715454817776,0.0001562635512393,-0.7824880830987544,3.689568659102667,7.0,1.0,0.0,True,True,0.0
0,imperfection_aware,7,3,Q001,exploitation,0.0001458522642951,0.0001322301610279,-1.0000909013450103,3.706682768883168,7.0,0.0,1.0,True,True,4553.0
0,imperfection_aware,7,4,Q027,exploitation,3.580315520616227e-05,3.5725958945556115e-05,-5.029611020007986,4.396298126521487,6.0,1.0,0.0,True,True,0.0
0,imperfection_aware,7,5,Q002,suspicious_exploration,1.8309699046941682e-08,5.102582267081673e-09,3.4657875296121636,1.6275157343594726,8.0,1.0,0.0,True,True,0.0
1,random,1,1,Q024,random,3.041603619134604e-06,2.2441775405280295e-07,10.786804045331513,0.3627247132693299,3.0,0.0,0.0,False,False,25579.0
1,random,1,2,Q038,random,1.80496863326822e-05,1.2543756674021595e-06,11.12044634750448,0.316411322723358,2.0,0.0,0.0,False,False,80348.0
1,random,1,3,Q065,random,0.5003527336285609,0.4039936310120304,12.428475143025778,1.0115405287686137,4.0,0.0,0.0,False,False,38100.0
1,random,1,4,Q002,random,0.0652331594605851,0.0459068140021839,9.991423478765658,1.610932202648042,8.0,0.0,1.0,True,False,0.0
1,random,1,5,Q082,random,0.0014974240254971,0.0018150058795271,-0.1806040590438362,4.247659685315931,8.0,0.0,1.0,True,False,0.0
1,random,2,1,Q094,random,0.0181161445499561,0.0337461502351799,1.671439997168493,5.135885263273005,10.0,0.2000000029802322,0.800000011920929,True,False,0.0
1,random,2,2,Q029,random,0.0033404665307243,0.0003891346417424,11.390874457226694,0.3822179339179084,1.0,0.0,0.0,False,False,119441.0
1,random,2,3,Q045,random,3.761551094663524e-05,3.160158015019184e-06,10.965744906829777,0.3692338798600229,2.0,0.0,0.0,False,False,104181.0
1,random,2,4,Q019,random,0.8540970555109761,0.6061478717354454,12.993432883261631,0.5367758998693873,5.0,0.0,0.0,False,False,84493.0
1,random,2,5,Q025,random,0.2033602639540107,0.1196738134431812,11.556961913937169,1.0493447227614798,2.0,0.0,0.0,False,False,51808.0
1,random,3,1,Q013,random,3.5128254035579447e-10,7.180042628791466e-11,4.276514064955224,1.3220426588150531,4.0,0.0,0.0,False,False,2639.0
1,random,3,2,Q071,random,0.011761171645936,0.0030799797498718,10.707997084747186,0.7592508726531625,4.0,0.0,0.0,False,False,60955.0
1,random,3,3,Q026,random,0.0034436747156607,0.0005306502764407,11.064976531452862,0.5042494144534518,1.0,0.0,0.0,False,False,99186.0
1,random,3,4,Q053,random,0.0138818644564205,0.002203316225125,11.43371232834416,0.4516333985551717,1.0,0.0,0.0,False,False,110908.0
1,random,3,5,Q085,random,0.1146190583129083,0.3345852108128625,5.22286037818078,5.9923297340607,7.0,0.0,1.0,True,False,0.0
1,random,4,1,Q076,random,0.1048843436808805,0.1170464031632533,9.500049078073433,2.334179258444958,4.0,0.0,0.0,False,False,34391.0
1,random,4,2,Q050,random,0.1029973176649392,0.0466262333246664,11.225611516294093,0.9504317071312282,8.0,0.0,0.0,False,False,6338.0
1,random,4,3,Q012,random,0.0387096396762249,0.0210668305406947,10.035104195430364,1.3548503771072813,5.0,0.0,0.0,False,False,1147.0
1,random,4,4,Q074,random,0.0829772119655543,0.0776812151101542,9.585915518170427,2.0512688714034386,3.0,0.0,0.0,False,False,34285.0
1,random,4,5,Q055,random,0.0272853332150085,0.0052963510864246,11.45150723128868,0.5077689335876658,1.0,0.0,0.0,False,False,171271.0
1,random,5,1,Q001,random,7.760709411994132e-05,5.963992084394949e-05,0.1205164497037012,3.253620539961922,7.0,1.0,0.0,True,False,4553.0
1,random,5,2,Q088,random,0.0039189468742445,0.0058356453072718,-0.3809826448247708,4.8171068549477845,12.0,0.0,1.0,True,False,0.0
1,random,5,3,Q006,random,3.9922665187524504e-23,4.052374856733928e-24,2.4127953544372502,1.0183164784746663,6.0,0.0,1.0,True,False,2244.0
1,random,5,4,Q031,random,0.0271387505873201,0.0122409827960309,10.155075946460872,1.180757939087081,2.0,0.0,0.0,False,False,62455.0
1,random,5,5,Q005,random,0.0177093596178431,0.0182627448579094,6.430055614776316,2.8511600869816696,7.0,0.0,1.0,True,False,42083.0
1,random,6,1,Q041,random,0.007438954928454,0.0034618250607688,8.978531814290562,1.4162509723509182,3.0,0.0,0.0,False,False,155410.0
1,random,6,2,Q014,random,0.0184832485020096,0.0041741240071335,11.131836345924464,0.6211223690055732,2.0,0.0,0.0,False,False,108381.0
1,random,6,3,Q010,random,5.9199105676418185e-05,1.6092039606941798e-05,7.933636673113702,1.167434309781575,4.0,1.0,0.0,False,False,0.0
1,random,6,4,Q079,random,0.0037099466115397,0.0038612162136995,3.3689166418109604,3.383397685126834,9.0,1.0,0.0,True,False,32240.0
1,random,6,5,Q086,random,0.0068902956834967,0.0106627987588449,0.7387354008694071,4.745905975575931,8.0,1.0,0.0,True,False,200.0
1,random,7,1,Q059,random,0.130703989986811,0.0543766437980979,11.495905427852332,0.8295794179215157,2.0,0.0,0.0,False,False,128632.0
1,random,7,2,Q034,random,0.1260452643145022,0.0419109978323645,11.661972460369904,0.6684863208449359,2.0,0.0,0.0,False,False,107033.0
1,random,7,3,Q008,random,0.0228802146841471,0.0347921771897185,4.294598116931148,4.0713842302616685,5.0,1.0,0.0,True,False,0.0
1,random,7,4,Q011,random,0.1012040737671083,0.2950189343497518,4.597812579342527,6.142340600761957,7.0,1.0,0.0,True,False,0.0
1,random,7,5,Q091,random,0.0012434144246669,0.0013934183103902,0.3789578173813739,3.9830955418760174,9.0,1.0,0.0,True,False,0.0
1,gp_m52_pi,1,1,Q019,exploitation,0.9816822454495852,0.9334035723956682,13.358022326008,0.4452293375220073,5.0,0.0,0.0,False,False,84493.0
1,gp_m52_pi,1,2,Q034,exploitation,0.9241209456118884,0.6191714877779293,13.032381933201298,0.4219496729300236,3.0,0.0,0.0,False,False,107033.0
1,gp_m52_pi,1,3,Q065,exploitation,0.5003527336285609,0.4039936310120304,12.428475143025778,1.0115405287686137,4.0,0.0,0.0,False,False,38100.0
1,gp_m52_pi,1,4,Q074,exploitation,0.4231617580213829,0.4376221719726244,12.153543368925948,1.4139380762089382,5.0,0.0,0.0,False,False,34285.0
1,gp_m52_pi,1,5,Q076,exploitation,0.298985074460015,0.2380279546609658,11.765211686149188,1.2561003556484265,4.0,0.0,0.0,False,False,34391.0
1,gp_m52_pi,2,1,Q010,exploitation,0.3476425078202944,0.3292211594831458,11.874876368604015,1.4110650646535068,4.0,0.0,1.0,False,False,0.0
1,gp_m52_pi,2,2,Q050,exploitation,0.3286816055927165,0.1985970848825586,12.01934051278651,0.9203792299665924,8.0,0.0,0.0,False,False,6338.0
1,gp_m52_pi,2,3,Q025,exploitation,0.2575672195047675,0.1244118744870656,11.905664629420336,0.8018823171244354,2.0,0.0,0.0,False,False,51808.0
1,gp_m52_pi,2,4,Q002,exploitation,0.2172085148542595,0.2343634185605412,10.951927051524356,1.8878567559254864,8.0,0.0,1.0,True,False,0.0
1,gp_m52_pi,2,5,Q085,exploitation,0.0505438789939853,0.084327505398366,5.89243207751957,3.98581184257694,13.0,0.0,1.0,True,False,0.0
1,gp_m52_pi,3,1,Q031,exploitation,0.1930605163350175,0.1583802976320455,11.141307704774707,1.484149847222572,2.0,0.0,0.0,False,False,62455.0
1,gp_m52_pi,3,2,Q026,exploitation,0.1785703491338338,0.0629844979494418,11.827531042370223,0.6516421135225986,1.0,0.0,0.0,False,False,99186.0
1,gp_m52_pi,3,3,Q029,exploitation,0.1583269811009772,0.0379135138476815,11.970723425248991,0.4562379599777623,1.0,0.0,0.0,False,False,119441.0
1,gp_m52_pi,3,4,Q024,exploitation,0.1450364777626971,0.0498228701272596,11.720227302996513,0.6686003281192999,3.0,0.0,0.0,False,False,25579.0
1,gp_m52_pi,3,5,Q038,exploitation,0.1278832867985265,0.0449758663416324,11.626646727171083,0.7047658627271645,2.0,0.0,0.0,False,False,80348.0
1,gp_m52_pi,4,1,Q012,exploitation,0.0737027574888492,0.0397529285296713,10.677302090752407,1.2081245722948455,5.0,0.0,1.0,True,False,1147.0
1,gp_m52_pi,4,2,Q086,exploitation,0.0724647966617799,0.204701855939284,3.17599148404733,6.346803342845623,8.0,1.0,0.0,True,False,200.0
1,gp_m52_pi,4,3,Q082,exploitation,0.064063054190425,0.1579195783519186,3.8147607329907585,5.660619518593648,7.0,0.0,1.0,True,False,0.0
1,gp_m52_pi,4,4,Q014,exploitation,0.0519872857191403,0.0148444956542253,11.323503145863826,0.6790634372381799,2.0,0.0,0.0,False,False,108381.0
1,gp_m52_pi,4,5,Q005,exploitation,0.0508709323783351,0.0681093723283369,7.198686050877172,3.1952336219890114,7.0,0.0,1.0,True,False,42083.0
1,gp_m52_pi,5,1,Q094,exploitation,0.04895954536374,0.1134935553875181,3.2152997549667495,5.566243282426638,10.0,0.0,1.0,True,False,0.0
1,gp_m52_pi,5,2,Q011,exploitation,0.0382429509243274,0.0840696084824482,2.715576598455706,5.4825167069220715,7.0,1.0,0.0,True,False,0.0
1,gp_m52_pi,5,3,Q008,exploitation,0.0329420577263434,0.049753055499773,5.348327425620484,3.8490701957258935,5.0,1.0,0.0,True,False,0.0
1,gp_m52_pi,5,4,Q071,exploitation,0.0314972911711162,0.0121425740446647,10.589321619467928,0.988720821883312,3.0,0.0,0.0,False,False,60955.0
1,gp_m52_pi,5,5,Q059,exploitation,0.0151693490115692,0.0039237194762261,10.849964669535646,0.7284756513177786,2.0,0.0,0.0,False,False,128632.0
1,gp_m52_pi,6,1,Q055,exploitation,0.0316478304401071,0.0063675670742546,11.46991851432692,0.5156737161303028,1.0,0.0,0.0,False,False,171271.0
1,gp_m52_pi,6,2,Q053,exploitation,0.009841852922198,0.001781992348378,11.179247916434448,0.535231550085531,1.0,0.0,0.0,False,False,110908.0
1,gp_m52_pi,6,3,Q088,exploitation,0.0093175507983062,0.0151013140769686,1.0897824325176382,4.8189535168931386,12.0,0.0,1.0,True,False,0.0
1,gp_m52_pi,6,4,Q041,exploitation,0.0047349833638302,0.0027930474541128,7.561391244286392,1.875502982668076,3.0,0.0,0.2000000029802322,False,False,155410.0
1,gp_m52_pi,6,5,Q001,exploitation,0.0034576267997659,0.004069423149423,2.029155441174293,3.849988114950329,7.0,0.0,1.0,True,False,4553.0
1,gp_m52_pi,7,1,Q006,exploitation,1.3879434532049661e-18,1.9288747892209025e-19,1.5917681415471003,1.24260346594182,4.0,0.0,1.0,False,False,2244.0
1,gp_m52_pi,7,2,Q013,exploitation,1.0306596597260698e-05,3.1108402574285256e-06,6.425388897017964,1.4095796320194145,4.0,0.0,1.0,False,False,2639.0
1,gp_m52_pi,7,3,Q045,exploitation,0.0015353514200912,0.0002108073190158,11.00580606265005,0.4802368062085411,2.0,0.0,0.0,False,False,104181.0
1,gp_m52_pi,7,4,Q079,exploitation,0.001121276815101,0.0010590104558349,2.0892608530713046,3.3828753754147423,9.0,1.0,0.0,True,False,32240.0
1,gp_m52_pi,7,5,Q091,exploitation,7.715129761774221e-05,5.884580076279914e-05,0.2040647484854538,3.230281357967089,9.0,0.800000011920929,0.2000000029802322,True,False,0.0
1,gp_m52_ei,1,1,Q019,exploitation,0.9816822454495852,0.9334035723956682,13.358022326008,0.4452293375220073,5.0,0.0,0.0,False,False,84493.0
1,gp_m52_ei,1,2,Q034,exploitation,0.9241209456118884,0.6191714877779293,13.032381933201298,0.4219496729300236,3.0,0.0,0.0,False,False,107033.0
1,gp_m52_ei,1,3,Q085,exploitation,0.2067722057377685,0.5115348495830887,8.837555375543046,4.390543750544266,13.0,0.0,1.0,True,False,0.0
1,gp_m52_ei,1,4,Q074,exploitation,0.4231617580213829,0.4376221719726244,12.153543368925948,1.4139380762089382,5.0,0.0,0.0,False,False,34285.0
1,gp_m52_ei,1,5,Q065,exploitation,0.5003527336285609,0.4039936310120304,12.428475143025778,1.0115405287686137,4.0,0.0,0.0,False,False,38100.0
1,gp_m52_ei,2,1,Q010,exploitation,0.3618375671191007,0.3511790224488436,11.924591135169967,1.422677701968749,4.0,0.0,1.0,False,False,0.0
1,gp_m52_ei,2,2,Q002,exploitation,0.2395590434369975,0.2780087847888262,11.032371254154777,1.9714097709915723,8.0,0.0,1.0,True,False,0.0
1,gp_m52_ei,2,3,Q050,exploitation,0.343948089299296,0.2125836818340258,12.056044848278557,0.9248818882559524,8.0,0.0,0.0,False,False,6338.0
1,gp_m52_ei,2,4,Q025,exploitation,0.286588895704787,0.1450052305591971,11.971048090338233,0.8103493676981115,2.0,0.0,0.0,False,False,51808.0
1,gp_m52_ei,2,5,Q076,exploitation,0.1076534320806931,0.055015240968929,11.110264964629016,1.0631193611711274,4.0,0.0,0.0,False,False,34391.0
1,gp_m52_ei,3,1,Q086,exploitation,0.0922130104051509,0.271922001964157,4.025183194846399,6.330682250366337,8.0,1.0,0.0,True,False,200.0
1,gp_m52_ei,3,2,Q082,exploitation,0.0896125065948419,0.2375310899342838,4.741389701671599,5.722532433174783,7.0,0.2000000029802322,0.800000011920929,True,False,0.0
1,gp_m52_ei,3,3,Q094,exploitation,0.0708532685627547,0.1901532656114121,3.5310080209212797,6.0542911350514075,10.0,0.0,1.0,True,False,0.0
1,gp_m52_ei,3,4,Q031,exploitation,0.193061028196831,0.1583807887138531,11.141310835295378,1.484149433775805,2.0,0.0,0.0,False,False,62455.0
1,gp_m52_ei,3,5,Q011,exploitation,0.056852917141519,0.1437859287159789,3.052923369618915,5.926749574320845,7.0,1.0,0.0,True,False,0.0
1,gp_m52_ei,4,1,Q026,exploitation,0.1646062207222809,0.0547974803031317,11.814738021551188,0.6281047912303942,1.0,0.0,0.0,False,False,99186.0
1,gp_m52_ei,4,2,Q001,exploitation,0.0271213981690284,0.0497029821145219,3.192328130970089,4.797801525907023,7.0,0.0,1.0,True,False,4553.0
1,gp_m52_ei,4,3,Q024,exploitation,0.1342615539262597,0.0435578966524182,11.716168967010857,0.6429562024248126,3.0,0.0,0.0,False,False,25579.0
1,gp_m52_ei,4,4,Q038,exploitation,0.1084359244412944,0.0358184083043426,11.58029950749313,0.6861194137145347,2.0,0.0,0.0,False,False,80348.0
1,gp_m52_ei,4,5,Q005,exploitation,0.0281097399845113,0.0333514772164606,6.525504744684809,3.091175811573895,7.0,0.0,1.0,True,False,42083.0
1,gp_m52_ei,5,1,Q012,exploitation,0.0851589318195634,0.0448794873656375,10.852038680430391,1.1490383796833843,5.0,0.0,1.0,True,False,1147.0
1,gp_m52_ei,5,2,Q014,exploitation,0.0702071136806514,0.0208005096247205,11.440628519337654,0.6694604624743157,2.0,0.0,0.0,False,False,108381.0
1,gp_m52_ei,5,3,Q008,exploitation,0.0114395403018549,0.0137212242063046,4.490311252046677,3.4882230694715064,5.0,1.0,0.0,True,False,0.0
1,gp_m52_ei,5,4,Q029,exploitation,0.0275271575755791,0.0042660447013472,11.650771750516087,0.4049154784027851,1.0,0.0,0.0,False,False,119441.0
1,gp_m52_ei,5,5,Q088,exploitation,0.0024876153183791,0.0031319839672721,0.5293659328719329,4.236300814508005,12.0,0.0,1.0,True,False,0.0
1,gp_m52_ei,6,1,Q071,exploitation,0.0264052703938284,0.0100635248515551,10.48846554898128,1.0013675948999423,3.0,0.0,0.0,False,False,60955.0
1,gp_m52_ei,6,2,Q059,exploitation,0.0107265581437375,0.0026620658478833,10.755907825265169,0.7268416311771768,2.0,0.0,0.0,False,False,128632.0
1,gp_m52_ei,6,3,Q055,exploitation,0.0088345410121052,0.0015321819233251,11.197314175912384,0.518557030067117,1.0,0.0,0.0,False,False,171271.0
1,gp_m52_ei,6,4,Q053,exploitation,0.0077845830556203,0.0013067204841589,11.197587255776869,0.5085010042340434,1.0,0.0,0.0,False,False,110908.0
1,gp_m52_ei,6,5,Q041,exploitation,0.0022800448761875,0.0012864903407179,7.003331095575139,1.9122561946036976,3.0,0.0,0.0,False,False,155410.0
1,gp_m52_ei,7,1,Q006,exploitation,1.3879434532049661e-18,1.9288747892209025e-19,1.5917681415471003,1.24260346594182,4.0,0.0,1.0,False,False,2244.0
1,gp_m52_ei,7,2,Q013,exploitation,1.0306596597260698e-05,3.1108402574285256e-06,6.425388897017964,1.4095796320194145,4.0,0.0,1.0,False,False,2639.0
1,gp_m52_ei,7,3,Q045,exploitation,0.0015353514200912,0.0002108073190158,11.00580606265005,0.4802368062085411,2.0,0.0,0.0,False,False,104181.0
1,gp_m52_ei,7,4,Q079,exploitation,0.001121276815101,0.0010590104558349,2.0892608530713046,3.3828753754147423,9.0,1.0,0.0,True,False,32240.0
1,gp_m52_ei,7,5,Q091,exploitation,7.715129761774221e-05,5.884580076279914e-05,0.2040647484854538,3.230281357967089,9.0,0.800000011920929,0.2000000029802322,True,False,0.0
1,pi_random_exploration,1,1,Q019,exploitation,0.9816822454495852,0.9334035723956682,13.358022326008,0.4452293375220073,5.0,0.0,0.0,False,False,84493.0
1,pi_random_exploration,1,2,Q034,exploitation,0.9241209456118884,0.6191714877779293,13.032381933201298,0.4219496729300236,3.0,0.0,0.0,False,False,107033.0
1,pi_random_exploration,1,3,Q065,exploitation,0.5003527336285609,0.4039936310120304,12.428475143025778,1.0115405287686137,4.0,0.0,0.0,False,False,38100.0
1,pi_random_exploration,1,4,Q074,exploitation,0.4231617580213829,0.4376221719726244,12.153543368925948,1.4139380762089382,5.0,0.0,0.0,False,False,34285.0
1,pi_random_exploration,1,5,Q086,random_exploration,0.0074170434601624,0.013264390489418,-0.8366587858440351,5.444186171757648,17.0,0.0,1.0,True,False,200.0
1,pi_random_exploration,2,1,Q085,exploitation,0.1147127820945727,0.2514650207777604,7.020263747667565,4.499199128060381,8.0,0.0,1.0,True,False,0.0
1,pi_random_exploration,2,2,Q010,exploitation,0.0997729437753611,0.0749047256427941,10.39234564986474,1.5864994328303657,4.0,0.0,1.0,False,False,0.0
1,pi_random_exploration,2,3,Q012,exploitation,0.078227698216921,0.0283567797798245,11.289519682196389,0.8030948879562557,5.0,0.0,0.0,False,False,1147.0
1,pi_random_exploration,2,4,Q050,exploitation,0.074983975177667,0.0273316773885469,11.255887005503348,0.8138770443473332,8.0,0.0,0.0,False,False,6338.0
1,pi_random_exploration,2,5,Q001,random_exploration,1.762048468704991e-15,3.503508591599638e-16,-0.2701927469762371,1.6132782162179289,7.0,0.0,1.0,True,False,4553.0
1,pi_random_exploration,3,1,Q029,exploitation,0.4371122584693917,0.1562716517849803,12.35141602780244,0.4811576008919999,1.0,0.0,0.0,False,False,119441.0
1,pi_random_exploration,3,2,Q038,exploitation,0.3515788768081161,0.2268935986879942,12.062816636374214,0.957232126801448,2.0,0.0,0.0,False,False,80348.0
1,pi_random_exploration,3,3,Q026,exploitation,0.3268361387123164,0.1704859400496194,12.070316023068152,0.7962813571258509,1.0,0.0,0.0,False,False,99186.0
1,pi_random_exploration,3,4,Q024,exploitation,0.2576676215135776,0.1247133398470259,11.904919872705324,0.8034104817704084,3.0,0.0,0.0,False,False,25579.0
1,pi_random_exploration,3,5,Q094,random_exploration,0.1040269221491966,0.2845825193519434,5.211675311613383,5.7317542125205705,10.0,0.2000000029802322,0.800000011920929,True,False,0.0
1,pi_random_exploration,4,1,Q031,exploitation,0.1886463939056296,0.1435626302854313,11.204336427603714,1.3854917987027948,2.0,0.0,0.0,False,False,62455.0
1,pi_random_exploration,4,2,Q076,exploitation,0.1499139317044818,0.1624036507968204,10.258801849385003,2.091795407107443,4.0,0.0,0.0,False,False,34391.0
1,pi_random_exploration,4,3,Q025,exploitation,0.1280453167779836,0.0859776257057164,10.899899290652144,1.345169291431327,2.0,0.0,0.0,False,False,51808.0
1,pi_random_exploration,4,4,Q008,exploitation,0.0833149119016206,0.1626271108255199,6.516610145769639,4.27366751354053,7.0,0.800000011920929,0.2000000029802322,True,False,0.0
1,pi_random_exploration,4,5,Q045,random_exploration,8.211190562469736e-05,7.12530012032262e-06,11.047250246152675,0.3662800179787342,2.0,0.0,0.0,False,False,104181.0
1,pi_random_exploration,5,1,Q082,exploitation,0.0635819105817255,0.1317490620438728,5.159910501765183,4.7644916460863485,7.0,1.0,0.0,True,False,0.0
1,pi_random_exploration,5,2,Q071,exploitation,0.0372338666756871,0.0141022122367064,10.73603874940088,0.9483179033076432,3.0,0.0,0.0,False,False,60955.0
1,pi_random_exploration,5,3,Q011,exploitation,0.0276760672799964,0.0574279521385591,2.0470294847127297,5.417536313983102,7.0,1.0,0.0,True,False,0.0
1,pi_random_exploration,5,4,Q005,exploitation,0.0146930344819337,0.0171118255377353,5.256256240171261,3.292213626616862,7.0,0.0,1.0,True,False,42083.0
1,pi_random_exploration,5,5,Q088,random_exploration,0.0061649005783844,0.0090352069171508,1.0553859619845625,4.544220920900887,12.0,0.0,1.0,True,False,0.0
1,pi_random_exploration,6,1,Q053,exploitation,0.0080384730915412,0.0011876717399082,11.353722186954304,0.4461094288810687,1.0,0.0,0.0,False,False,110908.0
1,pi_random_exploration,6,2,Q059,exploitation,0.0077289455988945,0.0017158862888258,10.797874928892634,0.6730234380605784,2.0,0.0,0.0,False,False,128632.0
1,pi_random_exploration,6,3,Q079,exploitation,0.0019072196272473,0.001921265118755,2.4063411898592335,3.4638257335012024,9.0,1.0,0.0,True,False,32240.0
1,pi_random_exploration,6,4,Q041,exploitation,0.0017244873471504,0.0009268826489181,6.979151830972388,1.8629644920655637,3.0,0.0,0.4000000059604645,False,False,155410.0
1,pi_random_exploration,6,5,Q002,random_exploration,1.864703724823368e-05,1.1233146526925636e-05,1.1346241482198902,2.738593101620879,5.0,0.0,1.0,True,False,0.0
1,pi_random_exploration,7,1,Q055,exploitation,0.0082860069967188,0.0013446807408605,11.257176876604872,0.4884685549384464,1.0,0.0,0.0,False,False,171271.0
1,pi_random_exploration,7,2,Q091,exploitation,5.063780842590766e-05,3.6526681437473014e-05,0.2867793406950021,3.12302346659535,9.0,0.6000000238418579,0.4000000059604645,True,False,0.0
1,pi_random_exploration,7,3,Q014,exploitation,6.183861557014106e-05,8.96430439261092e-06,10.043112192166769,0.6211623675217849,2.0,0.0,0.0,False,False,108381.0
1,pi_random_exploration,7,4,Q013,exploitation,2.814514950434824e-05,9.472679651197525e-06,6.384130644134809,1.5004175402768951,4.0,0.0,1.0,False,False,2639.0
1,pi_random_exploration,7,5,Q006,random_exploration,3.784983657635077e-23,4.2583818052751304e-24,1.315462762329588,1.1292785823162703,4.0,0.6000000238418579,0.4000000059604645,False,False,2244.0
1,pi_uncertainty,1,1,Q019,exploitation,0.9816822454495852,0.9334035723956682,13.358022326008,0.4452293375220073,5.0,0.0,0.0,False,False,84493.0
1,pi_uncertainty,1,2,Q034,exploitation,0.9241209456118884,0.6191714877779293,13.032381933201298,0.4219496729300236,3.0,0.0,0.0,False,False,107033.0
1,pi_uncertainty,1,3,Q065,exploitation,0.5003527336285609,0.4039936310120304,12.428475143025778,1.0115405287686137,4.0,0.0,0.0,False,False,38100.0
1,pi_uncertainty,1,4,Q074,exploitation,0.4231617580213829,0.4376221719726244,12.153543368925948,1.4139380762089382,5.0,0.0,0.0,False,False,34285.0
1,pi_uncertainty,1,5,Q011,uncertainty_exploration,0.0146895544010375,0.0285392386626822,0.4635114053856579,5.492232356296822,7.0,1.0,0.0,True,False,0.0
1,pi_uncertainty,2,1,Q010,exploitation,0.3706376522646157,0.3550487482633271,11.968611506099316,1.3901209554848728,4.0,0.0,1.0,False,False,0.0
1,pi_uncertainty,2,2,Q050,exploitation,0.342313721985753,0.2105882513566653,12.052974022805472,0.9223206593764168,8.0,0.0,0.0,False,False,6338.0
1,pi_uncertainty,2,3,Q025,exploitation,0.2946774475609874,0.1517021321619428,11.986873344195056,0.8164709396193075,2.0,0.0,0.0,False,False,51808.0
1,pi_uncertainty,2,4,Q002,exploitation,0.2321764575599977,0.2522518006045921,11.064069459177777,1.8634891728875664,8.0,0.0,1.0,True,False,0.0
1,pi_uncertainty,2,5,Q094,uncertainty_exploration,0.0141700947723285,0.0259423903206139,1.0325850794640674,5.197155157299627,10.0,0.0,1.0,True,False,0.0
1,pi_uncertainty,3,1,Q031,exploitation,0.1899210674330913,0.1542540556614078,11.13139568246978,1.4759781038775588,2.0,0.0,0.0,False,False,62455.0
1,pi_uncertainty,3,2,Q085,exploitation,0.168067180198312,0.5409328874859579,6.617549731707552,6.040592699839804,13.0,0.0,1.0,True,False,0.0
1,pi_uncertainty,3,3,Q026,exploitation,0.1674295194595611,0.0578770368248549,11.801313077992637,0.6494041198909507,1.0,0.0,0.0,False,False,99186.0
1,pi_uncertainty,3,4,Q029,exploitation,0.1537038051484391,0.0366649190462028,11.96029733206698,0.4578172589133952,1.0,0.0,0.0,False,False,119441.0
1,pi_uncertainty,3,5,Q086,uncertainty_exploration,0.1058941051715542,0.3129539138205993,4.72429592288027,6.169224470120139,17.0,0.4000000059604645,0.6000000238418579,True,False,200.0
1,pi_uncertainty,4,1,Q082,exploitation,0.0612157832802135,0.1194901350999154,5.449572276809414,4.517541249510712,7.0,1.0,0.0,True,False,0.0
1,pi_uncertainty,4,2,Q076,exploitation,0.0583568990056511,0.0399747562192339,9.920361928277815,1.5982603423645665,4.0,0.0,0.0,False,False,34391.0
1,pi_uncertainty,4,3,Q038,exploitation,0.0552329093008483,0.0145803845305516,11.4354496506364,0.6215959564727435,2.0,0.0,0.0,False,False,80348.0
1,pi_uncertainty,4,4,Q005,exploitation,0.0303257014503591,0.0369208320816734,6.538681384762395,3.139024920864348,7.0,0.0,1.0,True,False,42083.0
1,pi_uncertainty,4,5,Q001,uncertainty_exploration,0.0173487811072651,0.0284122620226474,2.8414040465238948,4.5391878567117745,7.0,0.0,1.0,True,False,4553.0
1,pi_uncertainty,5,1,Q014,exploitation,0.033615458469548,0.0088441548733489,11.20399651664043,0.6685787929785865,2.0,0.0,0.0,False,False,108381.0
1,pi_uncertainty,5,2,Q012,exploitation,0.0204274233123629,0.0071802901377693,10.474961260321937,0.9548261102688758,5.0,0.0,1.0,True,False,1147.0
1,pi_uncertainty,5,3,Q053,exploitation,0.0162794219952036,0.002180187059985,11.628086750009684,0.3740355154694957,1.0,0.0,0.0,False,False,110908.0
1,pi_uncertainty,5,4,Q008,exploitation,0.0140403157819774,0.0173067604228651,4.734646218520142,3.502905670991837,5.0,1.0,0.0,True,False,0.0
1,pi_uncertainty,5,5,Q088,uncertainty_exploration,0.0014046771244588,0.0016180955744455,0.3066707802056054,4.056715402969181,12.0,0.0,1.0,True,False,0.0
1,pi_uncertainty,6,1,Q071,exploitation,0.0264958337174618,0.0101929528363128,10.4726308341755,1.0103158793442166,3.0,0.0,0.0,False,False,60955.0
1,pi_uncertainty,6,2,Q059,exploitation,0.0088699669201145,0.0021403907365303,10.71759949255262,0.7212061633169088,2.0,0.0,0.0,False,False,128632.0
1,pi_uncertainty,6,3,Q055,exploitation,0.007519921872589,0.0012464064120155,11.202464507625244,0.5038689999447638,1.0,0.0,0.0,False,False,171271.0
1,pi_uncertainty,6,4,Q024,exploitation,0.0040264731929795,0.0008410043116885,10.641501268501964,0.6740324964684827,3.0,0.0,0.0,False,False,25579.0
1,pi_uncertainty,6,5,Q079,uncertainty_exploration,0.0013549233181502,0.0012955193887698,2.301853990728027,3.3765163073566855,9.0,1.0,0.0,True,False,32240.0
1,pi_uncertainty,7,1,Q041,exploitation,0.0027384792565833,0.0016199185053821,6.943655289842042,1.9743715804002424,3.0,0.0,0.0,False,False,155410.0
1,pi_uncertainty,7,2,Q045,exploitation,0.0021928728205162,0.0003096314709626,11.059870978934706,0.4800673197024976,2.0,0.0,0.0,False,False,104181.0
1,pi_uncertainty,7,3,Q091,exploitation,4.455232625517678e-05,3.185434316448164e-05,0.2183465695832938,3.11579911693299,9.0,0.2000000029802322,0.800000011920929,True,False,0.0
1,pi_uncertainty,7,4,Q006,exploitation,1.9765151191299683e-20,2.5063660543216726e-21,1.474219226125232,1.1919654534073576,4.0,0.0,1.0,False,False,2244.0
1,pi_uncertainty,7,5,Q013,uncertainty_exploration,4.1182926076470994e-07,1.3803537023662246e-07,3.6773441814274226,1.7750122985631152,4.0,0.0,1.0,False,False,2639.0
1,imperfection_aware,1,1,Q019,exploitation,0.9816822454495852,0.9334035723956682,13.358022326008,0.4452293375220073,5.0,0.0,0.0,False,False,84493.0
1,imperfection_aware,1,2,Q034,exploitation,0.9241209456118884,0.6191714877779293,13.032381933201298,0.4219496729300236,3.0,0.0,0.0,False,False,107033.0
1,imperfection_aware,1,3,Q065,exploitation,0.5003527336285609,0.4039936310120304,12.428475143025778,1.0115405287686137,4.0,0.0,0.0,False,False,38100.0
1,imperfection_aware,1,4,Q074,exploitation,0.4231617580213829,0.4376221719726244,12.153543368925948,1.4139380762089382,5.0,0.0,0.0,False,False,34285.0
1,imperfection_aware,1,5,Q085,suspicious_exploration,0.2067722057377685,0.5115348495830887,8.837555375543046,4.390543750544266,13.0,0.0,1.0,True,False,0.0
1,imperfection_aware,2,1,Q010,exploitation,0.3618375671191007,0.3511790224488436,11.924591135169967,1.422677701968749,4.0,0.0,1.0,False,False,0.0
1,imperfection_aware,2,2,Q050,exploitation,0.343948089299296,0.2125836818340258,12.056044848278557,0.9248818882559524,8.0,0.0,0.0,False,False,6338.0
1,imperfection_aware,2,3,Q025,exploitation,0.286588895704787,0.1450052305591971,11.971048090338233,0.8103493676981115,2.0,0.0,0.0,False,False,51808.0
1,imperfection_aware,2,4,Q076,exploitation,0.1076534320806931,0.055015240968929,11.110264964629016,1.0631193611711274,4.0,0.0,0.0,False,False,34391.0
1,imperfection_aware,2,5,Q002,suspicious_exploration,0.2395590434369975,0.2780087847888262,11.032371254154777,1.9714097709915723,8.0,0.0,1.0,True,False,0.0
1,imperfection_aware,3,1,Q031,exploitation,0.193061810422552,0.1583816114003401,11.141315032846125,1.4841494786655185,2.0,0.0,0.0,False,False,62455.0
1,imperfection_aware,3,2,Q026,exploitation,0.1785715321340591,0.0629850084599776,11.827534154474922,0.6516419403207434,1.0,0.0,0.0,False,False,99186.0
1,imperfection_aware,3,3,Q029,exploitation,0.1583280544673207,0.0379138570002944,11.970725183272457,0.4562382281799615,1.0,0.0,0.0,False,False,119441.0
1,imperfection_aware,3,4,Q024,exploitation,0.145037577595658,0.0498233213561262,11.720230764778249,0.6686001050219511,3.0,0.0,0.0,False,False,25579.0
1,imperfection_aware,3,5,Q086,suspicious_exploration,0.0922132183688096,0.2719231978342118,4.025176893443383,6.330692997379015,8.0,1.0,0.0,True,False,200.0
1,imperfection_aware,4,1,Q014,exploitation,0.0640398946949078,0.0198274055353018,11.345618104335674,0.7110139716903302,2.0,0.0,0.0,False,False,108381.0
1,imperfection_aware,4,2,Q071,exploitation,0.0148654341196619,0.0043181792712761,10.645092553543432,0.8200409819035657,3.0,0.0,0.0,False,False,60955.0
1,imperfection_aware,4,3,Q038,exploitation,0.0096901641100097,0.001827452531975,11.12196054494089,0.5584027895848706,2.0,0.0,0.0,False,False,80348.0
1,imperfection_aware,4,4,Q059,exploitation,0.0074128828234441,0.0016131001979882,10.813367616794649,0.6624838877339655,2.0,0.0,0.0,False,False,128632.0
1,imperfection_aware,4,5,Q012,suspicious_exploration,0.0920354122249633,0.0541670525056403,10.748591078630216,1.263990302630051,5.0,0.0,1.0,True,False,1147.0
1,imperfection_aware,5,1,Q055,exploitation,0.0290075993554374,0.0058382376768542,11.43786242533937,0.5221181605461329,1.0,0.0,0.0,False,False,171271.0
1,imperfection_aware,5,2,Q053,exploitation,0.011662441256062,0.0021648999108785,11.2057845049172,0.5386940214757301,1.0,0.0,0.0,False,False,110908.0
1,imperfection_aware,5,3,Q041,exploitation,0.0089463749258446,0.0057059873212103,7.918038805372819,1.9045040173125016,3.0,0.0,0.0,False,False,155410.0
1,imperfection_aware,5,4,Q045,exploitation,0.0008081788842328,0.0001035003512074,10.94669605432988,0.4696839616265965,2.0,0.0,0.0,False,False,104181.0
1,imperfection_aware,5,5,Q082,suspicious_exploration,0.0524702854586466,0.1005616365506393,5.048740008566761,4.551020895764878,7.0,0.800000011920929,0.2000000029802322,True,False,0.0
1,imperfection_aware,6,1,Q013,exploitation,3.4131544919005294e-06,1.0016886461538608e-06,5.966491468136315,1.4361060545224904,4.0,0.0,1.0,False,True,2639.0
1,imperfection_aware,6,2,Q006,exploitation,6.8580472361893425e-19,9.193695822040028e-20,1.7883070184236445,1.2090471883122864,4.0,0.0,1.0,False,True,2244.0
1,imperfection_aware,6,3,Q008,exploitation,0.0644492393354255,0.1121539573619965,6.366043809905827,3.991897712617554,5.0,1.0,0.0,True,True,0.0
1,imperfection_aware,6,4,Q011,exploitation,0.0468329891682338,0.1086916188194738,3.0197142023398422,5.612050655768423,7.0,1.0,0.0,True,True,0.0
1,imperfection_aware,6,5,Q094,suspicious_exploration,0.0458087265109777,0.1078037175556809,2.794564167857371,5.710394392446007,10.0,0.0,1.0,True,True,0.0
1,imperfection_aware,7,1,Q005,exploitation,0.0451341172577332,0.0662631393217507,6.378909015160548,3.57067722045462,7.0,0.0,1.0,True,True,42083.0
1,imperfection_aware,7,2,Q088,exploitation,0.0216634784677485,0.0435007956179112,1.4879232669906235,5.414213064480991,12.0,0.0,1.0,True,True,0.0
1,imperfection_aware,7,3,Q091,exploitation,0.008799605401554,0.0139691559786303,1.1548917208744856,4.748506361092116,9.0,0.0,1.0,True,True,0.0
1,imperfection_aware,7,4,Q001,exploitation,0.0024629909447503,0.0029627638947655,1.037302156024504,4.050835141292817,7.0,1.0,0.0,True,True,4553.0
1,imperfection_aware,7,5,Q079,suspicious_exploration,0.0003702333642958,0.0003127747532416,1.4110950106106577,3.2649758003176372,9.0,0.6000000238418579,0.4000000059604645,True,True,32240.0
10,random,1,1,Q032,random,0.0006390892024357,0.0006051305214802,0.6438450684977877,3.529762775545571,4.0,0.0,1.0,False,False,0.0
10,random,1,2,Q024,random,0.303829323090007,0.3008508583193762,11.21514753165263,1.5532749675663882,2.0,0.0,0.0,False,False,25579.0
10,random,1,3,Q002,random,2.6182672582785345e-06,1.025338956235368e-06,3.190714869301547,1.936719080062145,5.0,0.0,0.6000000238418579,True,False,0.0
10,random,1,4,Q039,random,0.000880119089391,0.0002390940813899,8.91499775231932,0.9903033518557892,1.0,0.0,0.0,False,False,28530.0
10,random,1,5,Q027,random,0.0106735893957737,0.0178736130712015,0.7177323188314064,4.90701116728154,6.0,0.0,1.0,True,False,0.0
10,random,2,1,Q050,random,0.2636237638780758,0.2699076500028,10.946198629035036,1.6868183130125705,2.0,0.0,0.0,False,False,6338.0
10,random,2,2,Q091,random,0.0882805363619085,0.2251505401217355,4.549848979648155,5.522177427996146,7.0,0.0,1.0,True,False,0.0
10,random,2,3,Q034,random,0.5511181184238358,0.8120692717416975,12.23630586986854,1.7408664797716302,5.0,0.0,0.0,False,False,107033.0
10,random,2,4,Q004,random,0.0371222656804788,0.0740407753685077,3.0940383265147706,4.996118854334822,7.0,1.0,0.0,True,False,0.0
10,random,2,5,Q054,random,0.1881512819904112,0.1249442130528777,10.94224299052054,1.2098439243872574,2.0,0.0,0.0,False,False,100890.0
10,random,3,1,Q053,random,0.1176271840821214,0.0280067837554958,11.435735449226534,0.4860362741506155,2.0,0.0,0.0,False,False,110908.0
10,random,3,2,Q035,random,1.3658967442971342e-05,1.24685851595374e-06,10.246772138980289,0.4209685270484947,3.0,0.0,0.0,False,False,50709.0
10,random,3,3,Q080,random,0.0159894442773117,0.0269242611268548,1.9047927943080083,4.712992668157954,7.0,0.2000000029802322,0.800000011920929,True,False,0.0
10,random,3,4,Q033,random,0.2414578516241511,0.1364771628860855,11.34060278889752,0.95781767239073,2.0,0.0,0.0,False,False,76472.0
10,random,3,5,Q093,random,0.0583980387812691,0.1319238298448309,3.747026558124248,5.270203889050402,11.0,1.0,0.0,True,False,0.0
10,random,4,1,Q022,random,0.49343747151773,0.1880442002807432,12.004711320161723,0.4812133196080685,2.0,0.0,0.0,False,False,114383.0
10,random,4,2,Q016,random,0.0762612909203559,0.1344201210394758,6.399347228841786,3.9235111954542137,5.0,0.0,1.0,True,False,357.0
10,random,4,3,Q088,random,0.0013954083512431,0.0015084142187742,0.6248168725873233,3.808777672512494,11.0,0.0,1.0,True,False,0.0
10,random,4,4,Q019,random,0.277664498605654,0.1251989908390847,11.582037455146924,0.7300690517513575,2.0,0.0,0.0,False,False,84493.0
10,random,4,5,Q060,random,0.1709945968811634,0.1754466870269493,10.190870439989364,1.9171502631069697,5.0,0.0,0.0,False,False,43612.0
10,random,5,1,Q042,random,5.110566744888643e-24,2.272737482591439e-25,7.443846408391299,0.4550814433120666,3.0,0.0,0.0,False,False,452.0
10,random,5,2,Q036,random,8.755990071188531e-08,4.619316874348875e-08,-3.3458179350752273,2.9399905831463977,2.0,1.0,0.0,False,False,0.0
10,random,5,3,Q041,random,0.0008676202164391,0.0001896823723345,9.513860453165655,0.7977770691087553,2.0,0.0,0.0,False,False,155410.0
10,random,5,4,Q074,random,0.1772960522818139,0.154499203316263,10.51945681298972,1.612985111174242,5.0,0.0,0.0,False,False,34285.0
10,random,5,5,Q028,random,0.088129316224431,0.0463074599757783,10.473511986983643,1.1380919710751085,4.0,0.0,0.0,False,False,55318.0
10,random,6,1,Q063,random,0.0765550330296206,0.0435492483571396,10.204893649944786,1.265360184223827,2.0,0.0,0.0,False,False,38893.0
10,random,6,2,Q048,random,0.0058274849128885,0.0012355233248833,10.345354748342746,0.6609808385652963,2.0,0.0,0.0,False,False,42637.0
10,random,6,3,Q057,random,0.0335343021906952,0.054589432214912,4.434820174789007,4.1381331057481505,5.0,0.0,1.0,True,False,0.0
10,random,6,4,Q055,random,0.5170969643339357,0.2637508839834811,12.039500708940764,0.6268689898382579,1.0,0.0,0.0,False,False,171271.0
10,random,6,5,Q026,random,0.1874413087922564,0.0669668704631343,11.434449727792533,0.6515673482647649,1.0,0.0,0.0,False,False,99186.0
10,random,7,1,Q092,random,0.0037473024670946,0.0048058530228839,0.9225127982962692,4.165436085654765,5.0,0.2000000029802322,0.800000011920929,True,False,0.0
10,random,7,2,Q061,random,0.1326787297623296,0.0742832342621254,10.821778160783309,1.1125969747153253,2.0,0.0,0.0,False,False,61305.0
10,random,7,3,Q071,random,0.1865818645084156,0.0889374344238263,11.285862774640336,0.8703994645874387,3.0,0.0,0.0,False,False,60955.0
10,random,7,4,Q018,random,0.4736617535528051,0.3044316023570531,12.00617061236111,0.8300147519098597,2.0,0.0,0.0,False,False,207261.0
10,random,7,5,Q072,random,0.3170698023138886,0.3943557647954137,11.146991008427149,1.9205736185354672,6.0,0.0,0.0,False,False,57726.0
10,gp_m52_pi,1,1,Q022,exploitation,0.7208639348078524,0.5305722118734686,12.422328385170916,0.6998529276747131,2.0,0.0,0.0,False,False,114383.0
10,gp_m52_pi,1,2,Q019,exploitation,0.6548845367956408,1.2338274030637917,12.793794534247612,1.960063362989262,7.0,0.0,0.0,False,False,84493.0
10,gp_m52_pi,1,3,Q018,exploitation,0.6355336223876562,0.737374737656652,12.441423669162711,1.2373441659455275,2.0,0.0,0.0,False,False,207261.0
10,gp_m52_pi,1,4,Q034,exploitation,0.5741749579660221,0.844404166568868,12.328833679274856,1.6908202198013496,5.0,0.0,0.0,False,False,107033.0
10,gp_m52_pi,1,5,Q033,exploitation,0.5659031763030353,0.5515868416144996,12.20043573091045,1.1316924909321506,2.0,0.0,0.0,False,False,76472.0
10,gp_m52_pi,2,1,Q072,exploitation,0.4714460754235872,0.8837215163844336,12.077892938587784,2.4268209372203846,8.0,0.0,1.0,True,False,57726.0
10,gp_m52_pi,2,2,Q055,exploitation,0.2209096229430862,0.0619091396282045,11.876478670972734,0.4879056258716612,1.0,0.0,0.0,False,False,171271.0
10,gp_m52_pi,2,3,Q054,exploitation,0.2086123488212556,0.1873889018592696,10.96173186562984,1.5901562443883268,2.0,0.0,0.0,False,False,100890.0
10,gp_m52_pi,2,4,Q060,exploitation,0.2034594845132217,0.2175034943773596,10.671074034743771,1.9059592859948515,5.0,0.0,0.0,False,False,43612.0
10,gp_m52_pi,2,5,Q061,exploitation,0.2032257902950769,0.1901544592383475,10.866410554149748,1.66876026464835,4.0,0.0,0.0,False,False,61305.0
10,gp_m52_pi,3,1,Q074,exploitation,0.132291578287686,0.1066329448481787,10.463540369035488,1.6028686733121218,5.0,0.0,0.0,False,False,34285.0
10,gp_m52_pi,3,2,Q053,exploitation,0.123260400704587,0.0278689558694692,11.722351062213214,0.4568251258158739,2.0,0.0,0.0,False,False,110908.0
10,gp_m52_pi,3,3,Q050,exploitation,0.1201244406325633,0.0766001559261569,10.730062476869938,1.295744143143792,2.0,0.0,0.0,False,False,6338.0
10,gp_m52_pi,3,4,Q028,exploitation,0.0940454977072214,0.0469517465660692,10.846477325895346,1.0676272341261053,4.0,0.0,0.0,False,False,55318.0
10,gp_m52_pi,3,5,Q093,exploitation,0.0855204121598059,0.226569548980256,4.351189786121338,5.771596992764682,12.0,0.0,1.0,True,False,0.0
10,gp_m52_pi,4,1,Q091,exploitation,0.0486171374222536,0.1208668789134557,2.34060333444408,5.976279610769178,7.0,0.0,1.0,True,False,0.0
10,gp_m52_pi,4,2,Q063,exploitation,0.0425657010792503,0.0179992259015923,10.465076333254368,1.037756707336647,2.0,0.0,0.0,False,False,38893.0
10,gp_m52_pi,4,3,Q016,exploitation,0.0422530618917517,0.0640368102133601,5.828114318016752,3.7235846401579975,5.0,0.0,1.0,True,False,357.0
10,gp_m52_pi,4,4,Q088,exploitation,0.0369666716106162,0.0861190783904922,1.816949805853039,5.839193844375268,12.0,0.0,1.0,True,False,0.0
10,gp_m52_pi,4,5,Q057,exploitation,0.0343806986731523,0.0616161992760396,3.98978298770482,4.539575440325531,5.0,0.0,1.0,True,False,0.0
10,gp_m52_pi,5,1,Q026,exploitation,0.0291266029976863,0.0048470464153259,11.434642687142428,0.4314614152466207,1.0,0.0,0.0,False,False,99186.0
10,gp_m52_pi,5,2,Q071,exploitation,0.0242854138564161,0.0058853441739615,10.981869095783551,0.6438392963296601,3.0,0.0,0.0,False,False,60955.0
10,gp_m52_pi,5,3,Q035,exploitation,0.0179963596717575,0.0051525050829808,10.59504343007304,0.7900276122239885,3.0,0.0,0.0,False,False,50709.0
10,gp_m52_pi,5,4,Q004,exploitation,0.0100161855827924,0.0172152396378846,0.4575443130831269,5.071155642939844,7.0,1.0,0.0,True,False,0.0
10,gp_m52_pi,5,5,Q080,exploitation,0.008043176300895,0.012496602959905,0.9609574789086084,4.690907338493645,7.0,0.0,1.0,True,False,0.0
10,gp_m52_pi,6,1,Q092,exploitation,0.0002065228358619,0.0001785996692321,0.0158949037890216,3.464669376238284,5.0,1.0,0.0,True,False,0.0
10,gp_m52_pi,6,2,Q027,exploitation,6.200859193918783e-05,5.824629238084336e-05,-3.1941382032795165,4.024411542158714,6.0,1.0,0.0,True,False,0.0
10,gp_m52_pi,6,3,Q041,exploitation,1.6161429342425155e-05,2.1789116321208177e-06,9.687279087374058,0.6169829754995686,2.0,0.0,0.0,False,False,155410.0
10,gp_m52_pi,6,4,Q024,exploitation,1.613604071578267e-05,1.3275834103058064e-06,10.686538904961491,0.3765386695112055,2.0,0.0,0.0,False,False,25579.0
10,gp_m52_pi,6,5,Q032,exploitation,7.485265871862222e-06,4.317167183080035e-06,0.4273013432357757,2.7313711539388654,4.0,0.0,1.0,False,False,0.0
10,gp_m52_pi,7,1,Q002,exploitation,2.5140415820355396e-10,5.818305328582696e-11,2.870917453013803,1.5086010274042667,5.0,0.0,0.6000000238418579,True,False,0.0
10,gp_m52_pi,7,2,Q036,exploitation,2.5994983591082812e-06,1.5882202810330915e-06,-1.5202986615834897,3.0224417503282037,2.0,0.6000000238418579,0.4000000059604645,False,False,0.0
10,gp_m52_pi,7,3,Q039,exploitation,9.839660008725603e-05,2.024455540550619e-05,9.05004895204313,0.8599532272613614,1.0,0.0,0.0,False,False,28530.0
10,gp_m52_pi,7,4,Q042,exploitation,1.020402922297704e-23,4.820727913692613e-25,7.462906472146478,0.4802741247281992,3.0,0.0,1.0,False,False,452.0
10,gp_m52_pi,7,5,Q048,exploitation,0.0004841613155533,0.0001183656807461,9.187980846497128,0.9285318820322206,3.0,0.0,1.0,False,False,42637.0
10,gp_m52_ei,1,1,Q019,exploitation,0.6548845367956408,1.2338274030637917,12.793794534247612,1.960063362989262,7.0,0.0,0.0,False,False,84493.0
10,gp_m52_ei,1,2,Q072,exploitation,0.5207052313050297,1.054103108099747,12.141277049688563,2.477667192697698,8.0,0.0,0.800000011920929,True,False,57726.0
10,gp_m52_ei,1,3,Q034,exploitation,0.5741749579660221,0.844404166568868,12.328833679274856,1.6908202198013496,5.0,0.0,0.0,False,False,107033.0
10,gp_m52_ei,1,4,Q018,exploitation,0.6355336223876562,0.737374737656652,12.441423669162711,1.2373441659455275,2.0,0.0,0.0,False,False,207261.0
10,gp_m52_ei,1,5,Q050,exploitation,0.4625639515731465,0.5905924639677107,11.855716352304867,1.6696872372862863,2.0,0.0,0.0,False,False,6338.0
10,gp_m52_ei,2,1,Q033,exploitation,0.4437029255702127,0.3204493126304142,12.115135367693938,0.9647999794169664,2.0,0.0,0.0,False,False,76472.0
10,gp_m52_ei,2,2,Q026,exploitation,0.4187167912861507,0.2955716772834471,12.052722513127478,0.9699729576071248,2.0,0.0,0.0,False,False,99186.0
10,gp_m52_ei,2,3,Q022,exploitation,0.5358855250389482,0.2596311029191159,12.304221098072649,0.5826600505745739,2.0,0.0,0.0,False,False,114383.0
10,gp_m52_ei,2,4,Q092,exploitation,0.0851716018508127,0.2253814607710674,4.341354843659458,5.769362824856549,11.0,0.0,1.0,True,False,0.0
10,gp_m52_ei,2,5,Q093,exploitation,0.0861375858878896,0.2235683991890905,4.5446146562054786,5.6465360605818535,12.0,0.0,1.0,True,False,0.0
10,gp_m52_ei,3,1,Q060,exploitation,0.1488140702884561,0.1425707710619711,10.32155976659926,1.8532094379187936,5.0,0.0,0.0,False,False,43612.0
10,gp_m52_ei,3,2,Q061,exploitation,0.160727555096132,0.1352490729864853,10.668130415320434,1.5972295741824438,4.0,0.0,0.0,False,False,61305.0
10,gp_m52_ei,3,3,Q016,exploitation,0.0742400082968889,0.1310520161899772,6.546132758889102,3.94873170579045,5.0,0.0,1.0,True,False,357.0
10,gp_m52_ei,3,4,Q074,exploitation,0.1406292136621835,0.1276509801316462,10.334169924270864,1.779651910170398,5.0,0.0,0.0,False,False,34285.0
10,gp_m52_ei,3,5,Q028,exploitation,0.1115069205002467,0.0864713362598012,10.300470187262832,1.601299696224141,5.0,0.0,0.0,False,False,55318.0
10,gp_m52_ei,4,1,Q057,exploitation,0.0308445393643689,0.0528780323782384,4.012174789139991,4.409664805758288,5.0,0.0,1.0,True,False,0.0
10,gp_m52_ei,4,2,Q054,exploitation,0.1073886327934616,0.0401393821330835,11.286638199708731,0.7779708895641085,2.0,0.0,0.0,False,False,100890.0
10,gp_m52_ei,4,3,Q004,exploitation,0.0187855465713191,0.0356679036315583,1.414036514063783,5.2116778217422715,7.0,1.0,0.0,True,False,0.0
10,gp_m52_ei,4,4,Q088,exploitation,0.016787299089809,0.0309865005796373,1.3362646251292878,5.13634572110666,10.0,0.0,1.0,True,False,0.0
10,gp_m52_ei,4,5,Q055,exploitation,0.1403258555596896,0.0297665415386222,11.80282710943562,0.4160997040681489,1.0,0.0,0.0,False,False,171271.0
10,gp_m52_ei,5,1,Q063,exploitation,0.0419944360665359,0.0175533146769754,10.475482212488512,1.0279285149439144,2.0,0.0,0.0,False,False,38893.0
10,gp_m52_ei,5,2,Q053,exploitation,0.0832952863309555,0.0159691652215584,11.67109486296033,0.4197703428606626,2.0,0.0,0.0,False,False,110908.0
10,gp_m52_ei,5,3,Q080,exploitation,0.0086772616797222,0.0133535935098141,1.284069008833704,4.609989706882003,7.0,0.0,1.0,True,False,0.0
10,gp_m52_ei,5,4,Q035,exploitation,0.0270114961797258,0.008265427060023,10.70744630768542,0.8015420161474474,3.0,0.0,0.0,False,False,50709.0
10,gp_m52_ei,5,5,Q071,exploitation,0.0254562644283092,0.0063547119186066,10.965023362187283,0.6591050413741143,3.0,0.0,0.0,False,False,60955.0
10,gp_m52_ei,6,1,Q091,exploitation,7.608191382574265e-05,5.5330172714849937e-05,0.5775542585098608,3.082283878739139,7.0,0.0,1.0,True,False,0.0
10,gp_m52_ei,6,2,Q027,exploitation,5.715353922882225e-05,5.3363496515278176e-05,-3.246991860720698,4.0172709780943,6.0,0.6000000238418579,0.4000000059604645,True,False,0.0
10,gp_m52_ei,6,3,Q032,exploitation,8.520457571636302e-06,4.9444713234662435e-06,0.4992376095599393,2.73281876005578,4.0,0.0,1.0,False,False,0.0
10,gp_m52_ei,6,4,Q041,exploitation,1.4481768836290404e-05,1.928297922232524e-06,9.69093230682501,0.6124183657774053,2.0,0.0,0.0,False,False,155410.0
10,gp_m52_ei,6,5,Q036,exploitation,2.2893762193255117e-06,1.6437442399321582e-06,-4.108728165921995,3.5696466474495323,4.0,0.0,1.0,False,False,0.0
10,gp_m52_ei,7,1,Q002,exploitation,1.4655868366168318e-10,3.3714295081722217e-11,2.684300361752782,1.5180685640656757,5.0,0.0,0.6000000238418579,True,False,0.0
10,gp_m52_ei,7,2,Q024,exploitation,0.0003150735152393,3.455103220005649e-05,10.788178232690154,0.428155153574384,2.0,0.0,0.0,False,False,25579.0
10,gp_m52_ei,7,3,Q039,exploitation,6.0330449157702574e-05,1.183492586377864e-05,9.01573827691238,0.8416609366678415,1.0,0.0,0.0,False,False,28530.0
10,gp_m52_ei,7,4,Q042,exploitation,5.812458313705957e-26,2.506726687179377e-27,7.438366576381816,0.4596452322018372,3.0,0.0,1.0,False,False,452.0
10,gp_m52_ei,7,5,Q048,exploitation,0.0002736210272166,6.323647065972196e-05,9.105379466846074,0.910273624111696,3.0,0.0,1.0,False,False,42637.0
10,pi_random_exploration,1,1,Q022,exploitation,0.7208639348078524,0.5305722118734686,12.422328385170916,0.6998529276747131,2.0,0.0,0.0,False,False,114383.0
10,pi_random_exploration,1,2,Q019,exploitation,0.6548845367956408,1.2338274030637917,12.793794534247612,1.960063362989262,7.0,0.0,0.0,False,False,84493.0
10,pi_random_exploration,1,3,Q018,exploitation,0.6355336223876562,0.737374737656652,12.441423669162711,1.2373441659455275,2.0,0.0,0.0,False,False,207261.0
10,pi_random_exploration,1,4,Q034,exploitation,0.5741749579660221,0.844404166568868,12.328833679274856,1.6908202198013496,5.0,0.0,0.0,False,False,107033.0
10,pi_random_exploration,1,5,Q035,random_exploration,0.3112376113293581,0.3035953215510573,11.2658884325063,1.5166978013808687,3.0,0.0,0.800000011920929,False,False,50709.0
10,pi_random_exploration,2,1,Q072,exploitation,0.4725270987155884,0.8459079680265551,12.092203535372946,2.314829522908862,8.0,0.0,0.0,False,False,57726.0
10,pi_random_exploration,2,2,Q033,exploitation,0.4208358133247829,0.2986935225494682,12.057386388336417,0.9729512397318892,2.0,0.0,0.0,False,False,76472.0
10,pi_random_exploration,2,3,Q050,exploitation,0.2908474214849675,0.2870065897851397,11.385549836983826,1.5722857128445586,2.0,0.0,0.0,False,False,6338.0
10,pi_random_exploration,2,4,Q061,exploitation,0.2165652538427868,0.191395728151284,11.038609040823252,1.5476637097783654,4.0,0.0,0.0,False,False,61305.0
10,pi_random_exploration,2,5,Q042,random_exploration,2.8619556816580073e-23,1.4660407005274047e-24,7.1639666480082935,0.5155777582209219,3.0,0.0,1.0,False,False,452.0
10,pi_random_exploration,3,1,Q055,exploitation,0.3786886157491681,0.291347966431322,11.909989008503558,1.1062491031170474,1.0,0.0,0.0,False,False,171271.0
10,pi_random_exploration,3,2,Q053,exploitation,0.3390957283872691,0.2534768388213754,11.784985112867531,1.124891575916015,2.0,0.0,0.0,False,False,110908.0
10,pi_random_exploration,3,3,Q028,exploitation,0.2751152715086442,0.2194030298524959,11.477902798207143,1.2953082284650372,4.0,0.0,0.0,False,False,55318.0
10,pi_random_exploration,3,4,Q063,exploitation,0.2597148626558236,0.2048573745731393,11.410425912693816,1.3059310482070006,4.0,0.0,0.0,False,False,38893.0
10,pi_random_exploration,3,5,Q048,random_exploration,0.0006659287723795,0.0002303274908537,8.125796633470891,1.2857306828386816,3.0,0.0,1.0,False,False,42637.0
10,pi_random_exploration,4,1,Q054,exploitation,0.1660672833558651,0.1043106484536454,11.104955082570257,1.1824668123364075,2.0,0.0,0.0,False,False,100890.0
10,pi_random_exploration,4,2,Q074,exploitation,0.1221579406398843,0.1052782953753568,10.220382901076448,1.744751256614646,5.0,0.0,0.0,False,False,34285.0
10,pi_random_exploration,4,3,Q071,exploitation,0.1088441699716213,0.0430219934838112,11.240472948056173,0.8203678144965019,4.0,0.0,0.0,False,False,60955.0
10,pi_random_exploration,4,4,Q026,exploitation,0.1028711994194699,0.0324553671462751,11.413374637422004,0.6625501868230859,1.0,0.0,0.0,False,False,99186.0
10,pi_random_exploration,4,5,Q091,random_exploration,0.0686920052032459,0.1882902778401476,3.014442661089028,6.217874339071646,7.0,0.0,1.0,True,False,0.0
10,pi_random_exploration,5,1,Q016,exploitation,0.0693842529824559,0.1188575779058468,6.509400656064255,3.878929379445159,5.0,0.2000000029802322,0.800000011920929,True,False,357.0
10,pi_random_exploration,5,2,Q093,exploitation,0.0635686578358948,0.1636597706328063,3.2209418612019443,5.919938098000558,11.0,1.0,0.0,True,False,0.0
10,pi_random_exploration,5,3,Q060,exploitation,0.0550516610810275,0.0211819698375116,10.803394398803569,0.906502076666268,2.0,0.0,0.0,False,False,43612.0
10,pi_random_exploration,5,4,Q057,exploitation,0.0302612126226696,0.0545297225074294,3.528727800949862,4.6473937332434785,5.0,0.0,1.0,True,False,0.0
10,pi_random_exploration,5,5,Q080,random_exploration,0.0134459266769923,0.0240002472463744,0.9702172827752218,5.0976472512905415,7.0,0.0,1.0,True,False,0.0
10,pi_random_exploration,6,1,Q004,exploitation,0.0133606140636825,0.0250352517089127,0.386663964004569,5.355324154326957,7.0,1.0,0.0,True,False,0.0
10,pi_random_exploration,6,2,Q092,exploitation,0.0008101947783591,0.0008554772808561,0.0469758556692099,3.871809933769513,5.0,1.0,0.0,True,False,0.0
10,pi_random_exploration,6,3,Q024,exploitation,0.0007769809774174,0.0001052275828016,10.675624032435898,0.4980750037779615,2.0,0.0,0.0,False,False,25579.0
10,pi_random_exploration,6,4,Q088,exploitation,0.00027168326768,0.0002477378939948,-0.1747985692716858,3.59313228600371,11.0,0.0,1.0,True,False,0.0
10,pi_random_exploration,6,5,Q002,random_exploration,2.1104696311821915e-09,5.253828221541294e-10,3.1970035932539895,1.5411544684512966,5.0,0.0,0.6000000238418579,True,False,0.0
10,pi_random_exploration,7,1,Q027,exploitation,0.0001558318808038,0.0001632184302222,-3.129229222042582,4.2660834201565905,6.0,0.800000011920929,0.2000000029802322,True,False,0.0
10,pi_random_exploration,7,2,Q041,exploitation,0.0001246388781051,2.153804318942435e-05,9.640587637864837,0.7128448707454021,2.0,0.0,0.0,False,False,155410.0
10,pi_random_exploration,7,3,Q032,exploitation,2.9029850258830803e-05,1.8266039570699657e-05,0.9907276452730568,2.800855699380588,4.0,0.0,1.0,False,False,0.0
10,pi_random_exploration,7,4,Q036,exploitation,5.036979198611647e-06,3.919402205602903e-06,-4.295023016336689,3.747358795861043,4.0,0.0,1.0,False,False,0.0
10,pi_random_exploration,7,5,Q039,random_exploration,8.909342478628231e-07,7.845119206720546e-08,10.084573482886803,0.4536942143323564,1.0,0.0,0.0,False,False,28530.0
10,pi_uncertainty,1,1,Q022,exploitation,0.7208639348078524,0.5305722118734686,12.422328385170916,0.6998529276747131,2.0,0.0,0.0,False,False,114383.0
10,pi_uncertainty,1,2,Q019,exploitation,0.6548845367956408,1.2338274030637917,12.793794534247612,1.960063362989262,7.0,0.0,0.0,False,False,84493.0
10,pi_uncertainty,1,3,Q018,exploitation,0.6355336223876562,0.737374737656652,12.441423669162711,1.2373441659455275,2.0,0.0,0.0,False,False,207261.0
10,pi_uncertainty,1,4,Q034,exploitation,0.5741749579660221,0.844404166568868,12.328833679274856,1.6908202198013496,5.0,0.0,0.0,False,False,107033.0
10,pi_uncertainty,1,5,Q091,uncertainty_exploration,0.0997589462553836,0.2644563950315391,4.825426131428231,5.602193465206115,7.0,0.0,1.0,True,False,0.0
10,pi_uncertainty,2,1,Q072,exploitation,0.4984446801167431,0.9382433428609044,12.242525144085288,2.3633571524150128,8.0,0.0,0.2000000029802322,True,False,57726.0
10,pi_uncertainty,2,2,Q033,exploitation,0.3947077098242363,0.2855093069791582,11.978976836868952,1.021314037948251,2.0,0.0,0.0,False,False,76472.0
10,pi_uncertainty,2,3,Q050,exploitation,0.2841106732579784,0.2863066388890297,11.32791472775099,1.618833022766125,2.0,0.0,0.0,False,False,6338.0
10,pi_uncertainty,2,4,Q055,exploitation,0.2181911123736736,0.0616353550580092,11.867562923672043,0.4935985033877503,1.0,0.0,0.0,False,False,171271.0
10,pi_uncertainty,2,5,Q093,uncertainty_exploration,0.0621349938246032,0.1475739650457425,3.8242261766624592,5.48275250520564,11.0,1.0,0.0,True,False,0.0
10,pi_uncertainty,3,1,Q060,exploitation,0.1587411595789333,0.1529596446015337,10.41772141109072,1.834668798956108,5.0,0.0,0.0,False,False,43612.0
10,pi_uncertainty,3,2,Q061,exploitation,0.1572073143325759,0.132438248298047,10.634195517400052,1.6078929506322466,4.0,0.0,0.0,False,False,61305.0
10,pi_uncertainty,3,3,Q054,exploitation,0.1428412542983473,0.10158998355839,10.7685020293504,1.3892657042674608,2.0,0.0,0.0,False,False,100890.0
10,pi_uncertainty,3,4,Q074,exploitation,0.11827706900874,0.1058711611533164,10.091556326811606,1.8250278053144589,5.0,0.0,0.0,False,False,34285.0
10,pi_uncertainty,3,5,Q004,uncertainty_exploration,0.0305817434224488,0.0641202532960418,2.1420547494181523,5.399573148697822,7.0,1.0,0.0,True,False,0.0
10,pi_uncertainty,4,1,Q053,exploitation,0.0925664275289903,0.019869434321529,11.64156164256795,0.4604710627096399,2.0,0.0,0.0,False,False,110908.0
10,pi_uncertainty,4,2,Q028,exploitation,0.0691241792014046,0.0321844059308433,10.687866968627496,1.054998236729333,4.0,0.0,0.0,False,False,55318.0
10,pi_uncertainty,4,3,Q063,exploitation,0.0496819275503929,0.0224302398954148,10.469393294393162,1.0815562022600549,2.0,0.0,0.0,False,False,38893.0
10,pi_uncertainty,4,4,Q016,exploitation,0.0474425020192674,0.0727871007124348,6.068126617170029,3.702376822010572,5.0,0.0,1.0,True,False,357.0
10,pi_uncertainty,4,5,Q080,uncertainty_exploration,0.0105747868305462,0.0171365029451076,1.2937095182982103,4.7533996171813735,7.0,0.0,1.0,True,False,0.0
10,pi_uncertainty,5,1,Q026,exploitation,0.0282516673960454,0.0047564813294814,11.41576984113068,0.4383380826593164,1.0,0.0,0.0,False,False,99186.0
10,pi_uncertainty,5,2,Q071,exploitation,0.0272186232994707,0.0068485916437725,10.985389466963657,0.6584113513297066,3.0,0.0,0.0,False,False,60955.0
10,pi_uncertainty,5,3,Q057,exploitation,0.0239692917516861,0.0379125717905313,3.925838127173386,4.209438501366938,5.0,0.0,1.0,True,False,0.0
10,pi_uncertainty,5,4,Q035,exploitation,0.0170850722030187,0.0049063702867377,10.562754433248388,0.7974212370475322,3.0,0.0,0.0,False,False,50709.0
10,pi_uncertainty,5,5,Q027,uncertainty_exploration,6.984685001177114e-05,6.576133081279936e-05,-3.0157615418716146,4.008575258434708,6.0,0.2000000029802322,0.800000011920929,True,False,0.0
10,pi_uncertainty,6,1,Q088,exploitation,0.0002710127051339,0.0002418114353741,0.0882734338229846,3.51638823027556,11.0,0.0,1.0,True,False,0.0
10,pi_uncertainty,6,2,Q092,exploitation,0.0002446353935433,0.000215770067094,0.0563431199142572,3.4978278354545096,5.0,1.0,0.0,True,False,0.0
10,pi_uncertainty,6,3,Q041,exploitation,2.061740808917584e-05,2.842922845720771e-06,9.693413997750577,0.6239132773142163,2.0,0.0,0.0,False,False,155410.0
10,pi_uncertainty,6,4,Q024,exploitation,1.5740599610062646e-05,1.2859016921818567e-06,10.693699456667474,0.3743057340142078,2.0,0.0,0.0,False,False,25579.0
10,pi_uncertainty,6,5,Q036,uncertainty_exploration,3.740293519920449e-06,2.7586110592320867e-06,-3.855306528707065,3.5956959770616197,4.0,0.0,1.0,False,False,0.0
10,pi_uncertainty,7,1,Q048,exploitation,0.0004235591750653,0.0001033502183391,9.132089579394906,0.934888424343777,3.0,0.0,1.0,False,False,42637.0
10,pi_uncertainty,7,2,Q039,exploitation,8.861892231802999e-05,1.8309310681163403e-05,8.9953441780777,0.8685042479245758,1.0,0.0,0.0,False,False,28530.0
10,pi_uncertainty,7,3,Q002,exploitation,3.852950210330375e-10,9.065304694525304e-11,2.9114795845394053,1.518526517788673,5.0,0.0,0.2000000029802322,True,False,0.0
10,pi_uncertainty,7,4,Q032,exploitation,1.3082811023257354e-08,4.826153781968395e-09,0.1473211300815551,2.174968430813375,2.0,1.0,0.0,False,False,0.0
10,pi_uncertainty,7,5,Q042,uncertainty_exploration,3.6425521183426374e-24,1.6864480981234422e-25,7.464170155162578,0.4752953003737649,3.0,0.0,1.0,False,False,452.0
10,imperfection_aware,1,1,Q022,exploitation,0.7208639348078524,0.5305722118734686,12.422328385170916,0.6998529276747131,2.0,0.0,0.0,False,False,114383.0
10,imperfection_aware,1,2,Q019,exploitation,0.6548845367956408,1.2338274030637917,12.793794534247612,1.960063362989262,7.0,0.0,0.0,False,False,84493.0
10,imperfection_aware,1,3,Q018,exploitation,0.6355336223876562,0.737374737656652,12.441423669162711,1.2373441659455275,2.0,0.0,0.0,False,False,207261.0
10,imperfection_aware,1,4,Q034,exploitation,0.5741749579660221,0.844404166568868,12.328833679274856,1.6908202198013496,5.0,0.0,0.0,False,False,107033.0
10,imperfection_aware,1,5,Q072,suspicious_exploration,0.5207052313050297,1.054103108099747,12.141277049688563,2.477667192697698,8.0,0.0,0.800000011920929,True,False,57726.0
10,imperfection_aware,2,1,Q033,exploitation,0.391780980920565,0.2696429645684393,11.983927084270912,0.9749953230051696,2.0,0.0,0.0,False,False,76472.0
10,imperfection_aware,2,2,Q055,exploitation,0.204066887104701,0.0550934398502066,11.853917792398686,0.4809353476682497,1.0,0.0,0.0,False,False,171271.0
10,imperfection_aware,2,3,Q061,exploitation,0.197942770850364,0.1800847598855649,10.863982361430896,1.6345925723713888,4.0,0.0,0.0,False,False,61305.0
10,imperfection_aware,2,4,Q050,exploitation,0.1939853607011561,0.1564255158801458,10.993968051399833,1.4569281704956607,2.0,0.0,0.0,False,False,6338.0
10,imperfection_aware,2,5,Q092,suspicious_exploration,0.087281780834993,0.2321772303904964,4.414653867890101,5.772387073989725,11.0,0.0,1.0,True,False,0.0
10,imperfection_aware,3,1,Q054,exploitation,0.1391220966756183,0.0934265763067735,10.820553446564396,1.3199505823121864,2.0,0.0,0.0,False,False,100890.0
10,imperfection_aware,3,2,Q074,exploitation,0.1164241745683181,0.1010359576273669,10.133502770902004,1.775474339961713,5.0,0.0,0.0,False,False,34285.0
10,imperfection_aware,3,3,Q060,exploitation,0.1095231285516917,0.0639336564612247,10.76459309426407,1.2099783753245807,2.0,0.0,0.0,False,False,43612.0
10,imperfection_aware,3,4,Q028,exploitation,0.1001652600340511,0.0606243734040065,10.615134336596617,1.2779878598026848,4.0,0.0,0.0,False,False,55318.0
10,imperfection_aware,3,5,Q016,suspicious_exploration,0.0599794789548248,0.1000988499396153,6.224982753240495,3.8758623535843784,5.0,0.0,1.0,True,False,357.0
10,imperfection_aware,4,1,Q053,exploitation,0.0829206820616748,0.0172330228614146,11.62065599157666,0.4554284540529654,2.0,0.0,0.0,False,False,110908.0
10,imperfection_aware,4,2,Q063,exploitation,0.0463594461554607,0.0200661903395759,10.48926612525254,1.0483255255049624,2.0,0.0,0.0,False,False,38893.0
10,imperfection_aware,4,3,Q026,exploitation,0.0394554586632983,0.007493194251104,11.423380066640124,0.4714512479568721,1.0,0.0,0.0,False,False,99186.0
10,imperfection_aware,4,4,Q071,exploitation,0.0359665575082049,0.0099979506680531,10.992879023555275,0.6995449499104525,3.0,0.0,0.0,False,False,60955.0
10,imperfection_aware,4,5,Q057,suspicious_exploration,0.033865034160196,0.0592790036555612,4.134354382929667,4.443502934327519,5.0,0.0,1.0,True,False,0.0
10,imperfection_aware,5,1,Q035,exploitation,0.0099599245897036,0.0023203272822795,10.650679524706703,0.6877834002318407,3.0,0.0,0.0,False,False,50709.0
10,imperfection_aware,5,2,Q024,exploitation,0.0027805332679473,0.0005135965187705,10.544614793204897,0.6157126980336209,2.0,0.0,0.0,False,False,25579.0
10,imperfection_aware,5,3,Q032,exploitation,2.667239188561014e-05,1.7454194010587027e-05,0.4338603742319842,2.924879097969551,4.0,0.0,1.0,False,False,0.0
10,imperfection_aware,5,4,Q041,exploitation,3.814470712201597e-05,5.611242292993758e-06,9.696020585211812,0.6460740067792168,2.0,0.0,0.0,False,False,155410.0
10,imperfection_aware,5,5,Q093,suspicious_exploration,0.0134314756004233,0.0219636149064368,1.913217601666644,4.670659568724527,5.0,0.4000000059604645,0.6000000238418579,True,False,0.0
10,imperfection_aware,6,1,Q048,exploitation,0.0008632510864044,0.0002219382840415,9.31080506354817,0.938502895124018,3.0,0.0,1.0,False,False,42637.0
10,imperfection_aware,6,2,Q039,exploitation,0.0001625709911777,3.465320175975435e-05,9.13873225138012,0.8660716949970305,1.0,0.0,0.0,False,False,28530.0
10,imperfection_aware,6,3,Q036,exploitation,4.278190682011374e-06,2.828126624856082e-06,-2.0136867915832477,3.2051606284220697,2.0,0.0,1.0,False,False,0.0
10,imperfection_aware,6,4,Q042,exploitation,4.810572331587341e-25,2.1484962926226968e-26,7.454180157814441,0.4671433294284584,3.0,0.0,1.0,False,False,452.0
10,imperfection_aware,6,5,Q088,suspicious_exploration,0.0196244104253714,0.0382295136781181,1.2876059741195185,5.318344830669613,10.0,0.0,1.0,True,False,0.0
10,imperfection_aware,7,1,Q004,exploitation,0.0256899265236127,0.0527396919122221,1.7040983808632335,5.413784179381335,7.0,0.4000000059604645,0.6000000238418579,True,True,0.0
10,imperfection_aware,7,2,Q080,exploitation,0.0079449834078036,0.0119637104886387,1.2746429949601763,4.5521047165658075,7.0,1.0,0.0,True,True,0.0
10,imperfection_aware,7,3,Q027,exploitation,0.0013370419932965,0.0017314141097996,-1.494256754149081,4.577552962964672,6.0,0.0,1.0,True,True,0.0
10,imperfection_aware,7,4,Q091,exploitation,0.0004981486677988,0.0004539408850617,0.8810549309512377,3.454486221843219,7.0,0.0,1.0,True,True,0.0
10,imperfection_aware,7,5,Q002,suspicious_exploration,6.261063310715058e-10,1.480567649072114e-10,3.088848968317917,1.5086892223404813,5.0,0.0,0.4000000059604645,True,True,0.0
11,random,1,1,Q078,random,0.1813842722446143,0.2449721967732474,9.799515785136418,2.484877083255867,9.0,0.0,1.0,True,False,51868.0
11,random,1,2,Q051,random,0.0003210436178583,0.0002144071219484,3.171534360777013,2.60445247105614,7.0,0.0,1.0,True,False,873.0
11,random,1,3,Q073,random,0.0035743425586484,0.0006117540332438,10.55946109576383,0.5582297075206666,3.0,0.0,0.0,False,False,31696.0
11,random,1,4,Q052,random,0.2097934126514949,0.0490760444802366,11.727306616734882,0.4134379578701699,2.0,0.0,0.0,False,False,81273.0
11,random,1,5,Q024,random,0.0016170986712273,0.0001045278141738,11.397963699876671,0.2251764951738955,2.0,0.0,0.0,False,False,25579.0
11,random,2,1,Q088,random,0.002622692128536,0.003062009393892,1.1432116385956697,3.910995121318127,11.0,0.0,1.0,True,False,0.0
11,random,2,2,Q072,random,0.0843900528919623,0.0541423104879862,10.13270058380258,1.4012497525322682,4.0,0.0,0.0,False,False,57726.0
11,random,2,3,Q086,random,0.0780800171265813,0.2237467293490689,3.054672367050112,6.350964253558396,9.0,1.0,0.0,True,False,200.0
11,random,2,4,Q043,random,1.2989786518430918e-104,1.5973411210412602e-106,6.2518756399706135,0.2678359979550324,1.0,0.0,0.0,False,False,1379.0
11,random,2,5,Q013,random,4.414098250160961e-09,1.177724548853544e-09,2.7407761172721177,1.6203939059110757,4.0,0.0,1.0,False,False,2639.0
11,random,3,1,Q071,random,0.0005440767705939,5.91680772391714e-05,10.722177972176643,0.4098439112804762,1.0,0.0,0.0,False,False,60955.0
11,random,3,2,Q028,random,0.2402031344965786,0.1273364910970787,11.426069450991037,0.8997936803217417,4.0,0.0,0.0,False,False,55318.0
11,random,3,3,Q018,random,0.0112940778937208,0.0022552146761739,10.734937230881943,0.5815260501302151,2.0,0.0,0.0,False,False,207261.0
11,random,3,4,Q047,random,0.1223305783869033,0.1367026996017116,9.429785604687275,2.2616371251130136,5.0,0.0,1.0,True,False,7770.0
11,random,3,5,Q057,random,0.1248323946969218,0.3794937197203705,5.010122737890623,6.125005411028613,5.0,0.0,1.0,True,False,0.0
11,random,4,1,Q075,random,0.00242962019494,0.0027550462513092,1.4856013221192184,3.822903848558868,6.0,1.0,0.0,True,False,0.0
11,random,4,2,Q004,random,0.1092524512981093,0.311501376403686,4.975687370206083,5.91302089852222,8.0,1.0,0.0,True,False,0.0
11,random,4,3,Q081,random,0.0267638132135665,0.0562130611119742,1.6167139135938156,5.508549903985973,9.0,1.0,0.0,True,False,0.0
11,random,4,4,Q087,random,0.0043148280725703,0.0057778269649221,0.9735977426745146,4.294165289984677,8.0,1.0,0.0,True,False,0.0
11,random,4,5,Q080,random,0.1201508506013778,0.3422273879409432,5.455913089928151,5.787459332828056,10.0,0.0,1.0,True,False,0.0
11,random,5,1,Q001,random,7.330329506019574e-05,5.365103278609474e-05,0.4507180226513201,3.1081916508697054,7.0,0.0,1.0,True,False,4553.0
11,random,5,2,Q093,random,0.0565322435786899,0.1301226423703762,3.69654565179373,5.3990693572603785,11.0,1.0,0.0,True,False,0.0
11,random,5,3,Q015,random,6.5521254696683624e-21,7.3927637988393875e-22,2.2591946574492754,1.0736168569468505,2.0,0.0,0.6000000238418579,False,False,48700.0
11,random,5,4,Q002,random,1.49913041657828e-07,6.168920630509175e-08,0.7020335426204616,2.254236077301637,5.0,0.0,1.0,True,False,0.0
11,random,5,5,Q059,random,0.2419536469077176,0.0830328135577804,11.84490080174179,0.581170783489771,1.0,0.0,0.0,False,False,128632.0
11,random,6,1,Q029,random,0.3914374599186184,0.3093476973821398,11.943100815044742,1.1199809482038905,1.0,0.0,0.0,False,False,119441.0
11,random,6,2,Q032,random,0.0098667370324382,0.0083714105670028,6.406084475849449,2.507382450344166,2.0,1.0,0.0,False,False,0.0
11,random,6,3,Q006,random,4.703537459213387e-08,1.7142348087940338e-08,1.2011406261398774,2.070245573445484,4.0,0.0,1.0,False,False,2244.0
11,random,6,4,Q026,random,7.872728349669872e-40,8.500532046202225e-42,10.36171545367482,0.1436638629574975,1.0,0.0,0.0,False,False,99186.0
11,random,6,5,Q082,random,0.0445244768385595,0.0989383135390982,3.042474250335082,5.415825687604129,8.0,1.0,0.0,True,False,0.0
11,random,7,1,Q023,random,0.2428890342142914,0.2555944444075405,11.011049192527016,1.7799418297799596,1.0,0.0,0.0,False,False,130578.0
11,random,7,2,Q009,random,0.0106288412035031,0.0064992946532236,8.122608487942294,1.7926426352333964,5.0,0.800000011920929,0.2000000029802322,True,False,3295.0
11,random,7,3,Q046,random,0.0831074823058899,0.0152435008497525,11.695496836003947,0.4017729752235499,1.0,0.0,0.0,False,False,58386.0
11,random,7,4,Q031,random,0.349697222870779,0.5137898153511042,11.40841018253478,2.184008628181998,2.0,0.0,0.0,False,False,62455.0
11,random,7,5,Q063,random,0.1101678057658396,0.0650697073624904,10.753086367199709,1.2227548548578135,4.0,0.0,0.0,False,False,38893.0
11,gp_m52_pi,1,1,Q059,exploitation,0.5467486860563483,0.1407554602739331,12.096914583212785,0.3057134579011922,2.0,0.0,0.0,False,False,128632.0
11,gp_m52_pi,1,2,Q063,exploitation,0.231838830751605,0.0975500091817628,11.531914649879496,0.7220118703337476,4.0,0.0,0.0,False,False,38893.0
11,gp_m52_pi,1,3,Q052,exploitation,0.2097934126514949,0.0490760444802366,11.727306616734882,0.4134379578701699,2.0,0.0,0.0,False,False,81273.0
11,gp_m52_pi,1,4,Q004,exploitation,0.1953741599762852,0.7803519357559769,5.879593361257697,7.202254720224319,8.0,1.0,0.0,True,False,0.0
11,gp_m52_pi,1,5,Q028,exploitation,0.1944229532991842,0.0631392552425172,11.555714209982384,0.5863837148973158,4.0,0.0,0.0,False,False,55318.0
11,gp_m52_pi,2,1,Q031,exploitation,0.3128266161180039,0.1599243031645285,11.673948175148126,0.7933931254801618,2.0,0.0,0.0,False,False,62455.0
11,gp_m52_pi,2,2,Q080,exploitation,0.1771729337198506,0.6254543111663633,6.007851083583341,6.535527009036743,11.0,0.0,1.0,True,False,0.0
11,gp_m52_pi,2,3,Q078,exploitation,0.1375730915571653,0.1843603931306818,9.179027640163886,2.6408982922996316,8.0,0.0,1.0,True,False,51868.0
11,gp_m52_pi,2,4,Q075,exploitation,0.1205508402391924,0.409499255071815,3.975976220893189,6.897093271614981,6.0,0.0,1.0,True,False,0.0
11,gp_m52_pi,2,5,Q057,exploitation,0.1053833203993372,0.3308663222955728,3.850755349205513,6.560538751901733,6.0,0.0,1.0,True,False,0.0
11,gp_m52_pi,3,1,Q093,exploitation,0.0656690186727966,0.1775558128098306,2.7331301466745357,6.182125631613567,11.0,1.0,0.0,True,False,0.0
11,gp_m52_pi,3,2,Q023,exploitation,0.0530432142599623,0.0160895478645857,10.899059695404432,0.7190113229000439,1.0,0.0,0.0,False,False,130578.0
11,gp_m52_pi,3,3,Q072,exploitation,0.0525867196336179,0.0292760903289308,9.919800540787463,1.3215096473841217,4.0,0.0,0.0,False,False,57726.0
11,gp_m52_pi,3,4,Q086,exploitation,0.0492274000031501,0.1235155233756934,2.1143213502005995,6.019570927753183,9.0,1.0,0.0,True,False,200.0
11,gp_m52_pi,3,5,Q082,exploitation,0.0182233437606466,0.0334845686030896,1.4708361705884556,5.062444771744021,10.0,1.0,0.0,True,False,0.0
11,gp_m52_pi,4,1,Q026,exploitation,0.0172733004689797,0.0013719230083596,11.595471181328527,0.220254401591834,1.0,0.0,0.0,False,False,99186.0
11,gp_m52_pi,4,2,Q081,exploitation,0.0083827203567251,0.0148615021475289,-0.687123177595315,5.3299059130902915,6.0,1.0,0.0,True,False,0.0
11,gp_m52_pi,4,3,Q047,exploitation,0.0069281772550952,0.0051185765206099,6.488069311660636,2.2645331906507913,4.0,0.0,1.0,False,False,7770.0
11,gp_m52_pi,4,4,Q087,exploitation,0.0038006674376857,0.004901417920628,0.894517727462798,4.183329392645781,8.0,1.0,0.0,True,False,0.0
11,gp_m52_pi,4,5,Q088,exploitation,0.001140220731076,0.001120340525867,1.3366745610050348,3.5149672500079454,11.0,0.0,1.0,True,False,0.0
11,gp_m52_pi,5,1,Q073,exploitation,0.0010387731515968,0.0001247813162332,10.728820556730495,0.4326806166126461,3.0,0.0,0.0,False,False,31696.0
11,gp_m52_pi,5,2,Q051,exploitation,0.0001284300340949,7.08630150834564e-05,3.755093736611971,2.272280265839593,7.0,0.2000000029802322,0.800000011920929,True,False,873.0
11,gp_m52_pi,5,3,Q032,exploitation,7.163925215075264e-05,3.265787817224256e-05,4.690757905421991,1.938295434090549,2.0,1.0,0.0,False,False,0.0
11,gp_m52_pi,5,4,Q071,exploitation,7.547426470167015e-05,5.225140372042608e-06,10.94861242115497,0.2935465605994389,3.0,0.0,0.0,False,False,60955.0
11,gp_m52_pi,5,5,Q001,exploitation,1.004262974773525e-05,4.537753068107941e-06,3.052981471873081,2.1126059122656833,7.0,0.0,1.0,True,False,4553.0
11,gp_m52_pi,6,1,Q046,exploitation,0.0067933700125647,0.0002695603567504,11.760251705985542,0.1218620631092104,1.0,0.0,0.0,False,False,58386.0
11,gp_m52_pi,6,2,Q006,exploitation,0.0001341167168714,7.106252878649939e-05,4.128636860859476,2.1767162599346883,4.0,0.0,1.0,False,False,2244.0
11,gp_m52_pi,6,3,Q029,exploitation,2.737151844600604e-05,9.295867529200928e-07,11.449365743432722,0.1516069670858578,1.0,0.0,0.0,False,False,119441.0
11,gp_m52_pi,6,4,Q009,exploitation,1.4683975272927484e-05,4.871015583269729e-06,5.690150201976994,1.5247441342444457,5.0,0.0,1.0,True,False,3295.0
11,gp_m52_pi,6,5,Q018,exploitation,1.7076706797345522e-05,9.873300738751392e-07,10.967376214344496,0.2639173573847049,2.0,0.0,0.0,False,False,207261.0
11,gp_m52_pi,7,1,Q002,exploitation,2.8301187841889856e-08,8.961612373498721e-09,2.33751707549008,1.826087453542367,5.0,0.4000000059604645,0.6000000238418579,True,False,0.0
11,gp_m52_pi,7,2,Q013,exploitation,1.1632669598108818e-06,3.313303027755812e-07,5.388717541131606,1.453177006432224,4.0,0.2000000029802322,0.800000011920929,False,False,2639.0
11,gp_m52_pi,7,3,Q015,exploitation,6.66652930476581e-22,7.200251746228989e-23,2.197831827708235,1.053080907259672,2.0,0.0,1.0,False,False,48700.0
11,gp_m52_pi,7,4,Q024,exploitation,0.0002041094252782,2.0263609812081656e-05,10.84484666222854,0.3980216944203644,2.0,0.0,0.0,False,False,25579.0
11,gp_m52_pi,7,5,Q043,exploitation,1.8491292567740328e-47,5.410347231813934e-49,6.1073541852667725,0.4260072303028474,1.0,0.0,0.0,False,False,1379.0
11,gp_m52_ei,1,1,Q004,exploitation,0.1953741633688653,0.7803518968823995,5.879593894703175,7.202254201820979,8.0,1.0,0.0,True,False,0.0
11,gp_m52_ei,1,2,Q080,exploitation,0.1693098284568953,0.6024999501642794,5.682204070740764,6.666140218112053,11.0,0.0,1.0,True,False,0.0
11,gp_m52_ei,1,3,Q075,exploitation,0.1182614319329482,0.4017370577751216,3.8621457926682945,6.926337277326368,6.0,0.0,1.0,True,False,0.0
11,gp_m52_ei,1,4,Q057,exploitation,0.1170281961594594,0.3730607249627142,4.308873354991579,6.51453832696556,6.0,0.0,1.0,True,False,0.0
11,gp_m52_ei,1,5,Q078,exploitation,0.1813844188768206,0.2449724846144321,9.799516823812528,2.484877460409239,9.0,0.0,1.0,True,False,51868.0
11,gp_m52_ei,2,1,Q059,exploitation,0.6014480763317676,0.157562919806015,12.135941071600447,0.2914574623112764,2.0,0.0,0.0,False,False,128632.0
11,gp_m52_ei,2,2,Q093,exploitation,0.0568181421232629,0.144973288025609,2.600364842999107,5.979959117209925,11.0,1.0,0.0,True,False,0.0
11,gp_m52_ei,2,3,Q063,exploitation,0.2621989567025112,0.1111225042229182,11.615724759066616,0.699492402226468,4.0,0.0,0.0,False,False,38893.0
11,gp_m52_ei,2,4,Q086,exploitation,0.0452024460478841,0.1086523140493428,2.164462242513901,5.844650140439361,9.0,1.0,0.0,True,False,200.0
11,gp_m52_ei,2,5,Q081,exploitation,0.0338458369912437,0.082693000566163,0.7284967575480765,6.202614931586504,6.0,1.0,0.0,True,False,0.0
11,gp_m52_ei,3,1,Q023,exploitation,0.2229389036783906,0.1062386633339662,11.43027837306142,0.8273979419403059,1.0,0.0,0.0,False,False,130578.0
11,gp_m52_ei,3,2,Q028,exploitation,0.2754405089030033,0.1042567808621855,11.694473738089544,0.6145365735879929,4.0,0.0,0.0,False,False,55318.0
11,gp_m52_ei,3,3,Q031,exploitation,0.1171216459394819,0.0587668383722916,10.841516872671692,1.0252141057650357,2.0,0.0,0.0,False,False,62455.0
11,gp_m52_ei,3,4,Q072,exploitation,0.0511062048783044,0.0289991399947479,9.849620945178344,1.3531749871268195,4.0,0.0,0.0,False,False,57726.0
11,gp_m52_ei,3,5,Q082,exploitation,0.0108605683801569,0.0144936412095135,3.102386859185271,3.9031828808011144,8.0,1.0,0.0,True,False,0.0
11,gp_m52_ei,4,1,Q047,exploitation,0.0066592906116422,0.0049652123069968,6.382099689442485,2.294383324488055,4.0,0.0,1.0,False,False,7770.0
11,gp_m52_ei,4,2,Q087,exploitation,0.003059958924638,0.0037112665869664,1.0687338998254647,4.009896667205408,8.0,1.0,0.0,True,False,0.0
11,gp_m52_ei,4,3,Q026,exploitation,0.0152275021831364,0.0012230157657003,11.571709417391032,0.2260957780405902,1.0,0.0,0.0,False,False,99186.0
11,gp_m52_ei,4,4,Q088,exploitation,0.0010332801885249,0.0009953180242994,1.368703649481275,3.4709683445466197,11.0,0.0,1.0,True,False,0.0
11,gp_m52_ei,4,5,Q052,exploitation,0.0069744634935584,0.0006697052543556,11.33787803661627,0.2941256215749376,1.0,0.0,0.0,False,False,81273.0
11,gp_m52_ei,5,1,Q073,exploitation,0.0010388123046772,0.0001247868257611,10.728820478583946,0.4326822200283128,3.0,0.0,0.0,False,False,31696.0
11,gp_m52_ei,5,2,Q051,exploitation,0.0001284275409267,7.086143584235675e-05,3.7550971826295623,2.2722762273452575,7.0,0.2000000029802322,0.800000011920929,True,False,873.0
11,gp_m52_ei,5,3,Q032,exploitation,7.163715013339151e-05,3.2656886670571e-05,4.690739850199329,1.9382964779743983,2.0,1.0,0.0,False,False,0.0
11,gp_m52_ei,5,4,Q006,exploitation,1.1803771057630778e-05,5.483251450274192e-06,2.9444844748941046,2.1563708552257776,4.0,0.0,1.0,False,False,2244.0
11,gp_m52_ei,5,5,Q001,exploitation,1.004191354899528e-05,4.5374118414817085e-06,3.0529544346250956,2.1126043620106767,7.0,0.0,1.0,True,False,4553.0
11,gp_m52_ei,6,1,Q018,exploitation,2.2202924426446323e-05,1.3277763323488864e-06,10.959981977345883,0.2696430779993395,2.0,0.0,0.0,False,False,207261.0
11,gp_m52_ei,6,2,Q046,exploitation,6.050871741230068e-05,1.208458419971426e-06,11.731667963788688,0.0856751988702607,1.0,0.0,0.0,False,False,58386.0
11,gp_m52_ei,6,3,Q009,exploitation,1.784792800284892e-06,3.268376513759601e-07,7.800158008164674,0.9192797059719758,5.0,0.0,1.0,True,False,3295.0
11,gp_m52_ei,6,4,Q013,exploitation,5.653930640592794e-07,1.5425744360289798e-07,5.105922114599755,1.428913298439198,4.0,0.0,1.0,False,False,2639.0
11,gp_m52_ei,6,5,Q002,exploitation,6.668663283626936e-09,2.015273624425733e-09,1.7478238733469258,1.8151626334900663,5.0,0.0,1.0,True,False,0.0
11,gp_m52_ei,7,1,Q015,exploitation,1.0338692222708488e-19,1.2478560730344535e-20,2.221157147036511,1.1133192178404645,2.0,0.0,1.0,False,False,48700.0
11,gp_m52_ei,7,2,Q024,exploitation,0.0013126759848308,0.0001474259286732,11.05568858291916,0.3975561942672828,2.0,0.0,0.0,False,False,25579.0
11,gp_m52_ei,7,3,Q029,exploitation,0.0091798195124295,0.0011766146768132,11.351581310268749,0.3817002733191497,1.0,0.0,0.0,False,False,119441.0
11,gp_m52_ei,7,4,Q043,exploitation,1.2009136891068412e-45,3.6849095648591437e-47,6.062954621048716,0.4379178171521748,1.0,0.0,0.0,False,False,1379.0
11,gp_m52_ei,7,5,Q071,exploitation,2.6459096220152504e-05,2.1844825601398624e-06,10.759475632393915,0.3691573924557329,1.0,0.0,0.0,False,False,60955.0
11,pi_random_exploration,1,1,Q059,exploitation,0.5467486860563483,0.1407554602739331,12.096914583212785,0.3057134579011922,2.0,0.0,0.0,False,False,128632.0
11,pi_random_exploration,1,2,Q063,exploitation,0.231838830751605,0.0975500091817628,11.531914649879496,0.7220118703337476,4.0,0.0,0.0,False,False,38893.0
11,pi_random_exploration,1,3,Q052,exploitation,0.2097934126514949,0.0490760444802366,11.727306616734882,0.4134379578701699,2.0,0.0,0.0,False,False,81273.0
11,pi_random_exploration,1,4,Q004,exploitation,0.1953741599762852,0.7803519357559769,5.879593361257697,7.202254720224319,8.0,1.0,0.0,True,False,0.0
11,pi_random_exploration,1,5,Q047,random_exploration,0.0521106388750041,0.0482776188532367,8.482728610211582,2.2023916287329843,5.0,0.0,1.0,True,False,7770.0
11,pi_random_exploration,2,1,Q023,exploitation,0.2291235900704833,0.0990650961630628,11.508733466991307,0.7445703004528706,1.0,0.0,0.0,False,False,130578.0
11,pi_random_exploration,2,2,Q028,exploitation,0.2268746277256057,0.0743796085171667,11.636780171581703,0.5662571674402925,4.0,0.0,0.0,False,False,55318.0
11,pi_random_exploration,2,3,Q080,exploitation,0.1878269867049578,0.677985608443556,6.232112971346032,6.579390776442941,11.0,0.0,1.0,True,False,0.0
11,pi_random_exploration,2,4,Q078,exploitation,0.1302692135620962,0.1575906447178615,9.344878230454237,2.414081476597058,8.0,0.0,1.0,True,False,51868.0
11,pi_random_exploration,2,5,Q024,random_exploration,0.0008881655477457,5.138944497517909e-05,11.402247228502668,0.2107843191578937,2.0,0.0,0.0,False,False,25579.0
11,pi_random_exploration,3,1,Q031,exploitation,0.2274994402187199,0.1233852349772468,11.361726228381324,0.9359861971509832,2.0,0.0,0.0,False,False,62455.0
11,pi_random_exploration,3,2,Q072,exploitation,0.1298714478347657,0.1029337633411769,10.27726471671087,1.582737400774415,4.0,0.0,0.0,False,False,57726.0
11,pi_random_exploration,3,3,Q075,exploitation,0.1239841234197242,0.399479259414449,4.549783884076634,6.501544765990604,6.0,0.0,1.0,True,False,0.0
11,pi_random_exploration,3,4,Q057,exploitation,0.1019891908931645,0.3057416309091421,4.049750506353769,6.306595467186119,6.0,0.0,1.0,True,False,0.0
11,pi_random_exploration,3,5,Q015,random_exploration,1.9242057121568593e-25,1.7547845890323446e-26,2.0991993377625127,0.96174826213123,2.0,0.0,1.0,False,False,48700.0
11,pi_random_exploration,4,1,Q001,exploitation,0.2463991322111439,0.8909167909979432,7.8852061567219165,6.088373464979038,7.0,0.0,1.0,True,False,4553.0
11,pi_random_exploration,4,2,Q093,exploitation,0.2128956936002019,0.7408900027504732,7.18326051545259,6.124637569527821,11.0,0.6000000238418579,0.4000000059604645,True,False,0.0
11,pi_random_exploration,4,3,Q029,exploitation,0.1987123700733395,0.1224486417430169,11.12512858903865,1.1059407050606769,1.0,0.0,0.0,False,False,119441.0
11,pi_random_exploration,4,4,Q018,exploitation,0.162594071864853,0.0852334568614187,11.08489362153308,0.9921353045101456,2.0,0.0,0.0,False,False,207261.0
11,pi_random_exploration,4,5,Q009,random_exploration,0.0785652286146721,0.0915928439189554,8.40972350772747,2.580798601540406,5.0,0.0,1.0,True,False,3295.0
11,pi_random_exploration,5,1,Q071,exploitation,0.2269053440595959,0.1416477541575901,11.444095620025584,1.0781844295097194,3.0,0.0,0.0,False,False,60955.0
11,pi_random_exploration,5,2,Q006,exploitation,0.1451694420011863,0.1485496379195316,10.146278519641482,1.9912079459683212,4.0,0.0,1.0,False,False,2244.0
11,pi_random_exploration,5,3,Q051,exploitation,0.1264804755187051,0.252549660657219,7.666137932399093,4.011243101197138,7.0,0.0,1.0,True,False,873.0
11,pi_random_exploration,5,4,Q073,exploitation,0.0790027158303081,0.0322613179852125,10.976796062478686,0.9030545423197752,3.0,0.0,0.0,False,False,31696.0
11,pi_random_exploration,5,5,Q046,random_exploration,0.0271084941257357,0.0041869563710954,11.473261827073893,0.4043829388708815,1.0,0.0,0.0,False,False,58386.0
11,pi_random_exploration,6,1,Q086,exploitation,0.0777111421797082,0.2019463759206273,4.062563101284214,5.764438938214726,9.0,1.0,0.0,True,False,200.0
11,pi_random_exploration,6,2,Q081,exploitation,0.0735130146603503,0.1582783610429823,5.255090572458444,4.824887040370343,6.0,1.0,0.0,True,False,0.0
11,pi_random_exploration,6,3,Q087,exploitation,0.0204176316638679,0.0378203654588166,1.960256608039516,5.032020551490272,8.0,1.0,0.0,True,False,0.0
11,pi_random_exploration,6,4,Q043,exploitation,0.0125595140430587,0.0035472498760875,10.431263915674888,0.8128691032308799,1.0,0.0,0.0,False,False,1379.0
11,pi_random_exploration,6,5,Q032,random_exploration,2.265358939637579e-12,6.69285363145062e-13,-2.4525361821260008,2.125032600289995,2.0,1.0,0.0,False,False,0.0
11,pi_random_exploration,7,1,Q026,exploitation,0.0341300926335321,0.0087355173259516,11.068433456885913,0.6489963411654076,1.0,0.0,0.0,False,False,99186.0
11,pi_random_exploration,7,2,Q013,exploitation,0.0082123283045739,0.0058380907470362,7.1129690059541115,2.1417431431455136,4.0,0.0,1.0,False,False,2639.0
11,pi_random_exploration,7,3,Q088,exploitation,0.0075687307771712,0.0099255540732525,2.57433516229779,3.983989636217814,11.0,0.0,1.0,True,False,0.0
11,pi_random_exploration,7,4,Q002,exploitation,0.0073159872302779,0.0048099926518014,7.358670703022432,2.0042369895206904,5.0,0.0,1.0,True,False,0.0
11,pi_random_exploration,7,5,Q082,random_exploration,0.0002273326396975,0.0001627556307423,2.2527601227010505,2.8518525572935403,8.0,1.0,0.0,True,False,0.0
11,pi_uncertainty,1,1,Q059,exploitation,0.5467486860563483,0.1407554602739331,12.096914583212785,0.3057134579011922,2.0,0.0,0.0,False,False,128632.0
11,pi_uncertainty,1,2,Q063,exploitation,0.231838830751605,0.0975500091817628,11.531914649879496,0.7220118703337476,4.0,0.0,0.0,False,False,38893.0
11,pi_uncertainty,1,3,Q052,exploitation,0.2097934126514949,0.0490760444802366,11.727306616734882,0.4134379578701699,2.0,0.0,0.0,False,False,81273.0
11,pi_uncertainty,1,4,Q004,exploitation,0.1953741599762852,0.7803519357559769,5.879593361257697,7.202254720224319,8.0,1.0,0.0,True,False,0.0
11,pi_uncertainty,1,5,Q075,uncertainty_exploration,0.118261511739536,0.4017375344318947,3.8621455950543337,6.926339802840275,6.0,0.0,1.0,True,False,0.0
11,pi_uncertainty,2,1,Q028,exploitation,0.2610406960237804,0.0951227737217546,11.6754464825232,0.6023081712946314,4.0,0.0,0.0,False,False,55318.0
11,pi_uncertainty,2,2,Q023,exploitation,0.2201115495620312,0.1019331797464984,11.43806703611012,0.8071104382104822,1.0,0.0,0.0,False,False,130578.0
11,pi_uncertainty,2,3,Q080,exploitation,0.1543912868884626,0.5137906634866212,5.567666597875297,6.379907599254574,10.0,0.0,1.0,True,False,0.0
11,pi_uncertainty,2,4,Q078,exploitation,0.1361540744454589,0.18336240545682,9.140550937375895,2.6603722606234976,8.0,0.0,1.0,True,False,51868.0
11,pi_uncertainty,2,5,Q093,uncertainty_exploration,0.0751028231474533,0.2159686541043469,2.825269652812179,6.419032146999496,11.0,0.0,1.0,True,False,0.0
11,pi_uncertainty,3,1,Q031,exploitation,0.4178934603759154,0.224606491264206,11.907777220367624,0.7392268953527541,2.0,0.0,0.0,False,False,62455.0
11,pi_uncertainty,3,2,Q086,exploitation,0.0519065257794222,0.1345433083211705,2.0314052972814753,6.165831175492889,9.0,1.0,0.0,True,False,200.0
11,pi_uncertainty,3,3,Q026,exploitation,0.0463017558490577,0.0040550107353046,11.70420521373608,0.2121527520473876,1.0,0.0,0.0,False,False,99186.0
11,pi_uncertainty,3,4,Q072,exploitation,0.0370174871671649,0.0189073910397563,9.774466758424888,1.279973737895734,4.0,0.0,0.0,False,False,57726.0
11,pi_uncertainty,3,5,Q081,uncertainty_exploration,0.0207147128767928,0.0467724461084039,-0.4244554804498639,6.122706992817757,6.0,1.0,0.0,True,False,0.0
11,pi_uncertainty,4,1,Q082,exploitation,0.0100931991693468,0.0134358694421786,2.945097843225814,3.924425147918264,8.0,1.0,0.0,True,False,0.0
11,pi_uncertainty,4,2,Q047,exploitation,0.0041340393643733,0.0028467577923717,6.206339953714659,2.2169032558247537,4.0,0.0,1.0,False,False,7770.0
11,pi_uncertainty,4,3,Q087,exploitation,0.0035003646065151,0.004411938976212,0.9538960208744668,4.118611974835907,8.0,1.0,0.0,True,False,0.0
11,pi_uncertainty,4,4,Q088,exploitation,0.0013776892039749,0.0013885685458806,1.4189325197598572,3.5547198816073124,11.0,0.0,1.0,True,False,0.0
11,pi_uncertainty,4,5,Q057,uncertainty_exploration,0.0009832576389249,0.0010095118615603,0.568500350472501,3.7129578619679022,6.0,0.0,1.0,True,False,0.0
11,pi_uncertainty,5,1,Q073,exploitation,0.0010388123046772,0.0001247868257611,10.728820478583946,0.4326822200283128,3.0,0.0,0.0,False,False,31696.0
11,pi_uncertainty,5,2,Q051,exploitation,0.0001284275409267,7.086143584235675e-05,3.7550971826295623,2.2722762273452575,7.0,0.2000000029802322,0.800000011920929,True,False,873.0
11,pi_uncertainty,5,3,Q032,exploitation,7.163715013339151e-05,3.2656886670571e-05,4.690739850199329,1.9382964779743983,2.0,1.0,0.0,False,False,0.0
11,pi_uncertainty,5,4,Q071,exploitation,7.547896575758115e-05,5.225504376748841e-06,10.948612454142877,0.293547750501791,3.0,0.0,0.0,False,False,60955.0
11,pi_uncertainty,5,5,Q006,uncertainty_exploration,1.1803771057630778e-05,5.483251450274192e-06,2.9444844748941046,2.1563708552257776,4.0,0.0,1.0,False,False,2244.0
11,pi_uncertainty,6,1,Q046,exploitation,0.0044525776840038,0.0001838297442312,11.715694046764204,0.1320172840899336,1.0,0.0,0.0,False,False,58386.0
11,pi_uncertainty,6,2,Q018,exploitation,6.81079985320505e-05,5.100523227244275e-06,10.843002348874704,0.3192726096100634,2.0,0.0,0.0,False,False,207261.0
11,pi_uncertainty,6,3,Q001,exploitation,2.2094414717985277e-05,1.1469921720685107e-05,2.4982620638753694,2.3412793235140765,7.0,0.0,1.0,True,False,4553.0
11,pi_uncertainty,6,4,Q009,exploitation,4.067109704297379e-05,9.108574100269516e-06,8.197595065246482,0.9804594871565386,5.0,0.0,1.0,True,False,3295.0
11,pi_uncertainty,6,5,Q002,uncertainty_exploration,7.099563187045047e-12,1.4455262003849377e-12,2.384167207912003,1.4323627426542436,5.0,0.0,1.0,True,False,0.0
11,pi_uncertainty,7,1,Q029,exploitation,0.0080887889652283,0.001014472886893,11.341634137269727,0.3784401436903071,1.0,0.0,0.0,False,False,119441.0
11,pi_uncertainty,7,2,Q024,exploitation,0.000904239122386,0.0001000536950581,10.99569297739284,0.4025781687778807,2.0,0.0,0.0,False,False,25579.0
11,pi_uncertainty,7,3,Q015,exploitation,8.61071146203973e-21,9.697378446497297e-22,2.338691086308568,1.0684128134343465,2.0,0.0,1.0,False,False,48700.0
11,pi_uncertainty,7,4,Q013,exploitation,1.8423458872683123e-06,5.568570990925909e-07,5.237538284528263,1.515463866050123,4.0,0.0,1.0,False,False,2639.0
11,pi_uncertainty,7,5,Q043,uncertainty_exploration,6.9380859918796335e-46,2.1008329473719926e-47,6.11147224202673,0.4333018923677016,1.0,0.0,0.0,False,False,1379.0
11,imperfection_aware,1,1,Q059,exploitation,0.5467486860563483,0.1407554602739331,12.096914583212785,0.3057134579011922,2.0,0.0,0.0,False,False,128632.0
11,imperfection_aware,1,2,Q063,exploitation,0.231838830751605,0.0975500091817628,11.531914649879496,0.7220118703337476,4.0,0.0,0.0,False,False,38893.0
11,imperfection_aware,1,3,Q052,exploitation,0.2097934126514949,0.0490760444802366,11.727306616734882,0.4134379578701699,2.0,0.0,0.0,False,False,81273.0
11,imperfection_aware,1,4,Q028,exploitation,0.1944229532991842,0.0631392552425172,11.555714209982384,0.5863837148973158,4.0,0.0,0.0,False,False,55318.0
11,imperfection_aware,1,5,Q004,suspicious_exploration,0.1953741599762852,0.7803519357559769,5.879593361257697,7.202254720224319,8.0,1.0,0.0,True,False,0.0
11,imperfection_aware,2,1,Q031,exploitation,0.3128266161180039,0.1599243031645285,11.673948175148126,0.7933931254801618,2.0,0.0,0.0,False,False,62455.0
11,imperfection_aware,2,2,Q023,exploitation,0.0831964220395449,0.0283162542512512,11.029482797507969,0.745382315866713,1.0,0.0,0.0,False,False,130578.0
11,imperfection_aware,2,3,Q072,exploitation,0.0506166944599905,0.028355528490601,9.86813810932999,1.338010627127192,4.0,0.0,0.0,False,False,57726.0
11,imperfection_aware,2,4,Q026,exploitation,0.0166173040252995,0.0012864959395825,11.601742128539604,0.2156950862887211,1.0,0.0,0.0,False,False,99186.0
11,imperfection_aware,2,5,Q080,suspicious_exploration,0.1771729337198506,0.6254543111663633,6.007851083583341,6.535527009036743,11.0,0.0,1.0,True,False,0.0
11,imperfection_aware,3,1,Q047,exploitation,0.0032592386561512,0.0023372686775934,5.646081264295125,2.358002170807872,4.0,0.0,1.0,False,False,7770.0
11,imperfection_aware,3,2,Q032,exploitation,0.0001387916624096,7.067043131015025e-05,4.471366934492945,2.0877225571758284,2.0,1.0,0.0,False,False,0.0
11,imperfection_aware,3,3,Q073,exploitation,0.0006974380209632,8.468801972688991e-05,10.623104061442175,0.4499483676952004,3.0,0.0,0.0,False,False,31696.0
11,imperfection_aware,3,4,Q029,exploitation,1.235415314048125e-25,6.575714041517807e-28,11.474903824904947,0.05635441787904,1.0,0.0,0.0,False,False,119441.0
11,imperfection_aware,3,5,Q078,suspicious_exploration,0.1471683548101258,0.2169543002284105,9.0626300934451,2.85925946871829,8.0,0.0,1.0,True,False,51868.0
11,imperfection_aware,4,1,Q046,exploitation,0.0011554612986848,3.5895605101055885e-05,11.722710319191613,0.111024395467845,1.0,0.0,0.0,False,False,58386.0
11,imperfection_aware,4,2,Q006,exploitation,0.000184726603889,0.00010316545566,4.040697859838906,2.2522671604140823,4.0,0.0,1.0,False,False,2244.0
11,imperfection_aware,4,3,Q013,exploitation,2.2396033065417478e-07,5.5769623750577274e-08,5.2658757883757445,1.3462704604161972,4.0,0.0,1.0,False,False,2639.0
11,imperfection_aware,4,4,Q071,exploitation,1.4397545563612202e-17,2.604883652984626e-19,10.73394490674419,0.1570238052705774,1.0,0.0,0.0,False,False,60955.0
11,imperfection_aware,4,5,Q075,suspicious_exploration,0.1109596003331275,0.3725643465086273,3.583562809273203,6.940529592712647,6.0,0.0,1.0,True,False,0.0
11,imperfection_aware,5,1,Q018,exploitation,0.0015819838329662,0.0001964945674789,10.78180980213961,0.4334294633175911,2.0,0.0,0.0,False,False,207261.0
11,imperfection_aware,5,2,Q024,exploitation,0.0012927928001883,0.0001322711867375,10.968465016963195,0.3625927611382081,2.0,0.0,0.0,False,False,25579.0
11,imperfection_aware,5,3,Q015,exploitation,4.488088079026456e-18,5.586172711221953e-19,2.644960539783381,1.0966275344240912,2.0,0.0,1.0,False,False,48700.0
11,imperfection_aware,5,4,Q043,exploitation,4.909333159471977e-54,1.220272598613443e-55,6.091716762490913,0.3867873191486163,1.0,0.0,0.0,False,False,1379.0
11,imperfection_aware,5,5,Q093,suspicious_exploration,0.0728318631692769,0.2076375161780642,2.749573155639447,6.399523784510534,11.0,1.0,0.0,True,False,0.0
11,imperfection_aware,6,1,Q086,exploitation,0.0642927824962111,0.162866611314825,3.4169829856066514,5.813474287687865,9.0,1.0,0.0,True,True,200.0
11,imperfection_aware,6,2,Q087,exploitation,0.0146035476596154,0.0256693184951684,1.4084810259142913,4.972420565811397,8.0,1.0,0.0,True,True,0.0
11,imperfection_aware,6,3,Q009,exploitation,0.0146153158805629,0.0091800716475846,8.377934542400977,1.7766794074477563,5.0,0.0,1.0,True,True,3295.0
11,imperfection_aware,6,4,Q081,exploitation,0.0127855675677837,0.0232353173406524,0.5975972429498952,5.219837693596943,6.0,0.0,1.0,True,True,0.0
11,imperfection_aware,6,5,Q088,suspicious_exploration,0.010650495593093,0.0154427219698353,2.4660552796515756,4.249828855856622,11.0,0.0,1.0,True,True,0.0
11,imperfection_aware,7,1,Q001,exploitation,0.0004143069996393,0.0003683674339438,0.8469647834672704,3.4114824108870976,7.0,0.0,1.0,True,True,4553.0
11,imperfection_aware,7,2,Q082,exploitation,0.0002895060576263,0.0002195600209488,2.0081135544776165,2.9767078795088726,8.0,1.0,0.0,True,True,0.0
11,imperfection_aware,7,3,Q002,exploitation,0.0002371298374979,0.0001004211402444,6.371173046238765,1.6826189946791696,5.0,0.2000000029802322,0.800000011920929,True,True,0.0
11,imperfection_aware,7,4,Q051,exploitation,4.926112670271657e-05,4.110172700778458e-05,-1.835528272927876,3.617497196787558,7.0,0.0,1.0,True,True,873.0
11,imperfection_aware,7,5,Q057,suspicious_exploration,6.593022715028283e-07,3.113011154493804e-07,0.3557134085601934,2.4594169957604346,5.0,0.0,1.0,True,True,0.0
12,random,1,1,Q026,random,0.6465470874469788,0.9713855727173516,12.383814270913271,1.5799389797353771,1.0,0.0,0.0,False,False,99186.0
12,random,1,2,Q010,random,0.2510924213264388,0.6169834262497932,9.02979647071583,4.112826846778986,4.0,0.6000000238418579,0.0,False,False,0.0
12,random,1,3,Q066,random,7.920396676418567e-06,6.653885256917686e-07,10.076540734892427,0.396879297194594,3.0,0.0,0.0,False,False,82233.0
12,random,1,4,Q048,random,0.0002375997302863,6.482730040775829e-05,8.002043245430421,1.083943913729653,3.0,0.0,1.0,False,False,42637.0
12,random,1,5,Q070,random,0.0496833808489754,0.0067089611968236,11.25665068855034,0.3234861705492809,2.0,0.0,0.0,False,False,14174.0
12,random,2,1,Q025,random,0.0174604413220782,0.0020898749171498,11.09053219616655,0.331489071081782,1.0,0.0,0.0,False,False,51808.0
12,random,2,2,Q086,random,0.0600291276270633,0.1378296811234115,3.5015274657948763,5.33165065494307,9.0,1.0,0.0,True,False,200.0
12,random,2,3,Q074,random,0.216145673876546,0.2562855469495422,10.158261634833313,2.0775760064489694,3.0,0.0,0.0,False,False,34285.0
12,random,2,4,Q043,random,0.0,0.0,6.080585944170953,0.1246207496289434,1.0,0.0,0.0,False,False,1379.0
12,random,2,5,Q030,random,0.3741417095690992,0.7887819968372074,10.811886199953436,3.0471686195062704,2.0,0.0,0.0,False,False,95814.0
12,random,3,1,Q038,random,0.3143746926216109,0.1181912261962577,11.508151848869886,0.5823969271683553,2.0,0.0,0.0,False,False,80348.0
12,random,3,2,Q002,random,4.582373198673233e-09,1.1820967334043255e-09,2.7972691456252217,1.5651306091132826,5.0,0.0,1.0,True,False,0.0
12,random,3,3,Q050,random,0.5312859113312547,0.3906952240638231,11.85953131411211,0.8891110968143175,2.0,0.0,0.0,False,False,6338.0
12,random,3,4,Q034,random,0.7784512305670248,0.9730291735260956,12.624192603923348,1.0879898805026198,3.0,0.0,0.0,False,False,107033.0
12,random,3,5,Q076,random,0.1099449259761756,0.0730672972425073,10.10111988473374,1.3764140925933268,3.0,0.0,0.0,False,False,34391.0
12,random,4,1,Q085,random,0.0998090217482305,0.2465446127236903,5.094862413685624,5.219600591312636,8.0,0.0,1.0,True,False,0.0
12,random,4,2,Q081,random,0.0944742623603414,0.1614682602831738,6.99260480807036,3.651627809861747,6.0,0.0,1.0,True,False,0.0
12,random,4,3,Q035,random,0.1632192220495654,0.1021327186939809,10.62869421582457,1.1831490494565409,3.0,0.0,0.0,False,False,50709.0
12,random,4,4,Q033,random,0.6163603036015515,0.4541229372661359,12.02790894241778,0.8048216991032193,2.0,0.0,0.0,False,False,76472.0
12,random,4,5,Q058,random,0.0347792028942116,0.0243662069127634,8.574548503587568,1.7716709611626291,5.0,0.0,0.0,False,False,60312.0
12,random,5,1,Q014,random,1.0131608060945192e-10,6.802704801333883e-12,8.948656748832732,0.4467570883899949,2.0,0.0,0.0,False,False,108381.0
12,random,5,2,Q013,random,8.704376389189149e-05,4.2628878369890344e-05,4.054020794767737,2.060700344630381,4.0,0.0,1.0,False,False,2639.0
12,random,5,3,Q055,random,0.0915146516967402,0.0146094050337272,11.332722109727989,0.3432343550496777,3.0,0.0,0.0,False,False,171271.0
12,random,5,4,Q060,random,0.1663603409721089,0.1311932496641692,10.352334129714958,1.4839230250098958,2.0,0.0,0.0,False,False,43612.0
12,random,5,5,Q068,random,0.1676379652652769,0.0459246069854778,11.294002478010505,0.5144887821901086,4.0,0.0,0.0,False,False,50021.0
12,random,6,1,Q024,random,0.0108776586017117,0.0017877168912026,10.95821978994531,0.4805988912795473,2.0,0.0,0.0,False,False,25579.0
12,random,6,2,Q001,random,0.0296754282464996,0.0517821498653919,3.5522316234012816,4.5125386157924465,10.0,0.800000011920929,0.2000000029802322,True,False,4553.0
12,random,6,3,Q082,random,0.0567319398379457,0.1062189107198661,5.113785049793641,4.3891597190941125,7.0,1.0,0.0,True,False,0.0
12,random,6,4,Q064,random,0.2459606429642814,0.4622613826302805,9.884861776441756,3.166426718840307,5.0,0.0,0.0,False,False,45673.0
12,random,6,5,Q046,random,0.0558605891913581,0.004167230437351,11.782138364891653,0.1753342327337896,1.0,0.0,0.0,False,False,58386.0
12,random,7,1,Q018,random,0.4802848758054996,0.3346690128300287,12.016852585847271,0.8931404100763867,2.0,0.0,0.0,False,False,207261.0
12,random,7,2,Q078,random,0.1466628581174216,0.3048068846582952,7.821603035284658,4.034248107402194,8.0,0.0,0.4000000059604645,True,False,51868.0
12,random,7,3,Q094,random,0.0977650679169656,0.2602689218102637,4.749004023244547,5.6489885246511085,9.0,1.0,0.0,True,False,0.0
12,random,7,4,Q015,random,5.504072021504515e-14,9.594844126599956e-15,2.110452861462619,1.3395639512333783,2.0,0.0,0.0,False,False,48700.0
12,random,7,5,Q054,random,0.3135235118343574,0.1978385647074564,11.58556841405638,0.9784979614240932,3.0,0.0,0.0,False,False,100890.0
12,gp_m52_pi,1,1,Q026,exploitation,0.6465470874469788,0.9713855727173516,12.383814270913271,1.5799389797353771,1.0,0.0,0.0,False,False,99186.0
12,gp_m52_pi,1,2,Q024,exploitation,0.5990927496924269,0.863599467816375,12.193431863632227,1.6083625153130587,2.0,0.0,0.0,False,False,25579.0
12,gp_m52_pi,1,3,Q038,exploitation,0.5149412352051531,1.387636175676739,11.91410681948161,3.3200801758102276,2.0,0.0,0.0,False,False,80348.0
12,gp_m52_pi,1,4,Q054,exploitation,0.4185341005655895,0.649122003349281,11.351384209832055,2.1315831403918337,3.0,0.0,0.0,False,False,100890.0
12,gp_m52_pi,1,5,Q074,exploitation,0.3161604039339486,0.7577471645336962,10.01705799985196,3.7049390099689976,3.0,0.0,0.0,False,False,34285.0
12,gp_m52_pi,2,1,Q034,exploitation,0.8680430475710949,1.5531603370767315,13.255860337750711,1.3123364299537523,3.0,0.0,0.0,False,False,107033.0
12,gp_m52_pi,2,2,Q018,exploitation,0.6734290419964214,0.4720093787502681,12.10954867701452,0.7116461756009277,2.0,0.0,0.0,False,False,207261.0
12,gp_m52_pi,2,3,Q055,exploitation,0.4244321600418253,0.0773365222824216,11.742326930132194,0.2487659946333728,3.0,0.0,0.0,False,False,171271.0
12,gp_m52_pi,2,4,Q070,exploitation,0.3919966451099394,1.0791906691422402,10.720912114991972,3.899117413994091,2.0,0.0,0.0,False,False,14174.0
12,gp_m52_pi,2,5,Q046,exploitation,0.3814183757276927,0.026745278437389,11.7594033923369,0.1005120684590439,1.0,0.0,0.0,False,False,58386.0
12,gp_m52_pi,3,1,Q064,exploitation,0.2823528310861786,0.3377769392378972,11.14269407909049,1.9258727185504063,5.0,0.0,1.0,True,False,45673.0
12,gp_m52_pi,3,2,Q010,exploitation,0.2614442437391053,0.5895620179407872,9.871582806317594,3.7254015122477857,4.0,0.0,0.2000000029802322,False,False,0.0
12,gp_m52_pi,3,3,Q035,exploitation,0.2533509236765741,0.5741217050583848,9.740475335118136,3.782126216911345,3.0,0.0,0.0,False,False,50709.0
12,gp_m52_pi,3,4,Q068,exploitation,0.2243110732368911,0.1333253599412225,11.471206201995663,1.0301151236199992,4.0,0.0,0.0,False,False,50021.0
12,gp_m52_pi,3,5,Q078,exploitation,0.2012585914983355,0.4042609243541584,9.244569309920228,3.5922196787612135,8.0,0.0,1.0,True,False,51868.0
12,gp_m52_pi,4,1,Q082,exploitation,0.2808760168009875,0.7217029584467087,9.847231589146606,4.143979697076864,9.0,0.0,1.0,True,False,0.0
12,gp_m52_pi,4,2,Q085,exploitation,0.1528083380348446,0.3803545899701402,7.350742458973989,4.7839667174467495,12.0,0.0,1.0,True,False,0.0
12,gp_m52_pi,4,3,Q025,exploitation,0.1488169950025303,0.0593285595708902,11.448554902174074,0.7711648311250834,1.0,0.0,0.0,False,False,51808.0
12,gp_m52_pi,4,4,Q094,exploitation,0.1107174501328597,0.2894117734159606,5.641987541584951,5.4057701475476945,9.0,0.0,1.0,True,False,0.0
12,gp_m52_pi,4,5,Q076,exploitation,0.1082715165682472,0.0983921257225097,9.918335417574331,1.8882140632133648,3.0,0.0,0.0,False,False,34391.0
12,gp_m52_pi,5,1,Q014,exploitation,0.0829618560029615,0.0226727317146596,11.422102405856432,0.5988334566147916,2.0,0.0,0.0,False,False,108381.0
12,gp_m52_pi,5,2,Q086,exploitation,0.017201630150938,0.0240543157062287,4.044703713648341,3.879820337479028,8.0,1.0,0.0,True,False,200.0
12,gp_m52_pi,5,3,Q058,exploitation,0.0061555691904467,0.0068419721142732,3.623890041055919,3.446867952813278,5.0,0.0,0.0,False,False,60312.0
12,gp_m52_pi,5,4,Q060,exploitation,0.0041771414931647,0.0007285485328531,10.772228774158686,0.5609717734713593,2.0,0.0,0.0,False,False,43612.0
12,gp_m52_pi,5,5,Q050,exploitation,0.0034662449632871,0.0026662429240394,5.459312100144399,2.515648485665165,2.0,0.0,0.0,False,False,6338.0
12,gp_m52_pi,6,1,Q033,exploitation,0.4213880209322372,0.2560831529304534,12.086609439775408,0.8325417120989423,2.0,0.0,0.0,False,False,76472.0
12,gp_m52_pi,6,2,Q066,exploitation,0.303538207035131,0.320128356185083,11.400671716506745,1.6549642419994617,3.0,0.0,0.0,False,False,82233.0
12,gp_m52_pi,6,3,Q030,exploitation,0.2026704673984461,0.1306342104178673,11.294425592436085,1.1504504291345432,2.0,0.0,0.0,False,False,95814.0
12,gp_m52_pi,6,4,Q081,exploitation,0.0561920519602029,0.0670166052247941,7.806060753891628,2.8003076240663183,6.0,1.0,0.0,True,False,0.0
12,gp_m52_pi,6,5,Q001,exploitation,0.0010057167095818,0.0009698033513537,1.498872313516876,3.4815383328032508,10.0,0.0,1.0,True,False,4553.0
12,gp_m52_pi,7,1,Q002,exploitation,7.206974240950161e-06,2.826971365303781e-06,4.181243914493621,1.8606505023347204,5.0,0.0,1.0,True,False,0.0
12,gp_m52_pi,7,2,Q013,exploitation,7.969612178138317e-08,2.1204805646842078e-08,4.4571640917953905,1.487126627902655,4.0,0.0,1.0,False,False,2639.0
12,gp_m52_pi,7,3,Q015,exploitation,2.3199629107551122e-18,3.1771160692645264e-19,1.7129887085328113,1.2166797610520728,2.0,0.0,1.0,False,False,48700.0
12,gp_m52_pi,7,4,Q043,exploitation,1.8417901373760707e-25,1.0127924129466548e-26,6.240124329573999,0.580148024866015,1.0,0.0,0.0,False,False,1379.0
12,gp_m52_pi,7,5,Q048,exploitation,1.482770281872032e-05,2.5376483110700772e-06,8.968094756100898,0.7862951005651522,3.0,0.0,1.0,False,False,42637.0
12,gp_m52_ei,1,1,Q038,exploitation,0.5149412352051531,1.387636175676739,11.91410681948161,3.3200801758102276,2.0,0.0,0.0,False,False,80348.0
12,gp_m52_ei,1,2,Q026,exploitation,0.6465470874469788,0.9713855727173516,12.383814270913271,1.5799389797353771,1.0,0.0,0.0,False,False,99186.0
12,gp_m52_ei,1,3,Q035,exploitation,0.3098052439496479,0.9235298862428014,9.484946359481546,4.642981250628854,3.0,0.0,0.0,False,False,50709.0
12,gp_m52_ei,1,4,Q024,exploitation,0.5990927496924269,0.863599467816375,12.193431863632227,1.6083625153130587,2.0,0.0,0.0,False,False,25579.0
12,gp_m52_ei,1,5,Q074,exploitation,0.3161604039339486,0.7577471645336962,10.01705799985196,3.7049390099689976,3.0,0.0,0.0,False,False,34285.0
12,gp_m52_ei,2,1,Q034,exploitation,0.868413618546316,1.380427773361955,13.09317185019543,1.1649037011376733,3.0,0.0,0.0,False,False,107033.0
12,gp_m52_ei,2,2,Q070,exploitation,0.384044025281265,0.9738808045901032,10.72107214145234,3.6240959188623783,2.0,0.0,0.0,False,False,14174.0
12,gp_m52_ei,2,3,Q030,exploitation,0.3011913885765077,0.5361954298614376,10.330260106487176,2.8014164026895605,2.0,0.0,0.0,False,False,95814.0
12,gp_m52_ei,2,4,Q060,exploitation,0.2662336309302698,0.4733552940168994,9.967088944869822,2.919762671315432,2.0,0.0,0.0,False,False,43612.0
12,gp_m52_ei,2,5,Q055,exploitation,0.7917992422067897,0.3767306361055726,12.118860243100336,0.4049890874311825,3.0,0.0,0.0,False,False,171271.0
12,gp_m52_ei,3,1,Q066,exploitation,0.5246791819582758,0.6370090939620058,12.152569571210991,1.4791568967560065,3.0,0.0,0.0,False,False,82233.0
12,gp_m52_ei,3,2,Q064,exploitation,0.3742961924059981,0.4370804264985211,11.520169770115142,1.687504665966737,5.0,0.0,1.0,True,False,45673.0
12,gp_m52_ei,3,3,Q033,exploitation,0.6592178696154236,0.4399818819189881,12.34432496111173,0.6904615723276113,2.0,0.0,0.0,False,False,76472.0
12,gp_m52_ei,3,4,Q078,exploitation,0.1752982953161608,0.3112214194603575,8.984438236831119,3.2959739856499506,8.0,0.0,1.0,True,False,51868.0
12,gp_m52_ei,3,5,Q094,exploitation,0.0800850697994681,0.1979554321308838,4.403151744961491,5.452373666050148,9.0,0.0,1.0,True,False,0.0
12,gp_m52_ei,4,1,Q058,exploitation,0.2868531995102955,0.1610078372193812,11.55542048661844,0.8986607716730919,5.0,0.0,0.0,False,False,60312.0
12,gp_m52_ei,4,2,Q086,exploitation,0.0523344494534611,0.1118360848273875,3.8236826826724446,5.076532816419935,9.0,1.0,0.0,True,False,200.0
12,gp_m52_ei,4,3,Q081,exploitation,0.1055395636231467,0.1097792003137227,9.343633628521022,2.172850398985828,6.0,0.0,1.0,True,False,0.0
12,gp_m52_ei,4,4,Q054,exploitation,0.2315391068819591,0.081458915965957,11.617850062959416,0.6039324820777596,3.0,0.0,0.0,False,False,100890.0
12,gp_m52_ei,4,5,Q082,exploitation,0.0438478272149891,0.0741476884920466,5.00625843711442,4.131188502328526,9.0,0.0,1.0,True,False,0.0
12,gp_m52_ei,5,1,Q025,exploitation,0.2146437533472761,0.0608333575596313,11.66769443378637,0.497606369510508,1.0,0.0,0.0,False,False,51808.0
12,gp_m52_ei,5,2,Q085,exploitation,0.0252426139406907,0.0367620012745594,4.532056313174989,3.849492721156027,7.0,0.0,1.0,True,False,0.0
12,gp_m52_ei,5,3,Q018,exploitation,0.1178630325363079,0.0350687840661946,11.341135803546088,0.6071095344935875,2.0,0.0,0.0,False,False,207261.0
12,gp_m52_ei,5,4,Q050,exploitation,0.0618962391756885,0.0222358782316043,10.783821851658868,0.8298545745348598,2.0,0.0,0.0,False,False,6338.0
12,gp_m52_ei,5,5,Q002,exploitation,0.0100046447556356,0.0066579290293055,7.492971864706743,1.9637555337349264,5.0,0.0,1.0,True,False,0.0
12,gp_m52_ei,6,1,Q076,exploitation,0.0251100932948088,0.011894896773678,9.798245997391003,1.253007170421053,3.0,0.0,0.0,False,False,34391.0
12,gp_m52_ei,6,2,Q068,exploitation,0.0238281273923988,0.0055396603732978,11.025480812473669,0.6191906818768667,4.0,0.0,0.0,False,False,50021.0
12,gp_m52_ei,6,3,Q001,exploitation,0.0034321973763982,0.0041122782140478,1.649453907576313,3.921902838768649,10.0,0.0,1.0,True,False,4553.0
12,gp_m52_ei,6,4,Q046,exploitation,0.0344074565528139,0.0038451890056673,11.736705560942124,0.2830424663521538,1.0,0.0,0.0,False,False,58386.0
12,gp_m52_ei,6,5,Q014,exploitation,0.0006304921450831,8.60629921156271e-05,10.609304381773928,0.5093271603033902,2.0,0.0,0.0,False,False,108381.0
12,gp_m52_ei,7,1,Q010,exploitation,0.1120121574376212,0.1284733724815298,9.374810806037988,2.366096076946849,4.0,0.2000000029802322,0.2000000029802322,False,False,0.0
12,gp_m52_ei,7,2,Q013,exploitation,5.546554927420707e-09,1.2356198757586066e-09,4.56911030151038,1.3447371215796189,4.0,0.0,0.0,False,False,2639.0
12,gp_m52_ei,7,3,Q015,exploitation,1.900045007923962e-12,2.980944116850604e-13,4.38918388540909,1.1322113516276735,2.0,0.0,1.0,False,False,48700.0
12,gp_m52_ei,7,4,Q043,exploitation,9.921425748712291e-10,1.0773276955109872e-10,8.141969605274577,0.6850656638273549,1.0,0.0,0.0,False,False,1379.0
12,gp_m52_ei,7,5,Q048,exploitation,2.512852446558503e-07,3.6065310858807246e-08,8.36734043453872,0.7729640430214021,3.0,0.0,1.0,False,False,42637.0
12,pi_random_exploration,1,1,Q026,exploitation,0.6465470874469788,0.9713855727173516,12.383814270913271,1.5799389797353771,1.0,0.0,0.0,False,False,99186.0
12,pi_random_exploration,1,2,Q024,exploitation,0.5990927496924269,0.863599467816375,12.193431863632227,1.6083625153130587,2.0,0.0,0.0,False,False,25579.0
12,pi_random_exploration,1,3,Q038,exploitation,0.5149412352051531,1.387636175676739,11.91410681948161,3.3200801758102276,2.0,0.0,0.0,False,False,80348.0
12,pi_random_exploration,1,4,Q054,exploitation,0.4185341005655895,0.649122003349281,11.351384209832055,2.1315831403918337,3.0,0.0,0.0,False,False,100890.0
12,pi_random_exploration,1,5,Q082,random_exploration,0.1906203649399263,0.4731479008668363,7.84405982505135,4.506187246140948,9.0,0.0,1.0,True,False,0.0
12,pi_random_exploration,2,1,Q034,exploitation,0.8653439792214492,1.5102147950718452,13.21238414893907,1.2878764630585182,3.0,0.0,0.0,False,False,107033.0
12,pi_random_exploration,2,2,Q018,exploitation,0.6363952621518907,0.4326741405813442,12.04238835680557,0.7242710485485236,2.0,0.0,0.0,False,False,207261.0
12,pi_random_exploration,2,3,Q055,exploitation,0.3810941884724818,0.0709162788494171,11.708986483536943,0.2668373571534998,3.0,0.0,0.0,False,False,171271.0
12,pi_random_exploration,2,4,Q070,exploitation,0.380129400526228,1.0320599040368974,10.600453516802324,3.897478051474259,2.0,0.0,0.0,False,False,14174.0
12,pi_random_exploration,2,5,Q085,random_exploration,0.0467430559203401,0.08604235348806,4.32161232463673,4.4524970399525605,7.0,0.0,1.0,True,False,0.0
12,pi_random_exploration,3,1,Q030,exploitation,0.3239410102614281,0.6381536238784369,10.873642079392944,3.0174672413596224,2.0,0.0,0.0,False,False,95814.0
12,pi_random_exploration,3,2,Q060,exploitation,0.2422878765100565,0.4616479519650108,9.997335058634572,3.2253595751918973,2.0,0.0,0.0,False,False,43612.0
12,pi_random_exploration,3,3,Q064,exploitation,0.2122145998289896,0.2242939081491988,10.764587565400562,1.861823524878936,5.0,0.0,1.0,True,False,45673.0
12,pi_random_exploration,3,4,Q081,exploitation,0.1281652493460482,0.2040696209448608,8.631740433650872,3.1891254416864996,6.0,0.800000011920929,0.2000000029802322,True,False,0.0
12,pi_random_exploration,3,5,Q002,random_exploration,0.0307588199962391,0.0261997319901278,8.153574634422585,2.1918171400799413,5.0,0.0,1.0,True,False,0.0
12,pi_random_exploration,4,1,Q010,exploitation,0.4018924662813799,1.1358235201959823,11.26835830913886,3.958035479685253,4.0,0.4000000059604645,0.6000000238418579,False,False,0.0
12,pi_random_exploration,4,2,Q025,exploitation,0.2720131411481439,0.1261601258241251,11.792921643742687,0.7562061679522987,1.0,0.0,0.0,False,False,51808.0
12,pi_random_exploration,4,3,Q068,exploitation,0.2158942514389852,0.143472089701379,11.33604496405782,1.164805294386481,4.0,0.0,0.0,False,False,50021.0
12,pi_random_exploration,4,4,Q078,exploitation,0.1642536135415944,0.3323909715253371,8.518912688707895,3.820213313674042,8.0,0.0,1.0,True,False,51868.0
12,pi_random_exploration,4,5,Q074,random_exploration,0.1279991618219557,0.1511376834826817,9.56456177097321,2.3656806641161037,3.0,0.0,0.0,False,False,34285.0
12,pi_random_exploration,5,1,Q033,exploitation,0.5824577350530784,0.3447168369079861,12.39200090180573,0.6737370017148101,2.0,0.0,0.0,False,False,76472.0
12,pi_random_exploration,5,2,Q066,exploitation,0.4393708109167605,0.4979523930115785,12.019623649828524,1.5214229336815772,3.0,0.0,0.0,False,False,82233.0
12,pi_random_exploration,5,3,Q058,exploitation,0.165988988747309,0.1091875791410255,11.050239236761556,1.2384840101247487,5.0,0.0,0.0,False,False,60312.0
12,pi_random_exploration,5,4,Q094,exploitation,0.0888447067820181,0.2496209490863804,4.061945080100061,6.07594959769847,9.0,0.6000000238418579,0.4000000059604645,True,False,0.0
12,pi_random_exploration,5,5,Q015,random_exploration,2.0543478228863072e-21,2.4478031556127137e-22,1.4257429434804632,1.1480620393092362,2.0,0.0,1.0,False,False,48700.0
12,pi_random_exploration,6,1,Q014,exploitation,0.1874779462711635,0.0808917511706757,11.553617162639584,0.7868568374247502,2.0,0.0,0.0,False,False,108381.0
12,pi_random_exploration,6,2,Q035,exploitation,0.1700779654156492,0.4541419771363724,7.486095923873886,4.996180821339745,3.0,0.0,0.0,False,False,50709.0
12,pi_random_exploration,6,3,Q076,exploitation,0.133348883825743,0.1566589729100746,9.661682090788904,2.3319152957688307,3.0,0.0,0.0,False,False,34391.0
12,pi_random_exploration,6,4,Q046,exploitation,0.1232323217045063,0.0294449071698742,11.69219268672025,0.4827923243494154,1.0,0.0,0.0,False,False,58386.0
12,pi_random_exploration,6,5,Q043,random_exploration,0.0049602557945108,0.0007523148901989,11.013650939541789,0.4801419147926326,1.0,0.0,0.0,False,False,1379.0
12,pi_random_exploration,7,1,Q050,exploitation,0.3142190242133824,0.1860736823297899,11.807728415130436,0.9175165601679356,2.0,0.0,0.0,False,False,6338.0
12,pi_random_exploration,7,2,Q086,exploitation,0.109619702473986,0.3400321729465859,4.354079181041426,6.4284235846151505,8.0,1.0,0.0,True,False,200.0
12,pi_random_exploration,7,3,Q001,exploitation,0.0141498469129604,0.0153555686754912,5.494425127455089,3.081160577022075,10.0,0.0,1.0,True,False,4553.0
12,pi_random_exploration,7,4,Q013,exploitation,0.013772345129346,0.0138830215528945,5.924956410847642,2.870967736401697,4.0,0.0,1.0,False,False,2639.0
12,pi_random_exploration,7,5,Q048,random_exploration,0.004355061655125,0.0012427742924136,9.85322238232058,0.914338196324407,3.0,0.0,0.4000000059604645,False,False,42637.0
12,pi_uncertainty,1,1,Q026,exploitation,0.6465470874469788,0.9713855727173516,12.383814270913271,1.5799389797353771,1.0,0.0,0.0,False,False,99186.0
12,pi_uncertainty,1,2,Q024,exploitation,0.5990927496924269,0.863599467816375,12.193431863632227,1.6083625153130587,2.0,0.0,0.0,False,False,25579.0
12,pi_uncertainty,1,3,Q038,exploitation,0.5149412352051531,1.387636175676739,11.91410681948161,3.3200801758102276,2.0,0.0,0.0,False,False,80348.0
12,pi_uncertainty,1,4,Q054,exploitation,0.4185341005655895,0.649122003349281,11.351384209832055,2.1315831403918337,3.0,0.0,0.0,False,False,100890.0
12,pi_uncertainty,1,5,Q094,uncertainty_exploration,0.1093698815537837,0.2665766946803853,5.574298282104857,5.053667527007938,9.0,0.0,1.0,True,False,0.0
12,pi_uncertainty,2,1,Q034,exploitation,0.8486673339440216,1.5282961355383642,13.209805958438004,1.3777284493257649,3.0,0.0,0.0,False,False,107033.0
12,pi_uncertainty,2,2,Q018,exploitation,0.6394546591256753,0.4467710003515058,12.054417014224857,0.7414067633232676,2.0,0.0,0.0,False,False,207261.0
12,pi_uncertainty,2,3,Q070,exploitation,0.4110896116441968,1.11813297179812,10.942500536108264,3.7697868671356423,2.0,0.0,0.0,False,False,14174.0
12,pi_uncertainty,2,4,Q025,exploitation,0.3543459884731856,0.1058272353289208,11.624756160644118,0.4415728509443673,1.0,0.0,0.0,False,False,51808.0
12,pi_uncertainty,2,5,Q086,uncertainty_exploration,0.033883097712721,0.0654018828159049,2.840545206382835,4.899481210204331,9.0,1.0,0.0,True,False,200.0
12,pi_uncertainty,3,1,Q030,exploitation,0.2613485634194648,0.5274992111841246,10.120124041920162,3.334851297206708,2.0,0.0,0.0,False,False,95814.0
12,pi_uncertainty,3,2,Q060,exploitation,0.2248271487056549,0.4652603904008565,9.542234620364972,3.5840408053597304,2.0,0.0,0.0,False,False,43612.0
12,pi_uncertainty,3,3,Q064,exploitation,0.2129070397269817,0.2685478529219378,10.483926733922477,2.2198237542053394,5.0,0.0,1.0,True,False,45673.0
12,pi_uncertainty,3,4,Q076,exploitation,0.1313836973082587,0.083555316831823,10.833258569634406,1.2666426852831991,3.0,0.0,0.0,False,False,34391.0
12,pi_uncertainty,3,5,Q001,uncertainty_exploration,0.041173450839327,0.0734484756446201,4.607786777811567,4.400085294815069,10.0,0.0,1.0,True,False,4553.0
12,pi_uncertainty,4,1,Q066,exploitation,0.6307162720844581,0.8511821482861441,12.735010535493783,1.4480003120858236,3.0,0.0,0.0,False,False,82233.0
12,pi_uncertainty,4,2,Q033,exploitation,0.3330287518603267,0.1410988676204209,11.974629635930969,0.6421031605987891,2.0,0.0,0.0,False,False,76472.0
12,pi_uncertainty,4,3,Q078,exploitation,0.297533961713168,0.7135182259048037,10.23718089305346,3.790280166884966,8.0,0.0,1.0,True,False,51868.0
12,pi_uncertainty,4,4,Q050,exploitation,0.1736162235919215,0.0810633935052791,11.434908942806064,0.86899494578344,2.0,0.0,0.0,False,False,6338.0
12,pi_uncertainty,4,5,Q085,uncertainty_exploration,0.0503242677555363,0.0936861974837578,4.945119793846931,4.45059432196932,8.0,0.0,1.0,True,False,0.0
12,pi_uncertainty,5,1,Q055,exploitation,0.4854250818558383,0.1403910746263411,12.238271739544338,0.3685408778457852,3.0,0.0,0.0,False,False,171271.0
12,pi_uncertainty,5,2,Q081,exploitation,0.1082240589962131,0.1410567479609194,8.904062358102692,2.7084146457443112,6.0,0.2000000029802322,0.800000011920929,True,False,0.0
12,pi_uncertainty,5,3,Q046,exploitation,0.0529196421240694,0.0059826441811251,11.81820638391525,0.2680792519831871,1.0,0.0,0.0,False,False,58386.0
12,pi_uncertainty,5,4,Q074,exploitation,0.04123560641257,0.0123899873668093,10.965043433086064,0.7409603842095124,3.0,0.0,0.0,False,False,34285.0
12,pi_uncertainty,5,5,Q082,uncertainty_exploration,0.0172005906499409,0.0220055048039366,4.743137529444428,3.5495995204575252,7.0,0.0,1.0,True,False,0.0
12,pi_uncertainty,6,1,Q068,exploitation,0.132684171194602,0.0528157958457097,11.370703927918566,0.7910228151779196,4.0,0.0,0.0,False,False,50021.0
12,pi_uncertainty,6,2,Q035,exploitation,0.1316820436063658,0.1225504772612477,10.179634446961677,1.852615508887211,3.0,0.0,0.0,False,False,50709.0
12,pi_uncertainty,6,3,Q058,exploitation,0.1012518358667372,0.1155166869241206,9.188329826590904,2.403709082905152,5.0,0.0,0.0,False,False,60312.0
12,pi_uncertainty,6,4,Q010,exploitation,0.0287662235910631,0.0233556333848467,8.246892443012035,2.108653366283567,4.0,0.0,0.6000000238418579,False,False,0.0
12,pi_uncertainty,6,5,Q002,uncertainty_exploration,3.9111592897097255e-06,1.2498314712861106e-06,5.300536397844162,1.55508228937739,5.0,0.0,1.0,True,False,0.0
12,pi_uncertainty,7,1,Q014,exploitation,0.0009360571695063,0.0001557016720645,10.374391489093664,0.6036867261324279,2.0,0.0,0.0,False,False,108381.0
12,pi_uncertainty,7,2,Q048,exploitation,1.64501620617498e-06,2.57811170397006e-07,8.580472710492671,0.7892091388453267,3.0,0.0,1.0,False,False,42637.0
12,pi_uncertainty,7,3,Q013,exploitation,5.534432636848102e-07,1.5473068198032228e-07,5.113111072964807,1.4653508436531528,4.0,0.0,1.0,False,False,2639.0
12,pi_uncertainty,7,4,Q015,exploitation,1.1620019168581749e-21,1.3719643119431617e-22,1.390984679623414,1.1445160902526974,2.0,0.0,1.0,False,False,48700.0
12,pi_uncertainty,7,5,Q043,uncertainty_exploration,2.7165058821416986e-30,1.3177668257707503e-31,5.877761833930692,0.5602424233449564,1.0,0.0,0.0,False,False,1379.0
12,imperfection_aware,1,1,Q026,exploitation,0.6465470874469788,0.9713855727173516,12.383814270913271,1.5799389797353771,1.0,0.0,0.0,False,False,99186.0
12,imperfection_aware,1,2,Q024,exploitation,0.5990927496924269,0.863599467816375,12.193431863632227,1.6083625153130587,2.0,0.0,0.0,False,False,25579.0
12,imperfection_aware,1,3,Q038,exploitation,0.5149412352051531,1.387636175676739,11.91410681948161,3.3200801758102276,2.0,0.0,0.0,False,False,80348.0
12,imperfection_aware,1,4,Q054,exploitation,0.4185341005655895,0.649122003349281,11.351384209832055,2.1315831403918337,3.0,0.0,0.0,False,False,100890.0
12,imperfection_aware,1,5,Q064,suspicious_exploration,0.2455836398599047,0.2964286049515935,10.389009156705484,2.0345958703883427,5.0,0.0,1.0,True,False,45673.0
12,imperfection_aware,2,1,Q034,exploitation,0.8755763258663349,1.5020028873481854,13.21544093204948,1.2363550323540098,3.0,0.0,0.0,False,False,107033.0
12,imperfection_aware,2,2,Q018,exploitation,0.6378402224916714,0.427842086234262,12.041291942997036,0.7132524817762537,2.0,0.0,0.0,False,False,207261.0
12,imperfection_aware,2,3,Q055,exploitation,0.4102874162217891,0.077216072658939,11.730519307270908,0.2610797687331609,3.0,0.0,0.0,False,False,171271.0
12,imperfection_aware,2,4,Q070,exploitation,0.3686551960065415,1.0001906018160207,10.466164747457618,3.946037721360134,2.0,0.0,0.0,False,False,14174.0
12,imperfection_aware,2,5,Q081,suspicious_exploration,0.1653161131225958,0.2614947370569276,8.889493214860508,2.981206422969388,6.0,0.0,1.0,True,False,0.0
12,imperfection_aware,3,1,Q030,exploitation,0.2706911584056523,0.558789910233284,10.19282592748326,3.371265999005806,2.0,0.0,0.0,False,False,95814.0
12,imperfection_aware,3,2,Q060,exploitation,0.222620934434282,0.4667441755846997,9.471700340962643,3.6417898934074384,2.0,0.0,0.0,False,False,43612.0
12,imperfection_aware,3,3,Q058,exploitation,0.0565434604490331,0.0264617178792175,10.512467232242528,1.097699740345456,5.0,0.0,0.0,False,False,60312.0
12,imperfection_aware,3,4,Q076,exploitation,0.0341134047970544,0.0141398225973187,10.335067855601803,1.051091281681739,3.0,0.0,0.0,False,False,34391.0
12,imperfection_aware,3,5,Q078,suspicious_exploration,0.091468888124737,0.1392357095720652,7.892646674530712,3.2731719343194845,8.0,0.0,1.0,True,False,51868.0
12,imperfection_aware,4,1,Q025,exploitation,0.0176615527039101,0.0020879969662973,11.563595896323084,0.3269655424466012,1.0,0.0,0.0,False,False,51808.0
12,imperfection_aware,4,2,Q074,exploitation,0.0151651875076549,0.0034627319842924,10.858975982317215,0.6430860693735793,3.0,0.0,0.0,False,False,34285.0
12,imperfection_aware,4,3,Q050,exploitation,0.006635036297628,0.0016940078938368,10.305427036733846,0.7859320735802015,2.0,0.0,0.0,False,False,6338.0
12,imperfection_aware,4,4,Q066,exploitation,0.0016726413511843,0.0006731246334634,8.149252563444476,1.3982147130869251,3.0,0.0,0.0,False,False,82233.0
12,imperfection_aware,4,5,Q094,suspicious_exploration,0.0431265554783351,0.0986574495158791,2.6398551419038467,5.602954831411574,9.0,0.6000000238418579,0.4000000059604645,True,False,0.0
12,imperfection_aware,5,1,Q033,exploitation,0.0347184547126047,0.0081713332454629,11.170880454629351,0.5953285481355736,2.0,0.0,0.0,False,False,76472.0
12,imperfection_aware,5,2,Q046,exploitation,0.0138923018252528,0.0009000359386778,11.84614653946944,0.1843338624727609,1.0,0.0,0.0,False,False,58386.0
12,imperfection_aware,5,3,Q068,exploitation,0.0019398059145655,0.0002668328035365,10.887700338227216,0.4723472100938706,4.0,0.0,0.0,False,False,50021.0
12,imperfection_aware,5,4,Q035,exploitation,8.370327213702596e-05,1.1226949738556358e-05,10.1230935626244,0.5655700450058122,3.0,0.0,0.0,False,False,50709.0
12,imperfection_aware,5,5,Q086,suspicious_exploration,0.0523325945288693,0.115322407686189,3.7571863367798666,5.2350018355827785,9.0,1.0,0.0,True,False,200.0
12,imperfection_aware,6,1,Q010,exploitation,0.0073992975475013,0.0043376683721237,7.901118518019723,1.7850378276591197,4.0,0.0,0.4000000059604645,False,False,0.0
12,imperfection_aware,6,2,Q014,exploitation,0.0037095219865794,0.0007391221005505,10.517469489792576,0.6477378159963124,2.0,0.0,0.0,False,False,108381.0
12,imperfection_aware,6,3,Q048,exploitation,1.1686533627144445e-07,1.7134436168822236e-08,8.065663617173236,0.8096402998932328,3.0,0.0,1.0,False,False,42637.0
12,imperfection_aware,6,4,Q013,exploitation,8.612818054408335e-10,1.6813068006477488e-10,4.809438613693194,1.235848363196627,4.0,0.0,0.800000011920929,False,False,2639.0
12,imperfection_aware,6,5,Q001,suspicious_exploration,0.0741001705567937,0.1521498360244933,5.608238450657308,4.594660824609905,10.0,0.2000000029802322,0.800000011920929,True,False,4553.0
12,imperfection_aware,7,1,Q015,exploitation,3.3732357648248413e-18,4.2782060376667426e-19,2.5854983151885405,1.1214868129721738,2.0,0.0,1.0,False,True,48700.0
12,imperfection_aware,7,2,Q043,exploitation,4.0244128279900564e-30,2.199904316717743e-31,5.1117609363668475,0.6294699893996843,1.0,0.0,0.0,False,True,1379.0
12,imperfection_aware,7,3,Q085,exploitation,0.0314643323460645,0.0517332390640898,4.408547379282752,4.217460843747301,8.0,0.0,1.0,True,True,0.0
12,imperfection_aware,7,4,Q082,exploitation,0.0311315105177325,0.0513492544921511,4.351795037318776,4.2372170581229,8.0,0.4000000059604645,0.6000000238418579,True,True,0.0
12,imperfection_aware,7,5,Q002,suspicious_exploration,0.0084482086253126,0.0056538148801758,7.449137408714011,2.0103365494992107,5.0,0.0,1.0,True,True,0.0
13,random,1,1,Q068,random,0.0471529856356659,0.0151991569148285,10.949031606974613,0.7786150718675229,4.0,0.0,0.0,False,False,50021.0
13,random,1,2,Q013,random,4.339882787274724e-07,1.4654599531892133e-07,3.470635054404452,1.7849848785390294,4.0,0.0,1.0,False,False,2639.0
13,random,1,3,Q073,random,0.0001461717904548,1.8339713957214287e-05,10.39397693026844,0.5129117433549043,1.0,0.0,0.0,False,False,31696.0
13,random,1,4,Q003,random,5.6736195159581424e-06,3.397724179572464e-06,-0.3456495587821546,2.8697171634099483,10.0,0.0,1.0,True,False,0.0
13,random,1,5,Q088,random,0.0004728862356165,0.0004804821010905,-0.5268432976808946,3.8650592370320314,11.0,1.0,0.0,True,False,0.0
13,random,2,1,Q056,random,0.0030998905143704,0.0007855334748448,9.9612007918595,0.8368718580381299,3.0,0.0,0.0,False,False,94093.0
13,random,2,2,Q012,random,0.1342156476984067,0.0692560000469936,11.11991843965249,1.022714917136834,7.0,0.0,0.0,False,False,1147.0
13,random,2,3,Q049,random,0.6216175045814081,0.2999817802872178,12.413951028916124,0.5237179601704464,1.0,0.0,0.0,False,False,163182.0
13,random,2,4,Q084,random,1.7317966290961919e-09,6.152294410426004e-10,-0.8071988635134524,2.2103952153414683,6.0,1.0,0.0,True,False,0.0
13,random,2,5,Q040,random,0.0835822479471777,0.0141649614945403,11.739493488573526,0.3708236054573139,2.0,0.0,0.0,False,False,114138.0
13,random,3,1,Q059,random,0.0021101833585108,0.0005709323359493,9.6114985918987,0.9227728140393197,2.0,0.0,0.0,False,False,128632.0
13,random,3,2,Q011,random,0.0555664941984781,0.1267984846943606,3.6999990592652336,5.367915217377346,7.0,0.800000011920929,0.2000000029802322,True,False,0.0
13,random,3,3,Q051,random,0.0096910020976416,0.0113953220423266,4.111262847720099,3.481661304560632,2.0,0.0,1.0,False,False,873.0
13,random,3,4,Q087,random,0.1476647047198984,0.4552543770209241,5.9990612978965006,5.974836939079786,8.0,1.0,0.0,True,False,0.0
13,random,3,5,Q070,random,0.3510119356204565,0.7948372144375373,10.965884897105662,3.3609202060964276,2.0,0.0,0.0,False,False,14174.0
13,random,4,1,Q016,random,0.0860178508200389,0.1588053203987184,6.765057745600843,4.017510394755129,5.0,0.0,1.0,True,False,357.0
13,random,4,2,Q033,random,0.4675898821396895,0.3488673396673724,12.17283580620824,0.9701643738564616,2.0,0.0,0.0,False,False,76472.0
13,random,4,3,Q017,random,0.1717120257571797,0.1125113755328331,11.093060582187432,1.2229809208791471,2.0,0.0,0.0,False,False,247107.0
13,random,4,4,Q021,random,0.1212117170121341,0.0281598736279268,11.701002995360133,0.4711369829053808,2.0,0.0,0.0,False,False,67531.0
13,random,4,5,Q052,random,0.3948949047153381,0.3404393130736058,11.927314215471872,1.2169720753621525,1.0,0.0,0.0,False,False,81273.0
13,random,5,1,Q075,random,0.0540162431278484,0.0451143502441157,9.255361616132314,1.9738781826268923,6.0,0.0,1.0,True,False,0.0
13,random,5,2,Q035,random,0.0239076940337403,0.0092023447989597,10.399664778128177,1.0247146854004283,4.0,0.0,0.0,False,False,50709.0
13,random,5,3,Q064,random,0.3674311355596386,0.6877616401856164,11.50428837138645,2.726272211348656,5.0,0.0,0.0,False,False,45673.0
13,random,5,4,Q043,random,0.0012903886997037,0.0002029737546418,10.747369082602813,0.5575234169842728,1.0,0.0,0.0,False,False,1379.0
13,random,5,5,Q001,random,0.0002243205972843,0.0002002801427756,-0.064591617209893,3.559344915186569,7.0,1.0,0.0,True,False,4553.0
13,random,6,1,Q004,random,0.002942566630414,0.0036315515484691,1.1521155111147916,4.094045051964369,7.0,1.0,0.0,True,False,0.0
13,random,6,2,Q078,random,0.0541006391202777,0.0591574040051321,8.27746326670022,2.5836010079995364,9.0,0.0,1.0,True,False,51868.0
13,random,6,3,Q047,random,0.0088556286750983,0.0019256597963176,10.886009963482854,0.6500130121091671,3.0,0.0,0.4000000059604645,False,False,7770.0
13,random,6,4,Q015,random,0.0290639232670775,0.0190843158668155,9.20091920129012,1.7029641515935563,3.0,0.0,0.0,False,False,48700.0
13,random,6,5,Q008,random,0.0049174409885161,0.0043868467558238,5.130893846938827,2.8264408648597548,5.0,0.4000000059604645,0.6000000238418579,True,False,0.0
13,random,7,1,Q025,random,0.001473807155247,0.0001873516428156,11.101464655744952,0.4460308451630681,1.0,0.0,0.0,False,False,51808.0
13,random,7,2,Q036,random,0.000830255931722,0.000348473459244,7.59554228739484,1.5363885561595263,4.0,0.0,1.0,False,False,0.0
13,random,7,3,Q079,random,0.0013593736826831,0.0014219366207384,1.3566165274396011,3.6929449486712063,8.0,0.800000011920929,0.2000000029802322,True,False,32240.0
13,random,7,4,Q028,random,0.1809585940363228,0.0740075725600207,11.741119252750654,0.752931846520463,4.0,0.0,0.0,False,False,55318.0
13,random,7,5,Q009,random,1.4338163801833302e-06,4.7260068380765986e-07,4.618807214600542,1.6685129066096736,5.0,0.0,1.0,True,False,3295.0
13,gp_m52_pi,1,1,Q049,exploitation,0.6561032021766283,0.3332152782525169,12.463727184489478,0.5275292266621494,1.0,0.0,0.0,False,False,163182.0
13,gp_m52_pi,1,2,Q017,exploitation,0.1857575529281705,0.0450409609323472,11.855602698222448,0.4432844825638382,2.0,0.0,0.0,False,False,247107.0
13,gp_m52_pi,1,3,Q064,exploitation,0.1448627314679786,0.2240570566529007,9.0636982688288,3.011210188295878,5.0,0.0,1.0,True,False,45673.0
13,gp_m52_pi,1,4,Q052,exploitation,0.1379633843644689,0.0502245227877946,11.470621462494046,0.7169404623403992,2.0,0.0,0.0,False,False,81273.0
13,gp_m52_pi,1,5,Q012,exploitation,0.1314713987342996,0.0732808622775452,11.009158997305722,1.1099789044366897,7.0,0.0,0.2000000029802322,True,False,1147.0
13,gp_m52_pi,2,1,Q070,exploitation,0.0893283557509603,0.0290838873060425,11.481649862545964,0.70334532045549,2.0,0.0,0.0,False,False,14174.0
13,gp_m52_pi,2,2,Q040,exploitation,0.0884287305429997,0.0157598476962362,11.90661127080138,0.3857620668714093,2.0,0.0,0.0,False,False,114138.0
13,gp_m52_pi,2,3,Q078,exploitation,0.0802492098161315,0.1706446299701862,5.8474335115583544,4.6887275617830335,9.0,0.0,1.0,True,False,51868.0
13,gp_m52_pi,2,4,Q068,exploitation,0.0445687487267731,0.0143830812778868,11.09069680742165,0.7864184913780852,4.0,0.0,0.0,False,False,50021.0
13,gp_m52_pi,2,5,Q011,exploitation,0.0282266809839494,0.0685688908455873,0.3617802462158401,6.325388121498589,7.0,0.0,1.0,True,False,0.0
13,gp_m52_pi,3,1,Q075,exploitation,0.0351913149887649,0.0234750048872597,9.38045339440585,1.6840165460342698,6.0,0.0,1.0,True,False,0.0
13,gp_m52_pi,3,2,Q047,exploitation,0.0234758506413233,0.0218777488436222,7.486803785754663,2.4868819526301373,3.0,0.0,0.0,False,False,7770.0
13,gp_m52_pi,3,3,Q059,exploitation,0.0189341602460681,0.003812196913559,11.2812328833578,0.5521169726170136,1.0,0.0,0.0,False,False,128632.0
13,gp_m52_pi,3,4,Q009,exploitation,0.0098469289101,0.0078905115301393,6.903679579850233,2.368607835849888,5.0,0.0,1.0,True,False,3295.0
13,gp_m52_pi,3,5,Q004,exploitation,0.0085872202706738,0.0133238715653713,1.3396853780909517,4.653008573952974,7.0,0.2000000029802322,0.800000011920929,True,False,0.0
13,gp_m52_pi,4,1,Q003,exploitation,0.0933166981719918,0.2583414533258201,4.597181097436875,5.9294072422244275,10.0,1.0,0.0,True,False,0.0
13,gp_m52_pi,4,2,Q016,exploitation,0.0156603591696375,0.0160995338865192,6.21737375134047,2.884478346043953,5.0,0.0,1.0,True,False,357.0
13,gp_m52_pi,4,3,Q008,exploitation,0.006285610800365,0.0085519403263636,1.919280396520456,4.210578259266689,5.0,1.0,0.0,True,False,0.0
13,gp_m52_pi,4,4,Q028,exploitation,0.0064060242609419,0.001703651506035,10.38290225404848,0.8215019902565637,4.0,0.0,0.0,False,False,55318.0
13,gp_m52_pi,4,5,Q043,exploitation,0.0037458193413685,0.0010735369165788,9.938254350559635,0.930881142106202,1.0,0.0,0.0,False,False,1379.0
13,gp_m52_pi,5,1,Q033,exploitation,0.0095099436475203,0.0021017932351617,10.889848872082974,0.6557097934559226,2.0,0.0,0.0,False,False,76472.0
13,gp_m52_pi,5,2,Q084,exploitation,0.0013890300402552,0.0015010278341218,1.0341906452854357,3.8088613413359873,6.0,1.0,0.0,True,False,0.0
13,gp_m52_pi,5,3,Q021,exploitation,0.0012025451721312,0.0001810559017963,10.799349621732937,0.5364788190871699,2.0,0.0,0.0,False,False,67531.0
13,gp_m52_pi,5,4,Q087,exploitation,0.0010093058712046,0.0010176124376671,1.1915135184749746,3.639235325196617,8.0,1.0,0.0,True,False,0.0
13,gp_m52_pi,5,5,Q073,exploitation,0.0006856361027512,0.0001013476601937,10.67242988891698,0.5483765888963306,1.0,0.0,0.0,False,False,31696.0
13,gp_m52_pi,6,1,Q025,exploitation,0.0004052069687441,5.773972918392267e-05,10.593796427764586,0.5475268969672005,1.0,0.0,0.0,False,False,51808.0
13,gp_m52_pi,6,2,Q056,exploitation,0.0003899961523244,6.85765160175298e-05,10.151927967333354,0.6773181603584054,3.0,0.0,0.0,False,False,94093.0
13,gp_m52_pi,6,3,Q001,exploitation,0.0003151461712902,0.0002744430924946,0.8053992939249355,3.4000558426863563,7.0,1.0,0.0,True,False,4553.0
13,gp_m52_pi,6,4,Q088,exploitation,0.0003097593560407,0.0002856347507012,0.090923010110365,3.604130642127275,11.0,0.0,1.0,True,False,0.0
13,gp_m52_pi,6,5,Q035,exploitation,6.948915808281501e-05,8.2256115857931e-06,10.506887327073104,0.5041217258144153,4.0,0.0,0.0,False,False,50709.0
13,gp_m52_pi,7,1,Q013,exploitation,5.658765399424687e-10,1.0804534846888084e-10,4.9914249620951345,1.2211187922474391,4.0,0.0,0.0,False,False,2639.0
13,gp_m52_pi,7,2,Q015,exploitation,9.069051987857436e-15,1.2672270985141785e-15,3.955320480165672,1.1055798386698057,2.0,0.0,0.0,False,False,48700.0
13,gp_m52_pi,7,3,Q036,exploitation,6.888816837360081e-06,4.87126807515058e-06,-2.182776611091501,3.360730617768188,4.0,0.0,1.0,False,False,0.0
13,gp_m52_pi,7,4,Q051,exploitation,0.0004254318877081,0.0002507920280019,4.895618340518976,2.257988766227565,2.0,0.0,0.0,False,False,873.0
13,gp_m52_pi,7,5,Q079,exploitation,0.0001097513889379,8.459564054964373e-05,0.5935101185889673,3.2023405976729618,8.0,1.0,0.0,True,False,32240.0
13,gp_m52_ei,1,1,Q049,exploitation,0.6561032021766283,0.3332152782525169,12.463727184489478,0.5275292266621494,1.0,0.0,0.0,False,False,163182.0
13,gp_m52_ei,1,2,Q064,exploitation,0.1448627314679786,0.2240570566529007,9.0636982688288,3.011210188295878,5.0,0.0,1.0,True,False,45673.0
13,gp_m52_ei,1,3,Q078,exploitation,0.0623202446561958,0.1256909314752844,5.105929322900262,4.653480740396856,9.0,0.0,1.0,True,False,51868.0
13,gp_m52_ei,1,4,Q011,exploitation,0.0440445448020469,0.1151894780729432,1.3620648243775273,6.384789658161967,7.0,0.0,1.0,True,False,0.0
13,gp_m52_ei,1,5,Q012,exploitation,0.1314713987342996,0.0732808622775452,11.009158997305722,1.1099789044366897,7.0,0.0,0.2000000029802322,True,False,1147.0
13,gp_m52_ei,2,1,Q052,exploitation,0.1766844607574145,0.0719675957158225,11.55138361546008,0.754632683470374,2.0,0.0,0.0,False,False,81273.0
13,gp_m52_ei,2,2,Q059,exploitation,0.1394150375553338,0.0492261561483834,11.500522954843582,0.6936748427401568,2.0,0.0,0.0,False,False,128632.0
13,gp_m52_ei,2,3,Q040,exploitation,0.1830576575943638,0.0410876968327849,11.87942516196506,0.4119546040189734,2.0,0.0,0.0,False,False,114138.0
13,gp_m52_ei,2,4,Q017,exploitation,0.147795704993241,0.0372433707501162,11.741060442304631,0.4882511030858622,2.0,0.0,0.0,False,False,247107.0
13,gp_m52_ei,2,5,Q047,exploitation,0.0267033682256023,0.0255292128981517,7.406976317633626,2.5081377133330607,3.0,0.0,0.0,False,False,7770.0
13,gp_m52_ei,3,1,Q070,exploitation,0.0622277859524546,0.0185493962608963,11.37065129156381,0.6879538652175458,2.0,0.0,0.0,False,False,14174.0
13,gp_m52_ei,3,2,Q068,exploitation,0.0288364563446317,0.0085928883887032,10.95904327529268,0.7736572156379691,4.0,0.0,0.0,False,False,50021.0
13,gp_m52_ei,3,3,Q004,exploitation,0.0057619860876953,0.0079359235792237,1.5678527215372997,4.298507010076385,7.0,0.0,1.0,True,False,0.0
13,gp_m52_ei,3,4,Q009,exploitation,0.0072525983901385,0.0054833841137635,6.7885605622505825,2.3068168623287577,5.0,0.0,1.0,True,False,3295.0
13,gp_m52_ei,3,5,Q008,exploitation,0.0015926305095975,0.0018367092898587,0.5648884391749487,4.022247683965731,5.0,0.0,1.0,True,False,0.0
13,gp_m52_ei,4,1,Q075,exploitation,0.0319830963862457,0.0199469188495943,9.470962364641824,1.5960882051979917,6.0,0.0,1.0,True,False,0.0
13,gp_m52_ei,4,2,Q003,exploitation,0.0062044229220225,0.0087354713363872,1.5193705263545434,4.362761971144885,10.0,1.0,0.0,True,False,0.0
13,gp_m52_ei,4,3,Q016,exploitation,0.0022891666387123,0.0016026740151539,5.702361622252134,2.3719641995713103,5.0,0.0,1.0,True,False,357.0
13,gp_m52_ei,4,4,Q087,exploitation,0.0010635860530266,0.0010421216073059,1.604836567361512,3.5231695373727434,8.0,1.0,0.0,True,False,0.0
13,gp_m52_ei,4,5,Q043,exploitation,0.0051711620578874,0.0009682391609295,10.91362225225426,0.5904285754506956,1.0,0.0,0.0,False,False,1379.0
13,gp_m52_ei,5,1,Q028,exploitation,0.0316508306578102,0.0109938170441722,10.774361230215735,0.8902316286530056,4.0,0.0,0.0,False,False,55318.0
13,gp_m52_ei,5,2,Q033,exploitation,0.0109287118022143,0.0024688502626893,10.913683920142503,0.660272501262768,2.0,0.0,0.0,False,False,76472.0
13,gp_m52_ei,5,3,Q084,exploitation,0.0011125143265243,0.0011680669614685,0.9193008060087272,3.76281105126051,6.0,1.0,0.0,True,False,0.0
13,gp_m52_ei,5,4,Q001,exploitation,0.00032703531686,0.0002862974099252,0.8056763219592851,3.4100420429486555,7.0,1.0,0.0,True,False,4553.0
13,gp_m52_ei,5,5,Q088,exploitation,0.0003177463714465,0.0002950102302051,0.0511303688638307,3.623087338180344,11.0,0.0,1.0,True,False,0.0
13,gp_m52_ei,6,1,Q035,exploitation,0.1610596103793982,0.0894344931662819,11.384538444259368,1.0534585809295176,4.0,0.0,0.0,False,False,50709.0
13,gp_m52_ei,6,2,Q056,exploitation,0.0754980442406374,0.029597872473467,11.172119599061164,0.8742632008842806,3.0,0.0,0.0,False,False,94093.0
13,gp_m52_ei,6,3,Q051,exploitation,0.0007663512527173,0.000471722946396,5.248031862632578,2.2659717796397065,2.0,0.0,0.0,False,False,873.0
13,gp_m52_ei,6,4,Q079,exploitation,0.0001119837768793,8.633333356183187e-05,0.6207943161950373,3.199389168683308,8.0,1.0,0.0,True,False,32240.0
13,gp_m52_ei,6,5,Q036,exploitation,1.1703785788362645e-05,9.044466602992831e-06,-2.7509719884005897,3.58862402599532,4.0,0.0,1.0,False,False,0.0
13,gp_m52_ei,7,1,Q013,exploitation,1.8760895295750112e-06,5.524119311633056e-07,5.6048510850999715,1.4752940514222457,4.0,0.0,0.0,False,False,2639.0
13,gp_m52_ei,7,2,Q015,exploitation,5.1087867192671476e-08,1.2163376310954997e-08,5.24687546635785,1.3490437528051566,3.0,0.0,0.0,False,False,48700.0
13,gp_m52_ei,7,3,Q021,exploitation,0.0336014527832309,0.0063619649252794,11.54689676925072,0.4811653610066926,2.0,0.0,0.0,False,False,67531.0
13,gp_m52_ei,7,4,Q025,exploitation,0.0066892767714923,0.0010622776718485,11.219380196125195,0.488451938842783,1.0,0.0,0.0,False,False,51808.0
13,gp_m52_ei,7,5,Q073,exploitation,0.0025767311012782,0.0004748854803841,10.698048699444527,0.6182903326994635,1.0,0.0,0.0,False,False,31696.0
13,pi_random_exploration,1,1,Q049,exploitation,0.6561032021766283,0.3332152782525169,12.463727184489478,0.5275292266621494,1.0,0.0,0.0,False,False,163182.0
13,pi_random_exploration,1,2,Q017,exploitation,0.1857575529281705,0.0450409609323472,11.855602698222448,0.4432844825638382,2.0,0.0,0.0,False,False,247107.0
13,pi_random_exploration,1,3,Q064,exploitation,0.1448627314679786,0.2240570566529007,9.0636982688288,3.011210188295878,5.0,0.0,1.0,True,False,45673.0
13,pi_random_exploration,1,4,Q052,exploitation,0.1379633843644689,0.0502245227877946,11.470621462494046,0.7169404623403992,2.0,0.0,0.0,False,False,81273.0
13,pi_random_exploration,1,5,Q033,random_exploration,0.0003776504351622,5.399428614174249e-05,10.392691863203744,0.5518627990441082,2.0,0.0,0.0,False,False,76472.0
13,pi_random_exploration,2,1,Q012,exploitation,0.092633903722286,0.0401343521511322,11.1965342545686,0.9292960566631492,7.0,0.0,0.0,False,False,1147.0
13,pi_random_exploration,2,2,Q078,exploitation,0.0765593399868581,0.1354006064720334,6.807579589113189,3.93391683954474,9.0,0.0,1.0,True,False,51868.0
13,pi_random_exploration,2,3,Q040,exploitation,0.0430890884818286,0.006760691200803,11.768090162782444,0.3843382765167696,2.0,0.0,0.0,False,False,114138.0
13,pi_random_exploration,2,4,Q028,exploitation,0.0359467527156019,0.0079247713127658,11.428989711467992,0.5548369578437093,4.0,0.0,0.0,False,False,55318.0
13,pi_random_exploration,2,5,Q079,random_exploration,7.708100183368051e-07,3.0541461087209064e-07,2.564777641730397,2.0522863860424323,8.0,1.0,0.0,True,False,32240.0
13,pi_random_exploration,3,1,Q070,exploitation,0.088929370974513,0.0321022825201978,11.375947980445662,0.7805035550321975,2.0,0.0,0.0,False,False,14174.0
13,pi_random_exploration,3,2,Q068,exploitation,0.0644372255081391,0.0244443717354938,11.106074142848492,0.8702393380141477,4.0,0.0,0.0,False,False,50021.0
13,pi_random_exploration,3,3,Q056,exploitation,0.0602804849539461,0.0202302402785707,11.218633882747778,0.7787482175016562,3.0,0.0,0.0,False,False,94093.0
13,pi_random_exploration,3,4,Q035,exploitation,0.0596974873792687,0.0300094649970132,10.608011960647788,1.1683989159286692,4.0,0.0,0.0,False,False,50709.0
13,pi_random_exploration,3,5,Q084,random_exploration,3.5120204716577175e-05,2.758110188024371e-05,-1.3407575894059909,3.463323452625568,6.0,1.0,0.0,True,False,0.0
13,pi_random_exploration,4,1,Q075,exploitation,0.1022115879711835,0.0876164966475928,10.140060619273534,1.8025451056771429,6.0,0.0,1.0,True,False,0.0
13,pi_random_exploration,4,2,Q011,exploitation,0.0316492869081741,0.0816006831134997,0.1558716429197053,6.608037030672724,7.0,0.0,1.0,True,False,0.0
13,pi_random_exploration,4,3,Q047,exploitation,0.0236497570072598,0.022744555904441,7.341732416549517,2.563937718481826,3.0,0.0,0.0,False,False,7770.0
13,pi_random_exploration,4,4,Q003,exploitation,0.0151954909137853,0.0287634208999883,0.8884954281982882,5.329937535114105,10.0,0.0,1.0,True,False,0.0
13,pi_random_exploration,4,5,Q043,random_exploration,0.0039480532015902,0.0006273071690436,11.063055696174562,0.513659021063439,1.0,0.0,0.0,False,False,1379.0
13,pi_random_exploration,5,1,Q021,exploitation,0.1964803427663083,0.07018432272083,11.878194406105733,0.6431134076701025,2.0,0.0,0.0,False,False,67531.0
13,pi_random_exploration,5,2,Q087,exploitation,0.0762341446222227,0.2057252633026624,3.8318928871115,6.0073276492885,8.0,1.0,0.0,True,False,0.0
13,pi_random_exploration,5,3,Q059,exploitation,0.0359164900645095,0.009427786687071,11.238196635667949,0.6607046571688721,1.0,0.0,0.0,False,False,128632.0
13,pi_random_exploration,5,4,Q073,exploitation,0.0320732614248795,0.0091875781193343,11.071045251047934,0.7328029110358464,1.0,0.0,0.0,False,False,31696.0
13,pi_random_exploration,5,5,Q051,random_exploration,8.175833100878299e-05,5.377548697883545e-05,1.959589075896674,2.776958438288507,2.0,0.0,0.4000000059604645,False,False,873.0
13,pi_random_exploration,6,1,Q004,exploitation,0.0148238344463005,0.028078159896351,0.7950258099999239,5.3488770123466285,7.0,1.0,0.0,True,False,0.0
13,pi_random_exploration,6,2,Q016,exploitation,0.0090518139552537,0.0099411460250567,4.686189186731567,3.2754044764765218,5.0,0.0,0.800000011920929,True,False,357.0
13,pi_random_exploration,6,3,Q008,exploitation,0.0065327882841697,0.0084000393274956,2.58839050404179,3.96425546355749,5.0,0.0,1.0,True,False,0.0
13,pi_random_exploration,6,4,Q001,exploitation,0.005683579528755,0.0077058092964825,1.7028040698734843,4.237025174170025,10.0,0.4000000059604645,0.6000000238418579,True,False,4553.0
13,pi_random_exploration,6,5,Q009,random_exploration,0.0048661562677317,0.0037239815360597,6.15324880732397,2.4270219385460536,5.0,0.0,1.0,True,False,3295.0
13,pi_random_exploration,7,1,Q088,exploitation,0.0013607894394445,0.0015423759846166,0.433607686354132,4.001256744869922,11.0,0.0,1.0,True,False,0.0
13,pi_random_exploration,7,2,Q025,exploitation,0.0002725031916711,3.236536619661781e-05,10.809697879022488,0.4679205423892474,1.0,0.0,0.0,False,False,51808.0
13,pi_random_exploration,7,3,Q036,exploitation,2.1066312449247855e-05,1.641265961693024e-05,-1.9951058067981335,3.5216257586499258,4.0,0.0,1.0,False,False,0.0
13,pi_random_exploration,7,4,Q013,exploitation,2.992124252881983e-08,7.055954715976991e-09,5.069792834083037,1.3577080159149044,4.0,0.0,0.0,False,False,2639.0
13,pi_random_exploration,7,5,Q015,random_exploration,1.752703911181711e-12,2.904038922279534e-13,4.0976795289655605,1.1975457397439295,3.0,0.0,0.0,False,False,48700.0
13,pi_uncertainty,1,1,Q049,exploitation,0.6561032021766283,0.3332152782525169,12.463727184489478,0.5275292266621494,1.0,0.0,0.0,False,False,163182.0
13,pi_uncertainty,1,2,Q017,exploitation,0.1857575529281705,0.0450409609323472,11.855602698222448,0.4432844825638382,2.0,0.0,0.0,False,False,247107.0
13,pi_uncertainty,1,3,Q064,exploitation,0.1448627314679786,0.2240570566529007,9.0636982688288,3.011210188295878,5.0,0.0,1.0,True,False,45673.0
13,pi_uncertainty,1,4,Q052,exploitation,0.1379633843644689,0.0502245227877946,11.470621462494046,0.7169404623403992,2.0,0.0,0.0,False,False,81273.0
13,pi_uncertainty,1,5,Q011,uncertainty_exploration,0.0440445448020469,0.1151894780729432,1.3620648243775273,6.384789658161967,7.0,0.0,1.0,True,False,0.0
13,pi_uncertainty,2,1,Q012,exploitation,0.1119350691333863,0.0580014460341417,11.12722573071919,1.0691059501723477,7.0,0.0,1.0,True,False,1147.0
13,pi_uncertainty,2,2,Q078,exploitation,0.0606613403223738,0.109381094049621,5.952309533992537,4.179628488009082,9.0,0.0,1.0,True,False,51868.0
13,pi_uncertainty,2,3,Q070,exploitation,0.040914388979565,0.009590499745159,11.420493675460143,0.5787283963162645,2.0,0.0,0.0,False,False,14174.0
13,pi_uncertainty,2,4,Q028,exploitation,0.0350304723279158,0.0084987551254833,11.317344820098908,0.6128765462979602,4.0,0.0,0.0,False,False,55318.0
13,pi_uncertainty,2,5,Q004,uncertainty_exploration,0.0034148867296333,0.004252417579216,1.3966645288295751,4.077923937790262,7.0,0.0,1.0,True,False,0.0
13,pi_uncertainty,3,1,Q068,exploitation,0.0675764991684674,0.0242897110399943,11.20583363468792,0.8177217915240329,4.0,0.0,0.0,False,False,50021.0
13,pi_uncertainty,3,2,Q035,exploitation,0.0618250404189992,0.0265758093290685,10.898478050039634,0.9931611693471208,4.0,0.0,0.0,False,False,50709.0
13,pi_uncertainty,3,3,Q075,exploitation,0.0502601083165816,0.0368773538709081,9.546155625205175,1.7544666075526731,6.0,0.0,1.0,True,False,0.0
13,pi_uncertainty,3,4,Q056,exploitation,0.0469961402365635,0.0203946522013743,10.671144798344256,1.0488036963599725,3.0,0.0,0.0,False,False,94093.0
13,pi_uncertainty,3,5,Q003,uncertainty_exploration,0.0094902008539996,0.0150720298281077,1.3714254094255305,4.712938121976069,10.0,1.0,0.0,True,False,0.0
13,pi_uncertainty,4,1,Q040,exploitation,0.0660822406274398,0.0112114602040649,11.84416283154339,0.3874932108463151,2.0,0.0,0.0,False,False,114138.0
13,pi_uncertainty,4,2,Q059,exploitation,0.0213223549277083,0.0047342740973855,11.211527931785604,0.5998761605154391,1.0,0.0,0.0,False,False,128632.0
13,pi_uncertainty,4,3,Q047,exploitation,0.0187301723328922,0.015633825879626,7.658694005637839,2.2919503053931076,3.0,0.0,0.0,False,False,7770.0
13,pi_uncertainty,4,4,Q033,exploitation,0.0143702983702885,0.0030650020136737,11.10554695803651,0.6044891860342624,2.0,0.0,0.0,False,False,76472.0
13,pi_uncertainty,4,5,Q036,uncertainty_exploration,0.0002987959658359,0.0003391432860931,-2.835218491482907,4.446289232123277,4.0,0.0,1.0,False,False,0.0
13,pi_uncertainty,5,1,Q008,exploitation,0.005964148714871,0.0071036501200594,3.112462567762453,3.704916692165925,5.0,0.4000000059604645,0.6000000238418579,True,False,0.0
13,pi_uncertainty,5,2,Q087,exploitation,0.0057035124613004,0.0077133705691273,1.738586161914922,4.224938721939088,8.0,1.0,0.0,True,False,0.0
13,pi_uncertainty,5,3,Q021,exploitation,0.0033368533112543,0.0005327622731721,11.006372042335691,0.5239088763850378,2.0,0.0,0.0,False,False,67531.0
13,pi_uncertainty,5,4,Q051,exploitation,0.0026988929160583,0.0013063671797345,7.927079076895183,1.6175568081179388,2.0,0.0,1.0,False,False,873.0
13,pi_uncertainty,5,5,Q088,uncertainty_exploration,0.0019945986977159,0.0023663073298462,0.7253654476596108,4.064659801909614,11.0,0.0,1.0,True,False,0.0
13,pi_uncertainty,6,1,Q084,exploitation,0.000634730379789,0.000614742252788,0.7863797815666489,3.612143675550679,6.0,1.0,0.0,True,False,0.0
13,pi_uncertainty,6,2,Q009,exploitation,0.0005840316814995,0.0003390799852074,5.357742360655897,2.177635776921177,5.0,0.0,1.0,True,False,3295.0
13,pi_uncertainty,6,3,Q001,exploitation,0.0005743204789494,0.0005431193263732,0.8820420731249303,3.551013903052506,10.0,0.4000000059604645,0.6000000238418579,True,False,4553.0
13,pi_uncertainty,6,4,Q016,exploitation,0.0005399665437009,0.0003510768360206,4.413764306013604,2.4515858543995517,5.0,0.0,1.0,True,False,357.0
13,pi_uncertainty,6,5,Q079,uncertainty_exploration,7.189059486356297e-05,4.832318319228249e-05,1.5646015903288104,2.857496948771355,8.0,1.0,0.0,True,False,32240.0
13,pi_uncertainty,7,1,Q025,exploitation,0.0014254600710992,0.0002325768343956,10.715288168178407,0.5739455443714279,1.0,0.0,0.0,False,False,51808.0
13,pi_uncertainty,7,2,Q043,exploitation,0.0011513950912741,0.0002520814694884,10.041997559572472,0.7826412010514447,1.0,0.0,0.0,False,False,1379.0
13,pi_uncertainty,7,3,Q073,exploitation,0.000383891363279,5.783385548044611e-05,10.473388741787064,0.5808863558889844,1.0,0.0,0.0,False,False,31696.0
13,pi_uncertainty,7,4,Q013,exploitation,1.0729693176975595e-09,2.2796237685804415e-10,4.418933856500005,1.337816588877841,4.0,0.0,0.0,False,False,2639.0
13,pi_uncertainty,7,5,Q015,uncertainty_exploration,4.596074968843055e-06,1.14063935868009e-06,7.106293398847646,1.1997437986824324,3.0,0.0,0.0,False,False,48700.0
13,imperfection_aware,1,1,Q049,exploitation,0.6561032021766283,0.3332152782525169,12.463727184489478,0.5275292266621494,1.0,0.0,0.0,False,False,163182.0
13,imperfection_aware,1,2,Q017,exploitation,0.1857575529281705,0.0450409609323472,11.855602698222448,0.4432844825638382,2.0,0.0,0.0,False,False,247107.0
13,imperfection_aware,1,3,Q052,exploitation,0.1379633843644689,0.0502245227877946,11.470621462494046,0.7169404623403992,2.0,0.0,0.0,False,False,81273.0
13,imperfection_aware,1,4,Q040,exploitation,0.0980497624690325,0.0177994186401135,11.754060316590984,0.3849784305953309,2.0,0.0,0.0,False,False,114138.0
13,imperfection_aware,1,5,Q064,suspicious_exploration,0.1448627314679786,0.2240570566529007,9.0636982688288,3.011210188295878,5.0,0.0,1.0,True,False,45673.0
13,imperfection_aware,2,1,Q012,exploitation,0.1119885595618015,0.0562663488441223,11.167147458666312,1.036523089307049,7.0,0.0,0.0,False,False,1147.0
13,imperfection_aware,2,2,Q070,exploitation,0.0402622480179179,0.0091764575910776,11.441773626497804,0.5640755492785768,2.0,0.0,0.0,False,False,14174.0
13,imperfection_aware,2,3,Q028,exploitation,0.0313073242295066,0.0071897247251576,11.330013117373364,0.5894822680364854,4.0,0.0,0.0,False,False,55318.0
13,imperfection_aware,2,4,Q068,exploitation,0.023523253250396,0.0062413776970863,11.02186894330196,0.7078528960985867,4.0,0.0,0.0,False,False,50021.0
13,imperfection_aware,2,5,Q078,suspicious_exploration,0.0622254980882242,0.1151160136272539,5.868001886207212,4.26956852010598,9.0,0.0,1.0,True,False,51868.0
13,imperfection_aware,3,1,Q035,exploitation,0.0443786117399635,0.0164821677732646,10.886174958879586,0.9056491015943592,4.0,0.0,0.0,False,False,50709.0
13,imperfection_aware,3,2,Q056,exploitation,0.0326219263324771,0.0131610012511661,10.529431114064655,1.029597836829286,3.0,0.0,0.0,False,False,94093.0
13,imperfection_aware,3,3,Q047,exploitation,0.0251112762460468,0.0242154897961272,7.433106713586756,2.5507210804291716,3.0,0.0,0.0,False,False,7770.0
13,imperfection_aware,3,4,Q059,exploitation,0.0130640014267313,0.0024042682846121,11.254656168115735,0.5273220920982915,1.0,0.0,0.0,False,False,128632.0
13,imperfection_aware,3,5,Q075,suspicious_exploration,0.0577448227646811,0.0435810416190552,9.651006068639369,1.7640352320066996,6.0,0.0,1.0,True,False,0.0
13,imperfection_aware,4,1,Q033,exploitation,0.1213737488044834,0.0449016707455575,11.551450775848862,0.7500169359778118,2.0,0.0,0.0,False,False,76472.0
13,imperfection_aware,4,2,Q021,exploitation,0.1037036047617335,0.0248508551849465,11.794188164969428,0.5024026483977134,2.0,0.0,0.0,False,False,67531.0
13,imperfection_aware,4,3,Q025,exploitation,0.0125668505879563,0.0021825206798611,11.308335181230673,0.4998101270326728,1.0,0.0,0.0,False,False,51808.0
13,imperfection_aware,4,4,Q073,exploitation,0.0041398722592279,0.0007852138936095,10.815475949643428,0.6105430537848604,1.0,0.0,0.0,False,False,31696.0
13,imperfection_aware,4,5,Q003,suspicious_exploration,0.232889461942174,0.96722012842017,7.236895320585662,7.116726597072092,10.0,0.4000000059604645,0.6000000238418579,True,False,0.0
13,imperfection_aware,5,1,Q051,exploitation,0.0026609845090722,0.0012606351271265,8.010227705035051,1.5850584235725604,2.0,0.0,1.0,False,False,873.0
13,imperfection_aware,5,2,Q043,exploitation,0.0018854512348707,0.0004349373705925,10.127806990238453,0.7939243304513107,1.0,0.0,0.2000000029802322,False,False,1379.0
13,imperfection_aware,5,3,Q036,exploitation,0.000250483795615,0.0002931100286941,-3.699755169259422,4.633974339274232,4.0,0.0,1.0,False,False,0.0
13,imperfection_aware,5,4,Q013,exploitation,1.2202709152110713e-08,2.970192498626314e-09,4.407749778691029,1.4378999130620824,4.0,0.0,0.0,False,False,2639.0
13,imperfection_aware,5,5,Q004,suspicious_exploration,0.0250572919511551,0.0619945175976939,-0.3960870606556845,6.546078753632374,8.0,0.2000000029802322,0.800000011920929,True,False,0.0
13,imperfection_aware,6,1,Q009,exploitation,0.0011852150202411,0.0007642418615905,5.436662465758662,2.3000915275709883,5.0,0.0,0.0,False,True,3295.0
13,imperfection_aware,6,2,Q015,exploitation,2.2966586964531472e-08,5.547128230052009e-09,4.767123395543987,1.4013779135013331,2.0,0.0,0.0,False,True,48700.0
13,imperfection_aware,6,3,Q016,exploitation,0.0452560031316906,0.0619052488296481,6.79855022028455,3.325468444493842,5.0,0.0,0.2000000029802322,True,True,357.0
13,imperfection_aware,6,4,Q087,exploitation,0.0187534207718059,0.03490981070197,1.796234721175555,5.110723245910121,8.0,1.0,0.0,True,True,0.0
13,imperfection_aware,6,5,Q011,suspicious_exploration,0.0072366964891085,0.0120781859180495,-0.0274973931316546,5.093488121377475,7.0,1.0,0.0,True,True,0.0
13,imperfection_aware,7,1,Q088,exploitation,0.0168280142161473,0.0297328437299191,1.9868988843120103,4.915184576327289,11.0,0.0,1.0,True,True,0.0
13,imperfection_aware,7,2,Q008,exploitation,0.0096688719241602,0.0095635140779399,5.575886186517396,2.9293823618633645,5.0,1.0,0.0,True,True,0.0
13,imperfection_aware,7,3,Q084,exploitation,0.0057209068866812,0.0091932867787935,-0.2644272786257664,5.018770924434827,6.0,1.0,0.0,True,True,0.0
13,imperfection_aware,7,4,Q079,exploitation,0.0034695578933814,0.0040190528866863,2.2006236352134794,3.788109688554703,8.0,1.0,0.0,True,True,32240.0
13,imperfection_aware,7,5,Q001,suspicious_exploration,0.0029641410233342,0.003774787027452,0.8100743398839221,4.221904091200895,7.0,1.0,0.0,True,True,4553.0
14,random,1,1,Q052,random,0.069699369870699,0.0248638325107945,11.234640506494705,0.8071129938326547,2.0,0.0,0.0,False,False,81273.0
14,random,1,2,Q046,random,0.0764465657414637,0.0159466378101711,11.764171416973069,0.4641216895877371,3.0,0.0,0.0,False,False,58386.0
14,random,1,3,Q019,random,0.045140533106731,0.0134227366832393,11.202568464715265,0.7231832143306854,2.0,0.0,0.0,False,False,84493.0
14,random,1,4,Q006,random,1.43107466097059e-06,6.036840099036704e-07,2.432248305941192,2.135539332234731,4.0,0.0,1.0,False,False,2244.0
14,random,1,5,Q053,random,0.1069578524947361,0.0286182572999928,11.73483722646118,0.5573740489031147,2.0,0.0,0.0,False,False,110908.0
14,random,2,1,Q082,random,0.1110333815716658,0.30137263976356,5.577764171718722,5.609771724720157,7.0,1.0,0.0,True,False,0.0
14,random,2,2,Q075,random,0.0286166758306933,0.0459469535137495,4.492603644792547,4.172955586438009,6.0,1.0,0.0,True,False,0.0
14,random,2,3,Q002,random,1.0078059308055586e-07,3.9941400244111794e-08,0.9981556826935608,2.198857751654564,8.0,0.0,1.0,True,False,0.0
14,random,2,4,Q090,random,0.0244983143771524,0.0448321278011198,2.867342216488555,4.856312378311996,10.0,0.0,1.0,True,False,0.0
14,random,2,5,Q012,random,1.4034019800220398e-07,3.1007643019574175e-08,6.197890759593822,1.2129510537805746,8.0,0.0,1.0,True,False,1147.0
14,random,3,1,Q033,random,0.0268277092979928,0.0065549048134644,11.191460582853082,0.640606870207903,2.0,0.0,0.0,False,False,76472.0
14,random,3,2,Q040,random,0.1567377665425888,0.0364725941025524,11.979586589210715,0.4444580209991365,2.0,0.0,0.0,False,False,114138.0
14,random,3,3,Q084,random,0.0012749772752175,0.0014349924966584,0.379723553810118,3.9928607542046657,6.0,0.0,1.0,True,False,0.0
14,random,3,4,Q030,random,0.0722393313955952,0.023583192691851,11.3565977822687,0.7338947445139645,1.0,0.0,0.0,False,False,95814.0
14,random,3,5,Q016,random,0.0008386444257234,0.0007009871864254,2.8205592102398973,3.057496041950794,5.0,0.0,1.0,True,False,357.0
14,random,4,1,Q008,random,0.0326043445632945,0.0174991802787294,9.901871739385031,1.369820570483662,5.0,1.0,0.0,True,False,0.0
14,random,4,2,Q018,random,0.1049719029536832,0.0282714203374772,11.721447437128466,0.5632305024124005,2.0,0.0,0.0,False,False,207261.0
14,random,4,3,Q086,random,0.028456823670211,0.0573047611333196,2.455084326856488,5.237728841437779,8.0,1.0,0.0,True,False,200.0
14,random,4,4,Q092,random,0.0509664531152022,0.1215507616813445,3.1213798462656235,5.689937074645432,10.0,1.0,0.0,True,False,0.0
14,random,4,5,Q083,random,0.0078851899318025,0.0121582395777701,1.1658689371079485,4.664805711206808,8.0,1.0,0.0,True,False,0.0
14,random,5,1,Q014,random,6.174992603764369e-11,4.085918640884874e-12,9.563539511803956,0.4450747124551107,2.0,0.0,0.0,False,False,108381.0
14,random,5,2,Q059,random,7.358993131568072e-09,4.4933121787259956e-10,10.355563102758982,0.365769442205399,1.0,0.0,0.0,False,False,128632.0
14,random,5,3,Q058,random,0.0872183731848927,0.1227443783617246,8.279559624664818,3.0543165200755173,7.0,0.0,1.0,True,False,60312.0
14,random,5,4,Q020,random,4.506256108218821e-06,4.077325797095206e-07,10.484077989688876,0.4377650281595371,2.0,0.0,0.0,False,False,101000.0
14,random,5,5,Q073,random,0.0273936283962722,0.0085257272455034,10.864808263596114,0.8137068648068252,4.0,0.0,0.0,False,False,31696.0
14,random,6,1,Q047,random,0.2493827301879206,0.1266323744330938,11.851411598953684,0.8517750476820765,2.0,0.0,0.0,False,False,7770.0
14,random,6,2,Q031,random,0.0820348172926605,0.0353753734272602,11.10994623015348,0.9469071751490163,2.0,0.0,0.0,False,False,62455.0
14,random,6,3,Q074,random,0.0766678180207014,0.0507720640026465,10.324853011921318,1.472655261854863,3.0,0.0,0.0,False,False,34285.0
14,random,6,4,Q067,random,0.377714992345148,0.5189158698653525,11.81158369883703,1.977597539275074,4.0,0.0,0.0,False,False,75311.0
14,random,6,5,Q036,random,0.007584890828391,0.0083257643823987,4.331595933323289,3.334013187032361,6.0,0.0,1.0,True,False,0.0
14,random,7,1,Q009,random,0.0286630686341981,0.0220539586520304,8.627315614779938,1.999281073119466,5.0,0.0,1.0,True,False,3295.0
14,random,7,2,Q013,random,9.641779967586996e-05,3.1838457910050226e-05,7.2761636418201725,1.3817356777411087,4.0,0.0,1.0,False,False,2639.0
14,random,7,3,Q055,random,0.027693415438786,0.0050073311023595,11.523239042612987,0.4720366991747288,1.0,0.0,0.0,False,False,171271.0
14,random,7,4,Q064,random,0.4347917538985915,0.8209462254699311,12.00925858862804,2.547831415390394,5.0,0.0,0.0,False,False,45673.0
14,random,7,5,Q054,random,0.8590857771650136,0.8061129643461262,13.183206629211572,0.7021103349180825,2.0,0.0,0.0,False,False,100890.0
14,gp_m52_pi,1,1,Q047,exploitation,0.4076990615647259,0.2035317729109449,12.265420485809972,0.6945721796844252,2.0,0.0,0.4000000059604645,False,False,7770.0
14,gp_m52_pi,1,2,Q054,exploitation,0.3331003315091236,0.1412482622812546,12.150387346322065,0.6425912155842359,2.0,0.0,0.0,False,False,100890.0
14,gp_m52_pi,1,3,Q064,exploitation,0.2788820366800424,0.2040854358214483,11.734080675170665,1.1831124261176622,5.0,0.0,0.0,False,False,45673.0
14,gp_m52_pi,1,4,Q031,exploitation,0.1901576167461204,0.0900396482966412,11.672931406453316,0.8601800175770908,2.0,0.0,0.0,False,False,62455.0
14,gp_m52_pi,1,5,Q040,exploitation,0.1422083636127135,0.0322955063737372,11.95221552364204,0.4440797496811453,2.0,0.0,0.0,False,False,114138.0
14,gp_m52_pi,2,1,Q018,exploitation,0.3117281130341639,0.1700912016105129,12.01129320014718,0.8479088920648526,2.0,0.0,0.0,False,False,207261.0
14,gp_m52_pi,2,2,Q052,exploitation,0.1831288089658817,0.0804987071444976,11.698721829258368,0.8067010745886232,2.0,0.0,0.0,False,False,81273.0
14,gp_m52_pi,2,3,Q006,exploitation,0.1715857668193786,0.2635013137891961,9.710024816896407,2.8668701565820776,4.0,0.0,1.0,False,False,2244.0
14,gp_m52_pi,2,4,Q053,exploitation,0.158764569137643,0.0363670216078489,11.991655163761251,0.4361225860288378,2.0,0.0,0.0,False,False,110908.0
14,gp_m52_pi,2,5,Q009,exploitation,0.1451431845643146,0.1922671806975148,9.701584741776111,2.577789594124316,6.0,0.0,1.0,True,False,3295.0
14,gp_m52_pi,3,1,Q020,exploitation,0.2694760268716271,0.0997058197832161,12.055768949785584,0.6051639806194706,2.0,0.0,0.0,False,False,101000.0
14,gp_m52_pi,3,2,Q067,exploitation,0.1372075834274628,0.1238301375867923,10.482510637954343,1.7796493450298203,4.0,0.0,0.0,False,False,75311.0
14,gp_m52_pi,3,3,Q086,exploitation,0.1355468343416967,0.4242645842866124,5.615684235327629,6.189552799812518,8.0,1.0,0.0,True,False,200.0
14,gp_m52_pi,3,4,Q019,exploitation,0.1069907139469221,0.0202307254251345,11.938120838400447,0.3938707327137775,2.0,0.0,0.0,False,False,84493.0
14,gp_m52_pi,3,5,Q092,exploitation,0.0976563094636673,0.2928918143744248,4.184041732204616,6.3655587630771615,10.0,0.0,1.0,True,False,0.0
14,gp_m52_pi,4,1,Q082,exploitation,0.059794321839287,0.1262780648064063,4.7894434068774485,4.90724380948682,7.0,1.0,0.0,True,False,0.0
14,gp_m52_pi,4,2,Q016,exploitation,0.0413968017789243,0.0763427338601931,4.543231005907459,4.545074487775259,7.0,0.0,1.0,True,False,357.0
14,gp_m52_pi,4,3,Q058,exploitation,0.0398912356054292,0.0594140057420636,5.960678225518386,3.69126056343897,7.0,0.0,1.0,True,False,60312.0
14,gp_m52_pi,4,4,Q083,exploitation,0.0369762506979071,0.0811904509379394,2.593552966573543,5.503379378232844,8.0,1.0,0.0,True,False,0.0
14,gp_m52_pi,4,5,Q075,exploitation,0.0300343013964768,0.0549701619794525,3.542731880039699,4.7252552442511995,6.0,1.0,0.0,True,False,0.0
14,gp_m52_pi,5,1,Q036,exploitation,0.0147002905112635,0.0200913038203484,4.01299220792448,3.8633174605905185,6.0,0.0,1.0,True,False,0.0
14,gp_m52_pi,5,2,Q090,exploitation,0.007863696518915,0.0113116477595951,1.914137073098212,4.353066617855825,10.0,0.0,1.0,True,False,0.0
14,gp_m52_pi,5,3,Q033,exploitation,0.0076116285156591,0.001909741671699,10.578701774586316,0.7617885701061372,2.0,0.0,0.0,False,False,76472.0
14,gp_m52_pi,5,4,Q074,exploitation,0.0074048364098708,0.0031370683703388,9.284085398088548,1.289903636780716,5.0,0.0,0.4000000059604645,True,False,34285.0
14,gp_m52_pi,5,5,Q084,exploitation,0.005198262395939,0.0071969857353835,1.24633947124185,4.363659624596566,6.0,0.0,1.0,True,False,0.0
14,gp_m52_pi,6,1,Q073,exploitation,0.0125741507660219,0.0024647078296211,11.16456627782651,0.5640680965374104,3.0,0.0,0.0,False,False,31696.0
14,gp_m52_pi,6,2,Q030,exploitation,0.004827508675744,0.0008036768083367,11.06020154066154,0.5283647094472005,1.0,0.0,0.0,False,False,95814.0
14,gp_m52_pi,6,3,Q014,exploitation,0.0021220710183766,0.0003151283409971,10.980016458644798,0.5062437338786056,2.0,0.0,0.0,False,False,108381.0
14,gp_m52_pi,6,4,Q008,exploitation,8.413595463525674e-05,5.006610268898175e-05,2.989654232773489,2.508467163021971,7.0,1.0,0.0,True,False,0.0
14,gp_m52_pi,6,5,Q059,exploitation,9.488338396651476e-05,1.0815399952985048e-05,10.645875176894473,0.4773793559330349,1.0,0.0,0.0,False,False,128632.0
14,gp_m52_pi,7,1,Q002,exploitation,3.521592090427731e-06,1.1894039189867638e-06,5.012309170722467,1.650633466842559,5.0,0.0,1.0,True,False,0.0
14,gp_m52_pi,7,2,Q012,exploitation,0.0006834374882469,0.0001133986587112,10.456404746996135,0.6156931230290614,5.0,0.0,1.0,True,False,1147.0
14,gp_m52_pi,7,3,Q013,exploitation,4.767433180459105e-06,9.895683706502274e-07,7.991650772406426,1.0019127606333984,4.0,0.0,1.0,False,False,2639.0
14,gp_m52_pi,7,4,Q046,exploitation,0.0003582259011707,2.2582362494780823e-05,11.601587323103828,0.2441452674512904,1.0,0.0,0.0,False,False,58386.0
14,gp_m52_pi,7,5,Q055,exploitation,0.0078532287172326,0.0006100026251874,11.859675819978849,0.2350924862737964,1.0,0.0,0.0,False,False,171271.0
14,gp_m52_ei,1,1,Q086,exploitation,0.1242313819711455,0.3701564052849552,5.491884294689506,6.009660436750609,8.0,1.0,0.0,True,False,200.0
14,gp_m52_ei,1,2,Q083,exploitation,0.1156324542665049,0.3338662228851399,5.345713057417859,5.91581919488785,8.0,1.0,0.0,True,False,0.0
14,gp_m52_ei,1,3,Q082,exploitation,0.1078399045620379,0.2893940129754655,5.5182772469216115,5.58057987369647,7.0,1.0,0.0,True,False,0.0
14,gp_m52_ei,1,4,Q064,exploitation,0.2788794313072615,0.204084245427515,11.73406685071647,1.1831203583345675,5.0,0.0,0.0,False,False,45673.0
14,gp_m52_ei,1,5,Q047,exploitation,0.4076988062068936,0.2035324422589891,12.2654193472428,0.6945750995520985,2.0,0.0,0.4000000059604645,False,False,7770.0
14,gp_m52_ei,2,1,Q031,exploitation,0.4079629482020367,0.9004740523844661,11.712908955575324,3.070052051705375,2.0,0.0,0.0,False,False,62455.0
14,gp_m52_ei,2,2,Q074,exploitation,0.1746647926585043,0.3244238209315971,9.1973423564832,3.451513312963965,5.0,0.0,0.0,False,False,34285.0
14,gp_m52_ei,2,3,Q008,exploitation,0.1931133475637864,0.3228660622401704,9.806946896096086,3.024457860177895,7.0,0.0,1.0,True,False,0.0
14,gp_m52_ei,2,4,Q018,exploitation,0.5718746740885019,0.310602407215711,12.541008691578844,0.6261582813544735,2.0,0.0,0.0,False,False,207261.0
14,gp_m52_ei,2,5,Q006,exploitation,0.1930443939132445,0.2513686643262661,10.385754127816652,2.3557758282153163,4.0,0.0,1.0,False,False,2244.0
14,gp_m52_ei,3,1,Q092,exploitation,0.0876102868226834,0.2362177218367275,4.501860671148188,5.846571091112328,10.0,0.0,1.0,True,False,0.0
14,gp_m52_ei,3,2,Q054,exploitation,0.3605125786726312,0.2274196413612454,12.096879178408953,0.9261040292594012,2.0,0.0,0.0,False,False,100890.0
14,gp_m52_ei,3,3,Q067,exploitation,0.1332185029412849,0.1278574370152392,10.310004179490477,1.905486094405303,4.0,0.0,0.0,False,False,75311.0
14,gp_m52_ei,3,4,Q016,exploitation,0.0579286113026929,0.1108134580620632,5.400832311033969,4.468797410096187,7.0,0.0,1.0,True,False,357.0
14,gp_m52_ei,3,5,Q033,exploitation,0.1595421385610473,0.0902577106538543,11.355707924612116,1.075808756927663,2.0,0.0,0.0,False,False,76472.0
14,gp_m52_ei,4,1,Q020,exploitation,0.1841345847009274,0.0679045007213615,11.819564826659567,0.6757833586948393,2.0,0.0,0.0,False,False,101000.0
14,gp_m52_ei,4,2,Q058,exploitation,0.0284405451162865,0.0383872722043736,5.741988175481707,3.5109286292568127,7.0,0.0,1.0,True,False,60312.0
14,gp_m52_ei,4,3,Q012,exploitation,0.0689708044676759,0.0380814822447637,10.570871611015294,1.2515733876461856,5.0,0.0,1.0,True,False,1147.0
14,gp_m52_ei,4,4,Q052,exploitation,0.0900025604861395,0.0216220467893723,11.732789713059944,0.5182148918568309,2.0,0.0,0.0,False,False,81273.0
14,gp_m52_ei,4,5,Q019,exploitation,0.0662235929731321,0.0119190265615188,11.80935025501395,0.4109150867257607,2.0,0.0,0.0,False,False,84493.0
14,gp_m52_ei,5,1,Q073,exploitation,0.0959242905392613,0.0400837069068705,11.26590547462387,0.8900839627473391,3.0,0.0,0.0,False,False,31696.0
14,gp_m52_ei,5,2,Q090,exploitation,0.0129585334304386,0.0206294863132914,2.257853484741017,4.565632101783163,10.0,1.0,0.0,True,False,0.0
14,gp_m52_ei,5,3,Q075,exploitation,0.0139681673133086,0.0196652131790471,3.627844771115559,4.003193091983174,6.0,1.0,0.0,True,False,0.0
14,gp_m52_ei,5,4,Q084,exploitation,0.0059111533116784,0.0090474265452061,0.4318535203994296,4.765117398690149,6.0,0.0,1.0,True,False,0.0
14,gp_m52_ei,5,5,Q040,exploitation,0.0402543579452308,0.0058176828873785,11.802426101272312,0.3576927673250185,2.0,0.0,0.0,False,False,114138.0
14,gp_m52_ei,6,1,Q030,exploitation,0.0068448002110721,0.0011310340528937,11.177442549728983,0.5070923629153521,1.0,0.0,0.0,False,False,95814.0
14,gp_m52_ei,6,2,Q036,exploitation,0.0009444070539588,0.0007820937049834,3.094852874224036,3.0036007458937455,6.0,0.0,1.0,True,False,0.0
14,gp_m52_ei,6,3,Q053,exploitation,0.0053437135688227,0.0005054791618539,11.66849253143289,0.2973602535940519,2.0,0.0,0.0,False,False,110908.0
14,gp_m52_ei,6,4,Q059,exploitation,0.0010979465310416,0.0001685356159736,10.741256213798524,0.5506593438658623,1.0,0.0,0.0,False,False,128632.0
14,gp_m52_ei,6,5,Q009,exploitation,4.9299163212130514e-05,1.5211309366354476e-05,7.218512176351826,1.337711297843026,5.0,1.0,0.0,True,False,3295.0
14,gp_m52_ei,7,1,Q002,exploitation,2.797443485777818e-09,8.717870470503353e-10,1.2639332790343136,1.915375812488824,5.0,0.4000000059604645,0.6000000238418579,True,False,0.0
14,gp_m52_ei,7,2,Q013,exploitation,3.959209459555358e-07,1.0024923827684086e-07,5.7979717670105195,1.342741666285285,4.0,0.0,1.0,False,False,2639.0
14,gp_m52_ei,7,3,Q014,exploitation,5.923458478763327e-10,5.3849827497926336e-11,8.895141045986296,0.5807734858449054,2.0,0.0,0.0,False,False,108381.0
14,gp_m52_ei,7,4,Q046,exploitation,0.0801481185307661,0.0167325697597384,11.781085077451866,0.4604421105108816,1.0,0.0,0.0,False,False,58386.0
14,gp_m52_ei,7,5,Q055,exploitation,0.0628055955728499,0.0126090568413593,11.719040412254678,0.4626022813745042,1.0,0.0,0.0,False,False,171271.0
14,pi_random_exploration,1,1,Q047,exploitation,0.4077063073286074,0.2035366148547705,12.265433802644782,0.6945706667033339,2.0,0.0,0.4000000059604645,False,False,7770.0
14,pi_random_exploration,1,2,Q054,exploitation,0.3331038967670777,0.1412501289484039,12.15039410568599,0.6425901567365059,2.0,0.0,0.0,False,False,100890.0
14,pi_random_exploration,1,3,Q064,exploitation,0.2788821896562434,0.2040858441493504,11.73408033685175,1.1831139223199725,5.0,0.0,0.0,False,False,45673.0
14,pi_random_exploration,1,4,Q031,exploitation,0.1901575941548511,0.0900397349919754,11.672930494187474,0.8601809758319015,2.0,0.0,0.0,False,False,62455.0
14,pi_random_exploration,1,5,Q083,random_exploration,0.1156330079839469,0.3338684153121148,5.345724594792964,5.915823599715734,8.0,1.0,0.0,True,False,0.0
14,pi_random_exploration,2,1,Q018,exploitation,0.3502297487215308,0.1801783600004645,12.133568074102076,0.7642643330784559,2.0,0.0,0.0,False,False,207261.0
14,pi_random_exploration,2,2,Q006,exploitation,0.2077340819205935,0.3261336873936346,10.161700134209172,2.7825820993855426,4.0,0.0,1.0,False,False,2244.0
14,pi_random_exploration,2,3,Q052,exploitation,0.1873880526728386,0.0759851251321075,11.77115801379721,0.7395791456616901,2.0,0.0,0.0,False,False,81273.0
14,pi_random_exploration,2,4,Q009,exploitation,0.1687759214322614,0.2268105689831839,10.011402736861882,2.5194405738654195,6.0,0.0,1.0,True,False,3295.0
14,pi_random_exploration,2,5,Q020,random_exploration,0.0703225071952061,0.0245983788166162,11.26336005772322,0.7901628879582283,2.0,0.0,0.0,False,False,101000.0
14,pi_random_exploration,3,1,Q067,exploitation,0.1453035819479026,0.1264683929592139,10.638132296589484,1.6932857514734652,4.0,0.0,0.0,False,False,75311.0
14,pi_random_exploration,3,2,Q086,exploitation,0.1103908708659149,0.3137756567690389,5.2255136138821,5.881869455480075,8.0,1.0,0.0,True,False,200.0
14,pi_random_exploration,3,3,Q092,exploitation,0.0951327285700721,0.2725178846725857,4.422246053108767,6.111902585767571,10.0,0.2000000029802322,0.800000011920929,True,False,0.0
14,pi_random_exploration,3,4,Q082,exploitation,0.069939870324359,0.1648504648436433,4.559838558677855,5.329585626825723,7.0,1.0,0.0,True,False,0.0
14,pi_random_exploration,3,5,Q012,random_exploration,0.000910761721148,0.0001794644518627,10.193440069616186,0.716555913871162,5.0,0.0,0.2000000029802322,True,False,1147.0
14,pi_random_exploration,4,1,Q046,exploitation,0.3285852106078695,0.1521449875722282,12.114513279577563,0.705387854517707,2.0,0.0,0.0,False,False,58386.0
14,pi_random_exploration,4,2,Q040,exploitation,0.2683997615907353,0.1071571351495001,12.023710991696673,0.6538707600127539,2.0,0.0,0.0,False,False,114138.0
14,pi_random_exploration,4,3,Q055,exploitation,0.2644273293005477,0.1161490332028142,11.972296358051029,0.7229544050633515,1.0,0.0,0.0,False,False,171271.0
14,pi_random_exploration,4,4,Q019,exploitation,0.2517743990461437,0.1140682305614091,11.920766484058358,0.7576645918522328,2.0,0.0,0.0,False,False,84493.0
14,pi_random_exploration,4,5,Q030,random_exploration,0.1369505789605095,0.0575349101889346,11.52078613495755,0.8287869480004423,1.0,0.0,0.0,False,False,95814.0
14,pi_random_exploration,5,1,Q058,exploitation,0.1944316538443135,0.2475897673099673,10.446342722745902,2.2992719802456176,7.0,0.0,1.0,True,False,60312.0
14,pi_random_exploration,5,2,Q053,exploitation,0.1176248910780822,0.0377344893965587,11.650288419988144,0.6548686935112882,1.0,0.0,0.0,False,False,110908.0
14,pi_random_exploration,5,3,Q059,exploitation,0.0890076237614354,0.0298636705048064,11.450662214991633,0.7253135870179878,1.0,0.0,0.0,False,False,128632.0
14,pi_random_exploration,5,4,Q033,exploitation,0.0873285577911469,0.033082773338061,11.311835852521352,0.8219777478371217,2.0,0.0,0.0,False,False,76472.0
14,pi_random_exploration,5,5,Q016,random_exploration,0.0012358499848792,0.0011519136182135,2.395535107837028,3.3144233532973475,5.0,0.0,1.0,True,False,357.0
14,pi_random_exploration,6,1,Q073,exploitation,0.0577488657643189,0.0221201833434069,11.01843693007672,0.8952882170953196,4.0,0.0,0.0,False,False,31696.0
14,pi_random_exploration,6,2,Q074,exploitation,0.0435349990216269,0.0173598999345653,10.75888263813392,0.9752422017147512,5.0,0.0,0.0,False,False,34285.0
14,pi_random_exploration,6,3,Q036,exploitation,0.0159725538827688,0.0122184909722699,7.834216203400994,2.1413320605080317,6.0,0.0,1.0,True,False,0.0
14,pi_random_exploration,6,4,Q090,exploitation,0.0069291626713558,0.0098639393615131,1.6899480445810011,4.363268698908223,10.0,0.4000000059604645,0.6000000238418579,True,False,0.0
14,pi_random_exploration,6,5,Q075,random_exploration,0.0011716375951504,0.0009429039311179,3.6849413787809966,2.8731484304563653,6.0,1.0,0.0,True,False,0.0
14,pi_random_exploration,7,1,Q084,exploitation,0.0021776644346219,0.0029446460195625,-0.6880309926024344,4.600017156992486,6.0,0.0,1.0,True,False,0.0
14,pi_random_exploration,7,2,Q008,exploitation,0.0003582024659439,0.000223128271939,4.26562282039759,2.4124801940027942,7.0,0.800000011920929,0.2000000029802322,True,False,0.0
14,pi_random_exploration,7,3,Q013,exploitation,3.754687669860394e-07,9.445285929106328e-08,5.815181613220331,1.3364579505269694,4.0,0.0,1.0,False,False,2639.0
14,pi_random_exploration,7,4,Q002,exploitation,4.916144271421111e-09,1.5360941605236142e-09,1.5784117276008596,1.892209958629325,8.0,0.0,1.0,True,False,0.0
14,pi_random_exploration,7,5,Q014,random_exploration,1.7972253381332342e-08,1.935990441860456e-09,8.959605539407896,0.6294308235178753,2.0,0.0,0.0,False,False,108381.0
14,pi_uncertainty,1,1,Q047,exploitation,0.4076905194479059,0.2035282780492207,12.265403022662156,0.6945815166965164,2.0,0.0,0.4000000059604645,False,False,7770.0
14,pi_uncertainty,1,2,Q054,exploitation,0.3331090695566264,0.1412535423717114,12.1504025291071,0.6425918280536836,2.0,0.0,0.0,False,False,100890.0
14,pi_uncertainty,1,3,Q064,exploitation,0.2788710597399038,0.2040816289382865,11.734018321489538,1.1831528530326512,5.0,0.0,0.0,False,False,45673.0
14,pi_uncertainty,1,4,Q031,exploitation,0.1901538055122571,0.0900382360521476,11.67291192340253,0.8601884616013794,2.0,0.0,0.0,False,False,62455.0
14,pi_uncertainty,1,5,Q086,uncertainty_exploration,0.1242319182499403,0.3701573589200483,5.491918750608322,6.009644205548995,8.0,1.0,0.0,True,False,200.0
14,pi_uncertainty,2,1,Q018,exploitation,0.3371471166724186,0.1872853261289626,12.075466970044818,0.8378439836081168,2.0,0.0,0.0,False,False,207261.0
14,pi_uncertainty,2,2,Q006,exploitation,0.1987563004617999,0.3183391216637063,9.995643233525769,2.874386155141445,4.0,0.0,1.0,False,False,2244.0
14,pi_uncertainty,2,3,Q052,exploitation,0.1957882084641487,0.0877710960447556,11.735405459832474,0.8078968104616125,2.0,0.0,0.0,False,False,81273.0
14,pi_uncertainty,2,4,Q009,exploitation,0.1643242885050691,0.2255466630114145,9.89674487217545,2.5908408533261498,6.0,0.0,1.0,True,False,3295.0
14,pi_uncertainty,2,5,Q092,uncertainty_exploration,0.1167421763693446,0.3383671426954751,5.366772718860508,5.926324641116956,10.0,0.0,1.0,True,False,0.0
14,pi_uncertainty,3,1,Q020,exploitation,0.1605920075737943,0.0599290450612974,11.72474759357617,0.7084814025697831,2.0,0.0,0.0,False,False,101000.0
14,pi_uncertainty,3,2,Q067,exploitation,0.1470975939801996,0.1319586912217912,10.602246481897224,1.7401323369949464,4.0,0.0,0.0,False,False,75311.0
14,pi_uncertainty,3,3,Q012,exploitation,0.0672667345415019,0.0379597711089259,10.504844957638497,1.2848549628710957,5.0,0.0,0.0,False,False,1147.0
14,pi_uncertainty,3,4,Q040,exploitation,0.0625807139274218,0.0124396576193027,11.724778176059374,0.4583102870600956,2.0,0.0,0.0,False,False,114138.0
14,pi_uncertainty,3,5,Q083,uncertainty_exploration,0.0311859642255275,0.0637782686681545,2.639067494215797,5.252355747848574,8.0,1.0,0.0,True,False,0.0
14,pi_uncertainty,4,1,Q046,exploitation,0.2593002856274513,0.1021272963100261,12.006437729228209,0.6524250533999386,2.0,0.0,0.0,False,False,58386.0
14,pi_uncertainty,4,2,Q019,exploitation,0.2510937372249982,0.108480734299207,11.94232283392497,0.723130269252307,2.0,0.0,0.0,False,False,84493.0
14,pi_uncertainty,4,3,Q055,exploitation,0.2218238381010982,0.0867298710211734,11.90676879274983,0.6798684926586911,1.0,0.0,0.0,False,False,171271.0
14,pi_uncertainty,4,4,Q053,exploitation,0.2168294210436517,0.086229450467586,11.882516858993482,0.6961705281996298,2.0,0.0,0.0,False,False,110908.0
14,pi_uncertainty,4,5,Q090,uncertainty_exploration,0.011021174850247,0.017200666633995,1.9928438202515355,4.557375465557905,10.0,0.2000000029802322,0.800000011920929,True,False,0.0
14,pi_uncertainty,5,1,Q058,exploitation,0.1721164861655424,0.2936896625217492,9.41706348068156,3.1829216179550777,7.0,0.0,1.0,True,False,60312.0
14,pi_uncertainty,5,2,Q030,exploitation,0.0555731386781764,0.0186785339360107,11.168056529591231,0.7906310097191445,1.0,0.0,0.0,False,False,95814.0
14,pi_uncertainty,5,3,Q073,exploitation,0.0492337993031447,0.0174506472167932,11.022547918339733,0.8503350469517417,4.0,0.0,0.0,False,False,31696.0
14,pi_uncertainty,5,4,Q074,exploitation,0.0380275496142357,0.0184061549837877,10.28426869768541,1.2081472728077856,5.0,0.0,0.0,False,False,34285.0
14,pi_uncertainty,5,5,Q082,uncertainty_exploration,0.0301860079294985,0.0520587213022114,4.071332580921716,4.449387961378897,7.0,1.0,0.0,True,False,0.0
14,pi_uncertainty,6,1,Q059,exploitation,0.0839436143996404,0.025743045510998,11.502981492358376,0.6704734665412867,1.0,0.0,0.0,False,False,128632.0
14,pi_uncertainty,6,2,Q033,exploitation,0.0825345040320512,0.0291788555528628,11.35112087813816,0.7754226269984855,2.0,0.0,0.0,False,False,76472.0
14,pi_uncertainty,6,3,Q036,exploitation,0.0130466952804395,0.0091144005331814,7.97351270111802,2.0019911919657187,6.0,0.0,1.0,True,False,0.0
14,pi_uncertainty,6,4,Q008,exploitation,0.0023404547588362,0.0012144547024282,7.464628818286667,1.7548032200464996,7.0,0.800000011920929,0.2000000029802322,True,False,0.0
14,pi_uncertainty,6,5,Q084,uncertainty_exploration,0.0007255768603288,0.0008145053595407,-0.7815892467523158,4.148245960484255,6.0,0.0,1.0,True,False,0.0
14,pi_uncertainty,7,1,Q016,exploitation,0.0075294829443271,0.0091232745652716,3.4743782029253016,3.682993733077808,5.0,0.0,1.0,True,False,357.0
14,pi_uncertainty,7,2,Q075,exploitation,0.0015045599976719,0.0012426422965094,3.843716402378249,2.8933027729720147,6.0,1.0,0.0,True,False,0.0
14,pi_uncertainty,7,3,Q002,exploitation,1.809483423413513e-09,5.404153376955489e-10,1.474745824522362,1.856183032323952,5.0,0.0,1.0,True,False,0.0
14,pi_uncertainty,7,4,Q013,exploitation,3.195785108180589e-07,8.380353552237089e-08,5.452707779730487,1.4008599566947189,4.0,0.0,1.0,False,False,2639.0
14,pi_uncertainty,7,5,Q014,uncertainty_exploration,1.6455785373475762e-08,1.7588715225297062e-09,8.968172815911934,0.626114836506859,2.0,0.0,0.0,False,False,108381.0
14,imperfection_aware,1,1,Q047,exploitation,0.4076905194479059,0.2035282780492207,12.265403022662156,0.6945815166965164,2.0,0.0,0.4000000059604645,False,False,7770.0
14,imperfection_aware,1,2,Q054,exploitation,0.3331090695566264,0.1412535423717114,12.1504025291071,0.6425918280536836,2.0,0.0,0.0,False,False,100890.0
14,imperfection_aware,1,3,Q064,exploitation,0.2788710597399038,0.2040816289382865,11.734018321489538,1.1831528530326512,5.0,0.0,0.0,False,False,45673.0
14,imperfection_aware,1,4,Q031,exploitation,0.1901538055122571,0.0900382360521476,11.67291192340253,0.8601884616013794,2.0,0.0,0.0,False,False,62455.0
14,imperfection_aware,1,5,Q086,suspicious_exploration,0.1242319182499403,0.3701573589200483,5.491918750608322,6.009644205548995,8.0,1.0,0.0,True,False,200.0
14,imperfection_aware,2,1,Q018,exploitation,0.3371471166724186,0.1872853261289626,12.075466970044818,0.8378439836081168,2.0,0.0,0.0,False,False,207261.0
14,imperfection_aware,2,2,Q006,exploitation,0.1987563004617999,0.3183391216637063,9.995643233525769,2.874386155141445,4.0,0.0,1.0,False,False,2244.0
14,imperfection_aware,2,3,Q052,exploitation,0.1957882084641487,0.0877710960447556,11.735405459832474,0.8078968104616125,2.0,0.0,0.0,False,False,81273.0
14,imperfection_aware,2,4,Q053,exploitation,0.1528882189301574,0.03479333962322,11.979696307158092,0.4373339634722858,2.0,0.0,0.0,False,False,110908.0
14,imperfection_aware,2,5,Q009,suspicious_exploration,0.1643242885050691,0.2255466630114145,9.89674487217545,2.5908408533261498,6.0,0.0,1.0,True,False,3295.0
14,imperfection_aware,3,1,Q020,exploitation,0.3036907765865976,0.1195775803086055,12.110168767739944,0.6177557835412087,2.0,0.0,0.0,False,False,101000.0
14,imperfection_aware,3,2,Q067,exploitation,0.1490328176206493,0.1381698240423422,10.56208075513042,1.792732093221057,4.0,0.0,0.0,False,False,75311.0
14,imperfection_aware,3,3,Q019,exploitation,0.1128613714747128,0.022804935976859,11.92341446194288,0.416167436143401,2.0,0.0,0.0,False,False,84493.0
14,imperfection_aware,3,4,Q014,exploitation,0.0859667103335882,0.0269675184129026,11.494976960197512,0.6827172404436523,2.0,0.0,0.0,False,False,108381.0
14,imperfection_aware,3,5,Q012,suspicious_exploration,0.1034946591003518,0.0617228015063627,10.849120962990582,1.2508721812960752,5.0,0.0,0.2000000029802322,True,False,1147.0
14,imperfection_aware,4,1,Q030,exploitation,0.1401881062411174,0.0554573110330269,11.589729563385855,0.776165744388493,1.0,0.0,0.0,False,False,95814.0
14,imperfection_aware,4,2,Q033,exploitation,0.1398369573144429,0.0715933984907697,11.341005230162729,1.005109265430583,2.0,0.0,0.0,False,False,76472.0
14,imperfection_aware,4,3,Q040,exploitation,0.1123378920603061,0.028289618089801,11.797200660589567,0.5191781601950166,2.0,0.0,0.0,False,False,114138.0
14,imperfection_aware,4,4,Q074,exploitation,0.0998686704572311,0.0933850000186776,9.89422403233232,1.9756345973584128,5.0,0.0,0.0,False,False,34285.0
14,imperfection_aware,4,5,Q092,suspicious_exploration,0.1396741777912117,0.4423773480387878,5.699390746060183,6.219529732092339,10.0,0.0,1.0,True,False,0.0
14,imperfection_aware,5,1,Q073,exploitation,0.0704299092880557,0.0226943698948229,11.35598576386867,0.7276907603661305,3.0,0.0,0.0,False,False,31696.0
14,imperfection_aware,5,2,Q059,exploitation,0.0001492962389552,2.0481961148924484e-05,10.401763083509238,0.5601569360573762,1.0,0.0,0.0,False,False,128632.0
14,imperfection_aware,5,3,Q013,exploitation,2.4999246605409945e-06,6.072969151128502e-07,6.933412717511214,1.2035960409515585,4.0,0.0,1.0,False,False,2639.0
14,imperfection_aware,5,4,Q055,exploitation,2.486925591200903e-05,1.8541755139830395e-06,11.071120913458788,0.3343626412901671,1.0,0.0,0.0,False,False,171271.0
14,imperfection_aware,5,5,Q082,suspicious_exploration,0.1188045256681699,0.3260949045472344,5.824813708273167,5.5909027240933735,7.0,1.0,0.0,True,False,0.0
14,imperfection_aware,6,1,Q046,exploitation,4.431417416325594e-05,2.0749545182402397e-06,11.627531026288686,0.2041055657386964,1.0,0.0,0.0,False,True,58386.0
14,imperfection_aware,6,2,Q058,exploitation,0.0662005435432209,0.1178600022497271,6.31104517769718,4.064952109953573,7.0,0.0,1.0,True,True,60312.0
14,imperfection_aware,6,3,Q016,exploitation,0.0347402794081231,0.0591812845380971,4.606260482779363,4.30859755419893,5.0,0.0,1.0,True,True,357.0
14,imperfection_aware,6,4,Q083,exploitation,0.0318018967714268,0.0671070919176551,2.4023164005031807,5.404609563679589,8.0,1.0,0.0,True,True,0.0
14,imperfection_aware,6,5,Q036,suspicious_exploration,0.028642109391347,0.0459522776715043,4.501314689274558,4.169226522591201,6.0,0.0,1.0,True,True,0.0
14,imperfection_aware,7,1,Q090,exploitation,0.0167985798317357,0.0304140589482092,1.7231777958322807,5.037665707579166,10.0,1.0,0.0,True,True,0.0
14,imperfection_aware,7,2,Q008,exploitation,0.0036355645993285,0.0035741652379538,3.8336765428521553,3.201705337839977,7.0,1.0,0.0,True,True,0.0
14,imperfection_aware,7,3,Q084,exploitation,0.0011182820808095,0.0014538723576856,-1.810033634222104,4.657569409230467,6.0,0.0,1.0,True,True,0.0
14,imperfection_aware,7,4,Q075,exploitation,0.000175393019274,0.0001234843748455,2.2472933735573175,2.84796474518349,6.0,1.0,0.0,True,True,0.0
14,imperfection_aware,7,5,Q002,suspicious_exploration,5.230196340595859e-07,1.8948256746090665e-07,3.1374437496183356,1.9026352022210584,8.0,0.0,1.0,True,True,0.0
15,random,1,1,Q044,random,0.3418470566363928,0.4487842804158262,11.62523193745742,1.9693050807131016,5.0,0.0,0.0,False,False,54574.0
15,random,1,2,Q061,random,0.0169949506381736,0.0052167042542082,10.619273248287218,0.8528982133061587,4.0,0.0,0.0,False,False,61305.0
15,random,1,3,Q090,random,0.1256876789697444,0.3649985425304604,5.726656878635297,5.842053494508771,10.0,0.0,1.0,True,False,0.0
15,random,1,4,Q012,random,0.0714196672029376,0.0288083343500732,11.09613095606215,0.908653952669046,5.0,0.0,0.0,False,False,1147.0
15,random,1,5,Q055,random,0.0403166410075667,0.0106175414190282,11.289139882189591,0.6516460486310737,1.0,0.0,0.0,False,False,171271.0
15,random,2,1,Q076,random,0.0342377670647654,0.0304088485329802,8.326432410588064,2.2510719928329217,5.0,0.0,0.0,False,False,34391.0
15,random,2,2,Q035,random,0.0005339032289053,8.823240633906563e-05,10.387150047043871,0.6235990145891172,3.0,0.0,0.0,False,False,50709.0
15,random,2,3,Q089,random,0.0456575819238959,0.1031144443242388,3.169686417203926,5.482908364271569,12.0,1.0,0.0,True,False,0.0
15,random,2,4,Q013,random,0.3910833733299326,0.3812448934928856,12.045438546216468,1.3820870038705506,4.0,0.0,0.0,False,False,2639.0
15,random,2,5,Q073,random,3.1085146948729444e-07,2.1446973437656684e-08,10.588754808380326,0.3689198742390137,1.0,0.0,0.0,False,False,31696.0
15,random,3,1,Q087,random,0.0052292125625862,0.0069119754180369,1.7672663852681048,4.163710399850574,8.0,1.0,0.0,True,False,0.0
15,random,3,2,Q070,random,0.2377853005627864,0.5107893396570278,9.818138932180917,3.657524845930978,3.0,0.0,0.0,False,False,14174.0
15,random,3,3,Q036,random,0.0191700558036389,0.0238244129856028,5.379708561414219,3.4027965808830136,7.0,0.0,1.0,True,False,0.0
15,random,3,4,Q007,random,0.0180207096187764,0.013882611907945,7.971811249276274,2.125377954526423,6.0,0.0,0.0,False,False,0.0
15,random,3,5,Q039,random,0.0016655273549194,0.0004347621665257,9.76443326552409,0.9072483972032058,2.0,0.0,1.0,False,False,28530.0
15,random,4,1,Q034,random,0.3824368674725739,0.4245765456032448,11.952176806576594,1.5895177858805782,3.0,0.0,0.0,False,False,107033.0
15,random,4,2,Q074,random,0.2040981416244149,0.1628942584776703,11.251734492226865,1.4216976873768907,3.0,0.0,0.0,False,False,34285.0
15,random,4,3,Q047,random,0.5453175242595361,0.373791218470395,12.520399541230686,0.8153470275782088,2.0,0.0,1.0,False,False,7770.0
15,random,4,4,Q095,random,0.1485372122023645,0.4563332523266986,6.228165684183071,5.945382553601459,11.0,1.0,0.0,True,False,0.0
15,random,4,5,Q065,random,0.0837978308555248,0.0600010457254503,10.266609330472493,1.565954561775195,4.0,0.0,0.0,False,False,38100.0
15,random,5,1,Q088,random,0.0018315889962518,0.0021347151396005,0.7447681033484175,4.0205177700911126,14.0,0.0,1.0,True,False,0.0
15,random,5,2,Q053,random,0.2476316385760227,0.1611047566361209,11.681681638992304,1.0937554334237576,1.0,0.0,0.0,False,False,110908.0
15,random,5,3,Q048,random,0.0198458480956109,0.0087189553543072,9.963902368104042,1.1977377293535498,2.0,0.0,0.0,False,False,42637.0
15,random,5,4,Q023,random,0.3770095228909505,0.3254665302036393,12.03788073702216,1.2436797038625766,1.0,0.0,0.0,False,False,130578.0
15,random,5,5,Q045,random,0.1668035737002819,0.0960943254886945,11.380168414572474,1.0832979440063728,3.0,0.0,0.0,False,False,104181.0
15,random,6,1,Q077,random,0.0453904276272871,0.0920730926569386,4.090988611356005,4.929123533512924,9.0,0.800000011920929,0.2000000029802322,True,False,226.0
15,random,6,2,Q075,random,0.0145862581216218,0.0214481456975921,3.3535013348477216,4.1602321109511164,6.0,1.0,0.0,True,False,0.0
15,random,6,3,Q040,random,0.1567080360117448,0.0671369151258608,11.602639157662743,0.8183295303397787,2.0,0.0,0.0,False,False,114138.0
15,random,6,4,Q015,random,3.0041952366836354e-13,5.4144996844411045e-14,2.7416495352824173,1.345213736993271,2.0,0.0,0.4000000059604645,False,False,48700.0
15,random,6,5,Q091,random,4.829039798269665e-05,3.599834138287236e-05,-0.186960445458193,3.2353065575872417,7.0,0.0,1.0,True,False,0.0
15,random,7,1,Q069,random,0.0245817596628375,0.0067557018319156,10.993548653880763,0.7289819922225832,2.0,0.0,0.0,False,False,90845.0
15,random,7,2,Q019,random,0.0342860728919316,0.0083324474466597,11.306011245085628,0.6158313392693495,2.0,0.0,0.0,False,False,84493.0
15,random,7,3,Q032,random,6.551667447238725e-11,1.5748115450253175e-11,2.0514181056753538,1.6147237857453616,2.0,1.0,0.0,False,False,0.0
15,random,7,4,Q085,random,0.1465276461337562,0.4120194039000733,6.687240511361518,5.4594891445409015,8.0,0.2000000029802322,0.800000011920929,True,False,0.0
15,random,7,5,Q024,random,0.0299195891881471,0.0065534163891915,11.362770374562096,0.5657936087681897,2.0,0.0,0.0,False,False,25579.0
15,gp_m52_pi,1,1,Q019,exploitation,0.5808969518241229,0.4366317580417157,12.602626858799358,0.8572763920842571,5.0,0.0,0.0,False,False,84493.0
15,gp_m52_pi,1,2,Q023,exploitation,0.4541544626513265,0.3085024493578599,12.3242933821479,0.896811169337673,1.0,0.0,0.0,False,False,130578.0
15,gp_m52_pi,1,3,Q044,exploitation,0.3418470566363928,0.4487842804158262,11.62523193745742,1.9693050807131016,5.0,0.0,0.0,False,False,54574.0
15,gp_m52_pi,1,4,Q034,exploitation,0.279653934014444,0.1375464756894505,11.963740748178314,0.7944236298859693,3.0,0.0,0.0,False,False,107033.0
15,gp_m52_pi,1,5,Q013,exploitation,0.2503762416430007,0.2346204866933766,11.370563775536702,1.5698903820046644,4.0,0.0,0.0,False,False,2639.0
15,gp_m52_pi,2,1,Q047,exploitation,0.1667634536696522,0.0854378105976036,11.49588691980998,0.9634548495815168,2.0,0.0,0.0,False,False,7770.0
15,gp_m52_pi,2,2,Q040,exploitation,0.1654643236318485,0.0585214148427437,11.779645297368017,0.6664322550913716,2.0,0.0,0.0,False,False,114138.0
15,gp_m52_pi,2,3,Q024,exploitation,0.1565878660906731,0.0541221739668048,11.761589953798088,0.6603247167552645,3.0,0.0,0.0,False,False,25579.0
15,gp_m52_pi,2,4,Q045,exploitation,0.1541522337965641,0.0558733984703664,11.719383303106028,0.695138438015718,3.0,0.0,0.0,False,False,104181.0
15,gp_m52_pi,2,5,Q090,exploitation,0.1347923045134547,0.3916036427656068,6.076759204409893,5.752453317896037,10.0,0.0,0.800000011920929,True,False,0.0
15,gp_m52_pi,3,1,Q095,exploitation,0.1864653882681272,0.6024984412333113,7.169702765940301,5.901117474730252,11.0,1.0,0.0,True,False,0.0
15,gp_m52_pi,3,2,Q076,exploitation,0.1524595685707278,0.09854663887238,11.152321529863933,1.2430135422296404,5.0,0.0,0.0,False,False,34391.0
15,gp_m52_pi,3,3,Q069,exploitation,0.1370856371256536,0.0792101289509003,11.181385102426107,1.1396321273777306,5.0,0.0,0.0,False,False,90845.0
15,gp_m52_pi,3,4,Q073,exploitation,0.1366807818656452,0.0913686579228005,10.98241254967763,1.3193617523540242,1.0,0.0,0.0,False,False,31696.0
15,gp_m52_pi,3,5,Q070,exploitation,0.1291790549635932,0.1173629729542339,10.374453891716064,1.8164757683403443,5.0,0.0,0.0,False,False,14174.0
15,gp_m52_pi,4,1,Q053,exploitation,0.0936142363385114,0.0263153349780676,11.634064747856328,0.6016852468002477,1.0,0.0,0.0,False,False,110908.0
15,gp_m52_pi,4,2,Q085,exploitation,0.0589689431928659,0.1293095493347688,4.442260035992311,5.1073761938976,8.0,0.0,1.0,True,False,0.0
15,gp_m52_pi,4,3,Q061,exploitation,0.0420392746702212,0.0129033266762885,11.12384770612998,0.7546950912379832,4.0,0.0,0.0,False,False,61305.0
15,gp_m52_pi,4,4,Q055,exploitation,0.0400322084869686,0.009457783298077,11.403276205317937,0.585212413112714,1.0,0.0,0.0,False,False,171271.0
15,gp_m52_pi,4,5,Q075,exploitation,0.0356367475592536,0.063852974430739,4.283545158163751,4.51510554158767,6.0,1.0,0.0,True,False,0.0
15,gp_m52_pi,5,1,Q035,exploitation,0.0272289396095687,0.0195418455225209,8.816027877332859,1.877910200040171,3.0,0.0,0.0,False,False,50709.0
15,gp_m52_pi,5,2,Q087,exploitation,0.0156225701824062,0.0284340332208757,1.4249000366804792,5.108172858627919,10.0,1.0,0.0,True,False,0.0
15,gp_m52_pi,5,3,Q065,exploitation,0.0135083290794079,0.0046144374578994,10.27144866299786,0.9750619497834196,4.0,0.0,0.0,False,False,38100.0
15,gp_m52_pi,5,4,Q074,exploitation,0.0123157848662101,0.0059104583350565,9.31697578292708,1.3842553501058938,3.0,0.0,0.0,False,False,34285.0
15,gp_m52_pi,5,5,Q077,exploitation,0.0093357871510442,0.0137412284594746,2.1363730281171476,4.37546899973195,9.0,1.0,0.0,True,False,226.0
15,gp_m52_pi,6,1,Q012,exploitation,0.0296573680774202,0.0110533983883917,10.609783439490746,0.9639124100496884,5.0,0.0,0.0,False,False,1147.0
15,gp_m52_pi,6,2,Q089,exploitation,0.0017306299998257,0.0020044864454182,0.694300462895276,4.013443184635357,8.0,0.2000000029802322,0.800000011920929,True,False,0.0
15,gp_m52_pi,6,3,Q007,exploitation,0.0009665814174167,0.0004121357702263,7.64104098019671,1.5438892434830307,6.0,0.0,0.0,False,False,0.0
15,gp_m52_pi,6,4,Q048,exploitation,0.0002508808683674,6.613083821724471e-05,8.795519048388858,1.043751640319641,3.0,0.0,1.0,False,False,42637.0
15,gp_m52_pi,6,5,Q088,exploitation,3.502315284508542e-05,2.541849153646304e-05,-0.3002042544363439,3.201049774681692,17.0,0.0,1.0,True,False,0.0
15,gp_m52_pi,7,1,Q015,exploitation,1.3402685337800838e-19,1.6352752474285455e-20,2.350485753369824,1.1220325017124533,2.0,0.0,0.800000011920929,False,False,48700.0
15,gp_m52_pi,7,2,Q032,exploitation,0.0045342965868018,0.0033203884417935,6.327600580106754,2.337643122542946,5.0,0.0,1.0,True,False,0.0
15,gp_m52_pi,7,3,Q036,exploitation,0.0099660068844994,0.0103657323241863,5.280611037435808,3.0704985100580293,6.0,0.0,1.0,True,False,0.0
15,gp_m52_pi,7,4,Q039,exploitation,0.0006820618600808,0.000136719144079,10.045475298792049,0.7439112965561657,2.0,0.0,0.0,False,False,28530.0
15,gp_m52_pi,7,5,Q091,exploitation,0.0006408911490306,0.0006081609643054,1.0390390326300398,3.5367838249467445,7.0,1.0,0.0,True,False,0.0
15,gp_m52_ei,1,1,Q044,exploitation,0.3418470566363928,0.4487842804158262,11.62523193745742,1.9693050807131016,5.0,0.0,0.0,False,False,54574.0
15,gp_m52_ei,1,2,Q019,exploitation,0.5808969518241229,0.4366317580417157,12.602626858799358,0.8572763920842571,5.0,0.0,0.0,False,False,84493.0
15,gp_m52_ei,1,3,Q090,exploitation,0.1256876789697444,0.3649985425304604,5.726656878635297,5.842053494508771,10.0,0.0,1.0,True,False,0.0
15,gp_m52_ei,1,4,Q095,exploitation,0.1136026896412717,0.318490397100587,5.464474113330475,5.766122792184511,12.0,1.0,0.0,True,False,0.0
15,gp_m52_ei,1,5,Q023,exploitation,0.4541544626513265,0.3085024493578599,12.3242933821479,0.896811169337673,1.0,0.0,0.0,False,False,130578.0
15,gp_m52_ei,2,1,Q013,exploitation,0.2468285240148086,0.2191675960271309,11.404708717492593,1.494326179974204,4.0,0.0,0.0,False,False,2639.0
15,gp_m52_ei,2,2,Q007,exploitation,0.1666054937048189,0.1796390404700395,10.46501589082174,2.0281419396112503,7.0,0.0,0.0,False,False,0.0
15,gp_m52_ei,2,3,Q047,exploitation,0.161603615842623,0.0802445575340609,11.497748681067844,0.9412317635716791,2.0,0.0,0.0,False,False,7770.0
15,gp_m52_ei,2,4,Q085,exploitation,0.0387429531456671,0.0740548705232549,4.02765582287428,4.757914926889643,8.0,0.0,1.0,True,False,0.0
15,gp_m52_ei,2,5,Q024,exploitation,0.1772087859405487,0.0671002567023316,11.778445979575135,0.700968108472661,3.0,0.0,0.0,False,False,25579.0
15,gp_m52_ei,3,1,Q070,exploitation,0.3740088438905774,0.6431409462988202,11.62900756078007,2.485797741281103,5.0,0.0,0.0,False,False,14174.0
15,gp_m52_ei,3,2,Q065,exploitation,0.3041921847084819,0.4042676530493712,11.359872707370023,2.08381655600217,4.0,0.0,0.0,False,False,38100.0
15,gp_m52_ei,3,3,Q075,exploitation,0.1359517568473691,0.3655800934984146,6.589300154326827,5.313858452919314,6.0,1.0,0.0,True,False,0.0
15,gp_m52_ei,3,4,Q076,exploitation,0.2526938609428165,0.2541552800788744,11.308608984916116,1.6800455440449198,5.0,0.0,0.0,False,False,34391.0
15,gp_m52_ei,3,5,Q074,exploitation,0.144876083870839,0.2297032049937883,9.159756624301234,3.086739197048673,3.0,0.0,0.0,False,False,34285.0
15,gp_m52_ei,4,1,Q012,exploitation,0.164269977346379,0.1014790371093878,11.288167399657638,1.1661664161242562,5.0,0.0,0.0,False,False,1147.0
15,gp_m52_ei,4,2,Q053,exploitation,0.1254980900381796,0.0563202907558166,11.390869071065904,0.9031115929261776,1.0,0.0,0.0,False,False,110908.0
15,gp_m52_ei,4,3,Q034,exploitation,0.1235681228932472,0.0536527427506824,11.41283669911064,0.8767950747490189,2.0,0.0,0.0,False,False,107033.0
15,gp_m52_ei,4,4,Q061,exploitation,0.0983505501053203,0.0523525125760696,10.97112357601123,1.1281555428590195,4.0,0.0,0.0,False,False,61305.0
15,gp_m52_ei,4,5,Q035,exploitation,0.0553676216626528,0.0415857068965474,9.608009162786638,1.7678705198767817,3.0,0.0,0.0,False,False,50709.0
15,gp_m52_ei,5,1,Q088,exploitation,0.1104835421733832,0.299959016445615,5.552403770622642,5.617155402233404,17.0,0.0,1.0,True,False,0.0
15,gp_m52_ei,5,2,Q032,exploitation,0.3834373479526474,0.2927046905097476,12.103924569456066,1.0917166411657515,5.0,0.0,1.0,True,False,0.0
15,gp_m52_ei,5,3,Q087,exploitation,0.0780377160360653,0.1819114948975935,5.099008417099725,5.1668058595745645,10.0,1.0,0.0,True,False,0.0
15,gp_m52_ei,5,4,Q091,exploitation,0.0636436612019864,0.1494700444791528,4.194425378837703,5.399191021670766,9.0,0.0,1.0,True,False,0.0
15,gp_m52_ei,5,5,Q089,exploitation,0.062815659767057,0.1468290021879045,4.178811685131418,5.385864718733292,12.0,1.0,0.0,True,False,0.0
15,gp_m52_ei,6,1,Q040,exploitation,0.249723106361317,0.0806136339384339,12.062033128154765,0.5412622990999906,2.0,0.0,0.0,False,False,114138.0
15,gp_m52_ei,6,2,Q077,exploitation,0.0353162353997764,0.063868966011477,4.178086259464468,4.563194591574943,9.0,1.0,0.0,True,False,226.0
15,gp_m52_ei,6,3,Q069,exploitation,0.0814093735604505,0.0527138414040002,10.440297952344132,1.4239080582724652,2.0,0.0,0.0,False,False,90845.0
15,gp_m52_ei,6,4,Q073,exploitation,0.0746362003691158,0.0324324478228021,11.027163218515703,0.9710917926811472,1.0,0.0,0.0,False,False,31696.0
15,gp_m52_ei,6,5,Q045,exploitation,0.0514238198297143,0.0150650100836855,11.289112254252746,0.6979321394163107,2.0,0.0,0.0,False,False,104181.0
15,gp_m52_ei,7,1,Q015,exploitation,8.396266246157594e-10,1.9277947507972043e-10,3.6626817414277815,1.4544806535280743,2.0,0.0,1.0,False,False,48700.0
15,gp_m52_ei,7,2,Q036,exploitation,2.8288001745405063e-08,1.2344263979469324e-08,-1.2356266487473189,2.5165695951861395,2.0,0.0,1.0,False,False,0.0
15,gp_m52_ei,7,3,Q039,exploitation,6.436405465554231e-05,2.0468675558396707e-05,7.220963019861469,1.3598281164778712,2.0,0.0,0.0,False,False,28530.0
15,gp_m52_ei,7,4,Q048,exploitation,0.0002884046190737,0.0001020198910485,7.647080184423771,1.388755478077357,3.0,0.0,1.0,False,False,42637.0
15,gp_m52_ei,7,5,Q055,exploitation,0.1263599949550332,0.0502661218448336,11.513357928073692,0.7993081476402325,1.0,0.0,0.0,False,False,171271.0
15,pi_random_exploration,1,1,Q019,exploitation,0.5808969518241229,0.4366317580417157,12.602626858799358,0.8572763920842571,5.0,0.0,0.0,False,False,84493.0
15,pi_random_exploration,1,2,Q023,exploitation,0.4541544626513265,0.3085024493578599,12.3242933821479,0.896811169337673,1.0,0.0,0.0,False,False,130578.0
15,pi_random_exploration,1,3,Q044,exploitation,0.3418470566363928,0.4487842804158262,11.62523193745742,1.9693050807131016,5.0,0.0,0.0,False,False,54574.0
15,pi_random_exploration,1,4,Q034,exploitation,0.279653934014444,0.1375464756894505,11.963740748178314,0.7944236298859693,3.0,0.0,0.0,False,False,107033.0
15,pi_random_exploration,1,5,Q048,random_exploration,0.0019922795866494,0.0005813053845477,9.54884012760144,0.999777406186584,3.0,0.0,1.0,False,False,42637.0
15,pi_random_exploration,2,1,Q013,exploitation,0.2911253801042968,0.2719087854504095,11.609222255016446,1.4876539802735138,4.0,0.0,0.0,False,False,2639.0
15,pi_random_exploration,2,2,Q007,exploitation,0.1946593764869962,0.224334985463695,10.63682897276652,2.08020512517887,7.0,0.0,0.0,False,False,0.0
15,pi_random_exploration,2,3,Q090,exploitation,0.1467502435881831,0.4612930232143127,6.018745039348305,6.100902094024341,10.0,0.0,1.0,True,False,0.0
15,pi_random_exploration,2,4,Q047,exploitation,0.1475991721876738,0.0634672612259348,11.55517477278614,0.8334139878336201,2.0,0.0,0.0,False,False,7770.0
15,pi_random_exploration,2,5,Q036,random_exploration,0.0008442035724648,0.0005556277010971,4.871057991902003,2.406393525495135,6.0,0.0,1.0,True,False,0.0
15,pi_random_exploration,3,1,Q076,exploitation,0.2675016137403593,0.1979586008633291,11.674835155671175,1.2133490498536854,5.0,0.0,0.0,False,False,34391.0
15,pi_random_exploration,3,2,Q095,exploitation,0.1987107998227129,0.7106200084271272,6.996193989033844,6.418295246495545,11.0,1.0,0.0,True,False,0.0
15,pi_random_exploration,3,3,Q070,exploitation,0.1755237965327696,0.1688005089173453,10.76317074556268,1.7847767435087802,5.0,0.0,0.0,False,False,14174.0
15,pi_random_exploration,3,4,Q085,exploitation,0.1459552642067186,0.4428692091602146,6.212710968560453,5.896798305924518,8.0,0.0,1.0,True,False,0.0
15,pi_random_exploration,3,5,Q069,random_exploration,0.1082654308749359,0.0695018892428348,10.77916345736284,1.3338808410512335,5.0,0.0,0.0,False,False,90845.0
15,pi_random_exploration,4,1,Q075,exploitation,0.0710421081537362,0.1692704102414294,4.540342139602451,5.372508790435319,6.0,0.800000011920929,0.2000000029802322,True,False,0.0
15,pi_random_exploration,4,2,Q074,exploitation,0.0693505814299792,0.0595844841575493,9.546751508538012,1.9456581472056245,3.0,0.0,0.0,False,False,34285.0
15,pi_random_exploration,4,3,Q035,exploitation,0.0544592423717673,0.0610169082781503,8.188426900564481,2.644391881045826,3.0,0.0,0.0,False,False,50709.0
15,pi_random_exploration,4,4,Q061,exploitation,0.0439582848884037,0.0104603528101832,11.43591133746726,0.5811158810536406,4.0,0.0,0.0,False,False,61305.0
15,pi_random_exploration,4,5,Q015,random_exploration,3.838361479743884e-08,8.040721470887247e-09,5.993025189536628,1.1972232192445365,2.0,0.0,1.0,False,False,48700.0
15,pi_random_exploration,5,1,Q065,exploitation,0.120622682928136,0.0785151925471955,10.878999055792889,1.3214511149274204,4.0,0.0,0.0,False,False,38100.0
15,pi_random_exploration,5,2,Q040,exploitation,0.0398708365864773,0.0078824057969503,11.569001281412248,0.4900045075505964,2.0,0.0,0.0,False,False,114138.0
15,pi_random_exploration,5,3,Q045,exploitation,0.0387700836751324,0.008930409412044,11.415618104685834,0.5733043362714884,3.0,0.0,0.0,False,False,104181.0
15,pi_random_exploration,5,4,Q087,exploitation,0.0375369512318114,0.0843932686097817,2.4193133927543986,5.622582393477818,10.0,1.0,0.0,True,False,0.0
15,pi_random_exploration,5,5,Q089,random_exploration,0.0267209596795694,0.0535044657731645,2.282940516060457,5.25266316831003,12.0,0.2000000029802322,0.800000011920929,True,False,0.0
15,pi_random_exploration,6,1,Q077,exploitation,0.0288722737971307,0.0598349413341218,2.219047941978088,5.379616104263092,9.0,1.0,0.0,True,False,226.0
15,pi_random_exploration,6,2,Q088,exploitation,0.0029321057383119,0.0038710346359471,0.3568887217966976,4.38093284025965,14.0,0.0,1.0,True,False,0.0
15,pi_random_exploration,6,3,Q073,exploitation,0.001652005529527,0.0002274217309319,11.020993417630848,0.4787665557730888,1.0,0.0,0.0,False,False,31696.0
15,pi_random_exploration,6,4,Q091,exploitation,0.0008544685754701,0.0008858595561876,0.5482844459665541,3.7872636376531967,7.0,0.0,1.0,True,False,0.0
15,pi_random_exploration,6,5,Q053,random_exploration,0.0002206452374297,8.612116404130372e-06,11.880239223243112,0.1557569935670072,1.0,0.0,0.0,False,False,110908.0
15,pi_random_exploration,7,1,Q012,exploitation,3.7443742508249585e-06,4.2295616423244514e-07,9.960943045721011,0.5506745622873093,5.0,0.0,0.0,False,False,1147.0
15,pi_random_exploration,7,2,Q032,exploitation,5.955307350969935e-13,1.171238744658643e-13,2.122781157671274,1.4500724703909345,2.0,0.6000000238418579,0.4000000059604645,False,False,0.0
15,pi_random_exploration,7,3,Q055,exploitation,2.0779562829223728e-19,3.0677213543201554e-21,11.221068249666882,0.135066365116192,1.0,0.0,0.0,False,False,171271.0
15,pi_random_exploration,7,4,Q024,exploitation,3.3318580239576023e-16,5.411173457466374e-18,11.337067166895372,0.1350225830632329,2.0,0.0,0.0,False,False,25579.0
15,pi_random_exploration,7,5,Q039,random_exploration,2.419901155120561e-34,3.2439703945282415e-36,10.417825972447602,0.1652230346087256,2.0,0.0,0.0,False,False,28530.0
15,pi_uncertainty,1,1,Q019,exploitation,0.5808969518241229,0.4366317580417157,12.602626858799358,0.8572763920842571,5.0,0.0,0.0,False,False,84493.0
15,pi_uncertainty,1,2,Q023,exploitation,0.4541544626513265,0.3085024493578599,12.3242933821479,0.896811169337673,1.0,0.0,0.0,False,False,130578.0
15,pi_uncertainty,1,3,Q044,exploitation,0.3418470566363928,0.4487842804158262,11.62523193745742,1.9693050807131016,5.0,0.0,0.0,False,False,54574.0
15,pi_uncertainty,1,4,Q034,exploitation,0.279653934014444,0.1375464756894505,11.963740748178314,0.7944236298859693,3.0,0.0,0.0,False,False,107033.0
15,pi_uncertainty,1,5,Q090,uncertainty_exploration,0.1256876789697444,0.3649985425304604,5.726656878635297,5.842053494508771,10.0,0.0,1.0,True,False,0.0
15,pi_uncertainty,2,1,Q013,exploitation,0.204944114352607,0.152209944343065,11.3386154075028,1.321415028174536,4.0,0.0,0.0,False,False,2639.0
15,pi_uncertainty,2,2,Q095,exploitation,0.1563504307855006,0.4775924854422286,6.53373936052572,5.8379661370754095,11.0,1.0,0.0,True,False,0.0
15,pi_uncertainty,2,3,Q007,exploitation,0.1514949785378198,0.1566716553226895,10.37591075742413,1.9918300386694407,7.0,0.0,0.0,False,False,0.0
15,pi_uncertainty,2,4,Q074,exploitation,0.1030766726128616,0.0806408638225718,10.35141098058709,1.6422617741893957,3.0,0.0,0.0,False,False,34285.0
15,pi_uncertainty,2,5,Q087,uncertainty_exploration,0.0187065056568303,0.0341028428276117,2.0075996391821898,5.006649659887255,10.0,1.0,0.0,True,False,0.0
15,pi_uncertainty,3,1,Q065,exploitation,0.3149631475174745,0.6779517044468993,10.822073031906974,3.332100036281618,4.0,0.0,0.0,False,False,38100.0
15,pi_uncertainty,3,2,Q055,exploitation,0.2963338962480963,0.1455827863898547,12.01158301055214,0.777603598142278,1.0,0.0,0.0,False,False,171271.0
15,pi_uncertainty,3,3,Q047,exploitation,0.2460878460306873,0.123874072591502,11.845168741996268,0.8479433913368982,2.0,0.0,1.0,False,False,7770.0
15,pi_uncertainty,3,4,Q032,exploitation,0.2407403792400955,0.1253044260533515,11.80612606049132,0.8828447868512517,5.0,0.0,1.0,True,False,0.0
15,pi_uncertainty,3,5,Q088,uncertainty_exploration,0.1143904929989982,0.3150328971275065,5.620733539748346,5.655853230052062,18.0,0.0,1.0,True,False,0.0
15,pi_uncertainty,4,1,Q076,exploitation,0.2246294781153882,0.2053957219378551,11.22902005196548,1.584033665230823,5.0,0.0,0.0,False,False,34391.0
15,pi_uncertainty,4,2,Q053,exploitation,0.1825065592951253,0.0569082362604275,11.90874530258412,0.5727583551879668,1.0,0.0,0.0,False,False,110908.0
15,pi_uncertainty,4,3,Q061,exploitation,0.1536732038974276,0.072285444310906,11.505979414347973,0.9028174222082244,4.0,0.0,0.0,False,False,61305.0
15,pi_uncertainty,4,4,Q045,exploitation,0.1309926325592065,0.0507940455639839,11.56069194625638,0.7728271260075801,3.0,0.0,0.0,False,False,104181.0
15,pi_uncertainty,4,5,Q077,uncertainty_exploration,0.0653717581490409,0.1425742720486996,4.885801242059161,4.99066791877324,9.0,0.800000011920929,0.2000000029802322,True,False,226.0
15,pi_uncertainty,5,1,Q069,exploitation,0.1027354488850439,0.0422478881938528,11.333868998941073,0.8638309458296297,4.0,0.0,0.0,False,False,90845.0
15,pi_uncertainty,5,2,Q035,exploitation,0.0974753939232324,0.1028425364732906,9.524234891347165,2.2401121030410587,3.0,0.0,0.0,False,False,50709.0
15,pi_uncertainty,5,3,Q085,exploitation,0.0839973611192771,0.1858938285552162,5.757703184252872,4.8378867581194855,8.0,0.0,1.0,True,False,0.0
15,pi_uncertainty,5,4,Q073,exploitation,0.0564591081361173,0.0225324362896857,10.94329587852003,0.9363322122161164,1.0,0.0,0.0,False,False,31696.0
15,pi_uncertainty,5,5,Q089,uncertainty_exploration,0.0059180714582598,0.008564532709712,1.0885235302638536,4.505002822269577,8.0,1.0,0.0,True,False,0.0
15,pi_uncertainty,6,1,Q024,exploitation,0.0461874206203826,0.009423758886462,11.595420428809735,0.4944502074803223,2.0,0.0,0.0,False,False,25579.0
15,pi_uncertainty,6,2,Q040,exploitation,0.0430326588854499,0.0081521589788278,11.630866578744412,0.4641426521598209,2.0,0.0,0.0,False,False,114138.0
15,pi_uncertainty,6,3,Q012,exploitation,0.0296896526360697,0.0091636900920082,10.922804286936586,0.7981313765893886,5.0,0.0,0.0,False,False,1147.0
15,pi_uncertainty,6,4,Q070,exploitation,0.0124695689682033,0.0052046882621607,9.731715910093625,1.202252940660331,2.0,0.0,0.0,False,False,14174.0
15,pi_uncertainty,6,5,Q075,uncertainty_exploration,0.0052481004807104,0.0059284961041164,3.324556485918023,3.557204404528922,6.0,1.0,0.0,True,False,0.0
15,pi_uncertainty,7,1,Q048,exploitation,0.0003718667173106,0.0001394148050685,7.541839621879425,1.4485162011654784,3.0,0.0,1.0,False,False,42637.0
15,pi_uncertainty,7,2,Q039,exploitation,8.402814289456145e-05,2.793238754091894e-05,7.154495727685701,1.4013918949932975,2.0,0.0,0.800000011920929,False,False,28530.0
15,pi_uncertainty,7,3,Q091,exploitation,2.351135949920788e-06,1.2608258221006052e-06,0.2355820223009219,2.663374675655479,7.0,1.0,0.0,True,False,0.0
15,pi_uncertainty,7,4,Q036,exploitation,5.271219314100175e-07,2.723584004162032e-07,-0.8141288197800547,2.712779445564823,2.0,0.0,1.0,False,False,0.0
15,pi_uncertainty,7,5,Q015,uncertainty_exploration,1.9624603392398527e-10,4.3620079014928646e-11,3.31025682419484,1.45714341274987,2.0,0.0,1.0,False,False,48700.0
15,imperfection_aware,1,1,Q019,exploitation,0.5808969518241229,0.4366317580417157,12.602626858799358,0.8572763920842571,5.0,0.0,0.0,False,False,84493.0
15,imperfection_aware,1,2,Q023,exploitation,0.4541544626513265,0.3085024493578599,12.3242933821479,0.896811169337673,1.0,0.0,0.0,False,False,130578.0
15,imperfection_aware,1,3,Q044,exploitation,0.3418470566363928,0.4487842804158262,11.62523193745742,1.9693050807131016,5.0,0.0,0.0,False,False,54574.0
15,imperfection_aware,1,4,Q034,exploitation,0.279653934014444,0.1375464756894505,11.963740748178314,0.7944236298859693,3.0,0.0,0.0,False,False,107033.0
15,imperfection_aware,1,5,Q090,suspicious_exploration,0.1256876789697444,0.3649985425304604,5.726656878635297,5.842053494508771,10.0,0.0,1.0,True,False,0.0
15,imperfection_aware,2,1,Q013,exploitation,0.204944114352607,0.152209944343065,11.3386154075028,1.321415028174536,4.0,0.0,0.0,False,False,2639.0
15,imperfection_aware,2,2,Q007,exploitation,0.1514949785378198,0.1566716553226895,10.37591075742413,1.9918300386694407,7.0,0.0,0.0,False,False,0.0
15,imperfection_aware,2,3,Q074,exploitation,0.1030766726128616,0.0806408638225718,10.35141098058709,1.6422617741893957,3.0,0.0,0.0,False,False,34285.0
15,imperfection_aware,2,4,Q040,exploitation,0.0979049745680044,0.0268378774747303,11.675362279994133,0.5815005660295445,2.0,0.0,0.0,False,False,114138.0
15,imperfection_aware,2,5,Q095,suspicious_exploration,0.1563504307855006,0.4775924854422286,6.53373936052572,5.8379661370754095,11.0,1.0,0.0,True,False,0.0
15,imperfection_aware,3,1,Q076,exploitation,0.1375040461121506,0.0974424663517506,10.90294759459133,1.3966933202792984,5.0,0.0,0.0,False,False,34391.0
15,imperfection_aware,3,2,Q035,exploitation,0.123502888865374,0.0896733777305409,10.730008631033265,1.4663914993184135,3.0,0.0,0.0,False,False,50709.0
15,imperfection_aware,3,3,Q070,exploitation,0.1132661049685381,0.137806885679176,9.399471717863031,2.5039350320610216,5.0,0.0,0.0,False,False,14174.0
15,imperfection_aware,3,4,Q024,exploitation,0.1124943535000551,0.0308882165233746,11.740920828180654,0.5659118051719388,3.0,0.0,0.0,False,False,25579.0
15,imperfection_aware,3,5,Q085,suspicious_exploration,0.1237766278436025,0.3567291466967031,5.700520774642595,5.817682112159146,8.0,0.0,1.0,True,False,0.0
15,imperfection_aware,4,1,Q047,exploitation,0.1480480109560727,0.0550684089214319,11.67486940989668,0.7204069051747367,2.0,0.0,1.0,False,False,7770.0
15,imperfection_aware,4,2,Q069,exploitation,0.0816546148150176,0.0429502166753423,10.816039332648248,1.156032548231327,2.0,0.0,0.0,False,False,90845.0
15,imperfection_aware,4,3,Q065,exploitation,0.0613601228902754,0.0358124389510518,10.343567101493775,1.35022576456743,4.0,0.0,0.0,False,False,38100.0
15,imperfection_aware,4,4,Q061,exploitation,0.0199076442203228,0.0064919888914566,10.600711107660862,0.8887021941551042,4.0,0.0,0.0,False,False,61305.0
15,imperfection_aware,4,5,Q089,suspicious_exploration,0.0724496551784159,0.1874490585692171,3.953010016993621,5.813312751414695,12.0,1.0,0.0,True,False,0.0
15,imperfection_aware,5,1,Q073,exploitation,0.0417531120297482,0.0154319183965198,10.853136376089504,0.9097181353290528,1.0,0.0,0.0,False,False,31696.0
15,imperfection_aware,5,2,Q012,exploitation,0.0009633424144762,0.0002332081191211,9.708466283195714,0.8767640749989147,5.0,0.0,0.0,False,False,1147.0
15,imperfection_aware,5,3,Q048,exploitation,0.0012018467745502,0.0003176194323618,9.56928847498309,0.9417119696268124,3.0,0.0,1.0,False,False,42637.0
15,imperfection_aware,5,4,Q053,exploitation,2.036988717050543e-05,1.156632769501351e-06,11.372771328395404,0.257067217700847,1.0,0.0,0.0,False,False,110908.0
15,imperfection_aware,5,5,Q075,suspicious_exploration,0.098631244319024,0.2501358574523367,5.501244631849332,5.371792398100672,6.0,1.0,0.0,True,False,0.0
15,imperfection_aware,6,1,Q055,exploitation,0.1600462556383795,0.0790690705331846,11.49422141223653,0.9387404094542336,1.0,0.0,0.0,False,False,171271.0
15,imperfection_aware,6,2,Q039,exploitation,0.0454412747652089,0.0162766971863549,10.95620545899181,0.8702446544485756,2.0,0.0,0.0,False,False,28530.0
15,imperfection_aware,6,3,Q045,exploitation,0.0372247654527832,0.0135720927643666,10.799067160995977,0.9129253953603964,2.0,0.0,0.0,False,False,104181.0
15,imperfection_aware,6,4,Q015,exploitation,8.79435941928984e-10,1.6958068293294327e-10,5.083916533183222,1.2201531743449177,2.0,0.0,1.0,False,False,48700.0
15,imperfection_aware,6,5,Q032,suspicious_exploration,0.3748635765661135,0.2665939906614125,12.099950198311692,1.027057793095916,5.0,0.0,1.0,True,False,0.0
15,imperfection_aware,7,1,Q036,exploitation,3.948855465103682e-07,1.939182245753463e-07,-0.4325950216981837,2.6043930332916148,2.0,1.0,0.0,False,True,0.0
15,imperfection_aware,7,2,Q077,exploitation,0.0410736800266909,0.095181104101311,2.4876876186536787,5.717970871673586,9.0,1.0,0.0,True,True,226.0
15,imperfection_aware,7,3,Q087,exploitation,0.0404444900537645,0.0930572425171482,2.494389076007284,5.690576178733919,8.0,1.0,0.0,True,True,0.0
15,imperfection_aware,7,4,Q088,exploitation,0.0061811427230794,0.0094003877995295,0.6342601377150983,4.714253519251229,14.0,0.0,1.0,True,True,0.0
15,imperfection_aware,7,5,Q091,suspicious_exploration,0.0017561861531142,0.0020415320198568,0.6833331946016541,4.023479573967131,7.0,0.0,1.0,True,True,0.0
16,random,1,1,Q051,random,0.1610613590589665,0.474617676003221,6.892400691939554,5.590497110599074,7.0,0.0,1.0,True,False,873.0
16,random,1,2,Q058,random,0.2372170110124087,0.4596336231912082,10.066040525383247,3.301545456746395,7.0,0.0,1.0,True,False,60312.0
16,random,1,3,Q037,random,5.486608449276388e-16,1.36477381658589e-17,10.78180155954307,0.2053257984509731,1.0,0.0,0.0,False,False,76141.0
16,random,1,4,Q073,random,0.0144958693942927,0.0040554610843307,10.697947003586158,0.7921023453287229,1.0,0.0,0.0,False,False,31696.0
16,random,1,5,Q087,random,0.1730563345997505,0.5809913435632308,6.53572523769019,6.253586677871265,10.0,1.0,0.0,True,False,0.0
16,random,2,1,Q033,random,0.6496993842051236,1.6338270146088814,13.440301752545109,2.633803118241494,2.0,0.0,0.0,False,False,76472.0
16,random,2,2,Q094,random,0.1928760204475876,0.6579182379546731,7.0736779441087565,6.172736259223809,9.0,0.0,1.0,True,False,0.0
16,random,2,3,Q061,random,0.6359645016718392,1.592795866001561,13.35574915912484,2.6695080247903973,2.0,0.0,0.0,False,False,61305.0
16,random,2,4,Q059,random,0.1373930025523955,0.0351567550340426,11.876697874787164,0.5044220156993546,2.0,0.0,0.0,False,False,128632.0
16,random,2,5,Q006,random,0.0053207222309798,0.0038028746504131,6.68632645235871,2.2477192348824993,6.0,0.0,1.0,True,False,2244.0
16,random,3,1,Q075,random,0.1176551939626128,0.3003708524673588,6.242985307397469,5.211195284252371,6.0,0.0,0.0,False,False,0.0
16,random,3,2,Q026,random,7.191100617115569e-13,2.903038205699198e-14,10.327326110535823,0.2966327327427059,1.0,0.0,0.0,False,False,99186.0
16,random,3,3,Q031,random,0.3622789970242032,0.3616171430095545,11.912256010943512,1.4624380293671488,2.0,0.0,0.0,False,False,62455.0
16,random,3,4,Q019,random,0.4363105080477071,0.3608519386316152,12.248956042388784,1.1141056969512335,5.0,0.0,0.0,False,False,84493.0
16,random,3,5,Q034,random,0.4754025017899848,0.3379724454669716,12.371050130401004,0.9162786325391692,3.0,0.0,0.0,False,False,107033.0
16,random,4,1,Q050,random,0.2945334338562438,0.3340108109786818,11.455857054771553,1.798859575593625,2.0,0.0,0.0,False,False,6338.0
16,random,4,2,Q068,random,0.021980854177114,0.0061756197691622,10.904393193766316,0.7561285913966252,4.0,0.0,0.0,False,False,50021.0
16,random,4,3,Q016,random,0.2339726150398446,0.7463742638030308,8.465590886982255,5.458591948341351,5.0,0.0,1.0,True,False,357.0
16,random,4,4,Q014,random,2.9997374256041373e-06,3.527616162991864e-07,9.809306374914094,0.5784442082633658,2.0,0.0,0.0,False,False,108381.0
16,random,4,5,Q002,random,0.0430655421952095,0.0558640309328767,6.973913262694764,3.177814637103366,5.0,0.0,0.2000000029802322,True,False,0.0
16,random,5,1,Q032,random,0.0086134449344451,0.0102965572422104,3.891784606570349,3.5837147756191734,2.0,1.0,0.0,False,False,0.0
16,random,5,2,Q049,random,0.0108753907024725,0.0008191473513422,11.922139273280592,0.2202655053433763,1.0,0.0,0.0,False,False,163182.0
16,random,5,3,Q063,random,0.1083535572337617,0.0802360510978377,10.527176896184018,1.5383754914421817,2.0,0.0,0.0,False,False,38893.0
16,random,5,4,Q057,random,0.022497604462892,0.0405606496565487,2.7295681876081925,4.837639654402175,6.0,0.0,1.0,True,False,0.0
16,random,5,5,Q022,random,0.0201011745272826,0.0021350944735736,11.83441673775094,0.2891136622640964,1.0,0.0,0.0,False,False,114383.0
16,random,6,1,Q044,random,0.4254436222444826,0.721763383920957,11.992671883365386,2.3135114209456353,3.0,0.0,0.0,False,False,54574.0
16,random,6,2,Q089,random,0.1924562222036838,0.6894707880598965,6.7913655912863256,6.486754575910745,7.0,1.0,0.0,True,False,0.0
16,random,6,3,Q029,random,0.0006509100157917,4.760369037419869e-05,11.552009786656576,0.2722903674998239,1.0,0.0,0.0,False,False,119441.0
16,random,6,4,Q085,random,0.1949422421739273,0.6961346538921063,6.88759282695988,6.443143525270871,8.0,0.0,1.0,True,False,0.0
16,random,6,5,Q076,random,0.0620073262749838,0.0499641800284635,9.565448184957432,1.86077639172591,3.0,0.0,0.2000000029802322,False,False,34391.0
16,random,7,1,Q074,random,0.0015725937357686,0.0003898336771831,9.871800751367342,0.8654332679064642,3.0,0.0,0.0,False,False,34285.0
16,random,7,2,Q088,random,0.0062085947085664,0.0082130030258551,2.1803302172889163,4.09880007142306,10.0,0.0,1.0,True,False,0.0
16,random,7,3,Q020,random,2.0088932910046786e-19,4.076838908851751e-21,10.767710847128374,0.185740994152698,2.0,0.0,0.0,False,False,101000.0
16,random,7,4,Q052,random,0.0357873358929682,0.0081948287041615,11.388523706571515,0.5766727593003917,1.0,0.0,0.0,False,False,81273.0
16,random,7,5,Q072,random,0.0431001810880001,0.0251684376007261,9.973356858267726,1.4303748992575087,4.0,0.0,0.0,False,False,57726.0
16,gp_m52_pi,1,1,Q034,exploitation,0.7611460119848397,1.3875467994490291,13.58593901226448,1.6315047150397033,3.0,0.0,0.0,False,False,107033.0
16,gp_m52_pi,1,2,Q052,exploitation,0.7021361768387897,2.1529649122658405,14.016073551637948,2.994024694962204,3.0,0.0,0.0,False,False,81273.0
16,gp_m52_pi,1,3,Q033,exploitation,0.6463692418766948,1.679776245723043,13.454108656157745,2.7334970788277797,3.0,0.0,0.0,False,False,76472.0
16,gp_m52_pi,1,4,Q061,exploitation,0.6307194391231188,1.6478658415429108,13.363196672510092,2.803264576739819,2.0,0.0,0.0,False,False,61305.0
16,gp_m52_pi,1,5,Q063,exploitation,0.620281752823966,1.9621750966685592,13.48058763037669,3.438717007321726,2.0,0.0,0.0,False,False,38893.0
16,gp_m52_pi,2,1,Q031,exploitation,0.4917949589851816,0.5339460694382666,12.39932957727994,1.3735213990860922,2.0,0.0,0.0,False,False,62455.0
16,gp_m52_pi,2,2,Q044,exploitation,0.4423657439254277,0.8435893631356788,12.057697237803158,2.551380340301018,3.0,0.0,0.4000000059604645,False,False,54574.0
16,gp_m52_pi,2,3,Q050,exploitation,0.3011856494016646,0.6117404532374789,10.762384893532303,3.1961931782983117,8.0,0.0,1.0,True,False,6338.0
16,gp_m52_pi,2,4,Q016,exploitation,0.2520712680433264,0.9187224030254472,8.357637850574783,6.092856710940059,5.0,0.0,1.0,True,False,357.0
16,gp_m52_pi,2,5,Q094,exploitation,0.2452344287324351,0.9392237245831534,7.97395327832606,6.458620305272203,9.0,0.0,1.0,True,False,0.0
16,gp_m52_pi,3,1,Q085,exploitation,0.1784276331484183,0.6038968434180301,6.665055186278438,6.254275023286515,8.0,0.0,1.0,True,False,0.0
16,gp_m52_pi,3,2,Q057,exploitation,0.1667189773260213,0.5318875208057134,6.624372212219368,5.999933040348498,6.0,0.0,0.4000000059604645,True,False,0.0
16,gp_m52_pi,3,3,Q089,exploitation,0.1498604367724415,0.4874584435611463,5.9136109319946435,6.281357648844655,7.0,1.0,0.0,True,False,0.0
16,gp_m52_pi,3,4,Q087,exploitation,0.1398877722241131,0.4470062976602398,5.647825378822693,6.272767145310888,10.0,1.0,0.0,True,False,0.0
16,gp_m52_pi,3,5,Q072,exploitation,0.136157026135163,0.158885031244532,9.89707925517249,2.3051728801383407,4.0,0.0,0.0,False,False,57726.0
16,gp_m52_pi,4,1,Q059,exploitation,0.1034499358423082,0.0198940783547311,11.918456606401945,0.4033829803892981,1.0,0.0,0.0,False,False,128632.0
16,gp_m52_pi,4,2,Q019,exploitation,0.0639153242522734,0.0186924026195288,11.404552920648737,0.6718456992323762,2.0,0.0,0.0,False,False,84493.0
16,gp_m52_pi,4,3,Q051,exploitation,0.0572582435506223,0.1118385690429013,5.21223320258283,4.571843997537082,2.0,0.0,0.0,False,False,873.0
16,gp_m52_pi,4,4,Q076,exploitation,0.0576467160750107,0.0515526436439007,9.134827524320604,2.090849677968706,3.0,0.0,0.0,False,False,34391.0
16,gp_m52_pi,4,5,Q074,exploitation,0.0482694299097399,0.0380508584826841,9.27477756055779,1.8971419938818963,3.0,0.0,0.0,False,False,34285.0
16,gp_m52_pi,5,1,Q002,exploitation,0.0131032724333055,0.0141644489469311,5.544109680951928,3.0962870194591283,5.0,0.0,1.0,True,False,0.0
16,gp_m52_pi,5,2,Q075,exploitation,0.0092473770626443,0.0125814525552338,2.8909904916432083,4.048542908590668,6.0,0.0,1.0,True,False,0.0
16,gp_m52_pi,5,3,Q088,exploitation,0.0022977929164068,0.0026960456384618,1.165037229195904,3.973948930694011,10.0,0.0,1.0,True,False,0.0
16,gp_m52_pi,5,4,Q032,exploitation,0.0021234264972262,0.0019591528483577,3.434922340584146,3.1451448776448436,2.0,1.0,0.0,False,False,0.0
16,gp_m52_pi,5,5,Q006,exploitation,0.0010926296687897,0.0005489414638829,6.903691518425944,1.8029382742331987,6.0,0.0,1.0,True,False,2244.0
16,gp_m52_pi,6,1,Q029,exploitation,0.0020923543527094,0.0001831587216305,11.57196573783201,0.2987595466948206,1.0,0.0,0.0,False,False,119441.0
16,gp_m52_pi,6,2,Q073,exploitation,0.0002097488274379,2.068672917331419e-05,11.035040244848147,0.3947665487961559,1.0,0.0,0.0,False,False,31696.0
16,gp_m52_pi,6,3,Q068,exploitation,0.0002095720540654,2.0038849584523772e-05,11.077361533404115,0.3827448131509619,4.0,0.0,0.0,False,False,50021.0
16,gp_m52_pi,6,4,Q058,exploitation,0.0001931610576001,4.8952175341652115e-05,8.809636134449594,1.0193531247458236,5.0,0.0,0.0,False,False,60312.0
16,gp_m52_pi,6,5,Q037,exploitation,7.179441977003352e-24,1.130962825012075e-25,10.81982197204287,0.1606811739280286,1.0,0.0,0.0,False,False,76141.0
16,gp_m52_pi,7,1,Q014,exploitation,8.269850650589281e-12,5.984598410606924e-13,9.00990424076911,0.5075477499510499,2.0,0.0,0.0,False,False,108381.0
16,gp_m52_pi,7,2,Q020,exploitation,1.6678925571134925e-13,7.0983194994988704e-15,10.09114294716289,0.3209349540163376,2.0,0.0,0.0,False,False,101000.0
16,gp_m52_pi,7,3,Q022,exploitation,4.701851251024571e-06,4.4704944957309427e-07,10.393104729986046,0.4592031130720449,1.0,0.0,0.0,False,False,114383.0
16,gp_m52_pi,7,4,Q026,exploitation,2.1526881010780495e-06,1.6356493992745704e-07,10.687183393754603,0.3786709115352283,1.0,0.0,0.0,False,False,99186.0
16,gp_m52_pi,7,5,Q049,exploitation,0.0059830320677231,0.0004900646932096,11.787460448449878,0.2547090175589593,1.0,0.0,0.0,False,False,163182.0
16,gp_m52_ei,1,1,Q052,exploitation,0.7021361768387897,2.1529649122658405,14.016073551637948,2.994024694962204,3.0,0.0,0.0,False,False,81273.0
16,gp_m52_ei,1,2,Q063,exploitation,0.620281752823966,1.9621750966685592,13.48058763037669,3.438717007321726,2.0,0.0,0.0,False,False,38893.0
16,gp_m52_ei,1,3,Q044,exploitation,0.5890696838926526,1.9426754517415936,13.266170406535188,3.724540483696455,3.0,0.0,0.800000011920929,False,False,54574.0
16,gp_m52_ei,1,4,Q033,exploitation,0.6463692418766948,1.679776245723043,13.454108656157745,2.7334970788277797,3.0,0.0,0.0,False,False,76472.0
16,gp_m52_ei,1,5,Q061,exploitation,0.6307194391231188,1.6478658415429108,13.363196672510092,2.803264576739819,2.0,0.0,0.0,False,False,61305.0
16,gp_m52_ei,2,1,Q016,exploitation,0.2601243314315804,0.967140518787632,8.471765254197269,6.152485864301811,5.0,0.0,0.2000000029802322,True,False,357.0
16,gp_m52_ei,2,2,Q094,exploitation,0.2457434589182234,0.9474656580968048,7.957615403812633,6.497554616953193,9.0,0.0,1.0,True,False,0.0
16,gp_m52_ei,2,3,Q089,exploitation,0.2039500993585521,0.7415528468910937,7.066338351824331,6.478103204226845,7.0,1.0,0.0,True,False,0.0
16,gp_m52_ei,2,4,Q085,exploitation,0.1800897255932552,0.6215947440118181,6.605700197601317,6.362549685919342,8.0,0.0,1.0,True,False,0.0
16,gp_m52_ei,2,5,Q087,exploitation,0.1750286789964852,0.6061466303098968,6.417171296925464,6.43183596196578,10.0,1.0,0.0,True,False,0.0
16,gp_m52_ei,3,1,Q051,exploitation,0.2714547521265402,0.4090443601812992,10.931745336422557,2.4585606743177584,7.0,0.0,0.0,False,False,873.0
16,gp_m52_ei,3,2,Q019,exploitation,0.1861106265715221,0.3353847841656105,9.489306236257033,3.292847184126352,5.0,0.0,0.0,False,False,84493.0
16,gp_m52_ei,3,3,Q074,exploitation,0.2441678304127196,0.3054942610930694,10.963486207607051,2.112817403798471,3.0,0.0,0.0,False,False,34285.0
16,gp_m52_ei,3,4,Q057,exploitation,0.1456764041877883,0.2921566979215697,8.313210829366831,3.8992906396600127,6.0,0.0,0.0,False,False,0.0
16,gp_m52_ei,3,5,Q034,exploitation,0.2146727159344345,0.291168892202997,10.545612988204688,2.3812964663495206,3.0,0.0,0.0,False,False,107033.0
16,gp_m52_ei,4,1,Q050,exploitation,0.2525862505717773,0.4127208265084743,10.60854922570982,2.7297483898998354,2.0,0.0,0.0,False,False,6338.0
16,gp_m52_ei,4,2,Q031,exploitation,0.4181793652165871,0.3730129135795095,12.174258008404788,1.2264280050845215,2.0,0.0,0.0,False,False,62455.0
16,gp_m52_ei,4,3,Q058,exploitation,0.1899431856445324,0.2785289611823129,10.087687066582976,2.6647062602425193,5.0,0.0,0.0,False,False,60312.0
16,gp_m52_ei,4,4,Q072,exploitation,0.1309992717097909,0.1454651195296059,9.945188799786596,2.21310184049451,4.0,0.0,0.0,False,False,57726.0
16,gp_m52_ei,4,5,Q076,exploitation,0.0340403377572492,0.0162811565417219,10.214059401300627,1.213239119247732,3.0,0.0,0.0,False,False,34391.0
16,gp_m52_ei,5,1,Q059,exploitation,0.131103114979482,0.0254903160434784,11.993195410116552,0.3874318001672343,1.0,0.0,0.0,False,False,128632.0
16,gp_m52_ei,5,2,Q002,exploitation,0.0166845002638479,0.0190151980675278,5.67510252088327,3.1737309597522785,5.0,0.0,1.0,True,False,0.0
16,gp_m52_ei,5,3,Q075,exploitation,0.0101378790645368,0.0140415868485237,2.9539687572554483,4.08133282865759,6.0,0.0,1.0,True,False,0.0
16,gp_m52_ei,5,4,Q088,exploitation,0.0025687029355943,0.0030512287150329,1.2733466730592902,3.9860902431586274,10.0,0.0,1.0,True,False,0.0
16,gp_m52_ei,5,5,Q032,exploitation,0.0030769025512851,0.0030482057987225,3.4591369219687564,3.273786153531974,2.0,1.0,0.0,False,False,0.0
16,gp_m52_ei,6,1,Q029,exploitation,0.0025985287385869,0.0002324794091049,11.58940326711388,0.2999319513228016,1.0,0.0,0.0,False,False,119441.0
16,gp_m52_ei,6,2,Q068,exploitation,0.000993305294229,0.0001148851462908,11.135148476700593,0.4179616853755601,4.0,0.0,0.0,False,False,50021.0
16,gp_m52_ei,6,3,Q006,exploitation,0.0001206303748838,4.811863023135082e-05,6.375236509806275,1.6485280486276457,6.0,0.0,1.0,True,False,2244.0
16,gp_m52_ei,6,4,Q073,exploitation,8.881820302353439e-05,8.215916217445285e-06,10.970017723483156,0.3888011170350874,1.0,0.0,0.0,False,False,31696.0
16,gp_m52_ei,6,5,Q049,exploitation,6.779391835879673e-05,3.070013723801456e-06,11.69066439498426,0.1931081417968898,1.0,0.0,0.0,False,False,163182.0
16,gp_m52_ei,7,1,Q014,exploitation,1.3781461365690706e-13,8.357481434993549e-15,9.0755574108342,0.4588169672172617,2.0,0.0,0.0,False,False,108381.0
16,gp_m52_ei,7,2,Q020,exploitation,1.2680156977565382e-18,3.651280169755539e-20,10.177264965288003,0.2577540807515081,2.0,0.0,0.0,False,False,101000.0
16,gp_m52_ei,7,3,Q022,exploitation,4.9844932966823e-08,3.04462534428807e-09,10.582424905528072,0.3463593030086797,1.0,0.0,0.0,False,False,114383.0
16,gp_m52_ei,7,4,Q026,exploitation,5.6417760946171056e-12,1.8698352863492493e-13,10.837458326859997,0.234216984948457,1.0,0.0,0.0,False,False,99186.0
16,gp_m52_ei,7,5,Q037,exploitation,2.3763742030311015e-27,3.0917036790196804e-29,10.893014767116044,0.1424808205507998,1.0,0.0,0.0,False,False,76141.0
16,pi_random_exploration,1,1,Q034,exploitation,0.7611460119848397,1.3875467994490291,13.58593901226448,1.6315047150397033,3.0,0.0,0.0,False,False,107033.0
16,pi_random_exploration,1,2,Q052,exploitation,0.7021361768387897,2.1529649122658405,14.016073551637948,2.994024694962204,3.0,0.0,0.0,False,False,81273.0
16,pi_random_exploration,1,3,Q033,exploitation,0.6463692418766948,1.679776245723043,13.454108656157745,2.7334970788277797,3.0,0.0,0.0,False,False,76472.0
16,pi_random_exploration,1,4,Q061,exploitation,0.6307194391231188,1.6478658415429108,13.363196672510092,2.803264576739819,2.0,0.0,0.0,False,False,61305.0
16,pi_random_exploration,1,5,Q088,random_exploration,0.0082073417206598,0.0115549395344039,2.2489998425196127,4.2418488788808615,10.0,0.0,1.0,True,False,0.0
16,pi_random_exploration,2,1,Q031,exploitation,0.4833223311919955,0.5351949863912584,12.368433765526948,1.414428166515053,2.0,0.0,0.0,False,False,62455.0
16,pi_random_exploration,2,2,Q044,exploitation,0.4199554955822612,0.8540938405960389,11.863840411677607,2.790692525424881,3.0,0.0,0.0,False,False,54574.0
16,pi_random_exploration,2,3,Q050,exploitation,0.2898583114900242,0.596270335629147,10.61024869796147,3.281575223066728,8.0,0.0,0.6000000238418579,True,False,6338.0
16,pi_random_exploration,2,4,Q016,exploitation,0.2391127024795665,0.8374449654180258,8.205953909149542,5.952999173239869,5.0,0.0,1.0,True,False,357.0
16,pi_random_exploration,2,5,Q073,random_exploration,0.0123173236620878,0.003277198724262,10.703106044352577,0.7674277326700081,1.0,0.0,0.0,False,False,31696.0
16,pi_random_exploration,3,1,Q094,exploitation,0.2329880027429606,0.8465857184498407,7.888806137018093,6.225670093806182,9.0,0.0,1.0,True,False,0.0
16,pi_random_exploration,3,2,Q089,exploitation,0.1849566990535677,0.6271122175328099,6.8632009763565005,6.205843070411854,7.0,1.0,0.0,True,False,0.0
16,pi_random_exploration,3,3,Q087,exploitation,0.1634060853471038,0.5339133999733117,6.3714505183186345,6.1762261661524755,10.0,1.0,0.0,True,False,0.0
16,pi_random_exploration,3,4,Q057,exploitation,0.1625535147225452,0.5053922886642649,6.636925353910908,5.884709225752358,6.0,0.0,0.0,False,False,0.0
16,pi_random_exploration,3,5,Q075,random_exploration,0.1088478238413643,0.2617200981606618,6.275990316520197,4.990424725443711,6.0,0.0,0.0,False,False,0.0
16,pi_random_exploration,4,1,Q059,exploitation,0.1256628450274572,0.0248953947593491,11.970373545043756,0.3985643245709739,1.0,0.0,0.0,False,False,128632.0
16,pi_random_exploration,4,2,Q085,exploitation,0.1176283733035644,0.3403192980021394,5.417704066001345,5.905907985235896,8.0,0.4000000059604645,0.6000000238418579,True,False,0.0
16,pi_random_exploration,4,3,Q019,exploitation,0.1101135871062568,0.0384202517224476,11.541968932859042,0.7224033775510711,2.0,0.0,0.0,False,False,84493.0
16,pi_random_exploration,4,4,Q072,exploitation,0.081405575411889,0.0749596747264166,9.601434528373074,2.0249255284506913,4.0,0.0,0.0,False,False,57726.0
16,pi_random_exploration,4,5,Q051,random_exploration,0.0540518745625301,0.1024966662011745,5.227505350861071,4.481072782043855,2.0,0.0,0.0,False,False,873.0
16,pi_random_exploration,5,1,Q063,exploitation,0.0387070311287594,0.0126438835295667,10.991528527303188,0.8132166002838906,2.0,0.0,0.0,False,False,38893.0
16,pi_random_exploration,5,2,Q002,exploitation,0.0143681427786806,0.0156896581822281,5.658811544681646,3.09488098781758,5.0,0.0,1.0,True,False,0.0
16,pi_random_exploration,5,3,Q076,exploitation,0.0029432317542908,0.0013125736399141,8.353330443322083,1.4793724243173692,3.0,0.0,1.0,False,False,34391.0
16,pi_random_exploration,5,4,Q074,exploitation,0.0028664589864481,0.0012215646192302,8.513222199191825,1.4168707522596475,3.0,0.0,1.0,False,False,34285.0
16,pi_random_exploration,5,5,Q068,random_exploration,0.0008202006597061,0.0001234734489149,10.691009486201258,0.5515330882847385,4.0,0.0,0.0,False,False,50021.0
16,pi_random_exploration,6,1,Q032,exploitation,0.0060811008285835,0.0062897328148278,4.375641576621744,3.2112666920305037,2.0,1.0,0.0,False,False,0.0
16,pi_random_exploration,6,2,Q029,exploitation,0.000147505135146,9.987555223679923e-06,11.426185694031762,0.2766557919148724,1.0,0.0,0.0,False,False,119441.0
16,pi_random_exploration,6,3,Q058,exploitation,0.0001211035180111,2.9292555258365915e-05,8.759373756596183,0.9994128182752028,5.0,0.0,0.0,False,False,60312.0
16,pi_random_exploration,6,4,Q006,exploitation,8.392986345536433e-05,3.56444270253434e-05,5.689785826270805,1.7905186509993125,6.0,0.0,1.0,True,False,2244.0
16,pi_random_exploration,6,5,Q020,random_exploration,7.295839698929004e-20,2.1877141576966538e-21,9.914938563815708,0.2777084307311823,2.0,0.0,0.0,False,False,101000.0
16,pi_random_exploration,7,1,Q026,exploitation,0.0926925268177765,0.0275919832110906,11.582114624190858,0.6383982502805743,1.0,0.0,0.0,False,False,99186.0
16,pi_random_exploration,7,2,Q049,exploitation,0.0896576533689038,0.0227591624309783,11.691720468065768,0.5479773827626883,1.0,0.0,0.0,False,False,163182.0
16,pi_random_exploration,7,3,Q022,exploitation,0.0485618778640012,0.0177294680002522,10.971358420939271,0.8777920643325784,1.0,0.0,0.0,False,False,114383.0
16,pi_random_exploration,7,4,Q014,exploitation,0.0484632913374976,0.0207254043788514,10.720264711769955,1.0285410061572706,2.0,0.0,0.0,False,False,108381.0
16,pi_random_exploration,7,5,Q037,random_exploration,7.716152795593163e-13,3.205134133097615e-14,10.27230963903024,0.3048237748908699,1.0,0.0,0.0,False,False,76141.0
16,pi_uncertainty,1,1,Q034,exploitation,0.7611460119848397,1.3875467994490291,13.58593901226448,1.6315047150397033,3.0,0.0,0.0,False,False,107033.0
16,pi_uncertainty,1,2,Q052,exploitation,0.7021361768387897,2.1529649122658405,14.016073551637948,2.994024694962204,3.0,0.0,0.0,False,False,81273.0
16,pi_uncertainty,1,3,Q033,exploitation,0.6463692418766948,1.679776245723043,13.454108656157745,2.7334970788277797,3.0,0.0,0.0,False,False,76472.0
16,pi_uncertainty,1,4,Q061,exploitation,0.6307194391231188,1.6478658415429108,13.363196672510092,2.803264576739819,2.0,0.0,0.0,False,False,61305.0
16,pi_uncertainty,1,5,Q094,uncertainty_exploration,0.2237525842361459,0.8120970861478678,7.646120753041678,6.294866442434534,9.0,0.0,1.0,True,False,0.0
16,pi_uncertainty,2,1,Q051,exploitation,0.3146228156969224,0.4090223269093913,11.455576951593844,2.013310187523332,7.0,0.0,0.800000011920929,True,False,873.0
16,pi_uncertainty,2,2,Q074,exploitation,0.2760666493364156,0.3789710747398531,11.103455587330002,2.2270431431129367,3.0,0.0,0.0,False,False,34285.0
16,pi_uncertainty,2,3,Q068,exploitation,0.2219846325751201,0.2548417674213529,10.899774228113966,1.995808113660739,4.0,0.0,0.0,False,False,50021.0
16,pi_uncertainty,2,4,Q049,exploitation,0.2170968378391427,0.0776897229225221,11.937849235978096,0.6262266784132576,1.0,0.0,0.0,False,False,163182.0
16,pi_uncertainty,2,5,Q087,uncertainty_exploration,0.1296910261782459,0.3639534568202696,6.105064385110978,5.605798804408756,10.0,1.0,0.0,True,False,0.0
16,pi_uncertainty,3,1,Q031,exploitation,0.455039790528903,0.466178838379319,12.274980393256648,1.3511852079619655,2.0,0.0,0.0,False,False,62455.0
16,pi_uncertainty,3,2,Q044,exploitation,0.4369300400377714,0.862432079203028,12.005752021746478,2.6570665160004996,3.0,0.0,0.0,False,False,54574.0
16,pi_uncertainty,3,3,Q050,exploitation,0.3465466668977021,0.723665136259772,11.198041585446354,3.115433793584425,2.0,0.0,0.0,False,False,6338.0
16,pi_uncertainty,3,4,Q058,exploitation,0.2328752860304596,0.4141960032630866,10.20443777210926,3.0478624469960622,7.0,0.0,0.0,False,False,60312.0
16,pi_uncertainty,3,5,Q085,uncertainty_exploration,0.1836448400947374,0.640519159398496,6.661207725008078,6.395981852607751,8.0,0.0,1.0,True,False,0.0
16,pi_uncertainty,4,1,Q016,exploitation,0.2397401620199716,0.7502189935954238,8.66937209477897,5.3146702027317625,5.0,0.0,0.4000000059604645,True,False,357.0
16,pi_uncertainty,4,2,Q057,exploitation,0.1748128176163921,0.5901894304309145,6.56103250257094,6.272265470846451,6.0,0.0,0.0,False,False,0.0
16,pi_uncertainty,4,3,Q059,exploitation,0.1424936291664437,0.0298998383170522,11.989086650442475,0.4101207686953597,1.0,0.0,0.0,False,False,128632.0
16,pi_uncertainty,4,4,Q075,exploitation,0.1420688706850226,0.4204781289112788,6.227359622171118,5.78880780858135,6.0,0.0,0.0,False,False,0.0
16,pi_uncertainty,4,5,Q089,uncertainty_exploration,0.08316655565108,0.230801407691254,4.014998154063974,6.078092134242388,7.0,1.0,0.0,True,False,0.0
16,pi_uncertainty,5,1,Q072,exploitation,0.1587194965750692,0.1437571358145682,10.703455067470795,1.724583511534163,4.0,0.0,0.0,False,False,57726.0
16,pi_uncertainty,5,2,Q076,exploitation,0.0471634569734065,0.0208960199934835,10.63717396953712,1.0701761627883677,3.0,0.0,0.4000000059604645,False,False,34391.0
16,pi_uncertainty,5,3,Q019,exploitation,0.0382420000404271,0.0112642599122129,11.12624999021029,0.7346085837821715,2.0,0.0,0.0,False,False,84493.0
16,pi_uncertainty,5,4,Q063,exploitation,0.035771311579829,0.0139571835048682,10.656782220638188,0.9826754537344008,2.0,0.0,0.0,False,False,38893.0
16,pi_uncertainty,5,5,Q088,uncertainty_exploration,0.0017547422387324,0.0019570508573931,1.1583394199132453,3.8604073705979745,10.0,0.0,1.0,True,False,0.0
16,pi_uncertainty,6,1,Q002,exploitation,0.0146765431532652,0.0160105377233576,5.708004772988405,3.084196847100982,5.0,0.0,1.0,True,False,0.0
16,pi_uncertainty,6,2,Q032,exploitation,0.0020514212955026,0.0018021775915947,3.8083047700683887,3.0030808556970663,2.0,1.0,0.0,False,False,0.0
16,pi_uncertainty,6,3,Q029,exploitation,0.0004985018346776,3.423669590420984e-05,11.57069159476922,0.2603441539725169,1.0,0.0,0.0,False,False,119441.0
16,pi_uncertainty,6,4,Q006,exploitation,4.532584617986767e-05,1.7595839155014922e-05,5.8112795695429895,1.6902723322509146,6.0,0.0,1.0,True,False,2244.0
16,pi_uncertainty,6,5,Q014,uncertainty_exploration,3.61182041750315e-09,2.9816004011617204e-10,9.511568027239948,0.5040086000629427,2.0,0.0,0.0,False,False,108381.0
16,pi_uncertainty,7,1,Q022,exploitation,0.1108970574971163,0.0167306648885261,12.04652260932795,0.3118899172981053,1.0,0.0,0.0,False,False,114383.0
16,pi_uncertainty,7,2,Q026,exploitation,0.0241576506233948,0.0027022882189838,11.840356394623758,0.2973913370980953,1.0,0.0,0.0,False,False,99186.0
16,pi_uncertainty,7,3,Q037,exploitation,3.2827600234348307e-21,5.2615069722523113e-23,10.98619998422706,0.1536569957412804,1.0,0.0,0.0,False,False,76141.0
16,pi_uncertainty,7,4,Q073,exploitation,2.978227026242499e-06,2.1773863274749642e-07,10.79878864152623,0.3597212028045244,1.0,0.0,0.0,False,False,31696.0
16,pi_uncertainty,7,5,Q020,uncertainty_exploration,8.015405196030749e-12,2.601316060913913e-13,10.89287547941207,0.2277602951006206,2.0,0.0,0.0,False,False,101000.0
16,imperfection_aware,1,1,Q034,exploitation,0.7611460119848397,1.3875467994490291,13.58593901226448,1.6315047150397033,3.0,0.0,0.0,False,False,107033.0
16,imperfection_aware,1,2,Q052,exploitation,0.7021361768387897,2.1529649122658405,14.016073551637948,2.994024694962204,3.0,0.0,0.0,False,False,81273.0
16,imperfection_aware,1,3,Q033,exploitation,0.6463692418766948,1.679776245723043,13.454108656157745,2.7334970788277797,3.0,0.0,0.0,False,False,76472.0
16,imperfection_aware,1,4,Q061,exploitation,0.6307194391231188,1.6478658415429108,13.363196672510092,2.803264576739819,2.0,0.0,0.0,False,False,61305.0
16,imperfection_aware,1,5,Q050,suspicious_exploration,0.2895144146255895,0.6194419800440322,10.533162860736637,3.4145723487378814,8.0,0.0,1.0,True,False,6338.0
16,imperfection_aware,2,1,Q031,exploitation,0.5482872919307213,0.6615538514566496,12.601121103008689,1.4302536411481452,2.0,0.0,0.0,False,False,62455.0
16,imperfection_aware,2,2,Q044,exploitation,0.347547525816704,0.6928871560981338,11.263135696943776,2.970900988049275,3.0,0.0,0.0,False,False,54574.0
16,imperfection_aware,2,3,Q057,exploitation,0.2465927649980631,0.935138353624211,8.052956135037808,6.383973852295935,6.0,0.0,0.0,False,False,0.0
16,imperfection_aware,2,4,Q051,exploitation,0.2465927617864162,0.93513833759711,8.05295607004367,6.383973852295882,2.0,0.0,0.0,False,False,873.0
16,imperfection_aware,2,5,Q094,suspicious_exploration,0.246412430165449,0.934237681517334,8.049310194243324,6.383967706886378,9.0,0.0,1.0,True,False,0.0
16,imperfection_aware,3,1,Q072,exploitation,0.1463057716057483,0.1762799106822545,9.964732192418944,2.340199051300964,4.0,0.0,0.0,False,False,57726.0
16,imperfection_aware,3,2,Q019,exploitation,0.1407632744589729,0.0559433457093408,11.588657568768856,0.7790194057536093,2.0,0.0,0.0,False,False,84493.0
16,imperfection_aware,3,3,Q059,exploitation,0.1123415904205257,0.0232609605132462,11.9092836633423,0.4268739253657541,1.0,0.0,0.0,False,False,128632.0
16,imperfection_aware,3,4,Q076,exploitation,0.1014614036648102,0.1097438961239737,9.527194760140212,2.277906175405544,3.0,0.0,0.0,False,False,34391.0
16,imperfection_aware,3,5,Q016,suspicious_exploration,0.2310380180654762,0.7256016329017348,8.46007311259648,5.394793921248093,5.0,0.0,0.2000000029802322,True,False,357.0
16,imperfection_aware,4,1,Q063,exploitation,0.044768393606749,0.0158319742119464,10.965425169799934,0.8611825783269073,2.0,0.0,0.0,False,False,38893.0
16,imperfection_aware,4,2,Q074,exploitation,0.0200092468734212,0.0081944137305544,10.137155369728768,1.1153448952393092,3.0,0.0,0.0,False,False,34285.0
16,imperfection_aware,4,3,Q032,exploitation,0.0034937049727257,0.003447159444621,3.7292660150770423,3.2246510865222744,2.0,1.0,0.0,False,False,0.0
16,imperfection_aware,4,4,Q068,exploitation,0.0031168577269906,0.0005290637399685,10.895011239583566,0.5603078586417528,4.0,0.0,0.0,False,False,50021.0
16,imperfection_aware,4,5,Q085,suspicious_exploration,0.1877950699234725,0.6436749422084691,6.89173199402112,6.24777790979583,8.0,0.0,1.0,True,False,0.0
16,imperfection_aware,5,1,Q029,exploitation,0.0011992428822836,9.842892965267257e-05,11.539549684365369,0.2925135876677437,1.0,0.0,0.0,False,False,119441.0
16,imperfection_aware,5,2,Q058,exploitation,0.0001177613053323,2.9325263071258592e-05,8.637763787145467,1.0305390969493338,5.0,0.0,0.0,False,False,60312.0
16,imperfection_aware,5,3,Q073,exploitation,0.0002176479120556,2.2063988006065154e-05,11.003360120981167,0.4048720990776807,1.0,0.0,0.0,False,False,31696.0
16,imperfection_aware,5,4,Q037,exploitation,1.3694541508049171e-24,2.1700853185738472e-26,10.758239647357277,0.1641666993131174,1.0,0.0,0.0,False,False,76141.0
16,imperfection_aware,5,5,Q089,suspicious_exploration,0.1357551658069241,0.4445742029260345,5.309272949873961,6.473595473591975,7.0,1.0,0.0,True,False,0.0
16,imperfection_aware,6,1,Q049,exploitation,0.0306851166958078,0.0034817630747172,11.881162192014768,0.2920745950748185,1.0,0.0,0.0,False,False,163182.0
16,imperfection_aware,6,2,Q026,exploitation,0.0010286001072516,0.000127764649122,11.047748792057725,0.447728792111477,1.0,0.0,0.0,False,False,99186.0
16,imperfection_aware,6,3,Q022,exploitation,0.0009384456067305,0.0001330437006676,10.828191927013746,0.5144298633806828,1.0,0.0,0.0,False,False,114383.0
16,imperfection_aware,6,4,Q020,exploitation,2.647118423807254e-10,1.3942851791961618e-11,10.297912960365254,0.3429347560850421,2.0,0.0,0.0,False,False,101000.0
16,imperfection_aware,6,5,Q087,suspicious_exploration,0.0424941456608501,0.103559089275079,2.1232827263980383,5.982354543153883,8.0,1.0,0.0,True,False,0.0
16,imperfection_aware,7,1,Q014,exploitation,8.463556478661859e-05,1.0676728412120135e-05,10.428225313130392,0.5316095448875064,2.0,0.0,0.0,False,True,108381.0
16,imperfection_aware,7,2,Q002,exploitation,0.0343160562564078,0.0420020750509226,6.780862279631939,3.1011716935658793,5.0,0.0,1.0,True,True,0.0
16,imperfection_aware,7,3,Q075,exploitation,0.0025104592752132,0.0029143271281501,1.476829887452161,3.9030528181864974,6.0,0.0,1.0,True,True,0.0
16,imperfection_aware,7,4,Q088,exploitation,0.0008777582060541,0.0008971669020921,0.7677192368917725,3.726683748928704,10.0,0.0,1.0,True,True,0.0
16,imperfection_aware,7,5,Q006,suspicious_exploration,0.0002208993487056,9.117345993849414e-05,6.640636540314619,1.6469341254565155,6.0,0.0,1.0,True,True,2244.0
17,random,1,1,Q053,random,0.0376356009463316,0.0074889921884647,11.366882604660733,0.497443364592206,2.0,0.0,0.0,False,False,110908.0
17,random,1,2,Q026,random,0.0988417257981265,0.0303349722902337,11.41469176759368,0.649790762837778,1.0,0.0,0.0,False,False,99186.0
17,random,1,3,Q010,random,6.861053168412213e-08,1.3320609645273671e-08,6.507603020649327,1.090190160283414,4.0,0.0,0.0,False,False,0.0
17,random,1,4,Q066,random,0.0025512476514597,0.0009701031533426,8.67626443243084,1.2767313744851974,3.0,0.0,0.0,False,False,82233.0
17,random,1,5,Q017,random,0.6642347062962765,0.4263174689272683,12.53145010940632,0.6596209341081064,2.0,0.0,0.0,False,False,247107.0
17,random,2,1,Q081,random,0.0890784479033044,0.1852104980406507,6.376592669863601,4.494025457483947,8.0,0.0,1.0,True,False,0.0
17,random,2,2,Q004,random,0.0162123499629884,0.0212808098145436,4.581512193228751,3.66786898203632,8.0,1.0,0.0,True,False,0.0
17,random,2,3,Q003,random,0.1260443278663265,0.3139626225437001,6.692200100389689,5.007793602388657,7.0,1.0,0.0,True,False,0.0
17,random,2,4,Q035,random,0.0626353272858328,0.0559873894488081,9.268610754161683,2.060617430304845,3.0,0.0,0.0,False,False,50709.0
17,random,2,5,Q038,random,0.0954355078812943,0.0430551836015504,11.169347689484326,0.9619469211402109,2.0,0.0,0.0,False,False,80348.0
17,random,3,1,Q084,random,0.0003347899653588,0.0003159911182911,-0.060621597970087,3.671120562030755,6.0,0.0,1.0,True,False,0.0
17,random,3,2,Q013,random,0.0478766503983441,0.0401997303026187,9.05710357808142,2.02333872149737,4.0,0.0,1.0,False,False,2639.0
17,random,3,3,Q037,random,9.208356335473007e-17,4.6570215836435476e-18,8.903355199552378,0.4281147433334376,1.0,0.0,0.0,False,False,76141.0
17,random,3,4,Q091,random,0.0051403642792291,0.0071480560737246,1.1683364837545556,4.387445693627784,7.0,0.0,1.0,True,False,0.0
17,random,3,5,Q064,random,0.2981291522042113,0.8452579691390224,10.055224637847392,4.477927235059222,8.0,0.0,0.0,False,False,45673.0
17,random,4,1,Q005,random,0.3033131209954272,0.7185928513740566,10.512861031583489,3.71865899086113,10.0,0.0,1.0,True,False,42083.0
17,random,4,2,Q019,random,0.3697712228026365,0.5010434068677176,11.773208085415977,1.9682788981970016,7.0,0.0,0.0,False,False,84493.0
17,random,4,3,Q057,random,0.024317555280392,0.0367219152548799,4.518265036287654,4.011263539662705,5.0,0.0,1.0,True,False,0.0
17,random,4,4,Q025,random,3.230722215851896e-07,6.573244867716624e-08,7.02019632663983,1.0864989651628905,1.0,0.0,0.0,False,False,51808.0
17,random,4,5,Q072,random,0.3558156645420972,0.5607799807907892,11.567628262548212,2.3262955825555327,4.0,0.0,0.0,False,False,57726.0
17,random,5,1,Q046,random,0.2731479358861127,0.0699922450315397,12.175871813975968,0.417206422670494,1.0,0.0,0.0,False,False,58386.0
17,random,5,2,Q034,random,0.1136621264348525,0.0321250981439441,11.725860137835204,0.5812408988113774,2.0,0.0,0.0,False,False,107033.0
17,random,5,3,Q094,random,0.0391119570121238,0.0787524162109791,3.613477667784625,5.004925963584107,9.0,0.0,1.0,True,False,0.0
17,random,5,4,Q009,random,0.8440189495036725,3.015191635464214,15.217692406137694,2.7594445022670873,5.0,0.0,1.0,True,False,3295.0
17,random,5,5,Q070,random,0.3448449765186218,0.7870389251058157,11.06537284710616,3.411696172873245,5.0,0.0,0.0,False,False,14174.0
17,random,6,1,Q088,random,0.0341138009980152,0.0618529084593287,4.043474984084752,4.597808003275794,11.0,0.0,1.0,True,False,0.0
17,random,6,2,Q093,random,0.0558958790989405,0.1218389958412477,4.2817565491072305,5.122544530477872,11.0,0.800000011920929,0.2000000029802322,True,False,0.0
17,random,6,3,Q074,random,0.3622609555230016,0.4905468644791357,11.728379153051495,1.9839904816588956,3.0,0.0,0.0,False,False,34285.0
17,random,6,4,Q007,random,0.081395598224603,0.1143449001799937,8.115691417970485,3.0893095137543325,6.0,0.0,0.0,False,False,0.0
17,random,6,5,Q060,random,0.1278532936930717,0.0700841812590125,11.17899943322352,1.0985255011875927,2.0,0.0,0.0,False,False,43612.0
17,random,7,1,Q041,random,0.0003610790359231,7.748558542162889e-05,9.619019513186853,0.8306832196078511,2.0,0.0,0.0,False,False,155410.0
17,random,7,2,Q087,random,0.0139342329474458,0.0244917659016745,1.433537577599668,4.999262498091178,8.0,1.0,0.0,True,False,0.0
17,random,7,3,Q029,random,0.2649930251152894,0.2422063836332124,11.483466311589863,1.503301594895868,2.0,0.0,0.0,False,False,119441.0
17,random,7,4,Q045,random,9.548492267332463e-05,1.1177592208303112e-05,10.599220869613974,0.4900886439542946,2.0,0.0,0.0,False,False,104181.0
17,random,7,5,Q001,random,0.0590771544993996,0.1274500754318761,4.578558347930495,5.023156683924158,7.0,0.2000000029802322,0.800000011920929,True,False,4553.0
17,gp_m52_pi,1,1,Q017,exploitation,0.6642347062962765,0.4263174689272683,12.53145010940632,0.6596209341081064,2.0,0.0,0.0,False,False,247107.0
17,gp_m52_pi,1,2,Q034,exploitation,0.5812671604214744,0.5522007720326196,12.473903993622486,1.0830120306905402,5.0,0.0,0.0,False,False,107033.0
17,gp_m52_pi,1,3,Q019,exploitation,0.5242016665563628,0.6155780383996597,12.33863266740118,1.431483725873329,7.0,0.0,0.0,False,False,84493.0
17,gp_m52_pi,1,4,Q005,exploitation,0.420624603013116,0.921735020177811,11.649921337629747,3.004643516886031,10.0,0.0,0.0,False,False,42083.0
17,gp_m52_pi,1,5,Q029,exploitation,0.3715381190728878,0.2079542035988607,11.985778541267376,0.8113934025265845,2.0,0.0,0.0,False,False,119441.0
17,gp_m52_pi,2,1,Q060,exploitation,0.3024701722176489,0.1126885809985462,12.124763988349494,0.585369037312414,2.0,0.0,0.0,False,False,43612.0
17,gp_m52_pi,2,2,Q074,exploitation,0.2977489988806946,0.3065992793686853,11.563782377539674,1.6270892452133885,3.0,0.0,0.0,False,False,34285.0
17,gp_m52_pi,2,3,Q064,exploitation,0.2356803751309151,0.4384094467639829,10.140032277030764,3.1759738656503615,7.0,0.0,0.0,False,False,45673.0
17,gp_m52_pi,2,4,Q046,exploitation,0.219578757083615,0.0558528632976194,12.08437729097674,0.4436350606442764,2.0,0.0,0.0,False,False,58386.0
17,gp_m52_pi,2,5,Q009,exploitation,0.0739525494968889,0.0470576135367094,10.366497938092634,1.424412167744525,5.0,0.0,0.0,False,False,3295.0
17,gp_m52_pi,3,1,Q001,exploitation,0.1127638929657132,0.1787919909601339,8.46907815494401,3.2661997158587592,7.0,0.0,0.0,False,False,4553.0
17,gp_m52_pi,3,2,Q003,exploitation,0.1029221262905656,0.2246765015721126,6.628660101722847,4.583853305859701,7.0,1.0,0.0,True,False,0.0
17,gp_m52_pi,3,3,Q038,exploitation,0.0672523129515037,0.0138146761384308,11.727612397462783,0.4677144218353895,2.0,0.0,0.0,False,False,80348.0
17,gp_m52_pi,3,4,Q026,exploitation,0.0511509248183947,0.0149993044522435,11.285237930047428,0.6991958359236045,1.0,0.0,0.0,False,False,99186.0
17,gp_m52_pi,3,5,Q072,exploitation,0.0506893726685715,0.0352477233392878,9.707398412647876,1.6604642450375569,4.0,0.0,0.0,False,False,57726.0
17,gp_m52_pi,4,1,Q070,exploitation,0.0348625180530311,0.0220108335218331,9.532861869799833,1.596035953342129,5.0,0.0,0.0,False,False,14174.0
17,gp_m52_pi,4,2,Q041,exploitation,0.0322363884179167,0.0189181857044128,9.653851332025395,1.5002081610592686,2.0,0.0,0.0,False,False,155410.0
17,gp_m52_pi,4,3,Q088,exploitation,0.0245402155989652,0.0371470712593299,4.524372359810594,4.016077716949434,14.0,0.0,1.0,True,False,0.0
17,gp_m52_pi,4,4,Q004,exploitation,0.0165822373343413,0.0214801223537061,4.738169771708751,3.609905552131868,8.0,1.0,0.0,True,False,0.0
17,gp_m52_pi,4,5,Q013,exploitation,0.0146273239707256,0.0084537404134093,8.8640722541063,1.6346084702441914,4.0,0.0,0.0,False,False,2639.0
17,gp_m52_pi,5,1,Q053,exploitation,0.0512471126604156,0.0139708842545953,11.36647587300103,0.6498363977110931,1.0,0.0,0.0,False,False,110908.0
17,gp_m52_pi,5,2,Q081,exploitation,0.021118423884535,0.0223060381757907,6.624189019331885,2.8571543771955543,8.0,0.0,1.0,True,False,0.0
17,gp_m52_pi,5,3,Q066,exploitation,0.0188972452794507,0.009250347181417,9.638773836399777,1.3426596495848542,3.0,0.0,0.0,False,False,82233.0
17,gp_m52_pi,5,4,Q045,exploitation,0.0073314700770879,0.001618460533061,10.785507668920127,0.6728157010599587,2.0,0.0,0.0,False,False,104181.0
17,gp_m52_pi,5,5,Q057,exploitation,0.0066223766315801,0.0055160104062872,6.074958103920557,2.5645200223035403,5.0,0.0,1.0,True,False,0.0
17,gp_m52_pi,6,1,Q035,exploitation,0.0054088857248594,0.0013657140961038,10.40705646431726,0.792819240364381,3.0,0.0,0.0,False,False,50709.0
17,gp_m52_pi,6,2,Q094,exploitation,0.0053011748047518,0.0065117723344253,2.552017123822414,3.864376109077519,10.0,0.0,1.0,True,False,0.0
17,gp_m52_pi,6,3,Q007,exploitation,0.0052824083598767,0.0032708241684645,7.445443103356164,1.9486039121930976,6.0,0.0,0.0,False,False,0.0
17,gp_m52_pi,6,4,Q093,exploitation,0.0019786523616103,0.0025400189697453,-0.2542502559917814,4.401052264026301,12.0,0.0,1.0,True,False,0.0
17,gp_m52_pi,6,5,Q087,exploitation,0.0004764149621396,0.0004996217159512,-0.746844271128138,3.98730019523574,8.0,1.0,0.0,True,False,0.0
17,gp_m52_pi,7,1,Q010,exploitation,3.783769065225564e-08,8.093292675280916e-09,5.851546438959339,1.222959742897534,4.0,0.800000011920929,0.0,False,False,0.0
17,gp_m52_pi,7,2,Q025,exploitation,3.68306581911883e-06,7.375707086640192e-07,8.048162339940824,0.9769327096827988,1.0,0.0,0.0,False,False,51808.0
17,gp_m52_pi,7,3,Q037,exploitation,1.0224705167150473e-07,1.2193425463097094e-08,8.991764439501486,0.6613437133850937,1.0,0.0,0.0,False,False,76141.0
17,gp_m52_pi,7,4,Q084,exploitation,7.350734995466621e-05,5.95559688592001e-05,-0.6316145967690261,3.4401984748664107,6.0,0.0,1.0,True,False,0.0
17,gp_m52_pi,7,5,Q091,exploitation,5.843731534585882e-05,4.593265217025914e-05,-0.5864918444409337,3.3780054503475596,7.0,0.0,1.0,True,False,0.0
17,gp_m52_ei,1,1,Q005,exploitation,0.420624603013116,0.921735020177811,11.649921337629747,3.004643516886031,10.0,0.0,0.0,False,False,42083.0
17,gp_m52_ei,1,2,Q019,exploitation,0.5242016665563628,0.6155780383996597,12.33863266740118,1.431483725873329,7.0,0.0,0.0,False,False,84493.0
17,gp_m52_ei,1,3,Q034,exploitation,0.5812671604214744,0.5522007720326196,12.473903993622486,1.0830120306905402,5.0,0.0,0.0,False,False,107033.0
17,gp_m52_ei,1,4,Q064,exploitation,0.2703296336842549,0.5358553237188995,10.270266549526143,3.2386718747352776,8.0,0.0,0.0,False,False,45673.0
17,gp_m52_ei,1,5,Q017,exploitation,0.6642347062962765,0.4263174689272683,12.53145010940632,0.6596209341081064,2.0,0.0,0.0,False,False,247107.0
17,gp_m52_ei,2,1,Q074,exploitation,0.3101719674652153,0.306948574972434,11.664391705322384,1.5406663831197276,3.0,0.0,0.0,False,False,34285.0
17,gp_m52_ei,2,2,Q003,exploitation,0.0679260926521451,0.1263323938734274,6.122944838865762,4.22728059769032,7.0,1.0,0.0,True,False,0.0
17,gp_m52_ei,2,3,Q060,exploitation,0.2623001598278944,0.0941727570121652,12.050594774033035,0.5924935482366886,2.0,0.0,0.0,False,False,43612.0
17,gp_m52_ei,2,4,Q088,exploitation,0.0436663295263156,0.0833831396885109,4.446923516817147,4.668036644009682,14.0,0.0,1.0,True,False,0.0
17,gp_m52_ei,2,5,Q001,exploitation,0.0492872928821169,0.0659548825842448,7.125612908453614,3.2098051606899425,7.0,0.0,0.0,False,False,4553.0
17,gp_m52_ei,3,1,Q029,exploitation,0.1661718443328896,0.0700435940889957,11.658466855687296,0.793388474897753,2.0,0.0,0.0,False,False,119441.0
17,gp_m52_ei,3,2,Q009,exploitation,0.06592642457488,0.0401284950721296,10.331898705330442,1.3907836512592031,5.0,0.0,0.0,False,False,3295.0
17,gp_m52_ei,3,3,Q072,exploitation,0.0431268365553419,0.0292869991576873,9.57426745278595,1.6632550392705454,4.0,0.0,0.0,False,False,57726.0
17,gp_m52_ei,3,4,Q070,exploitation,0.0329865890483277,0.0213075477776902,9.40144667994434,1.6458851489771351,5.0,0.0,0.0,False,False,14174.0
17,gp_m52_ei,3,5,Q041,exploitation,0.0318064818884443,0.017833296457521,9.763958769903631,1.436005546115148,2.0,0.0,0.0,False,False,155410.0
17,gp_m52_ei,4,1,Q004,exploitation,0.0178438630075194,0.0234593693569055,4.799729117700001,3.631501658574814,8.0,1.0,0.0,True,False,0.0
17,gp_m52_ei,4,2,Q007,exploitation,0.0217141004768329,0.01463799176744,8.757841197280957,1.81709122198345,7.0,0.0,0.0,False,False,0.0
17,gp_m52_ei,4,3,Q081,exploitation,0.011936121952371,0.0116167189553165,6.063342411939099,2.8170578615949657,8.0,0.0,1.0,True,False,0.0
17,gp_m52_ei,4,4,Q038,exploitation,0.0593517928002561,0.0111021300315061,11.74856597016144,0.4351994250199085,2.0,0.0,0.0,False,False,80348.0
17,gp_m52_ei,4,5,Q013,exploitation,0.0347850997387655,0.0108790229190277,10.992404127871538,0.790862145925815,4.0,0.0,0.0,False,False,2639.0
17,gp_m52_ei,5,1,Q057,exploitation,0.0516994146187005,0.0688124744125438,7.267847059816756,3.168212104363561,5.0,0.0,1.0,True,False,0.0
17,gp_m52_ei,5,2,Q046,exploitation,0.2415045663130522,0.0672646550463717,12.096518810809318,0.4719538809534094,2.0,0.0,0.0,False,False,58386.0
17,gp_m52_ei,5,3,Q093,exploitation,0.021744829483759,0.039133001487748,2.6354513348041175,4.850046192696723,12.0,0.0,1.0,True,False,0.0
17,gp_m52_ei,5,4,Q094,exploitation,0.0185256524728362,0.0306352569162842,2.946380281608854,4.54690593453359,10.0,0.0,1.0,True,False,0.0
17,gp_m52_ei,5,5,Q087,exploitation,0.0140419278211005,0.0231778448546948,2.1264526526928593,4.690618410405224,8.0,1.0,0.0,True,False,0.0
17,gp_m52_ei,6,1,Q026,exploitation,0.0289049700914491,0.0078521767765029,11.089981252717966,0.7050623903241378,1.0,0.0,0.0,False,False,99186.0
17,gp_m52_ei,6,2,Q066,exploitation,0.0100519387455156,0.0050087637690817,9.011544982045992,1.4696397448225396,3.0,0.0,0.0,False,False,82233.0
17,gp_m52_ei,6,3,Q053,exploitation,0.0096791592148734,0.0015543366546158,11.315488583157284,0.4755461116178689,1.0,0.0,0.0,False,False,110908.0
17,gp_m52_ei,6,4,Q091,exploitation,0.0001179265807773,9.812505516189404e-05,-0.2335008324235739,3.4431766796710677,7.0,0.0,1.0,True,False,0.0
17,gp_m52_ei,6,5,Q084,exploitation,6.486803383584594e-05,5.2559923050086e-05,-0.8261333894062535,3.46324950241536,6.0,0.0,1.0,True,False,0.0
17,gp_m52_ei,7,1,Q010,exploitation,3.88383101172727e-08,8.349871565738441e-09,5.828785072705454,1.228267037263097,4.0,1.0,0.0,False,False,0.0
17,gp_m52_ei,7,2,Q025,exploitation,7.478102650333026e-06,1.5768272058243329e-06,8.104228775873146,0.9986186333925768,1.0,0.0,0.0,False,False,51808.0
17,gp_m52_ei,7,3,Q035,exploitation,3.0146651004914455e-05,3.6080094549941577e-06,10.294308041462294,0.5317680823494418,3.0,0.0,0.0,False,False,50709.0
17,gp_m52_ei,7,4,Q037,exploitation,1.0236481464373431e-09,9.700541184018682e-11,8.846722606378085,0.5974061714524754,1.0,0.0,0.0,False,False,76141.0
17,gp_m52_ei,7,5,Q045,exploitation,9.243652593135582e-05,1.1010161821722165e-05,10.559837794571672,0.4995517693353907,2.0,0.0,0.0,False,False,104181.0
17,pi_random_exploration,1,1,Q017,exploitation,0.6642347062962765,0.4263174689272683,12.53145010940632,0.6596209341081064,2.0,0.0,0.0,False,False,247107.0
17,pi_random_exploration,1,2,Q034,exploitation,0.5812671604214744,0.5522007720326196,12.473903993622486,1.0830120306905402,5.0,0.0,0.0,False,False,107033.0
17,pi_random_exploration,1,3,Q019,exploitation,0.5242016665563628,0.6155780383996597,12.33863266740118,1.431483725873329,7.0,0.0,0.0,False,False,84493.0
17,pi_random_exploration,1,4,Q005,exploitation,0.420624603013116,0.921735020177811,11.649921337629747,3.004643516886031,10.0,0.0,0.0,False,False,42083.0
17,pi_random_exploration,1,5,Q001,random_exploration,0.0591921492540656,0.0829306535879615,7.1592286386483135,3.261103150888795,7.0,0.0,0.0,False,False,4553.0
17,pi_random_exploration,2,1,Q074,exploitation,0.2936612196551507,0.2911541969100247,11.57314255667061,1.5743621738566027,3.0,0.0,0.0,False,False,34285.0
17,pi_random_exploration,2,2,Q060,exploitation,0.2509183721476842,0.0884808080697596,12.031096743205838,0.5903551354441531,2.0,0.0,0.0,False,False,43612.0
17,pi_random_exploration,2,3,Q064,exploitation,0.1916721232273691,0.3233568680453011,9.761676365334894,3.0581031593223735,7.0,0.0,0.0,False,False,45673.0
17,pi_random_exploration,2,4,Q046,exploitation,0.1717942222134003,0.0415001095198861,12.000602068094606,0.4508280511211522,2.0,0.0,0.0,False,False,58386.0
17,pi_random_exploration,2,5,Q057,random_exploration,0.0092853703438409,0.0076425545599653,6.664546407621679,2.448148984452855,5.0,0.0,1.0,True,False,0.0
17,pi_random_exploration,3,1,Q029,exploitation,0.1425907944676552,0.0668494033586108,11.44842626552187,0.9161665359580152,2.0,0.0,0.0,False,False,119441.0
17,pi_random_exploration,3,2,Q003,exploitation,0.1136255526022798,0.2594603520664821,6.756982818381557,4.696263172556459,7.0,1.0,0.0,True,False,0.0
17,pi_random_exploration,3,3,Q072,exploitation,0.066648601115312,0.0455275939364746,10.088926337481404,1.557830027726078,4.0,0.0,0.0,False,False,57726.0
17,pi_random_exploration,3,4,Q009,exploitation,0.0654973987240805,0.0390766069187159,10.366539834242618,1.364755506717466,5.0,0.0,0.0,False,False,3295.0
17,pi_random_exploration,3,5,Q053,random_exploration,0.0001309758543916,1.1219786697828194e-05,11.141266842164445,0.3523874682992087,1.0,0.0,0.0,False,False,110908.0
17,pi_random_exploration,4,1,Q010,exploitation,0.7652963440673569,1.4115407853149535,13.61397291763764,1.6399231874966709,4.0,0.2000000029802322,0.0,False,False,0.0
17,pi_random_exploration,4,2,Q070,exploitation,0.2938360234593699,0.6398847859000089,10.553005161766992,3.4572703739271216,5.0,0.0,0.0,False,False,14174.0
17,pi_random_exploration,4,3,Q093,exploitation,0.178449301751223,0.6076353527723131,6.6307934549504814,6.292027529517567,12.0,0.0,1.0,True,False,0.0
17,pi_random_exploration,4,4,Q094,exploitation,0.1694816597572806,0.5660206039586912,6.446882695477381,6.254549773777547,10.0,0.0,1.0,True,False,0.0
17,pi_random_exploration,4,5,Q007,random_exploration,0.1321158076067145,0.1985416493690242,9.090206053083865,2.9892866361607617,7.0,0.0,0.0,False,False,0.0
17,pi_random_exploration,5,1,Q038,exploitation,0.3201552578040071,0.1908409761292115,11.99904098722608,0.9171242523460492,2.0,0.0,0.0,False,False,80348.0
17,pi_random_exploration,5,2,Q081,exploitation,0.1681518726194351,0.391077307064367,8.231240421723378,4.364394904961062,8.0,0.0,1.0,True,False,0.0
17,pi_random_exploration,5,3,Q066,exploitation,0.1199118905707584,0.098939762734375,10.456093341356944,1.677251598772935,3.0,0.0,0.0,False,False,82233.0
17,pi_random_exploration,5,4,Q035,exploitation,0.0995115874004652,0.1033352471860537,9.607706548936063,2.1955831090364573,3.0,0.0,0.0,False,False,50709.0
17,pi_random_exploration,5,5,Q041,random_exploration,0.0298905207883309,0.0220305353455281,8.843242732497757,1.904126875215568,2.0,0.0,0.0,False,False,155410.0
17,pi_random_exploration,6,1,Q088,exploitation,0.0539990523030408,0.1168024749570517,4.210760167090149,5.1123267612612855,12.0,0.0,1.0,True,False,0.0
17,pi_random_exploration,6,2,Q004,exploitation,0.0410417492263234,0.0738069797791902,4.711303797677202,4.4378989474256025,8.0,1.0,0.0,True,False,0.0
17,pi_random_exploration,6,3,Q026,exploitation,0.0367412756624647,0.0113113256757219,11.045217983430538,0.7723465684704864,1.0,0.0,0.0,False,False,99186.0
17,pi_random_exploration,6,4,Q087,exploitation,0.013788224197936,0.0243650970965572,1.3404220263299529,5.032161506016285,8.0,1.0,0.0,True,False,0.0
17,pi_random_exploration,6,5,Q091,random_exploration,0.0021281432897567,0.002395677174944,1.4602950782899518,3.836707085026785,7.0,0.0,1.0,True,False,0.0
17,pi_random_exploration,7,1,Q084,exploitation,0.0010582031393437,0.0011214092953169,0.7120393627912298,3.811926133239734,6.0,0.0,1.0,True,False,0.0
17,pi_random_exploration,7,2,Q013,exploitation,0.0010535448576125,0.0002983618813567,9.29441105839494,1.0190138529894663,4.0,0.0,1.0,False,False,2639.0
17,pi_random_exploration,7,3,Q045,exploitation,2.112767049672647e-05,2.2058026021372677e-06,10.49543558679333,0.4718546614248793,2.0,0.0,0.0,False,False,104181.0
17,pi_random_exploration,7,4,Q037,exploitation,3.3956179038895334e-11,3.0110143297480565e-12,8.48548897698506,0.6041337880873949,1.0,0.0,0.0,False,False,76141.0
17,pi_random_exploration,7,5,Q025,random_exploration,1.1630651061439247e-07,2.3310963737741892e-08,6.703301893547852,1.10695670080066,1.0,0.0,0.0,False,False,51808.0
17,pi_uncertainty,1,1,Q017,exploitation,0.6642347062962765,0.4263174689272683,12.53145010940632,0.6596209341081064,2.0,0.0,0.0,False,False,247107.0
17,pi_uncertainty,1,2,Q034,exploitation,0.5812671604214744,0.5522007720326196,12.473903993622486,1.0830120306905402,5.0,0.0,0.0,False,False,107033.0
17,pi_uncertainty,1,3,Q019,exploitation,0.5242016665563628,0.6155780383996597,12.33863266740118,1.431483725873329,7.0,0.0,0.0,False,False,84493.0
17,pi_uncertainty,1,4,Q005,exploitation,0.420624603013116,0.921735020177811,11.649921337629747,3.004643516886031,10.0,0.0,0.0,False,False,42083.0
17,pi_uncertainty,1,5,Q088,uncertainty_exploration,0.0485180097636777,0.0957390459139443,4.377839110860457,4.7450396458327,14.0,0.0,1.0,True,False,0.0
17,pi_uncertainty,2,1,Q060,exploitation,0.2955890601393681,0.110480718299675,12.109530216385966,0.5921300400792552,2.0,0.0,0.0,False,False,43612.0
17,pi_uncertainty,2,2,Q064,exploitation,0.2109516773785798,0.3750075579148064,9.908257008130718,3.1369070278740603,7.0,0.0,0.0,False,False,45673.0
17,pi_uncertainty,2,3,Q046,exploitation,0.2113726861729287,0.0538388005393789,12.067470361084515,0.4492017529099318,2.0,0.0,0.0,False,False,58386.0
17,pi_uncertainty,2,4,Q074,exploitation,0.2109220760416472,0.1860294606690605,11.1774380631863,1.556402294512924,3.0,0.0,0.0,False,False,34285.0
17,pi_uncertainty,2,5,Q087,uncertainty_exploration,0.002238464248266,0.0027799917156798,0.445722829990042,4.215338500668948,8.0,1.0,0.0,True,False,0.0
17,pi_uncertainty,3,1,Q029,exploitation,0.1678484765081737,0.0753324042067951,11.616395512082264,0.8426127922847503,2.0,0.0,0.0,False,False,119441.0
17,pi_uncertainty,3,2,Q001,exploitation,0.101879381159444,0.1551009633529153,8.356259960700553,3.203455511566182,7.0,0.0,0.0,False,False,4553.0
17,pi_uncertainty,3,3,Q003,exploitation,0.0877796195571537,0.1839428025327366,6.274857511070195,4.542245434214168,7.0,0.6000000238418579,0.4000000059604645,True,False,0.0
17,pi_uncertainty,3,4,Q038,exploitation,0.0685267150091866,0.0142968501178305,11.723610035430552,0.4734633184497445,2.0,0.0,0.0,False,False,80348.0
17,pi_uncertainty,3,5,Q093,uncertainty_exploration,0.0015693353504369,0.0017293987097568,1.0616737652690782,3.847867238249467,12.0,0.6000000238418579,0.4000000059604645,True,False,0.0
17,pi_uncertainty,4,1,Q009,exploitation,0.0562200350216693,0.0315459081494873,10.336461348552644,1.31738952026294,5.0,0.0,0.0,False,False,3295.0
17,pi_uncertainty,4,2,Q026,exploitation,0.0360718172482614,0.0093186528749995,11.259038405767065,0.6498361965724377,1.0,0.0,0.0,False,False,99186.0
17,pi_uncertainty,4,3,Q041,exploitation,0.0304372838862629,0.0168937706117946,9.746581299117675,1.4303199548171244,2.0,0.0,0.0,False,False,155410.0
17,pi_uncertainty,4,4,Q072,exploitation,0.0282062403111234,0.0167075669365564,9.484706706338557,1.5425198123854498,4.0,0.0,0.0,False,False,57726.0
17,pi_uncertainty,4,5,Q094,uncertainty_exploration,0.0027501872263295,0.0028002156270114,2.9964611621178294,3.3971715395850683,10.0,0.0,1.0,True,False,0.0
17,pi_uncertainty,5,1,Q013,exploitation,0.0328669703625272,0.0100115371741863,10.998550073819526,0.7765485040963312,4.0,0.0,0.0,False,False,2639.0
17,pi_uncertainty,5,2,Q070,exploitation,0.0285652709383274,0.0175503298430765,9.38920560705914,1.5972023336112493,5.0,0.0,0.0,False,False,14174.0
17,pi_uncertainty,5,3,Q007,exploitation,0.0162894438451437,0.0100126455552424,8.758805897063429,1.7165987720860774,7.0,0.0,0.0,False,False,0.0
17,pi_uncertainty,5,4,Q004,exploitation,0.0117133217100252,0.0140655362306108,4.533565729121107,3.483056928743332,8.0,1.0,0.0,True,False,0.0
17,pi_uncertainty,5,5,Q084,uncertainty_exploration,0.0012497843405232,0.0010806561126849,3.139291941622835,3.0721400861938783,11.0,0.0,1.0,True,False,0.0
17,pi_uncertainty,6,1,Q057,exploitation,0.0250816342829891,0.0285222812569622,6.5354326126023405,3.008394283743532,5.0,0.0,1.0,True,False,0.0
17,pi_uncertainty,6,2,Q053,exploitation,0.0135669926441482,0.0022578522027862,11.378467254331651,0.4748011809425795,1.0,0.0,0.0,False,False,110908.0
17,pi_uncertainty,6,3,Q066,exploitation,0.0062519545312533,0.0028039372048069,8.959197239959614,1.3886895411817153,3.0,0.0,0.0,False,False,82233.0
17,pi_uncertainty,6,4,Q081,exploitation,0.0023347652525713,0.0018528275021861,4.83380760125309,2.684271019447456,6.0,0.0,1.0,True,False,0.0
17,pi_uncertainty,6,5,Q091,uncertainty_exploration,3.6478456069427624e-05,2.682063051526591e-05,-0.4091557630053168,3.2363444196832516,7.0,0.0,1.0,True,False,0.0
17,pi_uncertainty,7,1,Q045,exploitation,9.243652593135582e-05,1.1010161821722165e-05,10.559837794571672,0.4995517693353907,2.0,0.0,0.0,False,False,104181.0
17,pi_uncertainty,7,2,Q035,exploitation,3.0146651004914455e-05,3.6080094549941577e-06,10.294308041462294,0.5317680823494418,3.0,0.0,0.0,False,False,50709.0
17,pi_uncertainty,7,3,Q025,exploitation,7.478102650333026e-06,1.5768272058243329e-06,8.104228775873146,0.9986186333925768,1.0,0.0,0.0,False,False,51808.0
17,pi_uncertainty,7,4,Q010,exploitation,3.88383101172727e-08,8.349871565738441e-09,5.828785072705454,1.228267037263097,4.0,1.0,0.0,False,False,0.0
17,pi_uncertainty,7,5,Q037,uncertainty_exploration,1.0236481464373431e-09,9.700541184018682e-11,8.846722606378085,0.5974061714524754,1.0,0.0,0.0,False,False,76141.0
17,imperfection_aware,1,1,Q017,exploitation,0.6642347062962765,0.4263174689272683,12.53145010940632,0.6596209341081064,2.0,0.0,0.0,False,False,247107.0
17,imperfection_aware,1,2,Q034,exploitation,0.5812671604214744,0.5522007720326196,12.473903993622486,1.0830120306905402,5.0,0.0,0.0,False,False,107033.0
17,imperfection_aware,1,3,Q019,exploitation,0.5242016665563628,0.6155780383996597,12.33863266740118,1.431483725873329,7.0,0.0,0.0,False,False,84493.0
17,imperfection_aware,1,4,Q005,exploitation,0.420624603013116,0.921735020177811,11.649921337629747,3.004643516886031,10.0,0.0,0.0,False,False,42083.0
17,imperfection_aware,1,5,Q003,suspicious_exploration,0.0636373733643558,0.1150580358983203,5.913132423707264,4.156634313233567,7.0,0.4000000059604645,0.6000000238418579,True,False,0.0
17,imperfection_aware,2,1,Q074,exploitation,0.2857755975875788,0.2851632181365465,11.522505570942812,1.5997272256920143,3.0,0.0,0.0,False,False,34285.0
17,imperfection_aware,2,2,Q060,exploitation,0.2631590591098961,0.0945377366024272,12.052333918933464,0.5922116033382024,2.0,0.0,0.0,False,False,43612.0
17,imperfection_aware,2,3,Q064,exploitation,0.2392632363971557,0.4467697699315425,10.17877434710184,3.173257000738362,7.0,0.0,0.0,False,False,45673.0
17,imperfection_aware,2,4,Q046,exploitation,0.1858974031408649,0.0455996250540446,12.027148134661534,0.4483543276361474,2.0,0.0,0.0,False,False,58386.0
17,imperfection_aware,2,5,Q001,suspicious_exploration,0.0713492074495391,0.1069178823373397,7.478597847723449,3.376264718281808,7.0,0.0,1.0,True,False,4553.0
17,imperfection_aware,3,1,Q029,exploitation,0.1759174714224819,0.0810841533899295,11.631631738468856,0.8549068234191862,2.0,0.0,0.0,False,False,119441.0
17,imperfection_aware,3,2,Q038,exploitation,0.0662871173794228,0.0138833385500019,11.708509991393177,0.4780967637277536,2.0,0.0,0.0,False,False,80348.0
17,imperfection_aware,3,3,Q009,exploitation,0.0627207100826947,0.0371172834528797,10.337602717541358,1.363923080106262,5.0,0.0,0.0,False,False,3295.0
17,imperfection_aware,3,4,Q072,exploitation,0.0505764444455506,0.033786807486938,9.811652794327552,1.5957689357518874,4.0,0.0,0.0,False,False,57726.0
17,imperfection_aware,3,5,Q088,suspicious_exploration,0.0249538771481434,0.0374811152506809,4.631131003901694,3.976251335894166,14.0,0.0,1.0,True,False,0.0
17,imperfection_aware,4,1,Q041,exploitation,0.0367862748643924,0.0217587776679071,9.772988192680668,1.483623877826855,2.0,0.0,0.0,False,False,155410.0
17,imperfection_aware,4,2,Q026,exploitation,0.0362756532008207,0.0096902056740667,11.221989944994174,0.6713978202680629,1.0,0.0,0.0,False,False,99186.0
17,imperfection_aware,4,3,Q070,exploitation,0.0270649992073502,0.0164298926124022,9.366107058804957,1.5897195667090798,5.0,0.0,0.0,False,False,14174.0
17,imperfection_aware,4,4,Q013,exploitation,0.0155028240276196,0.0089510747522373,8.929028839090174,1.6219525205209977,4.0,0.0,0.0,False,False,2639.0
17,imperfection_aware,4,5,Q004,suspicious_exploration,0.0167249752853506,0.0218039721270183,4.70930012340599,3.6293299341201193,8.0,1.0,0.0,True,False,0.0
17,imperfection_aware,5,1,Q053,exploitation,0.0512471126604156,0.0139708842545953,11.36647587300103,0.6498363977110931,1.0,0.0,0.0,False,False,110908.0
17,imperfection_aware,5,2,Q066,exploitation,0.0188972452794507,0.009250347181417,9.638773836399777,1.3426596495848542,3.0,0.0,0.0,False,False,82233.0
17,imperfection_aware,5,3,Q045,exploitation,0.0073314700770879,0.001618460533061,10.785507668920127,0.6728157010599587,2.0,0.0,0.0,False,False,104181.0
17,imperfection_aware,5,4,Q035,exploitation,0.0030889048287696,0.0006990761628509,10.380393439848898,0.747642138604836,3.0,0.0,0.0,False,False,50709.0
17,imperfection_aware,5,5,Q081,suspicious_exploration,0.021118423884535,0.0223060381757907,6.624189019331885,2.8571543771955543,8.0,0.0,1.0,True,False,0.0
17,imperfection_aware,6,1,Q007,exploitation,0.003888924134618,0.0023224136002071,7.282242867655421,1.9332006706642333,6.0,0.0,0.0,False,False,0.0
17,imperfection_aware,6,2,Q010,exploitation,2.764708561298496e-09,4.875008926790137e-10,6.106931768817731,1.0840846895960543,4.0,1.0,0.0,False,False,0.0
17,imperfection_aware,6,3,Q025,exploitation,4.089120236089144e-06,8.021332326033185e-07,8.177339197512804,0.952869833879528,1.0,0.0,0.0,False,False,51808.0
17,imperfection_aware,6,4,Q037,exploitation,3.378987252118511e-06,5.0350756301412e-07,9.144124686693772,0.7294668982535446,1.0,0.0,0.0,False,False,76141.0
17,imperfection_aware,6,5,Q094,suspicious_exploration,0.0041374611124214,0.0049567794769416,2.2436990697139514,3.8565937791437745,10.0,0.0,1.0,True,False,0.0
17,imperfection_aware,7,1,Q093,exploitation,0.2106019667477244,0.7038754778997943,7.681641554453135,5.900456081636499,12.0,0.0,1.0,True,True,0.0
17,imperfection_aware,7,2,Q087,exploitation,0.1467884521751512,0.440546842128326,6.309919246071463,5.824640283791585,8.0,1.0,0.0,True,True,0.0
17,imperfection_aware,7,3,Q057,exploitation,0.1340525796655794,0.3579467430451192,6.565065947442067,5.293769601678509,5.0,0.0,1.0,True,True,0.0
17,imperfection_aware,7,4,Q084,exploitation,0.0858158106174449,0.2100155164641454,5.1443682986088,5.327958904543844,6.0,0.0,1.0,True,True,0.0
17,imperfection_aware,7,5,Q091,suspicious_exploration,0.0002557810609124,0.0002277929827867,0.1890660111525246,3.522251748098503,7.0,0.0,1.0,True,True,0.0
18,random,1,1,Q011,random,0.0076232182666725,0.0105186521436718,2.2635191071636873,4.188823375449607,7.0,1.0,0.0,True,False,0.0
18,random,1,2,Q068,random,0.0554899015535352,0.0226214392146153,10.89880040274085,0.9592018669422736,4.0,0.0,0.0,False,False,50021.0
18,random,1,3,Q019,random,0.3119628633905605,0.2920561853127111,11.714493538427526,1.4544068044066225,7.0,0.0,0.0,False,False,84493.0
18,random,1,4,Q033,random,0.0366001396326883,0.0115037212312208,11.014102140329022,0.7889564943809453,2.0,0.0,0.0,False,False,76472.0
18,random,1,5,Q093,random,0.0007676177656325,0.0007349453224499,1.263269148465275,3.5241557502911034,5.0,0.800000011920929,0.2000000029802322,True,False,0.0
18,random,2,1,Q012,random,0.2571265851762503,0.2689850042738995,11.294235655459946,1.7376478904033377,5.0,0.0,0.0,False,False,1147.0
18,random,2,2,Q053,random,0.1369846150464185,0.0301509410991779,11.952591520592613,0.4341895386885446,2.0,0.0,0.0,False,False,110908.0
18,random,2,3,Q027,random,0.0178684219255506,0.0296594195515883,2.8012005973485525,4.584189129406904,6.0,0.0,1.0,True,False,0.0
18,random,2,4,Q067,random,0.5833832071826419,0.7362365431429017,12.729744022568951,1.435071688143417,5.0,0.0,0.0,False,False,75311.0
18,random,2,5,Q024,random,0.132274804674802,0.0521387070302732,11.553034557955511,0.783852692850759,3.0,0.0,0.0,False,False,25579.0
18,random,3,1,Q072,random,0.0161963136553493,0.0063591562906772,10.07997670146996,1.0972513329400413,4.0,0.0,0.0,False,False,57726.0
18,random,3,2,Q048,random,0.0093892080971357,0.0022256310384393,10.772719679029862,0.7042259423802826,3.0,0.0,0.0,False,False,42637.0
18,random,3,3,Q018,random,0.0016847166058591,0.000248736711012,10.924466967501557,0.5126834263858095,2.0,0.0,0.0,False,False,207261.0
18,random,3,4,Q059,random,0.0328206510825225,0.0055329878004553,11.636266610388711,0.4298598932043276,1.0,0.0,0.0,False,False,128632.0
18,random,3,5,Q020,random,1.170014198455324e-15,4.342937818759534e-17,10.02714003209227,0.3030151781418319,2.0,0.0,0.0,False,False,101000.0
18,random,4,1,Q080,random,0.1182200880523668,0.2481984821676883,7.359163290399565,4.2810056478609235,10.0,0.0,1.0,True,False,0.0
18,random,4,2,Q071,random,1.363196857536849e-15,3.634227868268601e-17,10.711555667332483,0.2171405568224648,1.0,0.0,0.0,False,False,60955.0
18,random,4,3,Q001,random,0.0442654593421161,0.0626588764725725,6.546278140354883,3.453092794284992,7.0,0.0,1.0,True,False,4553.0
18,random,4,4,Q089,random,0.0012525561061393,0.0013601138228948,0.767735272883245,3.857397620191053,7.0,1.0,0.0,True,False,0.0
18,random,4,5,Q054,random,0.0317298707652165,0.0058865009609039,11.545427309278118,0.4753093085485877,2.0,0.0,0.0,False,False,100890.0
18,random,5,1,Q022,random,0.1015744694663254,0.0206680618136762,11.882356679777471,0.4284226913109917,1.0,0.0,0.0,False,False,114383.0
18,random,5,2,Q045,random,0.0001730269131856,1.44830330026273e-05,11.215079940701596,0.3388638496671338,2.0,0.0,0.0,False,False,104181.0
18,random,5,3,Q051,random,0.0227155788553038,0.0179323457555444,8.194975465272229,2.1156252391787302,2.0,0.0,0.0,False,False,873.0
18,random,5,4,Q002,random,0.0001715474757285,8.404208502508928e-05,5.322999292453791,1.9843093685995017,5.0,0.800000011920929,0.2000000029802322,True,False,0.0
18,random,5,5,Q031,random,0.0069090947550849,0.0015950194104579,10.68500019329874,0.707803504041672,2.0,0.0,0.0,False,False,62455.0
18,random,6,1,Q041,random,4.395765618323918e-12,2.2667184719493213e-13,9.92827551294918,0.366197695659405,2.0,0.0,0.0,False,False,155410.0
18,random,6,2,Q025,random,0.0005657176657076,3.623345851831803e-05,11.643794680379036,0.2407483541632657,1.0,0.0,0.0,False,False,51808.0
18,random,6,3,Q056,random,4.4951762715746627e-07,3.14748846902807e-08,10.61151763092133,0.3696789697746804,3.0,0.0,0.0,False,False,94093.0
18,random,6,4,Q042,random,0.0245540449017275,0.0054347191180437,11.27219747129218,0.5871888338657136,3.0,0.0,0.0,False,False,452.0
18,random,6,5,Q014,random,0.0118663768253972,0.0017634048074336,11.454216785726969,0.4304200229644975,2.0,0.0,0.0,False,False,108381.0
18,random,7,1,Q087,random,0.0684838110147226,0.1573012887192248,4.674726179024969,5.2131291457077635,8.0,1.0,0.0,True,False,0.0
18,random,7,2,Q069,random,0.0524867200617831,0.0209612531347472,10.890226875650562,0.9482778715586234,4.0,0.0,0.0,False,False,90845.0
18,random,7,3,Q035,random,0.0058225403988903,0.0016801739117757,10.15789582919452,0.8996972280148655,4.0,0.0,0.0,False,False,50709.0
18,random,7,4,Q026,random,0.0485910265975718,0.017074005448693,11.02641441541305,0.8447522924701888,1.0,0.0,0.0,False,False,99186.0
18,random,7,5,Q006,random,3.3325002300516564e-36,2.6600429709808437e-37,-0.2191839772900472,1.011012471058758,5.0,1.0,0.0,True,False,2244.0
18,gp_m52_pi,1,1,Q018,exploitation,0.4115860444399115,0.1841748804844854,12.289064996485418,0.6198489727585647,2.0,0.0,0.0,False,False,207261.0
18,gp_m52_pi,1,2,Q020,exploitation,0.3725497224354018,0.3149586734551612,12.02960010693396,1.2241496324005852,2.0,0.0,0.0,False,False,101000.0
18,gp_m52_pi,1,3,Q053,exploitation,0.3138657575964731,0.2180346796998539,11.90542894429747,1.0767743650188404,2.0,0.0,0.0,False,False,110908.0
18,gp_m52_pi,1,4,Q019,exploitation,0.3119628633905605,0.2920561853127111,11.714493538427526,1.4544068044066225,7.0,0.0,0.0,False,False,84493.0
18,gp_m52_pi,1,5,Q014,exploitation,0.3011834040739366,0.2542646875096471,11.735440758878289,1.3284838354490938,2.0,0.0,0.0,False,False,108381.0
18,gp_m52_pi,2,1,Q067,exploitation,0.6166637048904109,0.7933566283107458,12.844430334870616,1.4048106205100177,5.0,0.0,0.0,False,False,75311.0
18,gp_m52_pi,2,2,Q042,exploitation,0.3144228093935016,0.2080569823434412,11.932143452312108,1.0250025211516738,3.0,0.0,0.0,False,False,452.0
18,gp_m52_pi,2,3,Q059,exploitation,0.1555138357142944,0.0369903834691596,11.966437337706564,0.4551949320371691,1.0,0.0,0.0,False,False,128632.0
18,gp_m52_pi,2,4,Q051,exploitation,0.1519775720923287,0.2637279885415738,8.994460818776627,3.33964756165357,2.0,0.0,0.0,False,False,873.0
18,gp_m52_pi,2,5,Q080,exploitation,0.1209611710744534,0.2724456226034578,7.08007713272111,4.569752725106207,10.0,0.0,1.0,True,False,0.0
18,gp_m52_pi,3,1,Q026,exploitation,0.6859832065536323,0.734554458549364,12.94552467611092,1.0690355207531386,1.0,0.0,0.0,False,False,99186.0
18,gp_m52_pi,3,2,Q024,exploitation,0.6366491457990616,0.6425909914799685,12.803270576635182,1.0748848345074569,3.0,0.0,0.0,False,False,25579.0
18,gp_m52_pi,3,3,Q054,exploitation,0.613995734174502,0.6736808553419824,12.775870905545377,1.2020423003603322,2.0,0.0,0.0,False,False,100890.0
18,gp_m52_pi,3,4,Q031,exploitation,0.4355070249123195,0.5404190718893858,12.155918346774172,1.673101415156967,2.0,0.0,0.0,False,False,62455.0
18,gp_m52_pi,3,5,Q048,exploitation,0.3381775354497154,0.2258247680991234,12.007646474127746,1.0059701665937115,3.0,0.0,0.0,False,False,42637.0
18,gp_m52_pi,4,1,Q087,exploitation,0.1557094564324943,0.4922083221153359,6.30598624054615,6.047517221780378,10.0,1.0,0.0,True,False,0.0
18,gp_m52_pi,4,2,Q089,exploitation,0.1477106798358717,0.4606951987161193,6.103823095320513,6.043909150807252,7.0,1.0,0.0,True,False,0.0
18,gp_m52_pi,4,3,Q001,exploitation,0.1077428986907053,0.1809325308352758,8.101269357379273,3.492844511372869,7.0,0.0,1.0,True,False,4553.0
18,gp_m52_pi,4,4,Q027,exploitation,0.0725365247156972,0.1685979394164193,4.819335496736399,5.22129414540426,6.0,0.800000011920929,0.2000000029802322,True,False,0.0
18,gp_m52_pi,4,5,Q033,exploitation,0.0425867376634599,0.0100056487302535,11.43508630045979,0.5765535261416472,2.0,0.0,0.0,False,False,76472.0
18,gp_m52_pi,5,1,Q022,exploitation,0.1855160334832798,0.0934940230331151,11.60310791125536,0.9216705593795986,1.0,0.0,0.0,False,False,114383.0
18,gp_m52_pi,5,2,Q056,exploitation,0.0887000409273632,0.0351179044197273,11.272384403689946,0.856460070733458,3.0,0.0,0.0,False,False,94093.0
18,gp_m52_pi,5,3,Q069,exploitation,0.0734883861937188,0.0370039497742412,10.790984844928555,1.128458654754321,4.0,0.0,0.0,False,False,90845.0
18,gp_m52_pi,5,4,Q068,exploitation,0.0643951963565915,0.0288633966240564,10.865635036221256,1.0283473937604135,4.0,0.0,0.0,False,False,50021.0
18,gp_m52_pi,5,5,Q025,exploitation,0.0550394434648142,0.0206642918272599,11.014170583355943,0.8845762801851372,1.0,0.0,0.0,False,False,51808.0
18,gp_m52_pi,6,1,Q002,exploitation,0.1007050291018863,0.1187502206424017,9.25012162278211,2.4871611033511627,5.0,0.0,1.0,True,False,0.0
18,gp_m52_pi,6,2,Q012,exploitation,0.0302544856228519,0.0100864405223452,10.813579981755968,0.8598527167700603,5.0,0.0,0.0,False,False,1147.0
18,gp_m52_pi,6,3,Q093,exploitation,0.0143092668841941,0.0228534961194772,2.515622808440475,4.528693104246353,5.0,1.0,0.0,True,False,0.0
18,gp_m52_pi,6,4,Q011,exploitation,0.0120858734322496,0.0205656080101987,1.3392951588714057,4.918533913946034,7.0,1.0,0.0,True,False,0.0
18,gp_m52_pi,6,5,Q072,exploitation,0.0071023684995511,0.0020267967276094,10.28811248113114,0.8725244977810878,4.0,0.0,0.0,False,False,57726.0
18,gp_m52_pi,7,1,Q006,exploitation,0.0002013961110545,9.225447144784512e-05,5.924444113471685,1.837954111882479,5.0,0.800000011920929,0.2000000029802322,True,False,2244.0
18,gp_m52_pi,7,2,Q035,exploitation,0.0979096929466446,0.1598447586481585,7.94776746760054,3.463181245679309,4.0,0.0,0.0,False,False,50709.0
18,gp_m52_pi,7,3,Q041,exploitation,0.101833529836202,0.0544244403887859,10.997901998019213,1.1246923988869928,2.0,0.0,0.0,False,False,155410.0
18,gp_m52_pi,7,4,Q045,exploitation,0.0038171953884413,0.000659898143028,10.932097602730956,0.5605625960500945,2.0,0.0,0.0,False,False,104181.0
18,gp_m52_pi,7,5,Q071,exploitation,0.2146087446924615,0.1337660786624925,11.562412221636958,1.094413885060871,1.0,0.0,0.0,False,False,60955.0
18,gp_m52_ei,1,1,Q020,exploitation,0.3725497224354018,0.3149586734551612,12.02960010693396,1.2241496324005852,2.0,0.0,0.0,False,False,101000.0
18,gp_m52_ei,1,2,Q019,exploitation,0.3119628633905605,0.2920561853127111,11.714493538427526,1.4544068044066225,7.0,0.0,0.0,False,False,84493.0
18,gp_m52_ei,1,3,Q014,exploitation,0.3011834040739366,0.2542646875096471,11.735440758878289,1.3284838354490938,2.0,0.0,0.0,False,False,108381.0
18,gp_m52_ei,1,4,Q053,exploitation,0.3138657575964731,0.2180346796998539,11.90542894429747,1.0767743650188404,2.0,0.0,0.0,False,False,110908.0
18,gp_m52_ei,1,5,Q035,exploitation,0.2722685779083839,0.1845992115870348,11.757925029744872,1.105103992495634,4.0,0.0,0.0,False,False,50709.0
18,gp_m52_ei,2,1,Q001,exploitation,0.0980580966906956,0.1632375318652073,7.864032357466875,3.530256239599873,7.0,0.0,1.0,True,False,4553.0
18,gp_m52_ei,2,2,Q080,exploitation,0.0659637931156317,0.1292207243522907,5.684916969588777,4.475583781514076,10.0,0.0,1.0,True,False,0.0
18,gp_m52_ei,2,3,Q067,exploitation,0.1758424339853643,0.1124489991806303,11.322805479155832,1.1862388513579487,5.0,0.0,0.0,False,False,75311.0
18,gp_m52_ei,2,4,Q069,exploitation,0.1362238889625168,0.107464253025581,10.717550014827363,1.5581954844049208,4.0,0.0,0.0,False,False,90845.0
18,gp_m52_ei,2,5,Q018,exploitation,0.3710969176195674,0.100196559953921,12.298761484626556,0.3916080437233446,2.0,0.0,0.0,False,False,207261.0
18,gp_m52_ei,3,1,Q042,exploitation,0.097028482013261,0.0308645311714796,11.549663994887023,0.6760118429050295,3.0,0.0,0.0,False,False,452.0
18,gp_m52_ei,3,2,Q012,exploitation,0.0195597902126333,0.0102900661484062,9.46349769492329,1.436833835715912,5.0,0.0,0.0,False,False,1147.0
18,gp_m52_ei,3,3,Q022,exploitation,0.0479548636409096,0.0067268355385788,11.864911155704638,0.3379366254230718,1.0,0.0,0.0,False,False,114383.0
18,gp_m52_ei,3,4,Q011,exploitation,0.004855429140492,0.0063487732287765,1.7018844102234263,4.147667405504619,7.0,1.0,0.0,True,False,0.0
18,gp_m52_ei,3,5,Q006,exploitation,0.0116942377684731,0.0061182484443122,8.986657214599484,1.5178121153969242,5.0,0.0,1.0,True,False,2244.0
18,gp_m52_ei,4,1,Q031,exploitation,0.2373536672802486,0.7048484848994644,8.811123169522585,5.059108111730833,2.0,0.0,0.0,False,False,62455.0
18,gp_m52_ei,4,2,Q089,exploitation,0.1291136238933214,0.3679113436985095,5.985635226517335,5.6978563786733405,7.0,1.0,0.0,True,False,0.0
18,gp_m52_ei,4,3,Q051,exploitation,0.1930419014080217,0.3302045838430454,9.74531052994381,3.0946609053685226,2.0,0.0,0.0,False,False,873.0
18,gp_m52_ei,4,4,Q087,exploitation,0.1148641952063478,0.3185509650389752,5.593113074379337,5.690368906980811,10.0,1.0,0.0,True,False,0.0
18,gp_m52_ei,4,5,Q072,exploitation,0.1142906253049232,0.3075548713498637,5.77239917525934,5.527460542020346,4.0,0.0,0.0,False,False,57726.0
18,gp_m52_ei,5,1,Q027,exploitation,0.0597020970226667,0.1314534552522868,4.458060356134949,5.117592293526122,6.0,0.0,1.0,True,False,0.0
18,gp_m52_ei,5,2,Q002,exploitation,0.0776665409507523,0.0864277369767123,8.919685949117273,2.468707544109177,5.0,1.0,0.0,True,False,0.0
18,gp_m52_ei,5,3,Q093,exploitation,0.0169242945244406,0.027334494296277,2.900541624915528,4.489924239359026,5.0,1.0,0.0,True,False,0.0
18,gp_m52_ei,5,4,Q059,exploitation,0.0778826886062582,0.0205655591021127,11.596488862148629,0.5854992477338432,1.0,0.0,0.0,False,False,128632.0
18,gp_m52_ei,5,5,Q054,exploitation,0.0348246528464259,0.0073988302471415,11.453060788756114,0.5371669246175111,2.0,0.0,0.0,False,False,100890.0
18,gp_m52_ei,6,1,Q026,exploitation,0.5455643155888852,0.3158574939949461,12.506384221052866,0.6884667493897244,1.0,0.0,0.0,False,False,99186.0
18,gp_m52_ei,6,2,Q024,exploitation,0.4384328849796775,0.2270005207647878,12.319772917841595,0.6957876256511213,3.0,0.0,0.0,False,False,25579.0
18,gp_m52_ei,6,3,Q071,exploitation,0.2003208180360856,0.127551261549916,11.469265817655554,1.1402052161226708,1.0,0.0,0.0,False,False,60955.0
18,gp_m52_ei,6,4,Q025,exploitation,0.1900337771572491,0.0671583663338359,11.863946629214295,0.6421191910051506,1.0,0.0,0.0,False,False,51808.0
18,gp_m52_ei,6,5,Q045,exploitation,0.1741273853361396,0.0663222971412562,11.763169892278572,0.7083423827928969,2.0,0.0,0.0,False,False,104181.0
18,gp_m52_ei,7,1,Q033,exploitation,0.3393575479887635,0.2586384397518424,11.952654512786186,1.1465635223775077,2.0,0.0,0.0,False,False,76472.0
18,gp_m52_ei,7,2,Q041,exploitation,0.1288245709518345,0.0720471868627112,11.161061487107103,1.1188678625426391,2.0,0.0,0.0,False,False,155410.0
18,gp_m52_ei,7,3,Q048,exploitation,0.1641453946445826,0.0991703720119717,11.31245611423954,1.1407196356993663,3.0,0.0,0.6000000238418579,False,False,42637.0
18,gp_m52_ei,7,4,Q056,exploitation,0.1799973970027537,0.1207206719394259,11.295737704484043,1.236480188800605,3.0,0.0,0.0,False,False,94093.0
18,gp_m52_ei,7,5,Q068,exploitation,0.0827295550827232,0.054097146981441,10.439271721059969,1.433590915148273,4.0,0.0,0.0,False,False,50021.0
18,pi_random_exploration,1,1,Q031,exploitation,0.8099046880295064,0.5229280042995521,12.89480102670397,0.5324173653957839,2.0,0.0,0.0,False,False,62455.0
18,pi_random_exploration,1,2,Q033,exploitation,0.5510117983460805,0.2222809785145084,12.488697733667683,0.4766642366869828,2.0,0.0,0.0,False,False,76472.0
18,pi_random_exploration,1,3,Q048,exploitation,0.1786319920271895,0.0727808900144641,11.73468139598272,0.7526679535581542,3.0,0.0,0.0,False,False,42637.0
18,pi_random_exploration,1,4,Q080,exploitation,0.1448327728673278,0.2979248236346741,8.186885229995237,4.004980018488313,10.0,0.0,1.0,True,False,0.0
18,pi_random_exploration,1,5,Q042,random_exploration,0.0164260539687261,0.0054487931609811,10.45274118532546,0.925466269435386,3.0,0.0,0.0,False,False,452.0
18,pi_random_exploration,2,1,Q045,exploitation,0.2650358566786097,0.1048075564654001,12.019216416034377,0.6503688435850016,2.0,0.0,0.0,False,False,104181.0
18,pi_random_exploration,2,2,Q059,exploitation,0.2042877506843088,0.0627782477602726,11.9753239073157,0.5472594358686756,1.0,0.0,0.0,False,False,128632.0
18,pi_random_exploration,2,3,Q001,exploitation,0.1941670078586901,0.3795943130297965,9.381350460818936,3.5312774988191897,7.0,0.0,1.0,True,False,4553.0
18,pi_random_exploration,2,4,Q053,exploitation,0.1604244116974914,0.0482260734682035,11.860866097701996,0.570873436038069,2.0,0.0,0.0,False,False,110908.0
18,pi_random_exploration,2,5,Q068,random_exploration,0.0011612780832117,0.000188981593597,10.656984550410952,0.5813716938055367,4.0,0.0,0.0,False,False,50021.0
18,pi_random_exploration,3,1,Q089,exploitation,0.1516184055211765,0.4839326139255129,6.099958764628298,6.146204682527925,7.0,1.0,0.0,True,False,0.0
18,pi_random_exploration,3,2,Q087,exploitation,0.1440154085960737,0.4505548896354121,5.947313248777242,6.099354393423746,10.0,1.0,0.0,True,False,0.0
18,pi_random_exploration,3,3,Q012,exploitation,0.0785389985772929,0.0505933959317668,10.40965637613565,1.4261276349962144,5.0,0.0,0.0,False,False,1147.0
18,pi_random_exploration,3,4,Q067,exploitation,0.0785771877232003,0.0477150646362633,10.5259060252824,1.3442179421796605,5.0,0.0,0.0,False,False,75311.0
18,pi_random_exploration,3,5,Q011,random_exploration,0.0153572942219367,0.0271581988468483,1.6815778907149426,4.9732724796650984,7.0,1.0,0.0,True,False,0.0
18,pi_random_exploration,4,1,Q027,exploitation,0.0591654228165406,0.1266089512137806,4.6476884904531195,4.9813049653845445,6.0,0.0,1.0,True,False,0.0
18,pi_random_exploration,4,2,Q051,exploitation,0.0341317138939641,0.0530623033509028,5.240282506112052,3.941995546969041,2.0,0.0,0.0,False,False,873.0
18,pi_random_exploration,4,3,Q069,exploitation,0.0248606138835845,0.0092705520701969,10.489440575115411,0.9876605911485572,4.0,0.0,0.0,False,False,90845.0
18,pi_random_exploration,4,4,Q019,exploitation,0.0200796383504933,0.007825218919837,10.250513666117731,1.0608936233576098,7.0,0.0,0.0,False,False,84493.0
18,pi_random_exploration,4,5,Q026,random_exploration,5.178162506031191e-06,3.6407347460142193e-07,10.93620525701648,0.3382113085529871,1.0,0.0,0.0,False,False,99186.0
18,pi_random_exploration,5,1,Q018,exploitation,0.0138111386529238,0.0025279729577982,11.27971154089537,0.5211405736805945,2.0,0.0,0.0,False,False,207261.0
18,pi_random_exploration,5,2,Q093,exploitation,0.0077329757896519,0.0107442880573735,2.22958286297843,4.21182066039644,5.0,1.0,0.0,True,False,0.0
18,pi_random_exploration,5,3,Q022,exploitation,0.0057145416206519,0.0005529635168107,11.663123734400823,0.302240752569672,1.0,0.0,0.0,False,False,114383.0
18,pi_random_exploration,5,4,Q002,exploitation,0.0035902554855316,0.0032590642296767,4.471199374823059,2.959572941974056,5.0,0.800000011920929,0.2000000029802322,True,False,0.0
18,pi_random_exploration,5,5,Q024,random_exploration,1.2126080185823322e-08,6.853971102921831e-10,10.564547761372737,0.3339632290260431,2.0,0.0,0.0,False,False,25579.0
18,pi_random_exploration,6,1,Q041,exploitation,0.1337657773798656,0.0739970230907395,11.210990402398252,1.0972481259453049,2.0,0.0,0.0,False,False,155410.0
18,pi_random_exploration,6,2,Q056,exploitation,0.1314903089152063,0.0803221878051269,11.065953644741818,1.2164183921334046,3.0,0.0,0.0,False,False,94093.0
18,pi_random_exploration,6,3,Q054,exploitation,0.1043151481017571,0.0562615138240113,11.007563889437904,1.1293811535054712,2.0,0.0,0.0,False,False,100890.0
18,pi_random_exploration,6,4,Q072,exploitation,0.1007653823225823,0.0692374847728074,10.576790456020058,1.449096999981814,4.0,0.0,0.0,False,False,57726.0
18,pi_random_exploration,6,5,Q071,random_exploration,0.080256928656995,0.0439694025488358,10.732353530525982,1.207989993587397,1.0,0.0,0.0,False,False,60955.0
18,pi_random_exploration,7,1,Q025,exploitation,0.0503736815168587,0.0174719086935917,11.06688668089152,0.8290640719473751,1.0,0.0,0.0,False,False,51808.0
18,pi_random_exploration,7,2,Q020,exploitation,0.0459717467231811,0.0162534228502557,10.982627710950844,0.8574199913445442,2.0,0.0,0.0,False,False,101000.0
18,pi_random_exploration,7,3,Q035,exploitation,0.0063313370024993,0.0017644511128692,10.278893256467349,0.8618474821662748,4.0,0.0,0.0,False,False,50709.0
18,pi_random_exploration,7,4,Q014,exploitation,8.791468325128938e-05,1.885141853100257e-05,9.044645283751626,0.9017724313940848,2.0,0.0,0.0,False,False,108381.0
18,pi_random_exploration,7,5,Q006,random_exploration,7.699567692377018e-40,5.614642244452303e-41,-0.340095226129347,0.9703685255398335,6.0,1.0,0.0,True,False,2244.0
18,pi_uncertainty,1,1,Q031,exploitation,0.8099034700328158,0.5229283281332919,12.894800655786373,0.532419665055537,2.0,0.0,0.0,False,False,62455.0
18,pi_uncertainty,1,2,Q033,exploitation,0.5510069466577127,0.2222786509165009,12.48869213441924,0.476666151483243,2.0,0.0,0.0,False,False,76472.0
18,pi_uncertainty,1,3,Q048,exploitation,0.1786319315402876,0.0727813271935926,11.734676763066842,0.7526727967291797,3.0,0.0,0.0,False,False,42637.0
18,pi_uncertainty,1,4,Q080,exploitation,0.1448340184168617,0.2979285213936011,8.18689965447895,4.004987081665029,10.0,0.0,1.0,True,False,0.0
18,pi_uncertainty,1,5,Q087,uncertainty_exploration,0.0079869272996023,0.0105843372527316,2.780005399382258,4.003953452423585,10.0,1.0,0.0,True,False,0.0
18,pi_uncertainty,2,1,Q067,exploitation,0.6234752851042147,0.8057222344765418,12.867804976307958,1.399220662515244,5.0,0.0,0.0,False,False,75311.0
18,pi_uncertainty,2,2,Q019,exploitation,0.5933344535477275,0.454277845630503,12.630711658383843,0.8602469510213998,7.0,0.0,0.0,False,False,84493.0
18,pi_uncertainty,2,3,Q042,exploitation,0.4008716201538553,0.2819224154148957,12.17998834871886,0.9860638696191948,3.0,0.0,0.0,False,False,452.0
18,pi_uncertainty,2,4,Q018,exploitation,0.3024268840613927,0.1317978559599664,12.073259561544724,0.6847670099599554,2.0,0.0,0.0,False,False,207261.0
18,pi_uncertainty,2,5,Q027,uncertainty_exploration,0.0338782301857061,0.0648123858979743,3.557284642558105,4.856117394945676,6.0,0.0,1.0,True,False,0.0
18,pi_uncertainty,3,1,Q045,exploitation,0.4459220932825241,0.182955180424248,12.353242128218588,0.5467241168455487,2.0,0.0,0.0,False,False,104181.0
18,pi_uncertainty,3,2,Q053,exploitation,0.3221428638957385,0.1047522507851393,12.197123750266565,0.4991326405800654,2.0,0.0,0.0,False,False,110908.0
18,pi_uncertainty,3,3,Q059,exploitation,0.3201782693537716,0.0885626003853786,12.22875755429396,0.4255630587687483,1.0,0.0,0.0,False,False,128632.0
18,pi_uncertainty,3,4,Q012,exploitation,0.3087236485044392,0.3187230628711157,11.623411628399154,1.6100402605430602,5.0,0.0,0.0,False,False,1147.0
18,pi_uncertainty,3,5,Q089,uncertainty_exploration,0.0341986928334532,0.0699547153366327,2.978003666291354,5.185295284073543,7.0,1.0,0.0,True,False,0.0
18,pi_uncertainty,4,1,Q001,exploitation,0.1602907461140623,0.2832035058434835,9.09428727323595,3.355900047018213,7.0,0.0,1.0,True,False,4553.0
18,pi_uncertainty,4,2,Q051,exploitation,0.0311727784415001,0.0483275197610574,5.0060820737998295,3.981853494561861,2.0,0.0,0.0,False,False,873.0
18,pi_uncertainty,4,3,Q069,exploitation,0.0247767059986677,0.0094764680349038,10.437331190125583,1.0134691117860477,4.0,0.0,0.0,False,False,90845.0
18,pi_uncertainty,4,4,Q011,exploitation,0.0189143149476561,0.0342617624501404,2.1106078467248564,4.967948768374496,7.0,1.0,0.0,True,False,0.0
18,pi_uncertainty,4,5,Q093,uncertainty_exploration,0.0130016175657491,0.0203605510511354,2.433238842266797,4.489491515782206,5.0,1.0,0.0,True,False,0.0
18,pi_uncertainty,5,1,Q002,exploitation,0.02209051513066,0.0271707662677776,5.770455766775018,3.3081031665001146,5.0,0.800000011920929,0.2000000029802322,True,False,0.0
18,pi_uncertainty,5,2,Q072,exploitation,0.0073723101323264,0.0021035917904985,10.308054972571366,0.8691597938189812,4.0,0.0,0.0,False,False,57726.0
18,pi_uncertainty,5,3,Q022,exploitation,0.0004755695667291,6.468991702561781e-05,10.71829554478546,0.5172450766927591,1.0,0.0,0.0,False,False,114383.0
18,pi_uncertainty,5,4,Q068,exploitation,9.563776216306356e-05,1.0307836038362164e-05,10.74451368001549,0.4511918940024773,4.0,0.0,0.0,False,False,50021.0
18,pi_uncertainty,5,5,Q006,uncertainty_exploration,8.64731938285514e-11,1.8841607240452008e-11,3.1402663226570096,1.454865712203916,6.0,0.0,1.0,True,False,2244.0
18,pi_uncertainty,6,1,Q056,exploitation,0.0151244349814945,0.0024333536417143,11.44541869268669,0.4532742851265401,3.0,0.0,0.0,False,False,94093.0
18,pi_uncertainty,6,2,Q035,exploitation,0.0023061632072571,0.0005591407933663,10.101937353560238,0.8209317408156538,4.0,0.0,0.0,False,False,50709.0
18,pi_uncertainty,6,3,Q026,exploitation,0.0006351489001122,5.076041297299126e-05,11.467078075208567,0.2980514652802037,1.0,0.0,0.0,False,False,99186.0
18,pi_uncertainty,6,4,Q024,exploitation,0.0002785501000644,3.066367290538815e-05,10.932626107949048,0.4331088103300661,2.0,0.0,0.0,False,False,25579.0
18,pi_uncertainty,6,5,Q014,uncertainty_exploration,1.4974603593274566e-12,9.172280899586457e-14,9.32922400802196,0.4440202801387923,2.0,0.0,0.0,False,False,108381.0
18,pi_uncertainty,7,1,Q025,exploitation,0.0056219576141421,0.0004552250125796,11.785425607496048,0.2533131002178446,1.0,0.0,0.0,False,False,51808.0
18,pi_uncertainty,7,2,Q020,exploitation,0.001117547754729,0.0001160588871659,11.290153400079827,0.3720641361160957,2.0,0.0,0.0,False,False,101000.0
18,pi_uncertainty,7,3,Q071,exploitation,2.5412852430483303e-05,2.3017718303702976e-06,10.783449903937882,0.4057781694209649,1.0,0.0,0.0,False,False,60955.0
18,pi_uncertainty,7,4,Q054,exploitation,2.3260268796211777e-05,1.7578495285563785e-06,11.04293502390538,0.3400028569166642,2.0,0.0,0.0,False,False,100890.0
18,pi_uncertainty,7,5,Q041,uncertainty_exploration,1.0178932415772414e-12,5.027344237712829e-14,9.891802608431997,0.3606050077040352,2.0,0.0,0.0,False,False,155410.0
18,imperfection_aware,1,1,Q031,exploitation,0.8605415791036143,0.6051083458809502,12.995456015572923,0.5244721511203647,2.0,0.0,0.0,False,False,62455.0
18,imperfection_aware,1,2,Q033,exploitation,0.4903397013826951,0.1677040217874031,12.417085081946867,0.4333989517004886,2.0,0.0,0.0,False,False,76472.0
18,imperfection_aware,1,3,Q048,exploitation,0.1302596068794495,0.0480771351154326,11.5988461048502,0.7365451490230877,3.0,0.0,0.0,False,False,42637.0
18,imperfection_aware,1,4,Q056,exploitation,0.0977845020284056,0.029541089709138,11.597922745584675,0.6410193657448575,3.0,0.0,0.0,False,False,94093.0
18,imperfection_aware,1,5,Q080,suspicious_exploration,0.1371417780644346,0.284796059800028,7.95025451535917,4.095423415988328,10.0,0.0,1.0,True,False,0.0
18,imperfection_aware,2,1,Q067,exploitation,0.6198564646793872,0.7381346258456959,12.822737516457412,1.295154974838969,5.0,0.0,0.0,False,False,75311.0
18,imperfection_aware,2,2,Q019,exploitation,0.5835805003477244,0.4320301685606512,12.605216519674034,0.8416288509955281,5.0,0.0,0.0,False,False,84493.0
18,imperfection_aware,2,3,Q042,exploitation,0.3591532591119433,0.2299674103478994,12.087962746287062,0.9414925215694108,3.0,0.0,0.0,False,False,452.0
18,imperfection_aware,2,4,Q018,exploitation,0.2932041750426222,0.1223701631613001,12.066827344657352,0.6630910018185266,2.0,0.0,0.0,False,False,207261.0
18,imperfection_aware,2,5,Q027,suspicious_exploration,0.0426158962723617,0.0880554980647392,3.701573830162216,5.070002996095322,6.0,0.0,1.0,True,False,0.0
18,imperfection_aware,3,1,Q059,exploitation,0.1870007840449968,0.1011024380096506,11.550454749604109,0.9866403173635316,1.0,0.0,0.0,False,False,128632.0
18,imperfection_aware,3,2,Q053,exploitation,0.1136679398114461,0.051258615542636,11.308017046427928,0.927366924568548,2.0,0.0,0.0,False,False,110908.0
18,imperfection_aware,3,3,Q069,exploitation,0.0685981177215882,0.0354825603712136,10.683209969817137,1.1736224402001083,4.0,0.0,0.0,False,False,90845.0
18,imperfection_aware,3,4,Q068,exploitation,0.0612004474780237,0.0268280578003504,10.860282301412331,1.014580957320609,4.0,0.0,0.0,False,False,50021.0
18,imperfection_aware,3,5,Q087,suspicious_exploration,0.1606035529909329,0.4946997800828998,6.626660987482849,5.847817165909768,10.0,1.0,0.0,True,False,0.0
18,imperfection_aware,4,1,Q026,exploitation,0.7161624587695067,0.6267774461942176,12.90637413785755,0.8378146587354903,1.0,0.0,0.0,False,False,99186.0
18,imperfection_aware,4,2,Q024,exploitation,0.595764887501993,0.4602633660156855,12.637371378714354,0.8654727773428531,3.0,0.0,0.0,False,False,25579.0
18,imperfection_aware,4,3,Q014,exploitation,0.5803351447197438,0.5272812089721852,12.637824502891789,1.0369556977475094,2.0,0.0,0.0,False,False,108381.0
18,imperfection_aware,4,4,Q054,exploitation,0.4941105278372179,0.3189367652028351,12.415557031701836,0.8144366778052242,2.0,0.0,0.0,False,False,100890.0
18,imperfection_aware,4,5,Q001,suspicious_exploration,0.1709642821464547,0.5757253627138579,6.447430914881522,6.292499660881782,7.0,0.0,1.0,True,False,4553.0
18,imperfection_aware,5,1,Q051,exploitation,0.0329924088150612,0.052931891696046,4.911941371216802,4.087859599190743,2.0,0.0,0.0,False,False,873.0
18,imperfection_aware,5,2,Q072,exploitation,0.009780206664302,0.0029523755711936,10.342829733941263,0.8929513407147208,4.0,0.0,0.0,False,False,57726.0
18,imperfection_aware,5,3,Q012,exploitation,0.0031825717450791,0.0009030668500368,9.87668356661248,0.934958604640191,5.0,0.0,0.0,False,False,1147.0
18,imperfection_aware,5,4,Q022,exploitation,0.0033792703110109,0.0002327766687959,11.81603845314296,0.2257852369494168,1.0,0.0,0.0,False,False,114383.0
18,imperfection_aware,5,5,Q002,suspicious_exploration,0.1269224275503688,0.1641769454038649,9.46480925806171,2.596507530749348,5.0,0.0,1.0,True,False,0.0
18,imperfection_aware,6,1,Q035,exploitation,0.0146140142727239,0.0036997377310898,10.86618593418889,0.7161056728817968,4.0,0.0,0.0,False,False,50709.0
18,imperfection_aware,6,2,Q045,exploitation,0.0001701041618325,1.0117469243885662e-05,11.564076666101204,0.2410280931567119,2.0,0.0,0.0,False,False,104181.0
18,imperfection_aware,6,3,Q025,exploitation,0.000117206755753,5.767353681522235e-06,11.67827396401036,0.2036871924357669,1.0,0.0,0.0,False,False,51808.0
18,imperfection_aware,6,4,Q041,exploitation,2.536484403704646e-21,8.01553968727169e-23,9.56955197303657,0.3037980004463956,2.0,0.0,0.0,False,False,155410.0
18,imperfection_aware,6,5,Q089,suspicious_exploration,0.0260976732583896,0.0517729542837883,2.2917930911912485,5.220544954599273,7.0,1.0,0.0,True,False,0.0
18,imperfection_aware,7,1,Q071,exploitation,0.058774181757836,0.0217526213202109,11.07764487400273,0.8624976387910499,1.0,0.0,0.0,False,True,60955.0
18,imperfection_aware,7,2,Q020,exploitation,3.665270821880112e-16,7.466146733168829e-18,11.06363258208569,0.1691218595239811,2.0,0.0,0.0,False,True,101000.0
18,imperfection_aware,7,3,Q011,exploitation,0.1534350263438477,0.5015803276706524,6.014024248747462,6.276652351623951,7.0,1.0,0.0,True,True,0.0
18,imperfection_aware,7,4,Q093,exploitation,0.0081006902676566,0.012025628616704,1.659022292573975,4.478786909948123,5.0,1.0,0.0,True,True,0.0
18,imperfection_aware,7,5,Q006,suspicious_exploration,0.0003685954312262,0.0001563571335678,6.892364330861812,1.6398890214822692,5.0,1.0,0.0,True,True,2244.0
19,random,1,1,Q021,random,0.0613812666040663,0.0330020229712726,10.508103598400815,1.243763622344707,2.0,0.0,0.0,False,False,67531.0
19,random,1,2,Q074,random,0.0901846157318881,0.0670643374005066,10.27956829651183,1.6034502430544717,3.0,0.0,1.0,False,False,34285.0
19,random,1,3,Q069,random,0.068850645960435,0.0572754681943254,9.62759635922564,1.8862661219159305,5.0,0.0,1.0,True,False,90845.0
19,random,1,4,Q093,random,0.0901510553369077,0.2205750239197382,5.358520809812901,5.2761052851428625,19.0,0.0,1.0,True,False,0.0
19,random,1,5,Q059,random,0.1266752641127003,0.0828827254535943,10.926725587029042,1.313947451965661,2.0,0.0,0.0,False,False,128632.0
19,random,2,1,Q075,random,0.0020362634246627,0.0022166115017735,1.732143709251725,3.72340443955513,6.0,0.0,1.0,True,False,0.0
19,random,2,2,Q028,random,0.2704432802867448,0.2188828053083974,11.61910956206374,1.3221701538746775,4.0,0.0,0.0,False,False,55318.0
19,random,2,3,Q024,random,0.0008678495792323,9.947295851476796e-05,11.117584371547045,0.4182506564240936,3.0,0.0,0.0,False,False,25579.0
19,random,2,4,Q041,random,1.0830037034916887e-10,7.466577764407177e-12,9.519349911966698,0.4580551861330169,2.0,0.0,0.0,False,False,155410.0
19,random,2,5,Q015,random,1.0967719569014484e-09,2.1277450621219844e-10,5.123054231054782,1.2209241484999285,2.0,0.0,0.0,False,False,48700.0
19,random,3,1,Q057,random,0.0001216983150168,8.776936546216001e-05,1.4969778926803157,2.9790886013346767,5.0,0.0,1.0,True,False,0.0
19,random,3,2,Q042,random,0.0122488139950412,0.0051541912640328,9.695941374783994,1.214475546067826,2.0,0.0,0.0,False,False,452.0
19,random,3,3,Q072,random,0.1342226501708752,0.1309553246454627,10.28763510392546,1.9337150415048348,4.0,0.0,1.0,False,False,57726.0
19,random,3,4,Q085,random,0.052962584617468,0.099027994020786,5.260043102018493,4.433209939340654,7.0,0.0,1.0,True,False,0.0
19,random,3,5,Q067,random,0.1531690627462758,0.117272714280618,10.923155136657073,1.470693854184835,4.0,0.0,0.0,False,False,75311.0
19,random,4,1,Q068,random,0.0342829447659838,0.0111471374304074,10.926956019791016,0.8239443358613529,4.0,0.0,0.0,False,False,50021.0
19,random,4,2,Q045,random,0.0189278754027637,0.0039632175779306,11.235297510573378,0.5742032714924921,2.0,0.0,0.0,False,False,104181.0
19,random,4,3,Q049,random,0.5403077121452915,0.2746759737066375,12.489140544351372,0.6082442784001162,2.0,0.0,0.0,False,False,163182.0
19,random,4,4,Q014,random,0.0006935908217235,0.0001625069662833,9.650648542647554,0.8685227778996314,2.0,0.0,0.0,False,False,108381.0
19,random,4,5,Q018,random,0.256263733964055,0.3705001887663158,10.85310955755263,2.404113244839744,2.0,0.0,0.0,False,False,207261.0
19,random,5,1,Q032,random,0.0006609428917891,0.0005547141111539,2.403902111401437,3.1214885214589163,4.0,0.0,1.0,False,False,0.0
19,random,5,2,Q088,random,0.0656432745192774,0.1619969880640013,3.912025958360849,5.642998447638054,12.0,0.0,1.0,True,False,0.0
19,random,5,3,Q070,random,0.1338866277458553,0.1112826408665014,10.600928639813828,1.6482979123796782,2.0,0.0,0.0,False,False,14174.0
19,random,5,4,Q050,random,0.2046532365393102,0.2162502368458801,10.875698300466242,1.880808160221548,8.0,0.0,1.0,True,False,6338.0
19,random,5,5,Q020,random,1.0071630598910798e-27,8.736558064388688e-30,11.38964739525485,0.0956701336795075,2.0,0.0,0.0,False,False,101000.0
19,random,6,1,Q089,random,0.0990192217122475,0.2570661726605401,5.355123409830629,5.494620758144389,8.0,1.0,0.0,True,False,0.0
19,random,6,2,Q091,random,0.0006754952188698,0.0006504279030193,0.967181126854162,3.5758746444771514,11.0,0.0,1.0,True,False,0.0
19,random,6,3,Q013,random,0.0586479788274163,0.031066814658489,10.493440197183766,1.23490596810409,4.0,0.0,0.0,False,False,2639.0
19,random,6,4,Q076,random,0.1312364817699364,0.0822668074699,11.02818780302795,1.2488277354969255,3.0,0.0,0.0,False,False,34391.0
19,random,6,5,Q012,random,0.006333393387077,0.0010817353037679,11.110811477584589,0.5281860572288204,5.0,0.0,0.0,False,False,1147.0
19,random,7,1,Q026,random,0.0157682847416025,0.0035853314826459,11.056907187821224,0.6374526893682508,1.0,0.0,0.0,False,False,99186.0
19,random,7,2,Q033,random,0.1452424343925012,0.1045500512707603,10.947116451858424,1.4005509165977224,2.0,0.0,0.0,False,False,76472.0
19,random,7,3,Q044,random,0.2287238724958156,0.3932324926140743,10.226462481079157,2.9622506636310564,3.0,0.0,0.0,False,False,54574.0
19,random,7,4,Q019,random,0.2782594862273669,0.2597929390157749,11.53933002011666,1.5105795392784505,7.0,0.0,0.0,False,False,84493.0
19,random,7,5,Q036,random,0.0009740987909796,0.0010151203575593,0.7441860966878595,3.771248457832952,2.0,0.0,1.0,False,False,0.0
19,gp_m52_pi,1,1,Q032,exploitation,0.2992248296119603,0.2334964150897326,11.7793790509691,1.2308454307255945,5.0,0.0,1.0,True,False,0.0
19,gp_m52_pi,1,2,Q044,exploitation,0.2468475916539581,0.1963629018215271,11.51131402212392,1.3387033466988492,3.0,0.0,0.0,False,False,54574.0
19,gp_m52_pi,1,3,Q033,exploitation,0.1869902643122483,0.1345317105282594,11.260300399661752,1.3129643116990843,2.0,0.0,0.0,False,False,76472.0
19,gp_m52_pi,1,4,Q067,exploitation,0.1859493558109693,0.1632985293001729,10.994396324610657,1.605049202258461,4.0,0.0,0.0,False,False,75311.0
19,gp_m52_pi,1,5,Q070,exploitation,0.180957078623443,0.2938441529495271,9.701966262170284,2.989517931000312,5.0,0.0,1.0,True,False,14174.0
19,gp_m52_pi,2,1,Q018,exploitation,0.3425116205491284,0.1910927504093398,12.08837858708822,0.8362600074190424,2.0,0.0,0.0,False,False,207261.0
19,gp_m52_pi,2,2,Q019,exploitation,0.3141500596950218,0.1812068019465548,11.994879659157313,0.8937874211718924,7.0,0.0,1.0,True,False,84493.0
19,gp_m52_pi,2,3,Q072,exploitation,0.1750999421970523,0.1664663376588547,10.778274159222828,1.7654717335441454,4.0,0.0,1.0,False,False,57726.0
19,gp_m52_pi,2,4,Q076,exploitation,0.1439911714313428,0.1027171316959398,10.949758390358973,1.390815439701814,3.0,0.0,1.0,False,False,34391.0
19,gp_m52_pi,2,5,Q074,exploitation,0.1296484696627692,0.0917402641968071,10.832963253763529,1.413599816443627,3.0,0.0,1.0,False,False,34285.0
19,gp_m52_pi,3,1,Q024,exploitation,0.1408349750594301,0.0259938181716139,12.038140139515566,0.3617401881898064,3.0,0.0,0.0,False,False,25579.0
19,gp_m52_pi,3,2,Q093,exploitation,0.1003816287171496,0.3106015987967334,4.072423256140329,6.530629849885588,19.0,0.2000000029802322,0.800000011920929,True,False,0.0
19,gp_m52_pi,3,3,Q085,exploitation,0.0930318587423922,0.2370185961809963,5.207787662537303,5.459970039036374,7.0,0.0,1.0,True,False,0.0
19,gp_m52_pi,3,4,Q026,exploitation,0.0747996685281994,0.011975284951808,11.912244181057693,0.3576371521997804,1.0,0.0,0.0,False,False,99186.0
19,gp_m52_pi,3,5,Q057,exploitation,0.0650934101341119,0.1530697031236365,4.278154993365348,5.384968326846342,5.0,0.0,1.0,True,False,0.0
19,gp_m52_pi,4,1,Q049,exploitation,0.4794309348666354,0.1999950614586055,12.399974087155623,0.5352012737926994,2.0,0.0,0.0,False,False,163182.0
19,gp_m52_pi,4,2,Q069,exploitation,0.1752224178663878,0.1387878094870381,11.054416290808518,1.47062767473814,2.0,0.0,0.0,False,False,90845.0
19,gp_m52_pi,4,3,Q028,exploitation,0.133890939646845,0.0789442523464583,11.131822730827848,1.1692613647480197,4.0,0.0,0.0,False,False,55318.0
19,gp_m52_pi,4,4,Q050,exploitation,0.0160150391715653,0.0073491454827823,9.674337374308822,1.284141036034492,8.0,0.0,0.0,False,False,6338.0
19,gp_m52_pi,4,5,Q088,exploitation,0.0107510914614381,0.0196975505580804,0.0942259896859374,5.364547351521633,12.0,0.0,1.0,True,False,0.0
19,gp_m52_pi,5,1,Q059,exploitation,0.010915811598678,0.0017748611908746,11.337597634268947,0.4752934353328163,2.0,0.0,0.0,False,False,128632.0
19,gp_m52_pi,5,2,Q068,exploitation,0.0042050474279672,0.0006283057010793,11.161960077376772,0.4802847342122125,4.0,0.0,0.0,False,False,50021.0
19,gp_m52_pi,5,3,Q012,exploitation,0.0023344544377844,0.0011168046764441,7.849652464190012,1.6181962419670457,5.0,0.0,0.0,False,False,1147.0
19,gp_m52_pi,5,4,Q045,exploitation,0.0001174409952205,1.0215299437532518e-05,11.103365742728611,0.3600167347866708,2.0,0.0,0.0,False,False,104181.0
19,gp_m52_pi,5,5,Q089,exploitation,6.145793951164634e-05,5.084770685764438e-05,-1.1912490132464892,3.546351911565517,8.0,1.0,0.0,True,False,0.0
19,gp_m52_pi,6,1,Q091,exploitation,1.9417645788837272e-05,1.281078196725761e-05,0.1110076455943467,2.9935997514563493,7.0,0.0,1.0,True,False,0.0
19,gp_m52_pi,6,2,Q036,exploitation,8.520164925747286e-09,3.842085258089675e-09,-2.746119819369424,2.6905428523471766,2.0,0.4000000059604645,0.6000000238418579,False,False,0.0
19,gp_m52_pi,6,3,Q075,exploitation,5.129846374354922e-10,1.521442289788177e-10,0.8197629948706489,1.901263769151448,6.0,0.2000000029802322,0.800000011920929,True,False,0.0
19,gp_m52_pi,6,4,Q013,exploitation,3.1081951086850646e-14,4.089562232304064e-15,4.769159699959395,1.0206545131425446,4.0,0.0,0.0,False,False,2639.0
19,gp_m52_pi,6,5,Q042,exploitation,7.961785353273685e-36,2.4183301008028686e-37,7.667718265567685,0.3826369200884197,2.0,0.0,0.0,False,False,452.0
19,gp_m52_pi,7,1,Q014,exploitation,7.840416508203856e-07,6.990954512680418e-08,10.211018742003503,0.4615570538821116,2.0,0.0,0.0,False,False,108381.0
19,gp_m52_pi,7,2,Q015,exploitation,4.740918771818399e-12,7.58781487961611e-13,4.6940398964468315,1.134922680185894,2.0,0.0,0.0,False,False,48700.0
19,gp_m52_pi,7,3,Q020,exploitation,6.823247099380764e-07,4.0998991680817504e-08,10.917707806077749,0.3125966675291561,2.0,0.0,0.0,False,False,101000.0
19,gp_m52_pi,7,4,Q021,exploitation,3.939069997195256e-07,2.6299278203170903e-08,10.678823963092704,0.3541167532121888,2.0,0.0,0.0,False,False,67531.0
19,gp_m52_pi,7,5,Q041,exploitation,1.3841947802468896e-11,8.160669770056404e-13,9.702839022804056,0.4092191634228905,2.0,0.0,0.0,False,False,155410.0
19,gp_m52_ei,1,1,Q070,exploitation,0.180957078623443,0.2938441529495271,9.701966262170284,2.989517931000312,5.0,0.0,1.0,True,False,14174.0
19,gp_m52_ei,1,2,Q032,exploitation,0.2992248296119603,0.2334964150897326,11.7793790509691,1.2308454307255945,5.0,0.0,1.0,True,False,0.0
19,gp_m52_ei,1,3,Q093,exploitation,0.0901510553369077,0.2205750239197382,5.358520809812901,5.2761052851428625,19.0,0.0,1.0,True,False,0.0
19,gp_m52_ei,1,4,Q044,exploitation,0.2468475916539581,0.1963629018215271,11.51131402212392,1.3387033466988492,3.0,0.0,0.0,False,False,54574.0
19,gp_m52_ei,1,5,Q067,exploitation,0.1859493558109693,0.1632985293001729,10.994396324610657,1.605049202258461,4.0,0.0,0.0,False,False,75311.0
19,gp_m52_ei,2,1,Q019,exploitation,0.5458139296983523,0.4617258491242214,12.543324151165958,1.0056590182337442,7.0,0.0,1.0,True,False,84493.0
19,gp_m52_ei,2,2,Q018,exploitation,0.5200906563129168,0.3788234986135101,12.472526114805756,0.8921070940324046,2.0,0.0,0.0,False,False,207261.0
19,gp_m52_ei,2,3,Q033,exploitation,0.446795031273828,0.3199904554435023,12.30004882277673,0.9534178855062102,2.0,0.0,0.0,False,False,76472.0
19,gp_m52_ei,2,4,Q085,exploitation,0.1062138274204702,0.2845667849632085,5.458265222965736,5.589234335136301,7.0,0.0,1.0,True,False,0.0
19,gp_m52_ei,2,5,Q057,exploitation,0.0647594377383294,0.1467258299920044,4.554888721237685,5.193062170784081,5.0,0.0,1.0,True,False,0.0
19,gp_m52_ei,3,1,Q072,exploitation,0.1852364579348625,0.20936301113227,10.575623227208627,2.0678680443357287,4.0,0.0,1.0,False,False,57726.0
19,gp_m52_ei,3,2,Q074,exploitation,0.1290313402940363,0.0986059937973021,10.69909104951187,1.5283088188740317,3.0,0.0,1.0,False,False,34285.0
19,gp_m52_ei,3,3,Q076,exploitation,0.1261706598585605,0.0852377232277772,10.87321828347427,1.3579001195211846,3.0,0.0,0.0,False,False,34391.0
19,gp_m52_ei,3,4,Q089,exploitation,0.0284181825675783,0.0574781351059178,2.406329313893007,5.261695107659433,8.0,1.0,0.0,True,False,0.0
19,gp_m52_ei,3,5,Q050,exploitation,0.0828517765509436,0.0521512341388943,10.515261002732952,1.3795987629681556,8.0,0.0,1.0,True,False,6338.0
19,gp_m52_ei,4,1,Q024,exploitation,0.1321476188213867,0.0236609130614452,12.030024551550756,0.3561385474929084,3.0,0.0,0.0,False,False,25579.0
19,gp_m52_ei,4,2,Q026,exploitation,0.0646753439833584,0.0098986583772027,11.895415988515092,0.3508777144801305,1.0,0.0,0.0,False,False,99186.0
19,gp_m52_ei,4,3,Q059,exploitation,0.019377230717045,0.0042920076535485,11.175816577957187,0.6056578072608804,2.0,0.0,0.0,False,False,128632.0
19,gp_m52_ei,4,4,Q091,exploitation,0.0024416663152294,0.0031178473273589,0.3156224293828442,4.3032141444743015,7.0,0.0,1.0,True,False,0.0
19,gp_m52_ei,4,5,Q028,exploitation,0.0203161170665111,0.0030242268727076,11.599178493812625,0.4046388425577199,4.0,0.0,0.0,False,False,55318.0
19,gp_m52_ei,5,1,Q049,exploitation,0.4182532806485322,0.1456536560083161,12.328779939482562,0.4787696026888522,2.0,0.0,0.0,False,False,163182.0
19,gp_m52_ei,5,2,Q069,exploitation,0.1190026772267329,0.0784881455081678,10.84291583939902,1.3429510860274827,2.0,0.0,0.0,False,False,90845.0
19,gp_m52_ei,5,3,Q012,exploitation,0.0033964600697703,0.0016636641258113,8.083621322068478,1.6048147725756203,5.0,0.0,0.0,False,False,1147.0
19,gp_m52_ei,5,4,Q088,exploitation,0.000299004127301,0.0002741536153728,0.0993773692775503,3.591593700536405,11.0,0.6000000238418579,0.4000000059604645,True,False,0.0
19,gp_m52_ei,5,5,Q075,exploitation,6.655473280753326e-10,2.008364586814884e-10,0.7709062099697785,1.922402213524829,6.0,0.2000000029802322,0.800000011920929,True,False,0.0
19,gp_m52_ei,6,1,Q068,exploitation,0.0018853361515794,0.0002425611954065,11.14492176554759,0.4427946204105538,4.0,0.0,0.0,False,False,50021.0
19,gp_m52_ei,6,2,Q036,exploitation,7.634104000418213e-09,3.338129946100999e-09,-2.3796288807628807,2.6167980704658236,2.0,0.0,1.0,False,False,0.0
19,gp_m52_ei,6,3,Q042,exploitation,8.463027305306912e-31,3.0182114351123876e-32,7.658948608837283,0.4154416586624367,2.0,0.0,0.0,False,False,452.0
19,gp_m52_ei,6,4,Q045,exploitation,5.752813192937323e-06,3.314884235164963e-07,11.217013759847822,0.2759598045506811,2.0,0.0,0.0,False,False,104181.0
19,gp_m52_ei,6,5,Q013,exploitation,7.41496596682846e-13,1.0452645592964801e-13,5.102233130018119,1.0352281711430118,4.0,0.0,0.0,False,False,2639.0
19,gp_m52_ei,7,1,Q014,exploitation,1.5784545420890355e-06,1.432378959768845e-07,10.294594645342652,0.4576891697566763,2.0,0.0,0.0,False,False,108381.0
19,gp_m52_ei,7,2,Q015,exploitation,3.3632262391483925e-14,4.764067965609271e-15,4.2045412190017375,1.0974145845989194,2.0,0.0,0.0,False,False,48700.0
19,gp_m52_ei,7,3,Q020,exploitation,1.4947184170658444e-17,2.9171554332333255e-19,10.997522888847652,0.1692981939245916,2.0,0.0,0.0,False,False,101000.0
19,gp_m52_ei,7,4,Q021,exploitation,4.062768193644785e-06,3.378080626111684e-07,10.624999539424689,0.4039986801647413,2.0,0.0,0.0,False,False,67531.0
19,gp_m52_ei,7,5,Q041,exploitation,2.719221679499344e-06,2.856904436477776e-07,10.068462322064224,0.5188157167182769,2.0,0.0,0.0,False,False,155410.0
19,pi_random_exploration,1,1,Q032,exploitation,0.29922502776506,0.2334969018047406,11.779378985481712,1.230846888634882,5.0,0.0,1.0,True,False,0.0
19,pi_random_exploration,1,2,Q044,exploitation,0.246847785118948,0.1963633489654508,11.511313701345856,1.338705014219076,3.0,0.0,0.0,False,False,54574.0
19,pi_random_exploration,1,3,Q033,exploitation,0.1869906057443464,0.1345321948537224,11.26030057243518,1.312965993900948,2.0,0.0,0.0,False,False,76472.0
19,pi_random_exploration,1,4,Q067,exploitation,0.1859496363733343,0.1632990670629031,10.994396031085635,1.605051414319831,4.0,0.0,0.0,False,False,75311.0
19,pi_random_exploration,1,5,Q019,random_exploration,0.0401335019049449,0.0405978342309754,8.04641994931611,2.5047528766701053,7.0,0.0,1.0,True,False,84493.0
19,pi_random_exploration,2,1,Q072,exploitation,0.1614655285109232,0.1474987540619098,10.715636893695468,1.7319433850677797,4.0,0.0,1.0,False,False,57726.0
19,pi_random_exploration,2,2,Q076,exploitation,0.1534667250339212,0.1129991775288377,10.983255095804232,1.4136802777857138,7.0,0.0,0.6000000238418579,True,False,34391.0
19,pi_random_exploration,2,3,Q074,exploitation,0.1349332016916234,0.0953366926736926,10.88435530152811,1.398646956520302,3.0,0.0,1.0,False,False,34285.0
19,pi_random_exploration,2,4,Q085,exploitation,0.108870038898424,0.3016819500724872,5.339144506815922,5.750988144739735,7.0,0.0,1.0,True,False,0.0
19,pi_random_exploration,2,5,Q014,random_exploration,0.0018953272986029,0.0003866946650539,10.395548393930554,0.7018923256909213,2.0,0.0,0.0,False,False,108381.0
19,pi_random_exploration,3,1,Q093,exploitation,0.1076839201323179,0.339020962798789,4.313730971432352,6.549027347418528,19.0,1.0,0.0,True,False,0.0
19,pi_random_exploration,3,2,Q057,exploitation,0.0736084825645654,0.1755642393154493,4.682366212616524,5.34362033957525,5.0,0.0,1.0,True,False,0.0
19,pi_random_exploration,3,3,Q028,exploitation,0.0669105079841966,0.0133556185132776,11.745608023407671,0.4548902396267519,4.0,0.0,0.0,False,False,55318.0
19,pi_random_exploration,3,4,Q050,exploitation,0.0577679037894462,0.0295566915325111,10.54562314352174,1.1958117626564115,8.0,0.0,0.0,False,False,6338.0
19,pi_random_exploration,3,5,Q049,random_exploration,6.065891524619317e-06,2.5012514571132344e-07,11.565501142203669,0.1970374918564743,2.0,0.0,0.0,False,False,163182.0
19,pi_random_exploration,4,1,Q018,exploitation,0.2491002835614493,0.0720568337475688,12.098804612363203,0.4854047359994118,2.0,0.0,0.0,False,False,207261.0
19,pi_random_exploration,4,2,Q026,exploitation,0.1281311141451559,0.0282697927936129,11.92586611822744,0.4419342273449043,1.0,0.0,0.0,False,False,99186.0
19,pi_random_exploration,4,3,Q024,exploitation,0.0986051477908988,0.0216529730570258,11.827742825911663,0.4651563930572956,3.0,0.0,0.0,False,False,25579.0
19,pi_random_exploration,4,4,Q070,exploitation,0.0864561789159637,0.0590947702886628,10.40235015663728,1.4859657591960802,3.0,0.0,0.0,False,False,14174.0
19,pi_random_exploration,4,5,Q075,random_exploration,0.0001527849942436,0.000109362417828,1.8893172370579707,2.9187567094674436,6.0,1.0,0.0,True,False,0.0
19,pi_random_exploration,5,1,Q069,exploitation,0.1367215490820565,0.0928002424970789,10.960557889183812,1.3395415581499217,2.0,0.0,0.0,False,False,90845.0
19,pi_random_exploration,5,2,Q012,exploitation,0.0392480356396162,0.0225819110358141,9.912537137160658,1.4294246649017202,5.0,0.0,0.0,False,False,1147.0
19,pi_random_exploration,5,3,Q059,exploitation,0.0141833163591305,0.0025521556123838,11.307918869156484,0.5107531097219042,2.0,0.0,0.0,False,False,128632.0
19,pi_random_exploration,5,4,Q088,exploitation,0.0089875788049005,0.0158353862947401,-0.0150820795754205,5.2586568294659655,12.0,0.0,1.0,True,False,0.0
19,pi_random_exploration,5,5,Q015,random_exploration,1.8053046221677704e-10,3.2879552938683054e-11,4.9271830792263565,1.196236730616382,2.0,0.0,0.0,False,False,48700.0
19,pi_random_exploration,6,1,Q036,exploitation,0.0248619662011686,0.032243833080905,5.6870457352832045,3.434962913093621,2.0,0.0,1.0,False,False,0.0
19,pi_random_exploration,6,2,Q068,exploitation,0.0236281098033443,0.0052316628231514,11.256302231699898,0.5903631784079952,4.0,0.0,0.0,False,False,50021.0
19,pi_random_exploration,6,3,Q089,exploitation,0.0118317424847785,0.0192065997450012,1.7861638374270798,4.703286161459896,8.0,1.0,0.0,True,False,0.0
19,pi_random_exploration,6,4,Q045,exploitation,0.0056737246823558,0.0007406139024075,11.39459972975071,0.4080005282850177,2.0,0.0,0.0,False,False,104181.0
19,pi_random_exploration,6,5,Q042,random_exploration,3.932552700389771e-07,5.677945996102511e-08,8.645339555583384,0.765839701488417,2.0,0.0,0.0,False,False,452.0
19,pi_random_exploration,7,1,Q021,exploitation,0.0084870288131562,0.0013610093797623,11.278125165974814,0.4814939210185707,2.0,0.0,0.0,False,False,67531.0
19,pi_random_exploration,7,2,Q041,exploitation,0.0004827361405372,0.0001318242079489,9.003866644732819,1.0373634913008385,2.0,0.0,0.0,False,False,155410.0
19,pi_random_exploration,7,3,Q091,exploitation,0.0001945949052379,0.0001635612999001,0.4400339158544346,3.3793366669528746,7.0,0.0,1.0,True,False,0.0
19,pi_random_exploration,7,4,Q013,exploitation,9.846066863245342e-06,3.3479449505528173e-06,5.6358641540870975,1.5911796104036486,4.0,0.0,0.0,False,False,2639.0
19,pi_random_exploration,7,5,Q020,random_exploration,7.029554415607125e-10,2.6085181232200804e-11,10.99811730988277,0.2360875914129273,2.0,0.0,0.0,False,False,101000.0
19,pi_uncertainty,1,1,Q032,exploitation,0.2992254136767838,0.2334972105063268,11.779380632394105,1.2308463585345426,5.0,0.0,1.0,True,False,0.0
19,pi_uncertainty,1,2,Q044,exploitation,0.2468479050713272,0.1963633683416186,11.511314705690769,1.338704290141109,3.0,0.0,0.0,False,False,54574.0
19,pi_uncertainty,1,3,Q033,exploitation,0.1869905739798323,0.1345321076319129,11.26030092219617,1.3129654259065906,2.0,0.0,0.0,False,False,76472.0
19,pi_uncertainty,1,4,Q067,exploitation,0.1859496969559656,0.1632990416239969,10.994397210093812,1.605050500600109,4.0,0.0,0.0,False,False,75311.0
19,pi_uncertainty,1,5,Q093,uncertainty_exploration,0.0901511655528258,0.2205753624196721,5.358523871066296,5.276105669688809,19.0,0.0,1.0,True,False,0.0
19,pi_uncertainty,2,1,Q018,exploitation,0.3438486632927362,0.1961154376272013,12.084457430825877,0.853579010619075,2.0,0.0,0.0,False,False,207261.0
19,pi_uncertainty,2,2,Q019,exploitation,0.3236429249094761,0.1925378356859784,12.010509238077574,0.9115600752380224,7.0,0.0,1.0,True,False,84493.0
19,pi_uncertainty,2,3,Q072,exploitation,0.1751951014782122,0.1655450064023145,10.78917315070475,1.7544980276327,4.0,0.0,1.0,False,False,57726.0
19,pi_uncertainty,2,4,Q076,exploitation,0.1567596307285859,0.1168003066877887,10.993297589097631,1.423090527536626,7.0,0.0,1.0,True,False,34391.0
19,pi_uncertainty,2,5,Q085,uncertainty_exploration,0.1090295834690588,0.2973105655417679,5.4590633990409705,5.657617150342461,7.0,0.0,1.0,True,False,0.0
19,pi_uncertainty,3,1,Q024,exploitation,0.1539049614263657,0.0302047853598362,12.04357557424062,0.3765390818356576,3.0,0.0,0.0,False,False,25579.0
19,pi_uncertainty,3,2,Q026,exploitation,0.0870541593039897,0.0150877043254679,11.916169610926744,0.3762808744151281,1.0,0.0,0.0,False,False,99186.0
19,pi_uncertainty,3,3,Q057,exploitation,0.0641954897779026,0.1498138142053455,4.282274079233696,5.357071084581289,5.0,0.0,1.0,True,False,0.0
19,pi_uncertainty,3,4,Q028,exploitation,0.0524756948767508,0.0106320072883915,11.647561194980238,0.481104823859961,4.0,0.0,0.0,False,False,55318.0
19,pi_uncertainty,3,5,Q089,uncertainty_exploration,0.0236904543467027,0.046536615012021,2.0456749343680514,5.235772854678548,8.0,1.0,0.0,True,False,0.0
19,pi_uncertainty,4,1,Q049,exploitation,0.4110031286501802,0.1602883837268566,12.305969226455453,0.5405790691500916,2.0,0.0,0.0,False,False,163182.0
19,pi_uncertainty,4,2,Q070,exploitation,0.2510249764717833,0.4728400366756041,10.311019140233284,3.153080890640908,3.0,0.0,0.0,False,False,14174.0
19,pi_uncertainty,4,3,Q074,exploitation,0.1719233069642326,0.110141564186087,11.296052736893838,1.1953701030752344,3.0,0.0,0.0,False,False,34285.0
19,pi_uncertainty,4,4,Q069,exploitation,0.1348966619512416,0.1109266015700145,10.631127088344634,1.6279028428198097,4.0,0.0,0.0,False,False,90845.0
19,pi_uncertainty,4,5,Q088,uncertainty_exploration,0.0097502237364293,0.0173070743323525,0.1589639877361213,5.252373434627062,12.0,0.0,1.0,True,False,0.0
19,pi_uncertainty,5,1,Q050,exploitation,0.0134286390674246,0.0056870620440587,9.749886820373604,1.2096634453532096,8.0,0.0,0.0,False,False,6338.0
19,pi_uncertainty,5,2,Q059,exploitation,0.0093017464697935,0.001536621551713,11.27143498700124,0.4912698400486846,2.0,0.0,0.0,False,False,128632.0
19,pi_uncertainty,5,3,Q068,exploitation,0.0053575432313073,0.0008311801588969,11.183347555436004,0.4875797547422437,4.0,0.0,0.0,False,False,50021.0
19,pi_uncertainty,5,4,Q012,exploitation,0.0022262536792418,0.0010612030282401,7.823790250736174,1.6186672802157114,5.0,0.0,0.0,False,False,1147.0
19,pi_uncertainty,5,5,Q091,uncertainty_exploration,3.1075053706174405e-05,2.1893100484562337e-05,-0.0892385646022306,3.1256923416056006,7.0,0.0,1.0,True,False,0.0
19,pi_uncertainty,6,1,Q045,exploitation,6.458651610679405e-06,3.4983400520136093e-07,11.301715141735563,0.2581371755634374,2.0,0.0,0.0,False,False,104181.0
19,pi_uncertainty,6,2,Q075,exploitation,2.9989314581639225e-10,8.675089608569057e-11,0.8021373057175154,1.8779529839259896,6.0,0.2000000029802322,0.800000011920929,True,False,0.0
19,pi_uncertainty,6,3,Q036,exploitation,5.991262259417589e-09,2.619019717888952e-09,-2.582029809084119,2.6332767245852637,2.0,0.6000000238418579,0.4000000059604645,False,False,0.0
19,pi_uncertainty,6,4,Q041,exploitation,3.1037996384148074e-14,1.8120830396435847e-15,9.02916976271853,0.4529024703807084,2.0,0.0,0.0,False,False,155410.0
19,pi_uncertainty,6,5,Q015,uncertainty_exploration,4.217238718118721e-13,6.186063722037727e-14,4.642321878860141,1.08825337164363,2.0,0.0,0.0,False,False,48700.0
19,pi_uncertainty,7,1,Q013,exploitation,0.000719360027493,0.0002351157154515,8.576348126547774,1.2085072844677045,4.0,0.0,0.0,False,False,2639.0
19,pi_uncertainty,7,2,Q014,exploitation,0.0004521011475166,7.150327987977875e-05,10.42503683267057,0.6034024438069313,2.0,0.0,0.0,False,False,108381.0
19,pi_uncertainty,7,3,Q021,exploitation,5.274878534106133e-05,6.467693702574067e-06,10.373451645169013,0.5297441623251066,2.0,0.0,0.0,False,False,67531.0
19,pi_uncertainty,7,4,Q020,exploitation,2.985275811263667e-06,1.9743488787648434e-07,10.954459705737914,0.3253769203514264,2.0,0.0,0.0,False,False,101000.0
19,pi_uncertainty,7,5,Q042,uncertainty_exploration,2.1962154494495244e-19,1.132670360927044e-20,8.218387180412304,0.4715330070639033,2.0,0.0,0.0,False,False,452.0
19,imperfection_aware,1,1,Q044,exploitation,0.2468475916539581,0.1963629018215271,11.51131402212392,1.3387033466988492,3.0,0.0,0.0,False,False,54574.0
19,imperfection_aware,1,2,Q033,exploitation,0.1869902643122483,0.1345317105282594,11.260300399661752,1.3129643116990843,2.0,0.0,0.0,False,False,76472.0
19,imperfection_aware,1,3,Q067,exploitation,0.1859493558109693,0.1632985293001729,10.994396324610657,1.605049202258461,4.0,0.0,0.0,False,False,75311.0
19,imperfection_aware,1,4,Q068,exploitation,0.166121069777352,0.1417652934064226,10.87000262047724,1.606400567794828,4.0,0.0,0.0,False,False,50021.0
19,imperfection_aware,1,5,Q032,suspicious_exploration,0.2992248296119603,0.2334964150897326,11.7793790509691,1.2308454307255945,5.0,0.0,1.0,True,False,0.0
19,imperfection_aware,2,1,Q018,exploitation,0.3269950573193682,0.1797348055266102,12.05155709253032,0.8389153935204828,2.0,0.0,0.0,False,False,207261.0
19,imperfection_aware,2,2,Q072,exploitation,0.1525174019733747,0.1320552184933778,10.719912659486436,1.664886834853255,4.0,0.0,1.0,False,False,57726.0
19,imperfection_aware,2,3,Q028,exploitation,0.0657268741993564,0.0130470191280869,11.743070973764592,0.4538004312225918,4.0,0.0,0.0,False,False,55318.0
19,imperfection_aware,2,4,Q059,exploitation,0.0466511898890669,0.0124869489545899,11.340686298576909,0.6476436726876033,2.0,0.0,0.0,False,False,128632.0
19,imperfection_aware,2,5,Q019,suspicious_exploration,0.3233403059872218,0.1900580931167071,12.014589938472842,0.9009823205360414,7.0,0.0,1.0,True,False,84493.0
19,imperfection_aware,3,1,Q070,exploitation,0.3221944211889738,0.7066499299619513,10.873763987437004,3.3663641415310104,5.0,0.0,0.0,False,False,14174.0
19,imperfection_aware,3,2,Q049,exploitation,0.2347298162620445,0.065938097518337,12.080219832938385,0.4802057514820203,2.0,0.0,0.0,False,False,163182.0
19,imperfection_aware,3,3,Q076,exploitation,0.1227407206209463,0.1188499787004335,10.153271004786546,1.9582574713097816,5.0,0.0,0.0,False,False,34391.0
19,imperfection_aware,3,4,Q069,exploitation,0.1194488529312668,0.0955600578904556,10.510661776439704,1.627616031218575,5.0,0.0,0.0,False,False,90845.0
19,imperfection_aware,3,5,Q085,suspicious_exploration,0.109946954504215,0.2882486503458672,5.766249265845631,5.42979762326728,7.0,0.0,1.0,True,False,0.0
19,imperfection_aware,4,1,Q026,exploitation,0.1499548825421727,0.0275128180997294,12.060354573844922,0.3542510696322295,1.0,0.0,0.0,False,False,99186.0
19,imperfection_aware,4,2,Q050,exploitation,0.0834306726709628,0.0507324692644258,10.587668219452762,1.3309942522247131,8.0,0.0,0.0,False,False,6338.0
19,imperfection_aware,4,3,Q024,exploitation,0.0645313043020821,0.0103716308526417,11.868106348923511,0.3686066531248982,3.0,0.0,0.0,False,False,25579.0
19,imperfection_aware,4,4,Q045,exploitation,0.0378971427454615,0.0050449232070532,11.83727702180414,0.3324479075209143,2.0,0.0,0.0,False,False,104181.0
19,imperfection_aware,4,5,Q093,suspicious_exploration,0.1118647990477114,0.3506371597713847,4.558143975056149,6.468009731659921,19.0,0.800000011920929,0.2000000029802322,True,False,0.0
19,imperfection_aware,5,1,Q074,exploitation,0.0141561548897979,0.0037786746351351,10.765710610371558,0.7578303763739945,3.0,0.0,0.0,False,False,34285.0
19,imperfection_aware,5,2,Q012,exploitation,0.0014512642832726,0.0005340359132778,8.578181946608261,1.2926656774891123,5.0,0.0,0.0,False,False,1147.0
19,imperfection_aware,5,3,Q036,exploitation,1.6283994158004448e-08,7.71021056458698e-09,-2.906787776736719,2.7744272287423457,2.0,0.4000000059604645,0.6000000238418579,False,False,0.0
19,imperfection_aware,5,4,Q014,exploitation,8.89748369288978e-06,7.833119588813134e-07,10.651960975780066,0.4138104816025899,2.0,0.0,0.0,False,False,108381.0
19,imperfection_aware,5,5,Q057,suspicious_exploration,0.0111683242759877,0.0183641636372215,1.4739417215323058,4.79456714359727,5.0,0.0,1.0,True,False,0.0
19,imperfection_aware,6,1,Q021,exploitation,7.471170258221339e-06,4.0320762624188226e-07,11.3209420854535,0.2556021052966643,2.0,0.0,0.0,False,False,67531.0
19,imperfection_aware,6,2,Q041,exploitation,2.5876076289862797e-11,1.9725125508240386e-12,8.99809244773419,0.5223255622864109,2.0,0.0,0.0,False,False,155410.0
19,imperfection_aware,6,3,Q015,exploitation,8.955204789739659e-11,1.5911324390773422e-11,4.866471919693489,1.1854489454025623,2.0,0.0,0.0,False,False,48700.0
19,imperfection_aware,6,4,Q020,exploitation,6.905373019588851e-08,2.7466179104721602e-09,11.251279243083854,0.2233025398694509,2.0,0.0,0.0,False,False,101000.0
19,imperfection_aware,6,5,Q088,suspicious_exploration,0.0104210056731513,0.0188702534734665,0.1339617653354237,5.319991664244882,12.0,0.0,1.0,True,False,0.0
19,imperfection_aware,7,1,Q013,exploitation,0.0012176377211159,0.0004398952111445,8.529127946166515,1.286079131983298,4.0,0.0,0.0,False,True,2639.0
19,imperfection_aware,7,2,Q042,exploitation,6.143665593390338e-12,5.174794982337311e-13,8.400490184563251,0.594247306336782,2.0,0.0,0.0,False,True,452.0
19,imperfection_aware,7,3,Q089,exploitation,0.0012057598286844,0.0013637713689472,0.2015997855303579,4.029354514091875,8.0,1.0,0.0,True,True,0.0
19,imperfection_aware,7,4,Q091,exploitation,0.0006749776761104,0.0006848509871042,0.349932077063837,3.768209350810429,11.0,0.0,1.0,True,True,0.0
19,imperfection_aware,7,5,Q075,suspicious_exploration,2.7581099642479166e-10,8.209255590478585e-11,0.4170732496310858,1.9360333432392711,6.0,0.0,1.0,True,True,0.0
2,random,1,1,Q027,random,0.0076976330890435,0.0101028638891156,2.4166745870037616,3.9804182347225545,6.0,0.800000011920929,0.2000000029802322,True,False,0.0
2,random,1,2,Q059,random,3.7561939129700765e-05,4.2762198633022175e-06,10.079768874069757,0.5003829882172042,1.0,0.0,0.0,False,False,128632.0
2,random,1,3,Q029,random,0.7691286899670321,1.2255027023030824,13.097305772170955,1.408050463924194,2.0,0.0,0.0,False,False,119441.0
2,random,1,4,Q063,random,0.0550600500495331,0.0440329787548687,9.050872779748204,1.884097726953392,2.0,0.0,0.0,False,False,38893.0
2,random,1,5,Q001,random,0.1019816284815441,0.2188832463288534,6.324970763087674,4.515353205015518,7.0,0.0,1.0,True,False,4553.0
2,random,2,1,Q067,random,0.1391107608763568,0.1889797563021141,9.16563244296972,2.67021471911005,4.0,0.0,0.0,False,False,75311.0
2,random,2,2,Q034,random,0.8647002548563978,1.0851545649168677,13.082734911549895,0.9274234549682524,2.0,0.0,0.0,False,False,107033.0
2,random,2,3,Q042,random,3.1224184072151924e-06,5.679074878258739e-07,8.0255602153403,0.8932081240021733,3.0,0.0,0.0,False,False,452.0
2,random,2,4,Q021,random,0.2124746953371676,0.0605038359078421,11.66092805860868,0.501439009772092,2.0,0.0,0.0,False,False,67531.0
2,random,2,5,Q017,random,0.4230363612805958,0.3257525145478902,11.856596580454164,1.0529531406151156,2.0,0.0,0.0,False,False,247107.0
2,random,3,1,Q065,random,0.231685909126451,0.2582504558341811,11.024711813604563,1.9130744318359236,4.0,0.0,0.0,False,False,38100.0
2,random,3,2,Q093,random,0.1531875337659689,0.5181883075811669,5.781539789105017,6.497521691001582,19.0,0.0,1.0,True,False,0.0
2,random,3,3,Q010,random,0.1884336337421164,0.1623935165675258,11.040662770384465,1.5694742666231765,4.0,1.0,0.0,False,False,0.0
2,random,3,4,Q040,random,1.2595639800264055e-05,8.759654620408541e-07,11.07143404415856,0.3218896896339198,2.0,0.0,0.0,False,False,114138.0
2,random,3,5,Q068,random,0.5638029041855644,0.8134980837824286,12.697329365698693,1.6794407639077595,5.0,0.0,0.0,False,False,50021.0
2,random,4,1,Q089,random,0.1083213353287185,0.3214864455138101,4.809312821607749,6.16611736808087,8.0,1.0,0.0,True,False,0.0
2,random,4,2,Q085,random,0.1049264154977449,0.3048299426255048,4.808357942240594,6.076079576721034,7.0,0.0,1.0,True,False,0.0
2,random,4,3,Q039,random,4.092964465742989e-17,3.8161235704139795e-18,5.781201241321855,0.7980264895781087,1.0,0.6000000238418579,0.0,False,False,28530.0
2,random,4,4,Q057,random,0.3199274763563516,0.3756521580233413,11.582063235453758,1.807041298959372,5.0,0.0,1.0,True,False,0.0
2,random,4,5,Q033,random,2.628085821629395e-05,5.0562203676044e-06,8.947656751255014,0.8605293749001879,2.0,0.0,0.0,False,False,76472.0
2,random,5,1,Q047,random,0.0005164481580234,0.0003483047987669,4.058150532667631,2.5505594476627307,2.0,0.0,1.0,False,False,7770.0
2,random,5,2,Q024,random,0.1816197136721245,0.1045078831832344,11.465330287447165,1.0583371957253838,3.0,0.0,0.0,False,False,25579.0
2,random,5,3,Q005,random,0.2745387116256548,0.6244946998151609,10.212398131642386,3.697250986040265,7.0,0.0,1.0,True,False,42083.0
2,random,5,4,Q088,random,0.03579765073654,0.0701429984538867,3.537434379275191,4.934356717868947,12.0,0.0,1.0,True,False,0.0
2,random,5,5,Q091,random,0.0011086478881665,0.0010948029954786,1.5970357456366076,3.5400078494760954,7.0,0.0,1.0,True,False,0.0
2,random,6,1,Q037,random,2.57197983236324e-07,3.8493563228877815e-08,8.383713678592702,0.8054126068084935,1.0,0.0,0.0,False,False,76141.0
2,random,6,2,Q048,random,1.066668155950697e-09,6.842143914027879e-11,10.008898692795146,0.4039677473363736,2.0,0.0,0.0,False,False,42637.0
2,random,6,3,Q045,random,0.0003282299302269,4.475193299756559e-05,10.618484132664191,0.5309712583574107,2.0,0.0,0.0,False,False,104181.0
2,random,6,4,Q077,random,0.053736116581922,0.1117247544189525,4.511369804948103,4.917941626486429,9.0,1.0,0.0,True,False,226.0
2,random,6,5,Q013,random,0.0032417183228371,0.00120818886712,9.089883212838515,1.2260696685542982,4.0,0.0,1.0,False,False,2639.0
2,random,7,1,Q071,random,0.1710391631409949,0.1117406462595267,11.267912093237811,1.2206180760278205,3.0,0.0,0.0,False,False,60955.0
2,random,7,2,Q028,random,0.2139447207659601,0.1430351547324445,11.49607879521472,1.1749395327696943,4.0,0.0,0.0,False,False,55318.0
2,random,7,3,Q036,random,0.0204455940246033,0.0243417156627956,5.815869574152785,3.2336930887577937,4.0,0.0,1.0,False,False,0.0
2,random,7,4,Q044,random,0.2876081227551247,0.8817861749099963,9.679310028034536,4.904246748946582,3.0,0.0,0.0,False,False,54574.0
2,random,7,5,Q061,random,0.0403415837590525,0.0194467069720729,10.34427920600499,1.192682655943068,2.0,0.0,0.0,False,False,61305.0
2,gp_m52_pi,1,1,Q034,exploitation,0.7755949040535937,0.9525356568702376,12.87446191017764,1.0740078953770802,2.0,0.0,0.0,False,False,107033.0
2,gp_m52_pi,1,2,Q029,exploitation,0.7691286899670321,1.2255027023030824,13.097305772170955,1.408050463924194,2.0,0.0,0.0,False,False,119441.0
2,gp_m52_pi,1,3,Q017,exploitation,0.7131223816942672,1.1512180109057408,12.934112791985536,1.5521042167851338,2.0,0.0,0.0,False,False,247107.0
2,gp_m52_pi,1,4,Q065,exploitation,0.6259985333765727,1.2707441156386483,12.764908069056448,2.190965845715053,4.0,0.0,0.0,False,False,38100.0
2,gp_m52_pi,1,5,Q047,exploitation,0.3764035654079358,0.1772945424679387,11.847150814938736,0.6790414970268653,2.0,0.0,1.0,False,False,7770.0
2,gp_m52_pi,2,1,Q021,exploitation,0.1512961246709758,0.1087727908464862,10.999661339478536,1.3851322286382688,2.0,0.0,0.0,False,False,67531.0
2,gp_m52_pi,2,2,Q061,exploitation,0.1483557225046262,0.1384327488132763,10.542661937121622,1.8063229598280872,2.0,0.0,0.0,False,False,61305.0
2,gp_m52_pi,2,3,Q013,exploitation,0.1400400081442415,0.0558881739307663,11.581596662772837,0.7832173708798669,4.0,0.0,0.0,False,False,2639.0
2,gp_m52_pi,2,4,Q068,exploitation,0.1146802963755405,0.0282819684966804,11.81913210783524,0.5061936972684546,5.0,0.0,0.0,False,False,50021.0
2,gp_m52_pi,2,5,Q005,exploitation,0.1002940680923442,0.2161368481866392,6.605142064109362,4.5492147445708095,7.0,0.0,1.0,True,False,42083.0
2,gp_m52_pi,3,1,Q085,exploitation,0.1568451651123318,0.3876175440138318,7.672637347830419,4.7195055880547105,7.0,0.0,1.0,True,False,0.0
2,gp_m52_pi,3,2,Q067,exploitation,0.0919356506074468,0.1025578905969499,9.243065439509138,2.3963015671473538,5.0,0.0,0.0,False,False,75311.0
2,gp_m52_pi,3,3,Q093,exploitation,0.0654836041171248,0.1668590910124073,3.624023285054591,5.82901722513669,19.0,0.0,1.0,True,False,0.0
2,gp_m52_pi,3,4,Q088,exploitation,0.0511995571325661,0.1184166249443515,3.4215037990593045,5.513927957422281,18.0,0.0,1.0,True,False,0.0
2,gp_m52_pi,3,5,Q033,exploitation,0.0319669263683212,0.0123237179046911,10.599629480540644,0.986673311709668,2.0,0.0,0.0,False,False,76472.0
2,gp_m52_pi,4,1,Q010,exploitation,0.1995440199074006,0.2098755627353897,10.837656315711898,1.8854698219279444,4.0,1.0,0.0,False,False,0.0
2,gp_m52_pi,4,2,Q028,exploitation,0.1125277565424222,0.0646172204533272,10.9918330682572,1.1834440752436728,4.0,0.0,0.0,False,False,55318.0
2,gp_m52_pi,4,3,Q063,exploitation,0.0850091813867077,0.0498240342221963,10.673554037895023,1.278310217991066,2.0,0.0,0.0,False,False,38893.0
2,gp_m52_pi,4,4,Q071,exploitation,0.082184386210186,0.0340079348421083,11.164516110081909,0.9083349378823936,3.0,0.0,0.0,False,False,60955.0
2,gp_m52_pi,4,5,Q059,exploitation,0.047924471042737,0.0136988033100496,11.280685811240598,0.6886934618801673,1.0,0.0,0.0,False,False,128632.0
2,gp_m52_pi,5,1,Q040,exploitation,0.5249234785805996,0.1856814100985095,12.454514331946564,0.4308364585927687,2.0,0.0,0.0,False,False,114138.0
2,gp_m52_pi,5,2,Q044,exploitation,0.2775696202240725,0.7080904616214365,9.989998172283496,4.130959018514577,3.0,0.0,0.0,False,False,54574.0
2,gp_m52_pi,5,3,Q048,exploitation,0.1650901933659641,0.1511450294010244,10.746784082539651,1.7261059298535304,3.0,0.0,0.0,False,False,42637.0
2,gp_m52_pi,5,4,Q039,exploitation,0.1419307687179584,0.107308071345175,10.842441863024812,1.47910896785547,1.0,0.6000000238418579,0.0,False,False,28530.0
2,gp_m52_pi,5,5,Q024,exploitation,0.123423166755112,0.0452442036592052,11.57011490491494,0.7404436448431303,3.0,0.0,0.0,False,False,25579.0
2,gp_m52_pi,6,1,Q036,exploitation,0.0301999000169982,0.0683222137069112,1.4677145252896358,5.836347799781681,4.0,0.0,1.0,False,False,0.0
2,gp_m52_pi,6,2,Q089,exploitation,0.0073466578228682,0.0112758264921814,1.016773792420386,4.676845583916794,8.0,1.0,0.0,True,False,0.0
2,gp_m52_pi,6,3,Q001,exploitation,0.0048661620207604,0.0066020806180913,1.3041138692196332,4.302753284910108,7.0,0.0,1.0,True,False,4553.0
2,gp_m52_pi,6,4,Q027,exploitation,0.0046776484184278,0.0069160323239999,0.1969251747246092,4.706288422839507,6.0,0.0,1.0,True,False,0.0
2,gp_m52_pi,6,5,Q077,exploitation,0.0029710253027498,0.003616486537959,1.3283350841368664,4.034677694940541,9.0,0.0,1.0,True,False,226.0
2,gp_m52_pi,7,1,Q037,exploitation,1.0377572403001274e-08,1.3491737140924163e-09,8.10291563340306,0.7714920578637696,1.0,0.0,0.0,False,False,76141.0
2,gp_m52_pi,7,2,Q042,exploitation,7.351207518944817e-07,1.1594687919642816e-07,8.487029725470425,0.8183501201207471,3.0,0.0,0.0,False,False,452.0
2,gp_m52_pi,7,3,Q045,exploitation,0.0003855114631668,5.160058457090834e-05,10.692405382741963,0.515961625807122,2.0,0.0,0.0,False,False,104181.0
2,gp_m52_pi,7,4,Q057,exploitation,0.0083546178074608,0.010334258430875,3.525406371298142,3.720021141061957,5.0,0.0,1.0,True,False,0.0
2,gp_m52_pi,7,5,Q091,exploitation,0.0001124353889357,8.60972420207546e-05,0.7062542232613094,3.177112843494367,7.0,0.0,1.0,True,False,0.0
2,gp_m52_ei,1,1,Q065,exploitation,0.6260065977867598,1.2707728087551988,12.764954426860127,2.1909649826653523,4.0,0.0,0.0,False,False,38100.0
2,gp_m52_ei,1,2,Q029,exploitation,0.7691297628331275,1.225502289366417,13.097307158653638,1.4080456023775685,2.0,0.0,0.0,False,False,119441.0
2,gp_m52_ei,1,3,Q017,exploitation,0.7131249600888034,1.1512288467098686,12.934126405590106,1.5521075278507328,2.0,0.0,0.0,False,False,247107.0
2,gp_m52_ei,1,4,Q034,exploitation,0.7756066712242741,0.9525629168223102,12.874499439459656,1.074001724935168,2.0,0.0,0.0,False,False,107033.0
2,gp_m52_ei,1,5,Q093,exploitation,0.1820916089842293,0.6348720213609857,6.2460831793150415,6.408175508923249,19.0,0.0,1.0,True,False,0.0
2,gp_m52_ei,2,1,Q077,exploitation,0.2284886876742895,0.6730826913617277,8.651006351418433,5.077178963192926,9.0,1.0,0.0,True,False,226.0
2,gp_m52_ei,2,2,Q067,exploitation,0.1605912269929549,0.2848094916549039,9.087373682070686,3.367039370515728,5.0,0.0,0.0,False,False,75311.0
2,gp_m52_ei,2,3,Q088,exploitation,0.0838290738909093,0.231964437226431,4.078185253282674,6.051304772229133,12.0,0.0,1.0,True,False,0.0
2,gp_m52_ei,2,4,Q001,exploitation,0.0967440262378939,0.1988491591974978,6.7442455824618985,4.370688406280492,7.0,0.0,1.0,True,False,4553.0
2,gp_m52_ei,2,5,Q085,exploitation,0.0749472851024434,0.191672255879792,4.204458668401639,5.71088230823223,7.0,0.0,1.0,True,False,0.0
2,gp_m52_ei,3,1,Q061,exploitation,0.251035246582902,0.1768403242660032,11.636075753232433,1.1791762652573703,2.0,0.0,0.0,False,False,61305.0
2,gp_m52_ei,3,2,Q005,exploitation,0.0726508575450673,0.1355363376019283,6.326126329783993,4.189612910746194,7.0,0.0,1.0,True,False,42083.0
2,gp_m52_ei,3,3,Q033,exploitation,0.1654207606846146,0.0823350524776653,11.515520955711889,0.9379276197063084,2.0,0.0,0.0,False,False,76472.0
2,gp_m52_ei,3,4,Q047,exploitation,0.2049435673838346,0.0767553351308488,11.878441989648254,0.6663559416634174,2.0,0.0,1.0,False,False,7770.0
2,gp_m52_ei,3,5,Q063,exploitation,0.0877134979520373,0.0605683597262426,10.399178662155087,1.4970084530020482,2.0,0.0,0.0,False,False,38893.0
2,gp_m52_ei,4,1,Q091,exploitation,0.0330403583374235,0.0707264128677607,2.4055441536374165,5.4530545008739555,11.0,0.0,1.0,True,False,0.0
2,gp_m52_ei,4,2,Q045,exploitation,0.1768797186427402,0.0606554231082734,11.838610621268264,0.635130215620371,2.0,0.0,0.0,False,False,104181.0
2,gp_m52_ei,4,3,Q044,exploitation,0.0544307564001255,0.0250258806086751,10.687566215437368,1.0852494857310906,3.0,0.0,0.0,False,False,54574.0
2,gp_m52_ei,4,4,Q028,exploitation,0.0260679144210433,0.0167234539972072,9.148499983472254,1.6884979657799308,4.0,0.0,0.0,False,False,55318.0
2,gp_m52_ei,4,5,Q089,exploitation,0.0097006224295793,0.0156453109563657,1.2650752494990254,4.774933045005507,8.0,1.0,0.0,True,False,0.0
2,gp_m52_ei,5,1,Q071,exploitation,0.014441608461901,0.0060804862426404,9.82164458108635,1.1926062283864602,3.0,0.0,0.0,False,False,60955.0
2,gp_m52_ei,5,2,Q027,exploitation,0.0054326113936929,0.0059521756747449,3.668916701246716,3.4388106609651707,6.0,0.0,1.0,True,False,0.0
2,gp_m52_ei,5,3,Q021,exploitation,0.0430125840687181,0.0058867106340804,11.851886591721602,0.3353398807412789,2.0,0.0,0.0,False,False,67531.0
2,gp_m52_ei,5,4,Q013,exploitation,0.0085344828848186,0.0037007630172646,9.323905197923704,1.3012120986283051,4.0,0.0,0.0,False,False,2639.0
2,gp_m52_ei,5,5,Q010,exploitation,0.0080779102597504,0.0036411012113887,9.15555238240607,1.3602979238420958,4.0,1.0,0.0,False,False,0.0
2,gp_m52_ei,6,1,Q040,exploitation,0.6138784207451453,0.1427173905195846,12.5013117298346,0.2547348445214479,2.0,0.0,0.0,False,False,114138.0
2,gp_m52_ei,6,2,Q048,exploitation,0.130735578193731,0.1082968024858183,10.572847367838452,1.651704635923705,3.0,0.0,0.0,False,False,42637.0
2,gp_m52_ei,6,3,Q039,exploitation,0.1109782302206671,0.0763884733750539,10.689907384120096,1.4227571132638035,1.0,0.0,0.0,False,False,28530.0
2,gp_m52_ei,6,4,Q057,exploitation,0.0290168906579771,0.0432794756816952,5.093908584262744,3.869107903862987,5.0,0.0,1.0,True,False,0.0
2,gp_m52_ei,6,5,Q068,exploitation,0.0836186030931187,0.0425883255119195,10.888525781838524,1.1143400755404602,4.0,0.0,0.0,False,False,50021.0
2,gp_m52_ei,7,1,Q024,exploitation,0.0067877386763592,0.0012190861400063,11.06600577232258,0.5516235857979135,2.0,0.0,0.0,False,False,25579.0
2,gp_m52_ei,7,2,Q036,exploitation,0.0630816409396549,0.093147974373882,7.227752164928646,3.3998958653332845,4.0,0.0,1.0,False,False,0.0
2,gp_m52_ei,7,3,Q037,exploitation,0.0001704680265273,2.2773294670529317e-05,10.488621546110156,0.5413019464618087,1.0,0.0,0.0,False,False,76141.0
2,gp_m52_ei,7,4,Q042,exploitation,0.005024268686037,0.0024028241026758,8.535021028349263,1.5121701711526188,3.0,0.0,0.0,False,False,452.0
2,gp_m52_ei,7,5,Q059,exploitation,0.0064577842000973,0.001233393870489,10.962006725311472,0.5895099007631789,1.0,0.0,0.0,False,False,128632.0
2,pi_random_exploration,1,1,Q034,exploitation,0.71056526560755,1.2154336967918598,12.97712467937164,1.650550763404683,2.0,0.0,0.0,False,False,107033.0
2,pi_random_exploration,1,2,Q010,exploitation,0.4565036015261585,0.8996029400412204,11.77753851803626,2.594778129465519,4.0,1.0,0.0,False,False,0.0
2,pi_random_exploration,1,3,Q061,exploitation,0.4071175951044897,0.94803292295704,11.299246870560353,3.2420078946470907,2.0,0.0,0.0,False,False,61305.0
2,pi_random_exploration,1,4,Q067,exploitation,0.3757214255664657,1.0733859915092556,10.755492888891968,4.121759022693502,5.0,0.0,0.0,False,False,75311.0
2,pi_random_exploration,1,5,Q048,random_exploration,0.0049315830792238,0.0005780598107915,11.102898404424328,0.3712754968367883,3.0,0.0,0.0,False,False,42637.0
2,pi_random_exploration,2,1,Q059,exploitation,0.4300930017909528,0.1649257019642882,11.969382475900492,0.5201947001615108,1.0,0.0,0.0,False,False,128632.0
2,pi_random_exploration,2,2,Q068,exploitation,0.3194167025463099,0.4801911810495537,10.9745063064444,2.3150037518965965,5.0,0.0,0.0,False,False,50021.0
2,pi_random_exploration,2,3,Q029,exploitation,0.2921013961643182,0.7695268933425535,9.767358938800331,4.191180753462566,2.0,0.0,0.0,False,False,119441.0
2,pi_random_exploration,2,4,Q033,exploitation,0.2891185503303647,0.3420044071971866,11.010946537934664,1.888730557341688,2.0,0.0,0.0,False,False,76472.0
2,pi_random_exploration,2,5,Q013,random_exploration,0.0822285893802201,0.033148484298583,10.83090845322781,0.8848135331733499,4.0,0.0,1.0,False,False,2639.0
2,pi_random_exploration,3,1,Q040,exploitation,0.949703038659062,0.9973793136658352,13.045770780561956,0.5997405027443505,2.0,0.0,0.0,False,False,114138.0
2,pi_random_exploration,3,2,Q045,exploitation,0.801601859352497,0.6793796646382617,12.662016514840827,0.709274188501928,2.0,0.0,0.0,False,False,104181.0
2,pi_random_exploration,3,3,Q065,exploitation,0.6042369221596091,0.8125121073642634,12.455109511181528,1.4909479949506572,4.0,0.0,0.0,False,False,38100.0
2,pi_random_exploration,3,4,Q017,exploitation,0.5102531592582011,0.1930121502089642,12.073051944785693,0.4685603606676259,2.0,0.0,0.0,False,False,247107.0
2,pi_random_exploration,3,5,Q024,random_exploration,0.127597470885929,0.0347021851248745,11.440586654951352,0.5452713372986911,3.0,0.0,0.0,False,False,25579.0
2,pi_random_exploration,4,1,Q005,exploitation,0.3168419122215072,0.7543579028715933,10.675087917336572,3.67747182419171,7.0,0.0,1.0,True,False,42083.0
2,pi_random_exploration,4,2,Q044,exploitation,0.2767695910141587,0.8711269830995013,9.404937463914552,5.1018081667949104,3.0,0.0,0.0,False,False,54574.0
2,pi_random_exploration,4,3,Q001,exploitation,0.267867848115468,1.0785226108520731,8.341266970923279,6.59855259432452,7.0,1.0,0.0,True,False,4553.0
2,pi_random_exploration,4,4,Q093,exploitation,0.2511801226713558,1.007776168899811,7.9234452968796125,6.714766065970109,19.0,0.0,1.0,True,False,0.0
2,pi_random_exploration,4,5,Q039,random_exploration,0.0043845289176155,0.0009812642210495,10.549307347084843,0.7166442033885478,1.0,0.0,0.0,False,False,28530.0
2,pi_random_exploration,5,1,Q071,exploitation,0.1851581863497776,0.1017960256060918,11.52634831779692,1.0059734978240469,3.0,0.0,0.0,False,False,60955.0
2,pi_random_exploration,5,2,Q085,exploitation,0.157211495251139,0.4071374584718433,7.4552309203068035,4.942769475904128,7.0,0.0,1.0,True,False,0.0
2,pi_random_exploration,5,3,Q021,exploitation,0.1528890121013856,0.0846833260558186,11.337487751117084,1.0644179594356096,2.0,0.0,0.0,False,False,67531.0
2,pi_random_exploration,5,4,Q089,exploitation,0.1132280712659811,0.3016418169085999,5.795644478179785,5.483031674078481,8.0,1.0,0.0,True,False,0.0
2,pi_random_exploration,5,5,Q088,random_exploration,0.0433662550741663,0.0911969362128684,3.6126073324882952,5.146253369388211,12.0,0.0,1.0,True,False,0.0
2,pi_random_exploration,6,1,Q063,exploitation,0.0684490370838618,0.0318664606284362,10.855771656857696,1.056719497205864,2.0,0.0,0.0,False,False,38893.0
2,pi_random_exploration,6,2,Q057,exploitation,0.0632015289791501,0.0956835603257248,7.101455982272014,3.484677819214684,5.0,0.0,1.0,True,False,0.0
2,pi_random_exploration,6,3,Q077,exploitation,0.0286974803551116,0.0534196043049304,3.2375779091147407,4.836103289316285,9.0,0.2000000029802322,0.800000011920929,True,False,226.0
2,pi_random_exploration,6,4,Q036,exploitation,0.0242058383287862,0.0485410503147596,1.9075683193603472,5.329997578469663,4.0,0.0,1.0,False,False,0.0
2,pi_random_exploration,6,5,Q047,random_exploration,0.0068789887139409,0.0050744238471058,6.853474440326127,2.262658188874884,2.0,0.0,1.0,False,False,7770.0
2,pi_random_exploration,7,1,Q028,exploitation,0.0024004900609599,0.0005351731667704,10.305825652207815,0.7523707399062658,4.0,0.0,0.0,False,False,55318.0
2,pi_random_exploration,7,2,Q091,exploitation,8.69042451871851e-05,6.476765303938827e-05,0.6532703852187609,3.1361981318564096,7.0,0.0,1.0,True,False,0.0
2,pi_random_exploration,7,3,Q027,exploitation,3.8247291972956976e-05,3.120156733884779e-05,-1.7412935116796169,3.582408541163709,6.0,1.0,0.0,True,False,0.0
2,pi_random_exploration,7,4,Q042,exploitation,1.1139487558736166e-06,1.8240619767733633e-07,8.468302846481292,0.8367788617704993,3.0,0.0,0.0,False,False,452.0
2,pi_random_exploration,7,5,Q037,random_exploration,8.154523626317994e-08,1.16408257720458e-08,8.251980400799942,0.7973065873477424,1.0,0.0,0.0,False,False,76141.0
2,pi_uncertainty,1,1,Q034,exploitation,0.7755949040535937,0.9525356568702376,12.87446191017764,1.0740078953770802,2.0,0.0,0.0,False,False,107033.0
2,pi_uncertainty,1,2,Q029,exploitation,0.7691286899670321,1.2255027023030824,13.097305772170955,1.408050463924194,2.0,0.0,0.0,False,False,119441.0
2,pi_uncertainty,1,3,Q017,exploitation,0.7131223816942672,1.1512180109057408,12.934112791985536,1.5521042167851338,2.0,0.0,0.0,False,False,247107.0
2,pi_uncertainty,1,4,Q065,exploitation,0.6259985333765727,1.2707441156386483,12.764908069056448,2.190965845715053,4.0,0.0,0.0,False,False,38100.0
2,pi_uncertainty,1,5,Q093,uncertainty_exploration,0.1820891045191118,0.6348466480605779,6.246153588807565,6.408031000994159,19.0,0.0,1.0,True,False,0.0
2,pi_uncertainty,2,1,Q010,exploitation,0.4784744559121401,0.9378372783654768,12.291680969724265,2.5174673446341607,4.0,1.0,0.0,False,False,0.0
2,pi_uncertainty,2,2,Q061,exploitation,0.368895435410852,0.7998530002998592,11.372110120160963,3.1527268783075955,2.0,0.0,0.0,False,False,61305.0
2,pi_uncertainty,2,3,Q067,exploitation,0.3412957400705528,0.917962407814929,10.776655554272438,4.037188947005779,5.0,0.0,0.0,False,False,75311.0
2,pi_uncertainty,2,4,Q063,exploitation,0.310401957443867,0.8150084209396765,10.405882288738107,4.086622695305051,2.0,0.0,0.0,False,False,38893.0
2,pi_uncertainty,2,5,Q027,uncertainty_exploration,0.1315233511442898,0.3860139975350851,5.886769931844935,5.844084642705208,6.0,0.4000000059604645,0.6000000238418579,True,False,0.0
2,pi_uncertainty,3,1,Q040,exploitation,0.9890867848091972,0.8719097120619207,13.298073452303214,0.379568419036438,2.0,0.0,0.0,False,False,114138.0
2,pi_uncertainty,3,2,Q045,exploitation,0.8963818662713248,0.6021332589077641,13.007011486250676,0.4594275624037924,2.0,0.0,0.0,False,False,104181.0
2,pi_uncertainty,3,3,Q005,exploitation,0.3264077050001884,0.6525168701293702,11.054078126248555,3.0532157923534093,7.0,0.0,1.0,True,False,42083.0
2,pi_uncertainty,3,4,Q033,exploitation,0.2798587602740596,0.3206300826840103,11.348527106971986,1.850035245734436,2.0,0.0,0.0,False,False,76472.0
2,pi_uncertainty,3,5,Q001,uncertainty_exploration,0.1608743955412329,0.4678209457227332,6.95951395217479,5.51844716545797,7.0,0.0,1.0,True,False,4553.0
2,pi_uncertainty,4,1,Q047,exploitation,0.4166547176984014,0.2800959134971443,12.23271896821917,0.925889524886628,2.0,0.0,1.0,False,False,7770.0
2,pi_uncertainty,4,2,Q077,exploitation,0.1789182603115822,0.5508804284417358,7.199839150017959,5.685446307102284,9.0,1.0,0.0,True,False,226.0
2,pi_uncertainty,4,3,Q021,exploitation,0.1503757517821223,0.0330240927716791,11.989089311315496,0.4237356405057786,2.0,0.0,0.0,False,False,67531.0
2,pi_uncertainty,4,4,Q088,exploitation,0.1292706703163492,0.3923214645992441,5.572981776816908,6.066846409075045,12.0,0.0,1.0,True,False,0.0
2,pi_uncertainty,4,5,Q091,uncertainty_exploration,0.086298401737407,0.2359052339713442,4.319311868612768,5.94488352719482,11.0,0.0,1.0,True,False,0.0
2,pi_uncertainty,5,1,Q057,exploitation,0.2105303459352462,0.2248612728991115,10.910302647930196,1.8857957701548147,5.0,0.0,1.0,True,False,0.0
2,pi_uncertainty,5,2,Q089,exploitation,0.1442723399368668,0.3872551895619828,6.875937939369823,5.230886917543103,7.0,1.0,0.0,True,False,0.0
2,pi_uncertainty,5,3,Q068,exploitation,0.1339261887127111,0.1087600193699245,10.643279898569256,1.6103480814803122,5.0,0.0,0.0,False,False,50021.0
2,pi_uncertainty,5,4,Q085,exploitation,0.114378915993469,0.2765655971192022,6.450855992028009,4.965852093465861,7.0,0.0,1.0,True,False,0.0
2,pi_uncertainty,5,5,Q036,uncertainty_exploration,0.0734469869839648,0.1661593188597097,5.072351237651823,5.07050781826189,4.0,0.0,1.0,False,False,0.0
2,pi_uncertainty,6,1,Q044,exploitation,0.2299231395429565,0.530002556550933,9.496716898415606,3.965449713354772,3.0,0.0,0.0,False,False,54574.0
2,pi_uncertainty,6,2,Q071,exploitation,0.1613039935939738,0.1382369955019632,10.820050812312804,1.6252242002129813,3.0,0.0,0.0,False,False,60955.0
2,pi_uncertainty,6,3,Q028,exploitation,0.0397125489712346,0.0156863928525746,10.709324285158065,0.97960408017608,4.0,0.0,0.0,False,False,55318.0
2,pi_uncertainty,6,4,Q059,exploitation,0.026828341807845,0.0048866635913461,11.506086074320663,0.4775578940974704,1.0,0.0,0.0,False,False,128632.0
2,pi_uncertainty,6,5,Q013,uncertainty_exploration,0.0011271693059498,0.0006655401326435,5.97020710053365,2.1140506169056477,4.0,0.0,1.0,False,False,2639.0
2,pi_uncertainty,7,1,Q048,exploitation,0.1283439113399213,0.1094661776057656,10.49052443207474,1.7077793307083322,3.0,0.0,0.0,False,False,42637.0
2,pi_uncertainty,7,2,Q039,exploitation,0.1120476769068075,0.0810472984345719,10.613649572847253,1.4920753804197864,1.0,0.800000011920929,0.0,False,False,28530.0
2,pi_uncertainty,7,3,Q024,exploitation,0.0690971378470334,0.0254425708582844,11.190561565084977,0.8343867229800408,2.0,0.0,0.0,False,False,25579.0
2,pi_uncertainty,7,4,Q042,exploitation,2.500709607198869e-06,4.4736866888234787e-07,8.381650016766056,0.8863464770574443,3.0,0.0,0.0,False,False,452.0
2,pi_uncertainty,7,5,Q037,uncertainty_exploration,4.724021401709544e-05,1.1242604478713353e-05,8.390349730774128,1.0340350889547685,1.0,0.800000011920929,0.0,False,False,76141.0
2,imperfection_aware,1,1,Q034,exploitation,0.7755949040535937,0.9525356568702376,12.87446191017764,1.0740078953770802,2.0,0.0,0.0,False,False,107033.0
2,imperfection_aware,1,2,Q029,exploitation,0.7691286899670321,1.2255027023030824,13.097305772170955,1.408050463924194,2.0,0.0,0.0,False,False,119441.0
2,imperfection_aware,1,3,Q017,exploitation,0.7131223816942672,1.1512180109057408,12.934112791985536,1.5521042167851338,2.0,0.0,0.0,False,False,247107.0
2,imperfection_aware,1,4,Q065,exploitation,0.6259985333765727,1.2707441156386483,12.764908069056448,2.190965845715053,4.0,0.0,0.0,False,False,38100.0
2,imperfection_aware,1,5,Q077,suspicious_exploration,0.1959135322871206,0.5504578123972788,7.725859848988354,5.062600084356157,9.0,0.6000000238418579,0.4000000059604645,True,False,226.0
2,imperfection_aware,2,1,Q047,exploitation,0.2222901909812364,0.0844041535031836,11.923146874752929,0.6598379682320649,2.0,0.0,1.0,False,False,7770.0
2,imperfection_aware,2,2,Q061,exploitation,0.1893533965601471,0.1248223157535877,11.372196126718794,1.1989171124980462,2.0,0.0,0.0,False,False,61305.0
2,imperfection_aware,2,3,Q033,exploitation,0.1785344522129051,0.0910542692223605,11.559761969884288,0.9422933174572424,2.0,0.0,0.0,False,False,76472.0
2,imperfection_aware,2,4,Q067,exploitation,0.0856420712165085,0.1233941381380004,8.134514639806609,3.138001515288606,5.0,0.0,0.0,False,False,75311.0
2,imperfection_aware,2,5,Q093,suspicious_exploration,0.1806417688877919,0.6097851364838542,6.751442549811255,6.217549674013462,19.0,0.0,1.0,True,False,0.0
2,imperfection_aware,3,1,Q068,exploitation,0.1510795107662511,0.0589335429997067,11.651854392832496,0.7518079734315979,5.0,0.0,0.0,False,False,50021.0
2,imperfection_aware,3,2,Q071,exploitation,0.090204080354458,0.0382194092642435,11.203871441477297,0.9135572263847184,3.0,0.0,0.0,False,False,60955.0
2,imperfection_aware,3,3,Q021,exploitation,0.0537640313409257,0.0243642917651315,10.70257603933922,1.0718283799558954,2.0,0.0,0.0,False,False,67531.0
2,imperfection_aware,3,4,Q039,exploitation,0.0304478836052906,0.0181277018412114,9.552136298351153,1.5341828192232614,1.0,0.6000000238418579,0.0,False,False,28530.0
2,imperfection_aware,3,5,Q085,suspicious_exploration,0.1976002791169113,0.4829408041188991,8.692318562624433,4.393268342847099,7.0,0.0,1.0,True,False,0.0
2,imperfection_aware,4,1,Q036,exploitation,0.0090760332458161,0.0154601842473873,0.4289189170919441,5.078795376605559,4.0,0.0,1.0,False,False,0.0
2,imperfection_aware,4,2,Q063,exploitation,0.0023211268044173,0.001011045088455,8.254709037331663,1.47406323627063,2.0,0.0,0.0,False,False,38893.0
2,imperfection_aware,4,3,Q044,exploitation,0.0018670337648212,0.000405252425413,10.25963488500532,0.7476203872960385,3.0,0.0,0.0,False,False,54574.0
2,imperfection_aware,4,4,Q059,exploitation,0.0003179449080015,5.322360518382192e-05,10.196304109753864,0.653217401698111,1.0,0.0,0.0,False,False,128632.0
2,imperfection_aware,4,5,Q005,suspicious_exploration,0.1088810932950593,0.1856387890055038,8.06648533864975,3.538412756093109,7.0,0.0,1.0,True,False,42083.0
2,imperfection_aware,5,1,Q040,exploitation,0.0011187171672036,7.238197556546776e-05,11.719074991929318,0.2317832617435719,2.0,0.0,0.0,False,False,114138.0
2,imperfection_aware,5,2,Q028,exploitation,0.0001423987210587,2.410344203208876e-05,9.91284100057187,0.6930045127467064,4.0,0.0,0.0,False,False,55318.0
2,imperfection_aware,5,3,Q013,exploitation,8.008201410734132e-05,1.958815894179556e-05,8.525033847194784,1.033853948075628,4.0,0.0,0.0,False,False,2639.0
2,imperfection_aware,5,4,Q010,exploitation,2.1012104344653287e-05,6.492175530354945e-06,6.706310712479331,1.396774179787171,4.0,1.0,0.0,False,False,0.0
2,imperfection_aware,5,5,Q088,suspicious_exploration,0.0109938574855711,0.0192559653050374,0.7089738150070186,5.115999787674993,12.0,0.0,1.0,True,False,0.0
2,imperfection_aware,6,1,Q024,exploitation,0.1176756380940534,0.0481778376645462,11.435901971694072,0.8356703650668972,3.0,0.0,0.0,False,False,25579.0
2,imperfection_aware,6,2,Q048,exploitation,8.179198775231885e-13,3.850595180369811e-14,9.990254655520747,0.3451102244167998,2.0,0.0,0.0,False,False,42637.0
2,imperfection_aware,6,3,Q042,exploitation,5.970247725320354e-07,9.147181774850865e-08,8.53801315419832,0.8008791407586071,3.0,0.0,0.0,False,False,452.0
2,imperfection_aware,6,4,Q045,exploitation,6.783980414798702e-07,5.3797306554257485e-08,10.434029413184216,0.4126368992597946,2.0,0.0,0.0,False,False,104181.0
2,imperfection_aware,6,5,Q001,suspicious_exploration,0.0805306734607154,0.197183565095017,4.865804655699316,5.395445764345376,7.0,0.0,1.0,True,False,4553.0
2,imperfection_aware,7,1,Q037,exploitation,0.0058467523444078,0.0011146825135753,10.929500810968651,0.5941788230976411,1.0,0.0,0.0,False,True,76141.0
2,imperfection_aware,7,2,Q089,exploitation,0.1919698735138368,0.6618519613809859,6.988556560808866,6.247011822105487,8.0,1.0,0.0,True,True,0.0
2,imperfection_aware,7,3,Q027,exploitation,0.1612489823742381,0.5275048056776805,6.289321740809749,6.204412590050775,6.0,1.0,0.0,True,True,0.0
2,imperfection_aware,7,4,Q057,exploitation,0.0879494134158601,0.239207023744652,4.4510282582382255,5.893317778612802,5.0,0.0,1.0,True,True,0.0
2,imperfection_aware,7,5,Q091,suspicious_exploration,0.0019093674682208,0.0020824755787021,1.5799949193815266,3.7499092410026487,11.0,0.0,1.0,True,True,0.0
3,random,1,1,Q021,random,0.0078620534737337,0.0025286767324806,9.90088235198752,0.9733359794778356,2.0,0.0,0.0,False,False,67531.0
3,random,1,2,Q082,random,0.0178869715175369,0.0231197967422668,4.758118239436759,3.569261788070974,7.0,1.0,0.0,True,False,0.0
3,random,1,3,Q079,random,0.0320535175491227,0.0411101745571239,6.176700958420052,3.281259599260299,9.0,1.0,0.0,True,False,32240.0
3,random,1,4,Q066,random,0.0315144244610075,0.015786889083732,9.863560743327556,1.2846658052635362,5.0,0.0,0.0,False,False,82233.0
3,random,1,5,Q086,random,0.0283364105468328,0.050813478747055,3.357528935156904,4.666853823202654,8.0,0.800000011920929,0.2000000029802322,True,False,200.0
3,random,2,1,Q075,random,4.867615569330212e-07,1.699300447897244e-07,3.251037146609497,1.8380346718613807,6.0,1.0,0.0,True,False,0.0
3,random,2,2,Q064,random,0.088548623307033,0.0572934064320142,10.361913552064571,1.4001333871222794,5.0,0.0,0.0,False,False,45673.0
3,random,2,3,Q052,random,0.5551771360645625,0.469634085119045,12.389751338795232,0.994665777746668,2.0,0.0,0.0,False,False,81273.0
3,random,2,4,Q090,random,0.0001030532237967,7.74774959416977e-05,0.6186385035264133,3.1344137899043267,10.0,0.0,1.0,True,False,0.0
3,random,2,5,Q083,random,0.0384128653006838,0.0651319035447721,4.774309148132355,4.22594888980293,8.0,1.0,0.0,True,False,0.0
3,random,3,1,Q074,random,0.0488129288832048,0.0224682460650673,10.420038229730096,1.1057829444264835,3.0,0.0,0.0,False,False,34285.0
3,random,3,2,Q014,random,0.0001227875222532,2.8463697035229993e-05,8.742316148961406,0.9570724391796886,2.0,0.0,0.0,False,False,108381.0
3,random,3,3,Q062,random,0.0001747834539471,6.57261781635925e-05,6.811757802666989,1.521462725059727,3.0,0.0,1.0,False,False,0.0
3,random,3,4,Q093,random,0.0001995459202489,0.0001599999180913,0.854485827422141,3.2189414249533392,5.0,1.0,0.0,True,False,0.0
3,random,3,5,Q089,random,3.065524646894159e-06,1.8002768581302153e-06,-0.7989657584650649,2.886162604427315,7.0,1.0,0.0,True,False,0.0
3,random,4,1,Q022,random,0.0314796085789144,0.006262316460389,11.302954875385364,0.5102417909501923,1.0,0.0,0.0,False,False,114383.0
3,random,4,2,Q039,random,1.2038485330854073e-10,1.822596160558905e-11,5.896717200455344,1.003510838821873,1.0,0.0,0.0,False,False,28530.0
3,random,4,3,Q011,random,0.0367604872280652,0.0711935013804243,3.5575184111165,4.858238255627079,7.0,1.0,0.0,True,False,0.0
3,random,4,4,Q061,random,0.0505868847660549,0.0197553753338028,10.722648138778135,0.9328333896085172,4.0,0.0,0.0,False,False,61305.0
3,random,4,5,Q026,random,0.2019541113408784,0.0602914057616697,11.806546661948335,0.5333805549097151,1.0,0.0,0.0,False,False,99186.0
3,random,5,1,Q040,random,0.5946492357051043,0.1499355842144371,12.319487073240124,0.2828481403977067,2.0,0.0,0.0,False,False,114138.0
3,random,5,2,Q084,random,0.0213031826493768,0.0330804258428048,3.744457558625569,4.195846389992284,7.0,1.0,0.0,True,False,0.0
3,random,5,3,Q063,random,0.0250341829296329,0.0100349125160491,10.173412589200003,1.060706432688764,4.0,0.0,0.0,False,False,38893.0
3,random,5,4,Q065,random,0.0268917364316319,0.0113986511890213,10.109139618404337,1.1109745867695038,4.0,0.0,0.0,False,False,38100.0
3,random,5,5,Q059,random,0.0004661164947558,7.145287011579415e-05,10.319640795057074,0.5836770007600962,1.0,0.0,0.0,False,False,128632.0
3,random,6,1,Q031,random,0.1630718821987816,0.1206981995839881,10.877258825881572,1.3998013471151862,2.0,0.0,0.0,False,False,62455.0
3,random,6,2,Q007,random,0.1013864491956124,0.1199323469037911,9.078209263041344,2.491600683115717,7.0,0.0,1.0,True,False,0.0
3,random,6,3,Q053,random,0.0611321828049983,0.017097937314399,11.251203869155646,0.6474536101911351,1.0,0.0,0.0,False,False,110908.0
3,random,6,4,Q078,random,0.0460174660115696,0.0619877306966243,6.748816855291455,3.2662948490587187,8.0,0.0,0.0,False,False,51868.0
3,random,6,5,Q013,random,0.0255963638506182,0.0169129637869684,8.852498280736338,1.7433249155613812,4.0,0.0,0.0,False,False,2639.0
3,random,7,1,Q068,random,0.0632758647900638,0.0220610164253165,11.02590776672259,0.8023284280791898,4.0,0.0,0.0,False,False,50021.0
3,random,7,2,Q033,random,0.0711027003982708,0.0288773774128598,10.907944146943048,0.9156238310048136,2.0,0.0,0.0,False,False,76472.0
3,random,7,3,Q081,random,0.0230785867484609,0.0340883731995912,4.374977928363823,3.950324008799636,6.0,1.0,0.0,True,False,0.0
3,random,7,4,Q044,random,0.2478033651806109,0.3136730032935771,10.801944431228826,2.127612583830924,3.0,0.0,0.0,False,False,54574.0
3,random,7,5,Q095,random,0.1590346703896404,0.4756313933757093,6.568858862509406,5.69179801255872,11.0,1.0,0.0,True,False,0.0
3,gp_m52_pi,1,1,Q063,exploitation,0.4358596533339929,0.369395465584777,12.067295145974768,1.1422439139606717,4.0,0.0,0.0,False,False,38893.0
3,gp_m52_pi,1,2,Q059,exploitation,0.4347533015022585,0.3203360169036349,12.088389573398386,0.9943035786332702,2.0,0.0,0.0,False,False,128632.0
3,gp_m52_pi,1,3,Q061,exploitation,0.4323783050948473,0.3543633248357431,12.062863056737667,1.1089318592537667,4.0,0.0,0.0,False,False,61305.0
3,gp_m52_pi,1,4,Q052,exploitation,0.3824189526475436,0.2789818319137618,11.939289279455132,1.0445145994341267,2.0,0.0,0.0,False,False,81273.0
3,gp_m52_pi,1,5,Q044,exploitation,0.3531317034861124,0.2520031029976715,11.853529649805846,1.0565968127115413,3.0,0.0,0.0,False,False,54574.0
3,gp_m52_pi,2,1,Q053,exploitation,0.1912739667183476,0.0893618148590327,11.511807838214892,0.8473678250935569,1.0,0.0,0.0,False,False,110908.0
3,gp_m52_pi,2,2,Q040,exploitation,0.1131595776400206,0.0459220231767073,11.24105135088763,0.8353514598184959,2.0,0.0,0.0,False,False,114138.0
3,gp_m52_pi,2,3,Q068,exploitation,0.0957062329284978,0.0419491939348903,11.03147676314848,0.9340561404839628,4.0,0.0,0.0,False,False,50021.0
3,gp_m52_pi,2,4,Q095,exploitation,0.0764090803843122,0.1963998240622577,4.074906510582935,5.719473769600455,12.0,1.0,0.0,True,False,0.0
3,gp_m52_pi,2,5,Q064,exploitation,0.0719176756438955,0.0402212755301713,10.412576128555708,1.2582729177979672,5.0,0.0,0.0,False,False,45673.0
3,gp_m52_pi,3,1,Q079,exploitation,0.0532689325233449,0.0755012604918882,6.833084876364215,3.357382692667728,9.0,1.0,0.0,True,False,32240.0
3,gp_m52_pi,3,2,Q033,exploitation,0.0523160887699589,0.0186242383696655,10.87925937008498,0.8457478733893621,2.0,0.0,0.0,False,False,76472.0
3,gp_m52_pi,3,3,Q083,exploitation,0.0384378117490731,0.0729107405676591,3.888915684240191,4.727137508109652,12.0,1.0,0.0,True,False,0.0
3,gp_m52_pi,3,4,Q081,exploitation,0.0297118726636321,0.0412936434433057,5.477833055592573,3.593498010289561,6.0,1.0,0.0,True,False,0.0
3,gp_m52_pi,3,5,Q026,exploitation,0.026581905737292,0.0076883420730202,10.78363659277108,0.7592633108504764,1.0,0.0,0.0,False,False,99186.0
3,gp_m52_pi,4,1,Q031,exploitation,0.0953518575977656,0.0404484270780994,11.067994302686571,0.9046576318345392,2.0,0.0,0.0,False,False,62455.0
3,gp_m52_pi,4,2,Q086,exploitation,0.0548130328331597,0.1189215245650318,4.068088117694261,5.1151777951026585,8.0,1.0,0.0,True,False,200.0
3,gp_m52_pi,4,3,Q082,exploitation,0.0324747678245584,0.050206125788421,4.965293506705779,3.9479976814669184,7.0,1.0,0.0,True,False,0.0
3,gp_m52_pi,4,4,Q078,exploitation,0.0312077648212934,0.0268896653970688,8.128759640425736,2.2126913974079248,8.0,0.0,0.0,False,False,51868.0
3,gp_m52_pi,4,5,Q007,exploitation,0.0271683528454845,0.0206465571586716,8.424442054218868,1.989092089194316,7.0,0.0,1.0,True,False,0.0
3,gp_m52_pi,5,1,Q011,exploitation,0.0496995436989364,0.1123631443456636,3.3277693811889915,5.415773287227438,7.0,1.0,0.0,True,False,0.0
3,gp_m52_pi,5,2,Q074,exploitation,0.021892223327634,0.0089359112300444,10.03581143539744,1.099089429191131,3.0,0.0,0.0,False,False,34285.0
3,gp_m52_pi,5,3,Q066,exploitation,0.0166776506944958,0.0066209719708555,9.899304728322432,1.1055813499453029,4.0,0.0,0.0,False,False,82233.0
3,gp_m52_pi,5,4,Q093,exploitation,0.0052535722357128,0.0070275138727067,1.4750346196063535,4.211827496932317,5.0,1.0,0.0,True,False,0.0
3,gp_m52_pi,5,5,Q089,exploitation,0.0042265499323707,0.0057666864963371,0.7077307341007053,4.383664697965626,7.0,1.0,0.0,True,False,0.0
3,gp_m52_pi,6,1,Q065,exploitation,0.0078382633281214,0.0021964100765996,10.202015710757466,0.8482687736673596,4.0,0.0,0.0,False,False,38100.0
3,gp_m52_pi,6,2,Q021,exploitation,0.0005921724158519,9.250098829066668e-05,10.353690332610771,0.5853434624715484,2.0,0.0,0.0,False,False,67531.0
3,gp_m52_pi,6,3,Q084,exploitation,0.0002062003561285,0.000180211457204,-0.1164346737932566,3.501729709428342,6.0,1.0,0.0,True,False,0.0
3,gp_m52_pi,6,4,Q090,exploitation,0.0001654331604523,0.0001310055106767,0.7130256344155512,3.214259180588547,10.0,0.0,1.0,True,False,0.0
3,gp_m52_pi,6,5,Q075,exploitation,0.0001012234981565,5.991860628184163e-05,3.0722125056242557,2.470308551926517,6.0,1.0,0.0,True,False,0.0
3,gp_m52_pi,7,1,Q013,exploitation,3.66439646321507e-14,5.192076478023512e-15,4.0504162445100516,1.096163556567986,4.0,0.0,0.0,False,False,2639.0
3,gp_m52_pi,7,2,Q014,exploitation,2.753515291701475e-06,3.1371596544918184e-07,9.696217686847598,0.5623349020622707,2.0,0.0,0.0,False,False,108381.0
3,gp_m52_pi,7,3,Q022,exploitation,4.0454806584563025e-05,4.80099117939989e-06,10.2032932723995,0.5196872066471349,1.0,0.0,0.0,False,False,114383.0
3,gp_m52_pi,7,4,Q039,exploitation,1.7001464966571954e-08,2.497198157948645e-09,7.507144275273922,0.8596110158748395,1.0,0.0,0.0,False,False,28530.0
3,gp_m52_pi,7,5,Q062,exploitation,6.90496369646073e-06,2.428471625970453e-06,4.986660929793331,1.6713386924874176,3.0,0.0,1.0,False,False,0.0
3,gp_m52_ei,1,1,Q063,exploitation,0.4358596533339929,0.369395465584777,12.067295145974768,1.1422439139606717,4.0,0.0,0.0,False,False,38893.0
3,gp_m52_ei,1,2,Q061,exploitation,0.4323783050948473,0.3543633248357431,12.062863056737667,1.1089318592537667,4.0,0.0,0.0,False,False,61305.0
3,gp_m52_ei,1,3,Q059,exploitation,0.4347533015022585,0.3203360169036349,12.088389573398386,0.9943035786332702,2.0,0.0,0.0,False,False,128632.0
3,gp_m52_ei,1,4,Q052,exploitation,0.3824189526475436,0.2789818319137618,11.939289279455132,1.0445145994341267,2.0,0.0,0.0,False,False,81273.0
3,gp_m52_ei,1,5,Q044,exploitation,0.3531317034861124,0.2520031029976715,11.853529649805846,1.0565968127115413,3.0,0.0,0.0,False,False,54574.0
3,gp_m52_ei,2,1,Q095,exploitation,0.0764090613516355,0.1964000179453596,4.074895268441509,5.719481102848987,12.0,1.0,0.0,True,False,0.0
3,gp_m52_ei,2,2,Q053,exploitation,0.1912743087413808,0.0893620438493502,11.511808690330156,0.8473680673223425,1.0,0.0,0.0,False,False,110908.0
3,gp_m52_ei,2,3,Q083,exploitation,0.0367898637994722,0.068333293486104,3.9161490828585297,4.658789642128932,12.0,1.0,0.0,True,False,0.0
3,gp_m52_ei,2,4,Q079,exploitation,0.0477481750211456,0.065534789833657,6.735691246868788,3.308786603498505,9.0,1.0,0.0,True,False,32240.0
3,gp_m52_ei,2,5,Q086,exploitation,0.0312329176964884,0.058414205511925,3.3050570312187517,4.802363804046496,8.0,1.0,0.0,True,False,200.0
3,gp_m52_ei,3,1,Q040,exploitation,0.0959996494286355,0.0349832998371975,11.239178480913786,0.7760943025570158,2.0,0.0,0.0,False,False,114138.0
3,gp_m52_ei,3,2,Q068,exploitation,0.0798772777624712,0.0314613313963682,11.029690348455304,0.8692302246373244,4.0,0.0,0.0,False,False,50021.0
3,gp_m52_ei,3,3,Q064,exploitation,0.0552018211981593,0.0276842484655468,10.366382206227296,1.1810189217750415,5.0,0.0,0.0,False,False,45673.0
3,gp_m52_ei,3,4,Q033,exploitation,0.0453866786800368,0.016793020135681,10.731064795469798,0.8990984155478575,2.0,0.0,0.0,False,False,76472.0
3,gp_m52_ei,3,5,Q078,exploitation,0.0199892760651051,0.0157012314696309,7.857262865967947,2.139503084379771,8.0,0.0,0.0,False,False,51868.0
3,gp_m52_ei,4,1,Q081,exploitation,0.0281999120196717,0.0210169492036864,8.548675517527771,1.9408766807545923,6.0,0.0,1.0,True,False,0.0
3,gp_m52_ei,4,2,Q082,exploitation,0.0120525565976748,0.0119480445509315,5.786915124787726,2.8663125196446084,7.0,1.0,0.0,True,False,0.0
3,gp_m52_ei,4,3,Q074,exploitation,0.0211265076905845,0.0060300418891108,10.683694332938888,0.7720480432250081,3.0,0.0,0.0,False,False,34285.0
3,gp_m52_ei,4,4,Q007,exploitation,0.0055301633820599,0.0031135485927731,7.769556901530917,1.7640919990126616,7.0,0.0,1.0,True,False,0.0
3,gp_m52_ei,4,5,Q031,exploitation,0.0078782570864108,0.0024494994579934,9.98035912754217,0.9407219418576952,2.0,0.0,0.0,False,False,62455.0
3,gp_m52_ei,5,1,Q011,exploitation,0.0352406703125201,0.0733076930251993,2.7547659152306405,5.250413571412785,7.0,1.0,0.0,True,False,0.0
3,gp_m52_ei,5,2,Q093,exploitation,0.004847736434428,0.0063978281300921,1.4221263734744198,4.186967385572933,5.0,1.0,0.0,True,False,0.0
3,gp_m52_ei,5,3,Q089,exploitation,0.0040668439509112,0.0055431634884307,0.6216570600291575,4.394565148915084,7.0,1.0,0.0,True,False,0.0
3,gp_m52_ei,5,4,Q066,exploitation,0.0091983877441426,0.0034954605933438,9.584385944585396,1.1314166161724937,4.0,0.0,0.0,False,False,82233.0
3,gp_m52_ei,5,5,Q090,exploitation,0.0017536353761575,0.0019766354239828,0.8612054703079455,3.901694508440988,10.0,0.0,1.0,True,False,0.0
3,gp_m52_ei,6,1,Q065,exploitation,0.0040264572061265,0.0010386624875198,10.045873057979245,0.832451499336284,4.0,0.0,0.0,False,False,38100.0
3,gp_m52_ei,6,2,Q084,exploitation,0.0003054744401425,0.0002855047400033,-0.2769835632631032,3.656199412339962,6.0,1.0,0.0,True,False,0.0
3,gp_m52_ei,6,3,Q075,exploitation,0.0001655609338227,0.0001025863401508,3.2240157011404884,2.514931125106808,6.0,1.0,0.0,True,False,0.0
3,gp_m52_ei,6,4,Q021,exploitation,0.0003560639253096,5.008260957543463e-05,10.40713324786586,0.5449566548131342,2.0,0.0,0.0,False,False,67531.0
3,gp_m52_ei,6,5,Q062,exploitation,9.265679697494982e-05,3.8548905481597265e-05,5.729811997988036,1.744652128665374,3.0,0.2000000029802322,0.800000011920929,False,False,0.0
3,gp_m52_ei,7,1,Q013,exploitation,9.396557739783298e-12,1.6501686693900517e-12,4.001973946614412,1.2285385443394117,4.0,0.0,0.0,False,False,2639.0
3,gp_m52_ei,7,2,Q014,exploitation,1.6798855151289332e-07,1.558851279735171e-08,9.667743423648531,0.5064612742248981,2.0,0.0,0.0,False,False,108381.0
3,gp_m52_ei,7,3,Q022,exploitation,7.305057869301837e-07,6.513710048472682e-08,10.022927796057155,0.4627453687182887,1.0,0.0,0.0,False,False,114383.0
3,gp_m52_ei,7,4,Q026,exploitation,0.0003313606241137,3.4982773647266176e-05,10.85282325651156,0.4108954053318109,1.0,0.0,0.0,False,False,99186.0
3,gp_m52_ei,7,5,Q039,exploitation,4.500026246789532e-11,5.961076290939505e-12,6.435866089546326,0.897115418942772,1.0,0.0,0.0,False,False,28530.0
3,pi_random_exploration,1,1,Q063,exploitation,0.4358656924285732,0.3694036222369761,12.067312403635054,1.142245525747826,4.0,0.0,0.0,False,False,38893.0
3,pi_random_exploration,1,2,Q059,exploitation,0.4347561353025686,0.3203380784681509,12.088397267952164,0.994300317212334,2.0,0.0,0.0,False,False,128632.0
3,pi_random_exploration,1,3,Q061,exploitation,0.432384902402722,0.3543716872288702,12.06288149391413,1.1089328523849458,4.0,0.0,0.0,False,False,61305.0
3,pi_random_exploration,1,4,Q052,exploitation,0.3824242695523005,0.2789880551347246,11.939303102471396,1.0445170556105838,2.0,0.0,0.0,False,False,81273.0
3,pi_random_exploration,1,5,Q014,random_exploration,0.0002793260337654,7.256176330997302e-05,8.72531436291318,1.02187568591139,2.0,0.0,0.0,False,False,108381.0
3,pi_random_exploration,2,1,Q044,exploitation,0.2715943407787718,0.1705341288048652,11.628971632013688,1.0242914563902523,3.0,0.0,0.0,False,False,54574.0
3,pi_random_exploration,2,2,Q040,exploitation,0.2586059044950808,0.1437607623133047,11.654823259262228,0.9216650454860544,2.0,0.0,0.0,False,False,114138.0
3,pi_random_exploration,2,3,Q053,exploitation,0.1859254623574809,0.0952913994550082,11.415196984731956,0.9367649029404258,1.0,0.0,0.0,False,False,110908.0
3,pi_random_exploration,2,4,Q026,exploitation,0.1576237678615369,0.0797201215434396,11.282949307724202,0.9646686199212052,1.0,0.0,0.0,False,False,99186.0
3,pi_random_exploration,2,5,Q021,random_exploration,0.0426232770488368,0.0165038330007717,10.616667764665864,0.9500574389386685,2.0,0.0,0.0,False,False,67531.0
3,pi_random_exploration,3,1,Q064,exploitation,0.1632526789332187,0.1400511294121209,10.660273618437923,1.6219958317217191,5.0,0.0,0.0,False,False,45673.0
3,pi_random_exploration,3,2,Q022,exploitation,0.1631664152348346,0.0677395984230339,11.481198477152248,0.7850424311871528,1.0,0.0,0.0,False,False,114383.0
3,pi_random_exploration,3,3,Q095,exploitation,0.0927363120360407,0.2483038186229688,4.649096798688106,5.741779615466386,12.0,1.0,0.0,True,False,0.0
3,pi_random_exploration,3,4,Q033,exploitation,0.0770031279490895,0.0307356821969286,10.987444801075606,0.8868988590757674,2.0,0.0,0.0,False,False,76472.0
3,pi_random_exploration,3,5,Q007,random_exploration,0.0628281765706429,0.0464769046753054,9.641475697266166,1.7044307208712115,7.0,0.0,1.0,True,False,0.0
3,pi_random_exploration,4,1,Q031,exploitation,0.1874671043658984,0.1036933451558696,11.356725695733571,1.0087284651690196,2.0,0.0,0.0,False,False,62455.0
3,pi_random_exploration,4,2,Q078,exploitation,0.1747174973085641,0.3561673002855302,8.707559475743272,3.787788139481506,8.0,0.0,1.0,True,False,51868.0
3,pi_random_exploration,4,3,Q066,exploitation,0.1565080198057379,0.1188743190509739,10.7875383357757,1.4512645462717657,4.0,0.0,0.0,False,False,82233.0
3,pi_random_exploration,4,4,Q074,exploitation,0.1350217609458355,0.0943724194332218,10.725919619198368,1.3833830076928495,3.0,0.0,0.0,False,False,34285.0
3,pi_random_exploration,4,5,Q062,random_exploration,1.7249098955579974e-05,8.018723904933248e-06,3.467410280473147,2.1210296398745965,4.0,1.0,0.0,False,False,0.0
3,pi_random_exploration,5,1,Q086,exploitation,0.0552532911526099,0.1354179737389904,3.042155059533373,5.770704056723794,8.0,1.0,0.0,True,False,200.0
3,pi_random_exploration,5,2,Q082,exploitation,0.0424669123702666,0.0800790051359177,4.276464590091905,4.6293869939574,7.0,1.0,0.0,True,False,0.0
3,pi_random_exploration,5,3,Q011,exploitation,0.0365645398284828,0.0753836674311357,2.9766034463370348,5.1757868027323415,7.0,1.0,0.0,True,False,0.0
3,pi_random_exploration,5,4,Q083,exploitation,0.0282280327781292,0.0563886780627873,2.329891663667924,5.201496791369429,12.0,1.0,0.0,True,False,0.0
3,pi_random_exploration,5,5,Q079,random_exploration,0.0240137521053903,0.0359030972166171,4.386771718149217,3.97798182366078,9.0,1.0,0.0,True,False,32240.0
3,pi_random_exploration,6,1,Q068,exploitation,0.0275899898667832,0.0075731578510457,10.877009658608426,0.7169546806189487,4.0,0.0,0.0,False,False,50021.0
3,pi_random_exploration,6,2,Q081,exploitation,0.0258866998260005,0.0365988211943037,5.0074139214906825,3.724563597262267,6.0,0.0,1.0,True,False,0.0
3,pi_random_exploration,6,3,Q084,exploitation,0.012809607455795,0.0177391543131238,3.3757856160060093,3.9767962281009,7.0,0.2000000029802322,0.800000011920929,True,False,0.0
3,pi_random_exploration,6,4,Q093,exploitation,0.0083445715807296,0.0123047942187006,1.6360591627894108,4.43523891097807,5.0,1.0,0.0,True,False,0.0
3,pi_random_exploration,6,5,Q090,random_exploration,0.0007022722336076,0.0006682784832203,0.9956696288769926,3.5244433114303355,10.0,0.0,1.0,True,False,0.0
3,pi_random_exploration,7,1,Q065,exploitation,0.0060963771764893,0.0019159798887157,9.806563936940467,0.9755274043768412,4.0,0.0,0.0,False,False,38100.0
3,pi_random_exploration,7,2,Q089,exploitation,0.0010381280466831,0.0010865810523836,0.6427715510177414,3.770244560126983,7.0,1.0,0.0,True,False,0.0
3,pi_random_exploration,7,3,Q075,exploitation,8.278068475543403e-06,4.036849279907142e-06,2.34851351658953,2.299388087288131,6.0,1.0,0.0,True,False,0.0
3,pi_random_exploration,7,4,Q013,exploitation,4.242030800601812e-11,7.602906775177644e-12,4.362145955403702,1.2153246230582044,4.0,0.0,0.0,False,False,2639.0
3,pi_random_exploration,7,5,Q039,random_exploration,2.5761375690893164e-11,3.659971496936333e-12,5.858797475736249,0.9735738610282332,1.0,0.6000000238418579,0.0,False,False,28530.0
3,pi_uncertainty,1,1,Q063,exploitation,0.4358638974279253,0.3694012881539529,12.067307229038793,1.142245325992837,4.0,0.0,0.0,False,False,38893.0
3,pi_uncertainty,1,2,Q059,exploitation,0.4347550070578512,0.3203372335178798,12.088394216782426,0.9943015407100227,2.0,0.0,0.0,False,False,128632.0
3,pi_uncertainty,1,3,Q061,exploitation,0.4323813087686081,0.3543672498832595,12.062871388195584,1.108932679943588,4.0,0.0,0.0,False,False,61305.0
3,pi_uncertainty,1,4,Q052,exploitation,0.3824243582622237,0.2789879811034046,11.939303532288784,1.0445164306795336,2.0,0.0,0.0,False,False,81273.0
3,pi_uncertainty,1,5,Q095,uncertainty_exploration,0.0677407952264338,0.1649277164550759,3.986669759869387,5.536509220665781,12.0,1.0,0.0,True,False,0.0
3,pi_uncertainty,2,1,Q044,exploitation,0.2025704152691878,0.1077426278400577,11.461343059347808,0.9494529248192792,3.0,0.0,0.0,False,False,54574.0
3,pi_uncertainty,2,2,Q053,exploitation,0.196363640285439,0.0949881316080658,11.507262752180347,0.8710565082003128,1.0,0.0,0.0,False,False,110908.0
3,pi_uncertainty,2,3,Q040,exploitation,0.1237185015188304,0.0526590755594777,11.257899983539245,0.8592784636751295,2.0,0.0,0.0,False,False,114138.0
3,pi_uncertainty,2,4,Q068,exploitation,0.1029396825990323,0.0470089121560187,11.038778186935016,0.9588792760916,4.0,0.0,0.0,False,False,50021.0
3,pi_uncertainty,2,5,Q086,uncertainty_exploration,0.0181789291663574,0.030383732420496,2.6113385496988695,4.606234827529226,8.0,1.0,0.0,True,False,200.0
3,pi_uncertainty,3,1,Q064,exploitation,0.0646156867375359,0.0335164445303223,10.447336148904446,1.1893450679365352,5.0,0.0,0.0,False,False,45673.0
3,pi_uncertainty,3,2,Q079,exploitation,0.0566660009615457,0.0798758308595823,7.018473375217093,3.3050966011198777,9.0,1.0,0.0,True,False,32240.0
3,pi_uncertainty,3,3,Q033,exploitation,0.0518180150549803,0.0187490608314186,10.850588026120024,0.8609349071068316,2.0,0.0,0.0,False,False,76472.0
3,pi_uncertainty,3,4,Q083,exploitation,0.0391587686543205,0.0641711072549753,5.081716671867453,4.07264376301232,9.0,1.0,0.0,True,False,0.0
3,pi_uncertainty,3,5,Q081,uncertainty_exploration,0.0322051802434301,0.0443785251770387,5.7363695470850224,3.5230996738565272,6.0,1.0,0.0,True,False,0.0
3,pi_uncertainty,4,1,Q031,exploitation,0.0649940895027329,0.0252689614874412,10.903308655128567,0.8905535444824048,2.0,0.0,0.0,False,False,62455.0
3,pi_uncertainty,4,2,Q078,exploitation,0.0373985372980107,0.0315587576569204,8.489688489196428,2.111486977260544,8.0,0.0,0.0,False,False,51868.0
3,pi_uncertainty,4,3,Q007,exploitation,0.0222225417556431,0.0164910085037321,8.243326087654498,1.9943655094082424,7.0,0.0,1.0,True,False,0.0
3,pi_uncertainty,4,4,Q011,exploitation,0.0193643419466841,0.0324531567505099,2.7784392105160354,4.582986791402138,7.0,1.0,0.0,True,False,0.0
3,pi_uncertainty,4,5,Q089,uncertainty_exploration,0.00061615077851,0.0006021673636465,0.449929157080061,3.65234537155168,7.0,1.0,0.0,True,False,0.0
3,pi_uncertainty,5,1,Q082,exploitation,0.0345730579377774,0.051796674168038,5.3601959646275565,3.791845948896465,7.0,1.0,0.0,True,False,0.0
3,pi_uncertainty,5,2,Q074,exploitation,0.014722494908736,0.005214006321906,10.072295655402495,1.0009029868941206,3.0,0.0,0.0,False,False,34285.0
3,pi_uncertainty,5,3,Q066,exploitation,0.0109709008195802,0.0041670295172418,9.709040725336688,1.1096828506037593,4.0,0.0,0.0,False,False,82233.0
3,pi_uncertainty,5,4,Q093,exploitation,0.0040191764605317,0.0050794257688226,1.4404747546071055,4.079022596765321,5.0,1.0,0.0,True,False,0.0
3,pi_uncertainty,5,5,Q084,uncertainty_exploration,0.0004406016499386,0.0004426502370345,-0.5178520205388466,3.839391007420783,6.0,1.0,0.0,True,False,0.0
3,pi_uncertainty,6,1,Q065,exploitation,0.0041081538784046,0.0010619847145242,10.050865615928192,0.8327023559868377,4.0,0.0,0.0,False,False,38100.0
3,pi_uncertainty,6,2,Q090,exploitation,0.0004327317296977,0.0003860084554071,0.8831771049658173,3.412996335228391,10.0,0.0,1.0,True,False,0.0
3,pi_uncertainty,6,3,Q021,exploitation,0.0003388771633274,4.732179532819481e-05,10.407317766575268,0.5427284871903985,2.0,0.0,0.0,False,False,67531.0
3,pi_uncertainty,6,4,Q026,exploitation,0.0002772267303702,3.3410682371816814e-05,10.6139929906846,0.4743008562915327,1.0,0.0,0.0,False,False,99186.0
3,pi_uncertainty,6,5,Q075,uncertainty_exploration,0.0001478888258414,9.08739731426834e-05,3.167005323775016,2.510309026352638,6.0,1.0,0.0,True,False,0.0
3,pi_uncertainty,7,1,Q022,exploitation,4.0453266621954726e-05,4.800788465796229e-06,10.20329313569084,0.5196860377766136,1.0,0.0,0.0,False,False,114383.0
3,pi_uncertainty,7,2,Q062,exploitation,6.904809744060655e-06,2.4284191791492545e-06,4.986640745516686,1.671341454799468,3.0,0.0,1.0,False,False,0.0
3,pi_uncertainty,7,3,Q014,exploitation,2.7534929056124107e-06,3.137127217924061e-07,9.696221544815105,0.5623338412065604,2.0,0.0,0.0,False,False,108381.0
3,pi_uncertainty,7,4,Q013,exploitation,3.664594364549855e-14,5.192365211758967e-15,4.050418158045187,1.0961643403821857,4.0,0.0,0.0,False,False,2639.0
3,pi_uncertainty,7,5,Q039,uncertainty_exploration,1.7001185067338448e-08,2.4971575823951975e-09,7.507138544117601,0.8596116036334308,1.0,0.0,0.0,False,False,28530.0
3,imperfection_aware,1,1,Q063,exploitation,0.4358634109188279,0.3693998700502526,12.067306218713227,1.1422428430065532,4.0,0.0,0.0,False,False,38893.0
3,imperfection_aware,1,2,Q059,exploitation,0.434754416124162,0.3203362344356555,12.088392902471972,0.9943004541120246,2.0,0.0,0.0,False,False,128632.0
3,imperfection_aware,1,3,Q061,exploitation,0.4323803873249231,0.3543653788454136,12.062869187801189,1.1089303410971616,4.0,0.0,0.0,False,False,61305.0
3,imperfection_aware,1,4,Q052,exploitation,0.3824236778681115,0.2789867469188849,11.939302253683447,1.0445144772378934,2.0,0.0,0.0,False,False,81273.0
3,imperfection_aware,1,5,Q095,suspicious_exploration,0.0677400597056182,0.1649251366601819,3.986662340720346,5.536493353629255,12.0,1.0,0.0,True,False,0.0
3,imperfection_aware,2,1,Q044,exploitation,0.2025704152691878,0.1077426278400577,11.461343059347808,0.9494529248192792,3.0,0.0,0.0,False,False,54574.0
3,imperfection_aware,2,2,Q053,exploitation,0.196363640285439,0.0949881316080658,11.507262752180347,0.8710565082003128,1.0,0.0,0.0,False,False,110908.0
3,imperfection_aware,2,3,Q040,exploitation,0.1237185015188304,0.0526590755594777,11.257899983539245,0.8592784636751295,2.0,0.0,0.0,False,False,114138.0
3,imperfection_aware,2,4,Q068,exploitation,0.1029396825990323,0.0470089121560187,11.038778186935016,0.9588792760916,4.0,0.0,0.0,False,False,50021.0
3,imperfection_aware,2,5,Q079,suspicious_exploration,0.0415286085862291,0.0547692103702049,6.6209036972294895,3.248778022492443,9.0,1.0,0.0,True,False,32240.0
3,imperfection_aware,3,1,Q064,exploitation,0.0538460190308539,0.0266368488685558,10.370054949853415,1.1697258217274948,5.0,0.0,0.0,False,False,45673.0
3,imperfection_aware,3,2,Q033,exploitation,0.0442312270139645,0.0155606938552038,10.789558144982118,0.8583066362346261,2.0,0.0,0.0,False,False,76472.0
3,imperfection_aware,3,3,Q026,exploitation,0.0303479515276207,0.0091509690379241,10.793623360646984,0.7773696827127313,1.0,0.0,0.0,False,False,99186.0
3,imperfection_aware,3,4,Q065,exploitation,0.0255381663453273,0.0093952327442852,10.357620043813569,0.9709258447053944,4.0,0.0,0.0,False,False,38100.0
3,imperfection_aware,3,5,Q083,suspicious_exploration,0.0715508547025388,0.1395092531988529,5.822135434584432,4.390792963785577,8.0,1.0,0.0,True,False,0.0
3,imperfection_aware,4,1,Q031,exploitation,0.0136995360316284,0.0044555228221148,10.207308960607524,0.9268492670039512,2.0,0.0,0.0,False,False,62455.0
3,imperfection_aware,4,2,Q078,exploitation,0.0122416162664975,0.0087649411915747,7.60295457374955,2.066622209066613,8.0,0.0,0.0,False,False,51868.0
3,imperfection_aware,4,3,Q022,exploitation,0.0096237394127214,0.0022553182386715,10.626336468202824,0.6944078771053052,1.0,0.0,0.0,False,False,114383.0
3,imperfection_aware,4,4,Q074,exploitation,0.0069823517709055,0.0019936916853228,10.102032644483003,0.874514899436914,3.0,0.0,0.0,False,False,34285.0
3,imperfection_aware,4,5,Q081,suspicious_exploration,0.0151568261700969,0.0089657947185154,8.642973999799828,1.6661212949958577,6.0,0.2000000029802322,0.800000011920929,True,False,0.0
3,imperfection_aware,5,1,Q066,exploitation,0.0121496636237597,0.0040504852574645,10.08254618312261,0.963074142870176,4.0,0.0,0.0,False,False,82233.0
3,imperfection_aware,5,2,Q021,exploitation,0.0040979019560202,0.0008372620082994,10.511292711137724,0.6582886844420421,2.0,0.0,0.0,False,False,67531.0
3,imperfection_aware,5,3,Q013,exploitation,0.0027598796005583,0.0011044471033418,8.547659049904395,1.334791911600338,4.0,0.0,0.0,False,False,2639.0
3,imperfection_aware,5,4,Q062,exploitation,4.206093013622182e-06,1.2099756627321764e-06,6.034422431550487,1.395764688018136,4.0,1.0,0.0,False,False,0.0
3,imperfection_aware,5,5,Q086,suspicious_exploration,0.0399165779063097,0.0795237961300021,3.6037645065137953,4.937030784549714,8.0,1.0,0.0,True,False,200.0
3,imperfection_aware,6,1,Q014,exploitation,5.888435403138552e-05,8.185996653612738e-06,9.95203930746995,0.5972121356987571,2.0,0.0,0.0,False,True,108381.0
3,imperfection_aware,6,2,Q039,exploitation,4.429573708849623e-13,5.1737609621233936e-14,6.063884351895061,0.8657780788938372,1.0,0.0,0.0,False,True,28530.0
3,imperfection_aware,6,3,Q011,exploitation,0.0196158020053111,0.0337561026987066,2.564942940864066,4.698338310631763,7.0,1.0,0.0,True,True,0.0
3,imperfection_aware,6,4,Q082,exploitation,0.0129095362685583,0.0134677951924428,5.5800556575448175,2.9932327387239455,7.0,1.0,0.0,True,True,0.0
3,imperfection_aware,6,5,Q007,suspicious_exploration,0.0044720397929508,0.0022962282840603,7.961337723655066,1.6412008040131982,6.0,0.0,1.0,True,True,0.0
3,imperfection_aware,7,1,Q090,exploitation,0.0506502940241625,0.1222835267344535,2.804104016323586,5.765742403430448,10.0,0.0,1.0,True,True,0.0
3,imperfection_aware,7,2,Q084,exploitation,0.0384935474542748,0.0888275209609442,2.0840458905714048,5.7495213066641675,6.0,0.0,1.0,True,True,0.0
3,imperfection_aware,7,3,Q089,exploitation,0.036790751142815,0.0823361790088931,2.208356294132435,5.613315446112539,7.0,1.0,0.0,True,True,0.0
3,imperfection_aware,7,4,Q093,exploitation,0.027919326152927,0.0557918923038899,2.286504580318061,5.211144723197999,5.0,1.0,0.0,True,True,0.0
3,imperfection_aware,7,5,Q075,suspicious_exploration,0.0058505887503258,0.0073951676207045,2.321043073326506,3.939141822105176,6.0,1.0,0.0,True,True,0.0
4,random,1,1,Q081,random,0.0657802698610312,0.1218479779397032,5.270300931583768,4.234065530508994,8.0,1.0,0.0,True,False,0.0
4,random,1,2,Q080,random,0.0296693080337277,0.0507715676368983,3.310092950375484,4.425510485153837,10.0,0.0,1.0,True,False,0.0
4,random,1,3,Q053,random,0.178118917767646,0.2163202904338241,9.583814733508742,2.245234012062176,1.0,0.0,0.0,False,False,110908.0
4,random,1,4,Q006,random,0.0176840149344933,0.0139436436218054,7.067422136514983,2.1803658426760832,6.0,0.0,0.0,False,False,2244.0
4,random,1,5,Q033,random,0.0790369278223716,0.0548384559504543,9.489467218941076,1.534242521285888,2.0,0.0,0.0,False,False,76472.0
4,random,2,1,Q014,random,0.096457280595988,0.0790812932026933,9.383944571465234,1.744407374500214,4.0,0.0,0.0,False,False,108381.0
4,random,2,2,Q084,random,0.0001563137434318,0.0001131151192106,1.0328286899281025,2.946881069996256,6.0,0.0,1.0,True,False,0.0
4,random,2,3,Q056,random,0.3316045944504804,0.3696284753906298,10.918278555426312,1.692115334420896,5.0,0.0,0.0,False,False,94093.0
4,random,2,4,Q025,random,0.1722544689425498,0.1547392883384759,10.071495438682348,1.675327775623108,1.0,0.0,0.0,False,False,51808.0
4,random,2,5,Q092,random,0.0041045204657639,0.0046584455991971,1.9905220049987271,3.6562144604738105,10.0,0.0,1.0,True,False,0.0
4,random,3,1,Q026,random,0.1940356639932905,0.1862929020208071,10.158059280012816,1.7345357344321857,2.0,0.0,0.0,False,False,99186.0
4,random,3,2,Q020,random,0.1995782737280393,0.1867199223691545,10.241180806223904,1.6770769534035022,2.0,0.0,0.0,False,False,101000.0
4,random,3,3,Q087,random,0.0021652889092241,0.0023267717547121,1.2209011760213873,3.6572712235997296,10.0,1.0,0.0,True,False,0.0
4,random,3,4,Q089,random,0.0036493159798829,0.004174807506503,1.6629320229874516,3.724414579367793,11.0,1.0,0.0,True,False,0.0
4,random,3,5,Q030,random,0.3871957633674465,0.4700012890519153,11.159703016645786,1.7285698594499002,2.0,0.0,0.0,False,False,95814.0
4,random,4,1,Q024,random,0.3025963165680988,0.1510767979993428,11.249712626761088,0.7843339210579653,2.0,0.0,0.0,False,False,25579.0
4,random,4,2,Q034,random,0.4237990877597542,0.2447612768593841,11.50352848171282,0.7890557952868855,2.0,0.0,0.0,False,False,107033.0
4,random,4,3,Q093,random,0.0120941273826608,0.0169400298055292,2.529668376991539,4.048356081081489,5.0,1.0,0.0,True,False,0.0
4,random,4,4,Q017,random,0.3826423736862154,0.2998627457294432,11.320275050687568,1.1217524122566145,2.0,0.0,0.0,False,False,247107.0
4,random,4,5,Q075,random,0.0001683338118981,0.0001354914728983,-0.0463800772692302,3.263741768354412,6.0,0.4000000059604645,0.6000000238418579,True,False,0.0
4,random,5,1,Q049,random,0.1992694532996096,0.168402167123132,11.148102104967064,1.5155505871167374,3.0,0.0,0.0,False,False,163182.0
4,random,5,2,Q022,random,0.1131593291612116,0.0830510922377381,10.599720872009836,1.5107573941628183,1.0,0.0,0.0,False,False,114383.0
4,random,5,3,Q016,random,0.0051367690714639,0.0036251411076231,6.712534057342547,2.2268001025981072,5.0,0.0,0.0,False,False,357.0
4,random,5,4,Q059,random,0.2686108540342538,0.2507339819417174,11.484545848289669,1.5283707531208204,2.0,0.0,0.0,False,False,128632.0
4,random,5,5,Q048,random,0.001919683354198,0.0008626031858113,7.962979112575336,1.544274890802627,2.0,0.0,0.0,False,False,42637.0
4,random,6,1,Q029,random,0.1240729928311842,0.0530768658299384,11.43084923873528,0.8630723942366347,1.0,0.0,0.0,False,False,119441.0
4,random,6,2,Q065,random,0.1984322951063295,0.2102548785215181,10.81578235857415,1.9024236676355093,4.0,0.0,0.0,False,False,38100.0
4,random,6,3,Q074,random,0.0111252379309867,0.0086890981286622,7.219181193832367,2.2783255678613665,3.0,0.0,1.0,False,False,34285.0
4,random,6,4,Q041,random,0.0002032555683993,6.357757085506449e-05,7.992384093550753,1.2543614538952814,2.0,0.0,0.0,False,False,155410.0
4,random,6,5,Q035,random,0.0086232924583463,0.002647396931537,10.236055653961095,0.9202643362897936,3.0,0.0,0.0,False,False,50709.0
4,random,7,1,Q037,random,0.0291109856603015,0.0159109478514566,9.743404747259708,1.4171824587332575,1.0,0.0,0.0,False,False,76141.0
4,random,7,2,Q076,random,0.0618696092581328,0.0441392060576635,9.890671119907433,1.648128795594201,5.0,0.0,0.0,False,False,34391.0
4,random,7,3,Q095,random,0.1302010692834279,0.3228311136320829,6.8583077277172855,4.948524407872129,11.0,1.0,0.0,True,False,0.0
4,random,7,4,Q002,random,0.0033968385101105,0.0018220979750278,7.670579488572399,1.7574312898189457,5.0,0.0,0.0,False,False,0.0
4,random,7,5,Q071,random,0.1405679011014572,0.1098295729453861,10.776414785443665,1.5320187916143688,1.0,0.0,0.0,False,False,60955.0
4,gp_m52_pi,1,1,Q034,exploitation,0.8774498504683699,0.3443537162754274,11.98246848855052,0.281585617581353,2.0,0.0,0.0,False,False,107033.0
4,gp_m52_pi,1,2,Q065,exploitation,0.5387760716646633,0.8951537200716869,11.849037927701232,1.9914140342994695,4.0,0.0,0.0,False,False,38100.0
4,gp_m52_pi,1,3,Q029,exploitation,0.4580313877446872,0.5595520521384626,11.485930673300809,1.605791575484417,2.0,0.0,0.0,False,False,119441.0
4,gp_m52_pi,1,4,Q017,exploitation,0.4236977957384303,0.179466358254734,11.54379347801048,0.5787640224476287,3.0,0.0,0.0,False,False,247107.0
4,gp_m52_pi,1,5,Q030,exploitation,0.3605091074242543,0.4204182320801741,11.043798171923475,1.7120610930212838,2.0,0.0,0.0,False,False,95814.0
4,gp_m52_pi,2,1,Q035,exploitation,0.1490754324974648,0.2928189542981128,8.476185332892552,3.7979324910686336,3.0,0.0,0.0,False,False,50709.0
4,gp_m52_pi,2,2,Q092,exploitation,0.1185772120907499,0.2897112851510363,6.542105451550082,4.978707166515423,10.0,0.0,1.0,True,False,0.0
4,gp_m52_pi,2,3,Q095,exploitation,0.1167216901750495,0.2861689503346346,6.454209210368946,5.013170767064836,11.0,1.0,0.0,True,False,0.0
4,gp_m52_pi,2,4,Q093,exploitation,0.1105642800198823,0.2672815326895034,6.308945223601793,5.00079444382618,12.0,0.0,1.0,True,False,0.0
4,gp_m52_pi,2,5,Q026,exploitation,0.1005393406190369,0.1736777623866942,7.767749440647387,3.644808900725658,2.0,0.0,0.0,False,False,99186.0
4,gp_m52_pi,3,1,Q049,exploitation,0.1828838095873841,0.1038166423397196,11.48503571456192,1.0421430199592718,3.0,0.0,0.0,False,False,163182.0
4,gp_m52_pi,3,2,Q053,exploitation,0.1408918551188105,0.0808525207578675,11.2171346384159,1.124614407948522,1.0,0.0,0.0,False,False,110908.0
4,gp_m52_pi,3,3,Q074,exploitation,0.1001611858464727,0.1463210202173105,8.47726000237303,3.084661048177974,3.0,0.0,0.0,False,False,34285.0
4,gp_m52_pi,3,4,Q076,exploitation,0.0876773295976441,0.1217581422912552,8.347273918474748,3.010857842125088,5.0,0.0,0.0,False,False,34391.0
4,gp_m52_pi,3,5,Q022,exploitation,0.0492909343679991,0.0205955329487801,10.77212881384651,1.002230351694318,1.0,0.0,0.0,False,False,114383.0
4,gp_m52_pi,4,1,Q084,exploitation,0.0338973377807858,0.0616197789882036,4.00083396359727,4.613934047149785,11.0,0.6000000238418579,0.4000000059604645,True,False,0.0
4,gp_m52_pi,4,2,Q016,exploitation,0.0280907421635088,0.0337834784508943,6.443537521839502,3.133621798448347,5.0,0.0,0.0,False,False,357.0
4,gp_m52_pi,4,3,Q081,exploitation,0.0211391942937138,0.0330482593574247,3.8406205358076697,4.228426953580323,8.0,0.800000011920929,0.2000000029802322,True,False,0.0
4,gp_m52_pi,4,4,Q080,exploitation,0.0186283408622797,0.0309418417886863,2.92105663036682,4.563992997181618,10.0,0.0,1.0,True,False,0.0
4,gp_m52_pi,4,5,Q089,exploitation,0.0164431789995513,0.0276754581506931,2.4106509601308908,4.695139573772952,11.0,1.0,0.0,True,False,0.0
4,gp_m52_pi,5,1,Q056,exploitation,0.0075109699061096,0.0034922608594679,8.989856245835455,1.4136254123223648,3.0,0.0,0.0,False,False,94093.0
4,gp_m52_pi,5,2,Q033,exploitation,0.0058153518455802,0.002188487373055,9.466716847869591,1.1734767040108791,2.0,0.0,0.0,False,False,76472.0
4,gp_m52_pi,5,3,Q002,exploitation,0.0057698278408317,0.0046043030541796,6.137507680654279,2.4902131352771852,5.0,0.0,0.0,False,False,0.0
4,gp_m52_pi,5,4,Q059,exploitation,0.0044827797130698,0.0011016080328977,10.375302903960591,0.7853010037798529,2.0,0.0,0.0,False,False,128632.0
4,gp_m52_pi,5,5,Q006,exploitation,0.0017463706613347,0.0009167550380952,7.1186343798639875,1.8177122215499664,6.0,0.0,0.0,False,False,2244.0
4,gp_m52_pi,6,1,Q024,exploitation,0.0358033889581502,0.0081163883045697,11.399114374183627,0.5708595980766163,2.0,0.0,0.0,False,False,25579.0
4,gp_m52_pi,6,2,Q087,exploitation,0.027990924546543,0.0548973766107649,2.6563110358552446,5.112697646983052,8.0,1.0,0.0,True,False,0.0
4,gp_m52_pi,6,3,Q020,exploitation,0.0115011230372073,0.0022324460390093,11.145017667209562,0.5641614314856748,2.0,0.0,0.0,False,False,101000.0
4,gp_m52_pi,6,4,Q071,exploitation,0.0069934459745351,0.0016105960491938,10.69438086255144,0.7052408872310852,1.0,0.0,0.0,False,False,60955.0
4,gp_m52_pi,6,5,Q025,exploitation,0.002614744342802,0.0006276200731072,10.181595403507414,0.8042784769365036,1.0,1.0,0.0,False,False,51808.0
4,gp_m52_pi,7,1,Q014,exploitation,2.358118914149553e-06,3.169903029512784e-07,9.372178488919364,0.6675512852291059,2.0,0.0,0.0,False,False,108381.0
4,gp_m52_pi,7,2,Q037,exploitation,0.0010176929888816,0.0001489270291016,10.799022253184209,0.5278924012083711,1.0,0.0,0.0,False,False,76141.0
4,gp_m52_pi,7,3,Q041,exploitation,3.0819855877118897e-05,4.5308032767477026e-06,9.813436923204495,0.6524847959537119,2.0,0.0,0.0,False,False,155410.0
4,gp_m52_pi,7,4,Q048,exploitation,0.0002004022855137,3.211597578685793e-05,10.150949136847002,0.6431974121128439,2.0,0.0,0.0,False,False,42637.0
4,gp_m52_pi,7,5,Q075,exploitation,0.0005968049740129,0.0005967986588731,0.2915248563912822,3.745230758620389,6.0,0.0,1.0,True,False,0.0
4,gp_m52_ei,1,1,Q065,exploitation,0.5387760716646633,0.8951537200716869,11.849037927701232,1.9914140342994695,4.0,0.0,0.0,False,False,38100.0
4,gp_m52_ei,1,2,Q029,exploitation,0.4580313877446872,0.5595520521384626,11.485930673300809,1.605791575484417,2.0,0.0,0.0,False,False,119441.0
4,gp_m52_ei,1,3,Q035,exploitation,0.2010765291201799,0.426044175197769,8.479832185306211,3.7901739108841945,3.0,0.0,0.0,False,False,50709.0
4,gp_m52_ei,1,4,Q030,exploitation,0.3605091074242543,0.4204182320801741,11.043798171923475,1.7120610930212838,2.0,0.0,0.0,False,False,95814.0
4,gp_m52_ei,1,5,Q034,exploitation,0.8774498504683699,0.3443537162754274,11.98246848855052,0.281585617581353,2.0,0.0,0.0,False,False,107033.0
4,gp_m52_ei,2,1,Q095,exploitation,0.1494593742049595,0.3915584410013097,6.441977492404136,5.062415361787841,11.0,1.0,0.0,True,False,0.0
4,gp_m52_ei,2,2,Q093,exploitation,0.1482137486443788,0.3872907151768135,6.417811068045335,5.059522964450023,12.0,0.0,1.0,True,False,0.0
4,gp_m52_ei,2,3,Q092,exploitation,0.1279009274104857,0.3194981916548607,6.012318991711661,5.00564823926399,10.0,0.0,1.0,True,False,0.0
4,gp_m52_ei,2,4,Q089,exploitation,0.104942972217619,0.2485224602071103,5.490403096066405,4.952776522350172,12.0,1.0,0.0,True,False,0.0
4,gp_m52_ei,2,5,Q074,exploitation,0.1403864168523327,0.2326305942584557,8.195014968920391,3.2501579980612467,3.0,0.0,0.0,False,False,34285.0
4,gp_m52_ei,3,1,Q049,exploitation,0.2718359481405756,0.2189122767314779,10.903054300087724,1.31330738881551,4.0,0.0,0.0,False,False,163182.0
4,gp_m52_ei,3,2,Q053,exploitation,0.2359176103034257,0.179918916663254,10.764035884726988,1.3016750406432085,1.0,0.0,0.0,False,False,110908.0
4,gp_m52_ei,3,3,Q026,exploitation,0.1654530898232264,0.1512884807596552,10.02533494752133,1.7229950135853127,2.0,0.0,0.0,False,False,99186.0
4,gp_m52_ei,3,4,Q076,exploitation,0.1269714500253488,0.1185402653272082,9.562836561491952,1.8738634487467232,5.0,0.0,0.0,False,False,34391.0
4,gp_m52_ei,3,5,Q024,exploitation,0.124227054677459,0.1046355248708658,9.739889534436022,1.698878481433184,2.0,0.0,0.0,False,False,25579.0
4,gp_m52_ei,4,1,Q017,exploitation,0.1953671932161507,0.0623760888073593,11.518489773815675,0.5757260360642784,2.0,0.0,0.0,False,False,247107.0
4,gp_m52_ei,4,2,Q084,exploitation,0.03073204134128,0.0538923615507584,3.572669456208227,4.513003549581888,11.0,0.800000011920929,0.2000000029802322,True,False,0.0
4,gp_m52_ei,4,3,Q080,exploitation,0.026309083595107,0.0459889580786361,3.1071514368127993,4.595090660850648,10.0,0.0,1.0,True,False,0.0
4,gp_m52_ei,4,4,Q016,exploitation,0.0326621998538382,0.0400730350324684,6.242944331457597,3.130539530019507,5.0,0.6000000238418579,0.0,True,False,357.0
4,gp_m52_ei,4,5,Q081,exploitation,0.0192290358381514,0.0294709504924629,3.329701598101484,4.194774145862893,8.0,1.0,0.0,True,False,0.0
4,gp_m52_ei,5,1,Q002,exploitation,0.007084891749544,0.0057571733472653,6.331663240110096,2.4851573647899694,5.0,0.0,0.0,False,False,0.0
4,gp_m52_ei,5,2,Q056,exploitation,0.0058719989830878,0.0026170649791581,8.929055889167007,1.388444186290699,3.0,0.0,0.0,False,False,94093.0
4,gp_m52_ei,5,3,Q033,exploitation,0.0047679747930965,0.0017275573460338,9.443246885048588,1.151266828294543,2.0,0.0,0.0,False,False,76472.0
4,gp_m52_ei,5,4,Q006,exploitation,0.0020806008301384,0.0011035616853597,7.237636794645511,1.8110715761266916,6.0,0.0,0.0,False,False,2244.0
4,gp_m52_ei,5,5,Q087,exploitation,0.0009027395542458,0.0009511931224758,0.4634358662949829,3.8340546378267337,8.0,1.0,0.0,True,False,0.0
4,gp_m52_ei,6,1,Q059,exploitation,0.2299325176156951,0.1033306115794683,11.85622652916673,0.7730728196134415,2.0,0.0,0.0,False,False,128632.0
4,gp_m52_ei,6,2,Q071,exploitation,0.0202762606173738,0.005925908355371,10.800106500044349,0.7946355546470208,1.0,0.0,0.0,False,False,60955.0
4,gp_m52_ei,6,3,Q025,exploitation,0.002619564755724,0.0006779399100911,10.00687794388539,0.8670291328216615,1.0,1.0,0.0,False,False,51808.0
4,gp_m52_ei,6,4,Q075,exploitation,0.0001554385616219,0.0001314177393595,0.0079598720978406,3.444093809910494,6.0,0.2000000029802322,0.800000011920929,True,False,0.0
4,gp_m52_ei,6,5,Q037,exploitation,0.0027398181453984,0.0006182736122362,10.33576228585884,0.7531581511601142,1.0,0.0,0.0,False,False,76141.0
4,gp_m52_ei,7,1,Q014,exploitation,6.771677609597085e-09,7.25361370001611e-10,8.775209184575862,0.6431291106271593,2.0,0.0,0.0,False,False,108381.0
4,gp_m52_ei,7,2,Q020,exploitation,3.426156079188756e-07,2.88675258653802e-08,10.197892937736514,0.4490356136532,2.0,0.0,0.0,False,False,101000.0
4,gp_m52_ei,7,3,Q022,exploitation,0.000143795183715,1.7343328150006313e-05,10.637946519828132,0.4935248880809851,1.0,0.0,0.0,False,False,114383.0
4,gp_m52_ei,7,4,Q041,exploitation,1.0308323316963746e-06,1.1113083362606368e-07,9.804722442032755,0.5524966224643988,2.0,0.0,0.0,False,False,155410.0
4,gp_m52_ei,7,5,Q048,exploitation,1.742887040683398e-05,1.87640898390907e-06,10.395364046468444,0.4909730359882684,2.0,0.0,0.0,False,False,42637.0
4,pi_random_exploration,1,1,Q034,exploitation,0.8774498504683699,0.3443537162754274,11.98246848855052,0.281585617581353,2.0,0.0,0.0,False,False,107033.0
4,pi_random_exploration,1,2,Q065,exploitation,0.5387760716646633,0.8951537200716869,11.849037927701232,1.9914140342994695,4.0,0.0,0.0,False,False,38100.0
4,pi_random_exploration,1,3,Q029,exploitation,0.4580313877446872,0.5595520521384626,11.485930673300809,1.605791575484417,2.0,0.0,0.0,False,False,119441.0
4,pi_random_exploration,1,4,Q017,exploitation,0.4236977957384303,0.179466358254734,11.54379347801048,0.5787640224476287,3.0,0.0,0.0,False,False,247107.0
4,pi_random_exploration,1,5,Q059,random_exploration,0.2182077559141994,0.1666585039347929,10.616559915067064,1.334530651960232,2.0,0.0,0.0,False,False,128632.0
4,pi_random_exploration,2,1,Q035,exploitation,0.1668903236120142,0.3368259429024496,8.759944360290794,3.794655707047653,3.0,0.0,0.0,False,False,50709.0
4,pi_random_exploration,2,2,Q095,exploitation,0.1201145239472379,0.2980977713743845,6.504966550247387,5.043035754683032,11.0,1.0,0.0,True,False,0.0
4,pi_random_exploration,2,3,Q092,exploitation,0.1152377859793854,0.2817474158281134,6.416183557692323,5.013112531661698,10.0,0.0,1.0,True,False,0.0
4,pi_random_exploration,2,4,Q093,exploitation,0.1149932137396727,0.2821946377328593,6.384735099665422,5.034052626308405,12.0,0.0,1.0,True,False,0.0
4,pi_random_exploration,2,5,Q041,random_exploration,0.0018961544743691,0.0007756035856947,8.353993082015466,1.4071405793998286,2.0,0.0,0.0,False,False,155410.0
4,pi_random_exploration,3,1,Q030,exploitation,0.2803283682100352,0.2984589557292179,11.427797969763557,1.7182345567393162,1.0,0.0,0.0,False,False,95814.0
4,pi_random_exploration,3,2,Q033,exploitation,0.2424311005919122,0.2496378149250814,11.21024753239886,1.7427726053792898,2.0,0.0,0.0,False,False,76472.0
4,pi_random_exploration,3,3,Q053,exploitation,0.2191657185052323,0.2175854394678548,11.084882610217589,1.7324826434613112,1.0,0.0,0.0,False,False,110908.0
4,pi_random_exploration,3,4,Q049,exploitation,0.1942507877456503,0.1854984328519771,10.9403069167104,1.7246995237063931,4.0,0.0,0.0,False,False,163182.0
4,pi_random_exploration,3,5,Q087,random_exploration,0.0027169771704289,0.0031683744581991,1.5995817225884237,3.894801666310195,10.0,1.0,0.0,True,False,0.0
4,pi_random_exploration,4,1,Q074,exploitation,0.320911041503444,0.6706798177326492,10.933215373084307,3.212633785254198,3.0,0.0,0.0,False,False,34285.0
4,pi_random_exploration,4,2,Q026,exploitation,0.2764476605830664,0.2422176917901755,11.58445316173574,1.4207769230266771,2.0,0.0,0.0,False,False,99186.0
4,pi_random_exploration,4,3,Q024,exploitation,0.1951919427751791,0.1583870626895133,11.170485275410265,1.463574549714744,2.0,0.0,0.0,False,False,25579.0
4,pi_random_exploration,4,4,Q076,exploitation,0.1870100019831472,0.3145067581699849,9.69931670572186,3.069022166225473,5.0,0.0,0.0,False,False,34391.0
4,pi_random_exploration,4,5,Q020,random_exploration,0.0060888058446319,0.0014652866803169,10.554700812398314,0.7470735390445093,2.0,0.0,0.0,False,False,101000.0
4,pi_random_exploration,5,1,Q056,exploitation,0.0468908611991558,0.0171964414062524,10.941782075608788,0.886632275274254,3.0,0.0,0.0,False,False,94093.0
4,pi_random_exploration,5,2,Q081,exploitation,0.0437027075581511,0.0795523353743995,4.822633638477985,4.449299691248116,8.0,0.6000000238418579,0.4000000059604645,True,False,0.0
4,pi_random_exploration,5,3,Q084,exploitation,0.0323427881259797,0.0599899199394428,3.672020968314373,4.739331797719722,11.0,0.800000011920929,0.2000000029802322,True,False,0.0
4,pi_random_exploration,5,4,Q002,exploitation,0.0303572561762179,0.0320959080081505,7.315572428870039,2.7255775985712245,5.0,0.0,0.0,False,False,0.0
4,pi_random_exploration,5,5,Q037,random_exploration,8.103881853389339e-11,7.151832023513688e-12,8.654710836334676,0.5901056140594156,1.0,0.0,0.0,False,False,76141.0
4,pi_random_exploration,6,1,Q016,exploitation,0.151192673095883,0.3530474804887078,7.787007351197252,4.499593953749097,5.0,0.0,0.0,False,False,357.0
4,pi_random_exploration,6,2,Q025,exploitation,0.1099033544740245,0.046535874278499,11.35143171423032,0.8770268886643314,1.0,0.0,0.0,False,False,51808.0
4,pi_random_exploration,6,3,Q080,exploitation,0.0967317997789328,0.2439471584652403,5.453852291218427,5.36275270437336,6.0,0.4000000059604645,0.6000000238418579,True,False,0.0
4,pi_random_exploration,6,4,Q022,exploitation,0.0458356256547593,0.0144496090688621,11.13749691955958,0.7648807707309716,1.0,0.0,0.0,False,False,114383.0
4,pi_random_exploration,6,5,Q075,random_exploration,0.0047739447039031,0.0065268195916776,1.1698616450558523,4.343612946313458,6.0,0.4000000059604645,0.6000000238418579,True,False,0.0
4,pi_random_exploration,7,1,Q071,exploitation,0.0272725132264054,0.008628970886486,10.836315750320669,0.8277134937684362,1.0,0.0,0.0,False,False,60955.0
4,pi_random_exploration,7,2,Q089,exploitation,0.0167344792100425,0.0287063979018344,2.273498613643789,4.775218311350382,8.0,1.0,0.0,True,False,0.0
4,pi_random_exploration,7,3,Q048,exploitation,0.000324357108997,6.480881067008604e-05,9.771903395087914,0.7787032792805652,2.0,0.0,0.0,False,False,42637.0
4,pi_random_exploration,7,4,Q014,exploitation,8.197483340281086e-05,1.65069044840564e-05,9.223833334898892,0.8500419174715789,2.0,0.0,0.0,False,False,108381.0
4,pi_random_exploration,7,5,Q006,random_exploration,6.998242873988492e-06,2.629673458200683e-06,4.6751527268606035,1.7846633074096825,6.0,0.0,1.0,True,False,2244.0
4,pi_uncertainty,1,1,Q034,exploitation,0.8774420831646725,0.3443495013075402,11.982462693853517,0.2815899006238594,2.0,0.0,0.0,False,False,107033.0
4,pi_uncertainty,1,2,Q065,exploitation,0.5387696783599425,0.8951452100582115,11.849007760628982,1.9914335357658923,4.0,0.0,0.0,False,False,38100.0
4,pi_uncertainty,1,3,Q029,exploitation,0.4580304871024566,0.5595604363696755,11.485923986937207,1.605820428145356,2.0,0.0,0.0,False,False,119441.0
4,pi_uncertainty,1,4,Q017,exploitation,0.4237051180904305,0.1794749993853103,11.543801782456756,0.5787771026680365,3.0,0.0,0.0,False,False,247107.0
4,pi_uncertainty,1,5,Q095,uncertainty_exploration,0.1220506965105733,0.2931378474828471,5.990402163397757,4.863313312081085,11.0,1.0,0.0,True,False,0.0
4,pi_uncertainty,2,1,Q035,exploitation,0.1823368830197405,0.3684181374997423,9.062353037869045,3.7123500050181577,3.0,0.0,0.0,False,False,50709.0
4,pi_uncertainty,2,2,Q049,exploitation,0.1382761900139072,0.1455149588811478,10.17370677353837,2.071391084997907,4.0,0.0,0.0,False,False,163182.0
4,pi_uncertainty,2,3,Q026,exploitation,0.134815822312308,0.2349131139320356,8.619075503969324,3.4500104185465097,2.0,0.0,0.0,False,False,99186.0
4,pi_uncertainty,2,4,Q024,exploitation,0.1202600741289355,0.204154742773953,8.379920825007297,3.448668690948033,2.0,0.0,0.0,False,False,25579.0
4,pi_uncertainty,2,5,Q093,uncertainty_exploration,0.1075019470788437,0.2610342931376473,6.162437915628695,5.052848524832543,12.0,0.0,1.0,True,False,0.0
4,pi_uncertainty,3,1,Q074,exploitation,0.1472386840463067,0.228167732229797,9.277014914994366,3.005261380078196,3.0,0.0,0.0,False,False,34285.0
4,pi_uncertainty,3,2,Q076,exploitation,0.1309339133075757,0.1870603812471963,9.232525549115746,2.8476749511669555,5.0,0.0,0.0,False,False,34391.0
4,pi_uncertainty,3,3,Q092,exploitation,0.0476892597694667,0.098903362557115,4.0880333078713695,5.000676761532794,5.0,0.0,1.0,True,False,0.0
4,pi_uncertainty,3,4,Q084,exploitation,0.0439955807033653,0.0841803372096089,4.456739673912015,4.6719909318456105,11.0,0.4000000059604645,0.6000000238418579,True,False,0.0
4,pi_uncertainty,3,5,Q089,uncertainty_exploration,0.0265420849508215,0.0485675572073616,3.1346271177936833,4.804458027341739,12.0,1.0,0.0,True,False,0.0
4,pi_uncertainty,4,1,Q033,exploitation,0.167382431978614,0.1033544639113974,11.308604417292216,1.1600890286544896,2.0,0.0,0.0,False,False,76472.0
4,pi_uncertainty,4,2,Q002,exploitation,0.1126295198708366,0.1415971099156403,9.28622385594655,2.590463525241815,5.0,0.0,0.0,False,False,0.0
4,pi_uncertainty,4,3,Q056,exploitation,0.095897061120194,0.0463334196202122,11.08415877738504,1.029213433630794,3.0,0.0,0.0,False,False,94093.0
4,pi_uncertainty,4,4,Q016,exploitation,0.0797984775937404,0.1525800973524175,6.491742221332903,4.220505353444635,5.0,0.0,0.0,False,False,357.0
4,pi_uncertainty,4,5,Q081,uncertainty_exploration,0.0123412106710352,0.0210000130955954,1.4047404278964972,4.907028487201686,6.0,1.0,0.0,True,False,0.0
4,pi_uncertainty,5,1,Q059,exploitation,0.1926093993576521,0.1329078257917771,11.342899714509102,1.2491710320896523,2.0,0.0,0.0,False,False,128632.0
4,pi_uncertainty,5,2,Q053,exploitation,0.174239512227638,0.105561223788009,11.37142686826529,1.1265118082718943,1.0,0.0,0.0,False,False,110908.0
4,pi_uncertainty,5,3,Q030,exploitation,0.1704249449516199,0.0911368996188622,11.47503229191741,1.0000641979973262,1.0,0.0,0.0,False,False,95814.0
4,pi_uncertainty,5,4,Q071,exploitation,0.0634872776801038,0.0338290851589598,10.557273767467262,1.2255132558515422,1.0,0.0,0.0,False,False,60955.0
4,pi_uncertainty,5,5,Q080,uncertainty_exploration,0.0194169745797351,0.0317615651303059,3.189397856076929,4.47165630276144,6.0,0.6000000238418579,0.4000000059604645,True,False,0.0
4,pi_uncertainty,6,1,Q025,exploitation,0.0640466701723162,0.0209193037445681,11.28621650340985,0.7500764999143946,1.0,1.0,0.0,False,False,51808.0
4,pi_uncertainty,6,2,Q087,exploitation,0.0228385824219494,0.0411096618123485,2.7943447096854026,4.820560206925244,8.0,1.0,0.0,True,False,0.0
4,pi_uncertainty,6,3,Q075,exploitation,0.0072061585834389,0.0105060623742264,1.5363604439264087,4.451175201478647,6.0,0.6000000238418579,0.4000000059604645,True,False,0.0
4,pi_uncertainty,6,4,Q037,exploitation,0.0005064199422936,6.13170738998723e-05,10.920520433905022,0.4585001077444668,1.0,0.0,0.0,False,False,76141.0
4,pi_uncertainty,6,5,Q006,uncertainty_exploration,5.102601736412574e-09,1.3259744255820559e-09,3.423547260994953,1.5721300992094414,6.0,0.2000000029802322,0.800000011920929,True,False,2244.0
4,pi_uncertainty,7,1,Q022,exploitation,0.000143795183715,1.7343328150006313e-05,10.637946519828132,0.4935248880809851,1.0,0.0,0.0,False,False,114383.0
4,pi_uncertainty,7,2,Q048,exploitation,1.742887040683398e-05,1.87640898390907e-06,10.395364046468444,0.4909730359882684,2.0,0.0,0.0,False,False,42637.0
4,pi_uncertainty,7,3,Q041,exploitation,1.0308323316963746e-06,1.1113083362606368e-07,9.804722442032755,0.5524966224643988,2.0,0.0,0.0,False,False,155410.0
4,pi_uncertainty,7,4,Q020,exploitation,3.426156079188756e-07,2.88675258653802e-08,10.197892937736514,0.4490356136532,2.0,0.0,0.0,False,False,101000.0
4,pi_uncertainty,7,5,Q014,uncertainty_exploration,6.771677609597085e-09,7.25361370001611e-10,8.775209184575862,0.6431291106271593,2.0,0.0,0.0,False,False,108381.0
4,imperfection_aware,1,1,Q034,exploitation,0.8774498504683699,0.3443537162754274,11.98246848855052,0.281585617581353,2.0,0.0,0.0,False,False,107033.0
4,imperfection_aware,1,2,Q065,exploitation,0.5387760716646633,0.8951537200716869,11.849037927701232,1.9914140342994695,4.0,0.0,0.0,False,False,38100.0
4,imperfection_aware,1,3,Q029,exploitation,0.4580313877446872,0.5595520521384626,11.485930673300809,1.605791575484417,2.0,0.0,0.0,False,False,119441.0
4,imperfection_aware,1,4,Q017,exploitation,0.4236977957384303,0.179466358254734,11.54379347801048,0.5787640224476287,3.0,0.0,0.0,False,False,247107.0
4,imperfection_aware,1,5,Q095,suspicious_exploration,0.1220536514873823,0.2931513123391723,5.990380386604255,4.863392953750904,11.0,1.0,0.0,True,False,0.0
4,imperfection_aware,2,1,Q035,exploitation,0.182354817216959,0.3684594884734127,9.06264618959504,3.7123042494793457,3.0,0.0,0.0,False,False,50709.0
4,imperfection_aware,2,2,Q049,exploitation,0.1382890824821432,0.1455265248758258,10.173907762860852,2.0713175632347074,4.0,0.0,0.0,False,False,163182.0
4,imperfection_aware,2,3,Q026,exploitation,0.1348279670125641,0.234933583479725,8.619358976264564,3.449928597763922,2.0,0.0,0.0,False,False,99186.0
4,imperfection_aware,2,4,Q024,exploitation,0.120270825853878,0.204172124378702,8.38020255140652,3.448586334244421,2.0,0.0,0.0,False,False,25579.0
4,imperfection_aware,2,5,Q093,suspicious_exploration,0.1075059451860879,0.261050640302474,6.16243661796888,5.05293766247064,12.0,0.0,1.0,True,False,0.0
4,imperfection_aware,3,1,Q074,exploitation,0.2853921163175871,0.3354717854066367,11.358776040505578,1.8853599879293792,3.0,0.0,0.0,False,False,34285.0
4,imperfection_aware,3,2,Q033,exploitation,0.1380749881482852,0.0859503532845029,11.092789504641257,1.2256936605186146,2.0,0.0,0.0,False,False,76472.0
4,imperfection_aware,3,3,Q002,exploitation,0.1373755479111821,0.1893728921183845,9.459553349681226,2.7175094864490723,5.0,0.0,0.0,False,False,0.0
4,imperfection_aware,3,4,Q076,exploitation,0.0807745864658066,0.0674457258040024,9.853383021895231,1.838869927866148,5.0,0.0,0.0,False,False,34391.0
4,imperfection_aware,3,5,Q080,suspicious_exploration,0.1085812669063328,0.2688151741215824,6.083094705681929,5.140947372788457,10.0,0.0,1.0,True,False,0.0
4,imperfection_aware,4,1,Q059,exploitation,0.0640206912871202,0.0287740114824285,10.856699512602422,1.0322038821674135,2.0,0.0,0.0,False,False,128632.0
4,imperfection_aware,4,2,Q056,exploitation,0.0458587662723989,0.0191578207311887,10.718381858813103,1.013515377115742,3.0,0.0,0.0,False,False,94093.0
4,imperfection_aware,4,3,Q016,exploitation,0.0385586505430773,0.0514280764238343,6.554836514207258,3.3223216688689416,5.0,0.0,0.0,False,False,357.0
4,imperfection_aware,4,4,Q022,exploitation,0.0066698023635524,0.0013321934117205,10.906883797001312,0.6145293664985398,1.0,0.0,0.0,False,False,114383.0
4,imperfection_aware,4,5,Q092,suspicious_exploration,0.0636359240926136,0.1437755135560239,4.506641606248669,5.194232576888787,5.0,0.0,1.0,True,False,0.0
4,imperfection_aware,5,1,Q041,exploitation,0.0045690432261395,0.0019067542675293,8.957194258336369,1.3312595311421394,2.0,0.0,0.0,False,False,155410.0
4,imperfection_aware,5,2,Q053,exploitation,0.0018066460068027,0.0002293279684313,11.151927763187658,0.4383557599891876,1.0,0.0,0.0,False,False,110908.0
4,imperfection_aware,5,3,Q030,exploitation,0.0006980007640284,6.424586389844702e-05,11.337780338270356,0.3410447330802988,1.0,0.0,0.0,False,False,95814.0
4,imperfection_aware,5,4,Q048,exploitation,7.814321522525081e-23,2.0481188631209902e-24,9.876527773280444,0.2611959691789138,2.0,0.0,0.0,False,False,42637.0
4,imperfection_aware,5,5,Q081,suspicious_exploration,0.0227155579200289,0.0373004651354023,3.623470944936835,4.400644994174193,6.0,0.2000000029802322,0.800000011920929,True,False,0.0
4,imperfection_aware,6,1,Q020,exploitation,0.0179018893352078,0.0048090812468626,10.870562897343202,0.7417377034218847,2.0,0.0,0.0,False,False,101000.0
4,imperfection_aware,6,2,Q071,exploitation,0.0130214622552442,0.0035607388068916,10.683157962002726,0.7838090697853295,1.0,0.0,0.0,False,False,60955.0
4,imperfection_aware,6,3,Q037,exploitation,1.9662858090503417e-05,3.5467001898312553e-06,9.064574019629426,0.8179700169259446,1.0,0.0,0.0,False,False,76141.0
4,imperfection_aware,6,4,Q014,exploitation,4.808764766508392e-06,7.720219064673039e-07,8.999261729091712,0.7746566031616484,2.0,0.0,0.0,False,False,108381.0
4,imperfection_aware,6,5,Q087,suspicious_exploration,0.0126109878900768,0.0210633260627779,1.674400432446057,4.804847259941312,10.0,1.0,0.0,True,False,0.0
4,imperfection_aware,7,1,Q025,exploitation,0.1678602705711344,0.0703267342722356,11.67040072166063,0.7865536641930244,1.0,0.0,0.0,False,True,51808.0
4,imperfection_aware,7,2,Q084,exploitation,0.0249180061312679,0.0493846574323642,2.1351048201951244,5.2475983817457585,6.0,1.0,0.0,True,True,0.0
4,imperfection_aware,7,3,Q089,exploitation,0.0236181475153979,0.0445237933614163,2.4538250378769355,5.026650345291807,8.0,1.0,0.0,True,True,0.0
4,imperfection_aware,7,4,Q075,exploitation,0.0095644082058752,0.0149672744516286,1.5559376196843058,4.64003067110425,6.0,1.0,0.0,True,True,0.0
4,imperfection_aware,7,5,Q006,suspicious_exploration,1.5964001285587266e-05,6.90418224285686e-06,4.191029372973356,1.980292408644078,5.0,0.0,1.0,True,True,2244.0
5,random,1,1,Q021,random,1.5597118203854507e-05,1.2349508216313312e-06,10.740275138443286,0.3629341047807703,2.0,0.0,0.0,False,False,67531.0
5,random,1,2,Q029,random,1.2287255707091514e-06,3.815276535941957e-08,11.506849710623918,0.1580959255242681,1.0,0.0,0.0,False,False,119441.0
5,random,1,3,Q052,random,0.0198189573104627,0.0032082884747125,11.343555896170596,0.4414007156339829,1.0,0.0,0.0,False,False,81273.0
5,random,1,4,Q088,random,0.0991930393141782,0.2781966378510248,4.619981168500569,5.933739396404359,17.0,0.0,1.0,True,False,0.0
5,random,1,5,Q075,random,0.0023648582771344,0.0028111076016892,0.9055836704016258,4.016497592191546,6.0,1.0,0.0,True,False,0.0
5,random,2,1,Q003,random,0.0691576429596442,0.1758109432351338,3.7152300543207986,5.759762158551888,10.0,1.0,0.0,True,False,0.0
5,random,2,2,Q015,random,1.9226404358980763e-21,1.7707591541509652e-22,3.871560585956734,0.888036674464098,2.0,0.0,1.0,False,False,48700.0
5,random,2,3,Q093,random,0.1139885515275453,0.3350712705990246,4.968331466509881,6.0413828749878045,12.0,0.0,1.0,True,False,0.0
5,random,2,4,Q089,random,0.0091368257817451,0.0139163445981726,1.5418806265400455,4.538025469262376,8.0,1.0,0.0,True,False,0.0
5,random,2,5,Q026,random,0.0018045856193808,0.0001546614668868,11.390257901652518,0.2959965736276818,1.0,0.0,0.0,False,False,99186.0
5,random,3,1,Q055,random,0.003880392391886,0.0004811623500906,11.182866147986068,0.4014841996330201,3.0,0.0,0.0,False,False,171271.0
5,random,3,2,Q078,random,0.0508165920367056,0.0727426440274979,6.658428111260847,3.4168327733981134,8.0,0.0,0.0,False,False,51868.0
5,random,3,3,Q008,random,0.0003504559511023,0.0002628492166704,2.393171452446622,2.9087994103557766,7.0,0.0,1.0,True,False,0.0
5,random,3,4,Q070,random,0.2445681838759933,0.5214737482367947,9.7625178871195,3.598788399085167,3.0,0.0,0.0,False,False,14174.0
5,random,3,5,Q001,random,0.1684321807882855,0.4477280133309997,7.463122680769711,4.986172008966184,10.0,0.0,1.0,True,False,4553.0
5,random,4,1,Q035,random,0.0489121845976253,0.0175468636024517,10.825457457814997,0.8615444517231843,3.0,0.0,0.0,False,False,50709.0
5,random,4,2,Q067,random,0.620840875769471,0.7732548819750737,12.668034137986467,1.3529695439884954,4.0,0.0,0.0,False,False,75311.0
5,random,4,3,Q077,random,0.0080332172293418,0.0117782812401712,1.593415956960711,4.427311714038968,9.0,1.0,0.0,True,False,226.0
5,random,4,4,Q091,random,0.0002343957215733,0.0002000535638315,0.3813309005639329,3.3935010267658523,7.0,0.0,1.0,True,False,0.0
5,random,4,5,Q084,random,0.0887579813683882,0.1691417716705959,6.693678999372303,4.121835512430063,6.0,0.800000011920929,0.2000000029802322,True,False,0.0
5,random,5,1,Q072,random,0.0064543748688112,0.0028363628914933,8.879234729135282,1.3564475886889091,4.0,0.0,0.0,False,False,57726.0
5,random,5,2,Q061,random,0.1314606175322342,0.076388444561397,10.956276606313448,1.157165713569749,2.0,0.0,0.0,False,False,61305.0
5,random,5,3,Q007,random,0.0756125505826165,0.0988956459587459,8.06671751718396,2.915949099973174,6.0,0.0,1.0,True,False,0.0
5,random,5,4,Q024,random,0.0002294073767113,2.302261685152183e-05,10.851857273894389,0.399542024193099,2.0,0.0,0.0,False,False,25579.0
5,random,5,5,Q034,random,0.5445651947284371,0.5197739758092961,12.378942977851102,1.1363412731912432,5.0,0.0,0.0,False,False,107033.0
5,random,6,1,Q037,random,0.0039462567131299,0.0006230302663564,10.895766240338212,0.5104101113159942,1.0,0.0,0.0,False,False,76141.0
5,random,6,2,Q090,random,0.0475836701199884,0.1067552731743717,3.221226262388924,5.411549816549419,10.0,0.0,1.0,True,False,0.0
5,random,6,3,Q071,random,8.566964416821613e-05,7.905445062507925e-06,10.791351419667834,0.3886170799428478,1.0,0.0,0.0,False,False,60955.0
5,random,6,4,Q042,random,1.746457772080049e-14,1.353835299573336e-15,7.651634057243073,0.6069857487052944,2.0,0.0,0.0,False,False,452.0
5,random,6,5,Q046,random,0.1036871496366647,0.0172607930813864,11.811683933172135,0.3490233447347086,2.0,0.0,0.0,False,False,58386.0
5,random,7,1,Q068,random,0.0779385632019049,0.0271123825377225,11.157304773698238,0.7712306481841552,4.0,0.0,0.0,False,False,50021.0
5,random,7,2,Q056,random,0.0239663657371358,0.0068952099165027,10.737247547252691,0.7656818713811026,3.0,0.0,0.0,False,False,94093.0
5,random,7,3,Q019,random,0.2157035623151133,0.0865115446498125,11.698500452504756,0.7031625995638534,2.0,0.0,0.0,False,False,84493.0
5,random,7,4,Q080,random,0.0422256616316359,0.0863280640796135,3.5840427737870764,5.023520437341807,6.0,0.800000011920929,0.2000000029802322,True,False,0.0
5,random,7,5,Q014,random,0.0043621941215746,0.0008120916887725,10.687556377703377,0.5964086020682361,2.0,0.0,0.0,False,False,108381.0
5,gp_m52_pi,1,1,Q019,exploitation,0.8027354032974581,0.4056868549542806,12.611126431584651,0.4220974608730163,7.0,0.0,0.0,False,False,84493.0
5,gp_m52_pi,1,2,Q034,exploitation,0.4405577187918154,0.1778682337773338,12.170790397213846,0.5412616486667892,7.0,0.0,0.0,False,False,107033.0
5,gp_m52_pi,1,3,Q067,exploitation,0.4041639432568167,0.4799262634097241,11.84935510856412,1.658742175925195,4.0,0.0,0.0,False,False,75311.0
5,gp_m52_pi,1,4,Q070,exploitation,0.2674086019920003,0.400276921846588,10.728270399836727,2.4545574677782196,3.0,0.0,0.0,False,False,14174.0
5,gp_m52_pi,1,5,Q093,exploitation,0.1787098346191475,0.5938667727911815,6.602862150489528,6.138128681701799,19.0,0.0,1.0,True,False,0.0
5,gp_m52_pi,2,1,Q026,exploitation,0.1025588978552816,0.0199528205581666,11.733725307468552,0.4088167275159948,1.0,0.0,0.0,False,False,99186.0
5,gp_m52_pi,2,2,Q003,exploitation,0.091330068086966,0.244879942657011,4.566391867689217,5.767143145221004,11.0,1.0,0.0,True,False,0.0
5,gp_m52_pi,2,3,Q001,exploitation,0.0878830595404114,0.1485781970000463,7.291288889922052,3.663804733861857,11.0,0.0,1.0,True,False,4553.0
5,gp_m52_pi,2,4,Q055,exploitation,0.0794433009668326,0.0128280014638102,11.749185385749588,0.3567179756094349,3.0,0.0,0.0,False,False,171271.0
5,gp_m52_pi,2,5,Q080,exploitation,0.0605248514339462,0.1305266555183844,4.498586328460986,5.0007994455153115,6.0,0.0,1.0,True,False,0.0
5,gp_m52_pi,3,1,Q061,exploitation,0.0657504437229433,0.0195242687741576,11.2279577821888,0.67880563856201,2.0,0.0,0.0,False,False,61305.0
5,gp_m52_pi,3,2,Q078,exploitation,0.0484911768714678,0.0555881747271252,7.676314947463353,2.7568399228928606,8.0,0.0,0.0,False,False,51868.0
5,gp_m52_pi,3,3,Q056,exploitation,0.0392052704999559,0.0085031563144638,11.303247365009195,0.5389206242048385,3.0,0.0,0.0,False,False,94093.0
5,gp_m52_pi,3,4,Q072,exploitation,0.0318252806733037,0.0146458803025408,10.065980778829491,1.1785479594843118,4.0,0.0,0.0,False,False,57726.0
5,gp_m52_pi,3,5,Q090,exploitation,0.024738131530099,0.0503215250341593,1.6609622788601175,5.391177766830194,10.0,0.0,1.0,True,False,0.0
5,gp_m52_pi,4,1,Q052,exploitation,0.0138129467210775,0.0014723546111801,11.58330437322,0.3034809971807612,1.0,0.0,0.0,False,False,81273.0
5,gp_m52_pi,4,2,Q007,exploitation,0.0031599693381234,0.0015428993302589,7.855833434989724,1.609807235226449,6.0,0.0,0.0,False,False,0.0
5,gp_m52_pi,4,3,Q046,exploitation,0.0028186621270674,8.3167695439537e-05,11.97979159425078,0.0982410978152613,2.0,0.0,0.0,False,False,58386.0
5,gp_m52_pi,4,4,Q088,exploitation,0.0024810732952922,0.0032989733980682,-0.3204556515637398,4.474917304456159,12.0,0.0,1.0,True,False,0.0
5,gp_m52_pi,4,5,Q084,exploitation,0.0020635803745136,0.0022855387828318,1.3973661594148794,3.784285395494096,6.0,0.2000000029802322,0.800000011920929,True,False,0.0
5,gp_m52_pi,5,1,Q035,exploitation,0.2259379803064843,0.1567829806141893,11.348961732013215,1.2000369592433549,3.0,0.0,0.0,False,False,50709.0
5,gp_m52_pi,5,2,Q024,exploitation,0.2199031945521706,0.0766114732465219,11.78254358332235,0.6073567921983931,2.0,0.0,0.0,False,False,25579.0
5,gp_m52_pi,5,3,Q029,exploitation,0.0848480139672171,0.0232101819429867,11.432169817161942,0.5968397800245566,1.0,0.0,0.0,False,False,119441.0
5,gp_m52_pi,5,4,Q068,exploitation,0.0524275779132859,0.0160319982699526,11.073966624146184,0.72623183278005,4.0,0.0,0.0,False,False,50021.0
5,gp_m52_pi,5,5,Q037,exploitation,0.0232591089782722,0.0050773370573671,11.090725629699977,0.5832301943433325,1.0,0.0,0.0,False,False,76141.0
5,gp_m52_pi,6,1,Q077,exploitation,0.0025049871242017,0.0029625321425901,1.0907089091777251,3.9770035887741177,9.0,0.0,1.0,True,False,226.0
5,gp_m52_pi,6,2,Q089,exploitation,0.0011535445660287,0.0012688500533557,0.2701621640184957,3.931533500137002,8.0,1.0,0.0,True,False,0.0
5,gp_m52_pi,6,3,Q071,exploitation,0.0007748090796313,9.556525213765616e-05,10.815683777387592,0.4536973288790644,1.0,0.0,0.0,False,False,60955.0
5,gp_m52_pi,6,4,Q021,exploitation,0.0003108030773993,4.600804077133666e-05,10.272254806167226,0.5784570045881258,2.0,0.0,0.0,False,False,67531.0
5,gp_m52_pi,6,5,Q014,exploitation,0.0001108504368573,1.6000726588032317e-05,10.038335965010369,0.5993652401878942,2.0,0.0,0.0,False,False,108381.0
5,gp_m52_pi,7,1,Q008,exploitation,8.486009376970767e-05,6.312992233112346e-05,0.4648879227244915,3.1345635859034497,7.0,0.0,1.0,True,False,0.0
5,gp_m52_pi,7,2,Q015,exploitation,1.4875317300133994e-15,1.9431757428530308e-16,3.865773266337438,1.0625977256126735,2.0,0.0,1.0,False,False,48700.0
5,gp_m52_pi,7,3,Q042,exploitation,2.7678304160343077e-16,1.9693571187163362e-17,7.44808802440909,0.5931075138087781,2.0,0.0,1.0,False,False,452.0
5,gp_m52_pi,7,4,Q075,exploitation,6.664056253175367e-08,2.4820381779743153e-08,1.211155576178598,2.093288858334199,6.0,0.2000000029802322,0.800000011920929,True,False,0.0
5,gp_m52_pi,7,5,Q091,exploitation,3.555477022810462e-05,2.5083262962084904e-05,-0.1000244364543387,3.1092841357928007,7.0,0.2000000029802322,0.800000011920929,True,False,0.0
5,gp_m52_ei,1,1,Q093,exploitation,0.1787098346191475,0.5938667727911815,6.602862150489528,6.138128681701799,19.0,0.0,1.0,True,False,0.0
5,gp_m52_ei,1,2,Q080,exploitation,0.1641428649558003,0.4849581910278043,6.798447623354397,5.5784000817739035,6.0,0.0,1.0,True,False,0.0
5,gp_m52_ei,1,3,Q067,exploitation,0.4041639432568167,0.4799262634097241,11.84935510856412,1.658742175925195,4.0,0.0,0.0,False,False,75311.0
5,gp_m52_ei,1,4,Q091,exploitation,0.1459848255984827,0.4579797274122842,5.827219957639783,6.096464744902885,13.0,0.0,1.0,True,False,0.0
5,gp_m52_ei,1,5,Q090,exploitation,0.1459244734735342,0.456240575858804,5.8467349803411235,6.0764261079959825,10.0,0.0,1.0,True,False,0.0
5,gp_m52_ei,2,1,Q070,exploitation,0.1468186949572325,0.1979535792775814,9.503899322513758,2.616552578946284,3.0,0.0,0.0,False,False,14174.0
5,gp_m52_ei,2,2,Q034,exploitation,0.3267382690834692,0.1867879877315908,11.85991322895604,0.8727840626850587,7.0,0.0,0.0,False,False,107033.0
5,gp_m52_ei,2,3,Q003,exploitation,0.0748429030963798,0.1801474484028886,4.506333278179699,5.376356437658575,11.0,1.0,0.0,True,False,0.0
5,gp_m52_ei,2,4,Q019,exploitation,0.2755646884116143,0.1628112371424554,11.680047239729806,0.9591038678422344,7.0,0.0,0.0,False,False,84493.0
5,gp_m52_ei,2,5,Q001,exploitation,0.0803906779079887,0.1332714787149967,7.126924260782607,3.654190989484295,11.0,0.0,1.0,True,False,4553.0
5,gp_m52_ei,3,1,Q078,exploitation,0.0430333515821826,0.0490120221950163,7.461881902198163,2.790444564854459,8.0,0.0,0.0,False,False,51868.0
5,gp_m52_ei,3,2,Q026,exploitation,0.0949840443604556,0.0179778890545192,11.72228340037128,0.4039568695418499,1.0,0.0,0.0,False,False,99186.0
5,gp_m52_ei,3,3,Q035,exploitation,0.0538047395583475,0.0174445995165512,11.018025215388636,0.766743127895396,3.0,0.0,0.0,False,False,50709.0
5,gp_m52_ei,3,4,Q072,exploitation,0.0320625776671944,0.0146434200559105,10.088658922742878,1.1684059232228816,4.0,0.0,0.0,False,False,57726.0
5,gp_m52_ei,3,5,Q055,exploitation,0.0792702703585782,0.0123622342322734,11.765774072677708,0.3446566673692443,3.0,0.0,0.0,False,False,171271.0
5,gp_m52_ei,4,1,Q061,exploitation,0.0695004783412795,0.0199821371606772,11.288815293833563,0.6508344749687764,2.0,0.0,0.0,False,False,61305.0
5,gp_m52_ei,4,2,Q056,exploitation,0.0521163584615977,0.0104131312566581,11.480054020279352,0.4749792634589763,3.0,0.0,0.0,False,False,94093.0
5,gp_m52_ei,4,3,Q084,exploitation,0.0018198990878334,0.0019640040798735,1.4211844550213586,3.7246545873880335,6.0,1.0,0.0,True,False,0.0
5,gp_m52_ei,4,4,Q007,exploitation,0.0030797482699732,0.0015061989001161,7.825133398580252,1.6160404274747464,6.0,0.0,0.0,False,False,0.0
5,gp_m52_ei,4,5,Q052,exploitation,0.0115005377112369,0.0012372466858477,11.540881836194576,0.3126822763050131,1.0,0.0,0.0,False,False,81273.0
5,gp_m52_ei,5,1,Q077,exploitation,0.0024110274885343,0.0028481381494813,1.0190053255768945,3.9850946907472538,9.0,0.0,1.0,True,False,226.0
5,gp_m52_ei,5,2,Q089,exploitation,0.0010785246143026,0.0011746730428673,0.2499940234007196,3.912279837834832,7.0,1.0,0.0,True,False,0.0
5,gp_m52_ei,5,3,Q046,exploitation,0.0034505645286185,0.0001055619970558,11.98133209254685,0.1000921978171459,2.0,0.0,0.0,False,False,58386.0
5,gp_m52_ei,5,4,Q024,exploitation,0.0010667497869765,7.366214256510821e-05,11.489390773269085,0.2482417987098494,2.0,0.0,0.0,False,False,25579.0
5,gp_m52_ei,5,5,Q068,exploitation,0.0006620703137021,7.349427617121091e-05,10.926317099530747,0.4128145388269538,4.0,0.0,0.0,False,False,50021.0
5,gp_m52_ei,6,1,Q029,exploitation,0.0568278757663189,0.0117415408672839,11.485705815341245,0.4842264649863256,1.0,0.0,0.0,False,False,119441.0
5,gp_m52_ei,6,2,Q037,exploitation,0.0125538832578464,0.0021090119455086,11.16875442325662,0.483531234365739,1.0,0.0,0.0,False,False,76141.0
5,gp_m52_ei,6,3,Q071,exploitation,0.0016920562588903,0.0002390643527001,10.814494625403547,0.4904425052341732,1.0,0.0,0.0,False,False,60955.0
5,gp_m52_ei,6,4,Q021,exploitation,0.0004668800671981,7.653037499313474e-05,10.186236703338423,0.6240640703267781,2.0,0.0,0.0,False,False,67531.0
5,gp_m52_ei,6,5,Q088,exploitation,3.1518468216966757e-05,2.197503526658683e-05,-0.1162365194056116,3.0911096900854065,11.0,0.6000000238418579,0.4000000059604645,True,False,0.0
5,gp_m52_ei,7,1,Q008,exploitation,2.642621738032652e-05,1.748167695784673e-05,0.2932230751272433,2.958094697115437,7.0,0.0,1.0,True,False,0.0
5,gp_m52_ei,7,2,Q014,exploitation,0.0002512580362981,3.253152723826789e-05,10.468082355102986,0.5126316766684453,2.0,0.0,0.0,False,False,108381.0
5,gp_m52_ei,7,3,Q015,exploitation,5.918094818732254e-16,7.384777903176772e-17,4.01435970333208,1.0288823304595436,2.0,0.0,1.0,False,False,48700.0
5,gp_m52_ei,7,4,Q042,exploitation,3.5648116420889765e-17,2.40192593662488e-18,7.430236193111663,0.5777809098654065,2.0,0.0,0.800000011920929,False,False,452.0
5,gp_m52_ei,7,5,Q075,exploitation,1.0448883805713323e-07,4.0065149077235375e-08,1.220709411245819,2.12496053699189,6.0,0.0,1.0,True,False,0.0
5,pi_random_exploration,1,1,Q019,exploitation,0.8027354032974581,0.4056868549542806,12.611126431584651,0.4220974608730163,7.0,0.0,0.0,False,False,84493.0
5,pi_random_exploration,1,2,Q034,exploitation,0.4405577187918154,0.1778682337773338,12.170790397213846,0.5412616486667892,7.0,0.0,0.0,False,False,107033.0
5,pi_random_exploration,1,3,Q067,exploitation,0.4041639432568167,0.4799262634097241,11.84935510856412,1.658742175925195,4.0,0.0,0.0,False,False,75311.0
5,pi_random_exploration,1,4,Q070,exploitation,0.2674086019920003,0.400276921846588,10.728270399836727,2.4545574677782196,3.0,0.0,0.0,False,False,14174.0
5,pi_random_exploration,1,5,Q035,random_exploration,0.0242806590211266,0.0083169937223593,10.456723170444672,0.9100561287911648,3.0,0.0,0.0,False,False,50709.0
5,pi_random_exploration,2,1,Q093,exploitation,0.146888500894016,0.4775986342709876,5.627902765927887,6.309185015111901,19.0,0.0,1.0,True,False,0.0
5,pi_random_exploration,2,2,Q003,exploitation,0.0930192910141855,0.2550589830452739,4.480718644343309,5.876500129649165,10.0,1.0,0.0,True,False,0.0
5,pi_random_exploration,2,3,Q001,exploitation,0.082372482104107,0.1358116315995618,7.225829913447755,3.617613018172392,10.0,0.0,1.0,True,False,4553.0
5,pi_random_exploration,2,4,Q090,exploitation,0.0790609065953394,0.2133814153773474,3.828787313096144,5.967728948019103,10.0,0.0,1.0,True,False,0.0
5,pi_random_exploration,2,5,Q007,random_exploration,0.0066166338907913,0.0040969514699142,7.528313197644196,1.906583591930322,6.0,0.0,0.800000011920929,True,False,0.0
5,pi_random_exploration,3,1,Q055,exploitation,0.2443359163673392,0.0585595612069466,11.971560109313824,0.4046355072628018,3.0,0.0,0.0,False,False,171271.0
5,pi_random_exploration,3,2,Q026,exploitation,0.2228629395164155,0.0459448995238156,11.978756252171198,0.3579819806671223,1.0,0.0,0.0,False,False,99186.0
5,pi_random_exploration,3,3,Q080,exploitation,0.092918623535404,0.2302323980140823,5.224804677484007,5.311386356354023,6.0,0.0,1.0,True,False,0.0
5,pi_random_exploration,3,4,Q056,exploitation,0.092289299908415,0.0255640430685876,11.46286534757625,0.594573682598212,3.0,0.0,0.0,False,False,94093.0
5,pi_random_exploration,3,5,Q008,random_exploration,2.6346617136877146e-05,1.76983113612055e-05,0.1045673437535237,3.004235713810308,7.0,0.0,1.0,True,False,0.0
5,pi_random_exploration,4,1,Q061,exploitation,0.165234857163009,0.0700933660234974,11.473592095100823,0.7996016308756905,2.0,0.0,0.0,False,False,61305.0
5,pi_random_exploration,4,2,Q078,exploitation,0.0904349538052635,0.1217890765285018,8.368311595684963,2.902235555363177,8.0,0.0,1.0,True,False,51868.0
5,pi_random_exploration,4,3,Q072,exploitation,0.0412076704033937,0.0198392594808723,10.189455614798558,1.187376412861357,4.0,0.0,0.0,False,False,57726.0
5,pi_random_exploration,4,4,Q052,exploitation,0.0252800422684498,0.003613959114029,11.513071589491028,0.3777973379799766,1.0,0.0,0.0,False,False,81273.0
5,pi_random_exploration,4,5,Q091,random_exploration,0.0073423375414931,0.0116955718903186,0.4074638257901632,4.854084539428426,11.0,0.0,1.0,True,False,0.0
5,pi_random_exploration,5,1,Q084,exploitation,0.0107586880803743,0.0156736709595335,2.446706514661261,4.2653181407947445,6.0,1.0,0.0,True,False,0.0
5,pi_random_exploration,5,2,Q046,exploitation,0.0033210108022935,9.905616003512538e-05,11.985969063723172,0.0979154744207047,2.0,0.0,0.0,False,False,58386.0
5,pi_random_exploration,5,3,Q077,exploitation,0.0023799421068119,0.0028328487436856,0.9044658240905976,4.019793230905992,9.0,0.0,1.0,True,False,226.0
5,pi_random_exploration,5,4,Q089,exploitation,0.0016092967576616,0.0018379353341228,0.5263901919012657,3.9800223669986794,7.0,1.0,0.0,True,False,0.0
5,pi_random_exploration,5,5,Q068,random_exploration,0.0004990257441158,5.264680310823925e-05,10.935667706867736,0.3998909459472173,4.0,0.0,0.0,False,False,50021.0
5,pi_random_exploration,6,1,Q029,exploitation,0.0517530790597549,0.0097631373873727,11.52078348463056,0.4489654985162635,1.0,0.0,0.0,False,False,119441.0
5,pi_random_exploration,6,2,Q024,exploitation,0.0289136441369512,0.0058507220961637,11.255491503679618,0.5251686257297402,2.0,0.0,0.0,False,False,25579.0
5,pi_random_exploration,6,3,Q037,exploitation,0.006030976987671,0.0008503523303662,11.151929995013916,0.4381138974871125,1.0,0.0,0.0,False,False,76141.0
5,pi_random_exploration,6,4,Q071,exploitation,0.000930856608638,0.0001172540170787,10.828746159210914,0.4573408049844241,1.0,0.0,0.0,False,False,60955.0
5,pi_random_exploration,6,5,Q088,random_exploration,1.3260654492750318e-05,8.477652770727805e-06,-0.1516940791630636,2.95218049829248,11.0,0.6000000238418579,0.4000000059604645,True,False,0.0
5,pi_random_exploration,7,1,Q021,exploitation,0.0002061720346803,2.903566400528013e-05,10.258668709685388,0.5642806916680027,2.0,0.0,0.0,False,False,67531.0
5,pi_random_exploration,7,2,Q014,exploitation,8.320064006200636e-05,1.1531327110604129e-05,10.05058066490523,0.5846025554707149,2.0,0.0,0.0,False,False,108381.0
5,pi_random_exploration,7,3,Q075,exploitation,1.904855412675151e-09,5.797078272871387e-10,1.1213434247980023,1.8889888620533712,6.0,0.0,1.0,True,False,0.0
5,pi_random_exploration,7,4,Q015,exploitation,4.5077448741055613e-14,6.1426195578904105e-15,4.419810444577197,1.0506197595262892,2.0,0.0,1.0,False,False,48700.0
5,pi_random_exploration,7,5,Q042,random_exploration,8.986117586455319e-18,5.805249397875346e-19,7.453093992611583,0.5641347900775098,2.0,0.0,0.6000000238418579,False,False,452.0
5,pi_uncertainty,1,1,Q019,exploitation,0.8027354032974581,0.4056868549542806,12.611126431584651,0.4220974608730163,7.0,0.0,0.0,False,False,84493.0
5,pi_uncertainty,1,2,Q034,exploitation,0.4405577187918154,0.1778682337773338,12.170790397213846,0.5412616486667892,7.0,0.0,0.0,False,False,107033.0
5,pi_uncertainty,1,3,Q067,exploitation,0.4041639432568167,0.4799262634097241,11.84935510856412,1.658742175925195,4.0,0.0,0.0,False,False,75311.0
5,pi_uncertainty,1,4,Q070,exploitation,0.2674086019920003,0.400276921846588,10.728270399836727,2.4545574677782196,3.0,0.0,0.0,False,False,14174.0
5,pi_uncertainty,1,5,Q093,uncertainty_exploration,0.1787098346191475,0.5938667727911815,6.602862150489528,6.138128681701799,19.0,0.0,1.0,True,False,0.0
5,pi_uncertainty,2,1,Q026,exploitation,0.1025588978552816,0.0199528205581666,11.733725307468552,0.4088167275159948,1.0,0.0,0.0,False,False,99186.0
5,pi_uncertainty,2,2,Q003,exploitation,0.091330068086966,0.244879942657011,4.566391867689217,5.767143145221004,11.0,1.0,0.0,True,False,0.0
5,pi_uncertainty,2,3,Q001,exploitation,0.0878830595404114,0.1485781970000463,7.291288889922052,3.663804733861857,11.0,0.0,1.0,True,False,4553.0
5,pi_uncertainty,2,4,Q055,exploitation,0.0794433009668326,0.0128280014638102,11.749185385749588,0.3567179756094349,3.0,0.0,0.0,False,False,171271.0
5,pi_uncertainty,2,5,Q090,uncertainty_exploration,0.034658899604059,0.075910542835388,2.1866708091657134,5.541392297977644,10.0,0.0,1.0,True,False,0.0
5,pi_uncertainty,3,1,Q061,exploitation,0.0587984175236937,0.0171225739982477,11.18978914302155,0.678587942188002,2.0,0.0,0.0,False,False,61305.0
5,pi_uncertainty,3,2,Q078,exploitation,0.0504134739327154,0.0575465082730423,7.775228029879951,2.728152975287632,8.0,0.0,0.0,False,False,51868.0
5,pi_uncertainty,3,3,Q080,exploitation,0.0432052453471027,0.0843970282518577,4.0505780285874415,4.783010509064359,6.0,0.0,1.0,True,False,0.0
5,pi_uncertainty,3,4,Q056,exploitation,0.0433365059565253,0.0094510384684094,11.337318257677287,0.5337454840449322,3.0,0.0,0.0,False,False,94093.0
5,pi_uncertainty,3,5,Q084,uncertainty_exploration,0.019014897626756,0.0312175680688891,2.9170652242484056,4.4996496614355825,6.0,0.0,1.0,True,False,0.0
5,pi_uncertainty,4,1,Q072,exploitation,0.0205121909281182,0.0078463034834336,10.129709459408597,1.038538955296726,4.0,0.0,0.0,False,False,57726.0
5,pi_uncertainty,4,2,Q052,exploitation,0.0114394662260831,0.0012047655993605,11.554816579698606,0.3062788937780826,1.0,0.0,0.0,False,False,81273.0
5,pi_uncertainty,4,3,Q007,exploitation,0.0030045782565556,0.0014499270872025,7.861630284966809,1.59798293721044,6.0,0.0,0.0,False,False,0.0
5,pi_uncertainty,4,4,Q046,exploitation,0.0023728739515166,6.90317756963188e-05,11.974239313891474,0.0982715915414354,2.0,0.0,0.0,False,False,58386.0
5,pi_uncertainty,4,5,Q088,uncertainty_exploration,0.0019332677928039,0.0024576143522406,-0.3620227389897597,4.366361020978186,12.0,0.0,1.0,True,False,0.0
5,pi_uncertainty,5,1,Q035,exploitation,0.2259421548824191,0.1567845562021611,11.348991003498629,1.2000202005660174,3.0,0.0,0.0,False,False,50709.0
5,pi_uncertainty,5,2,Q024,exploitation,0.2199036356188664,0.0766115408463141,11.782545293038792,0.6073557504655759,2.0,0.0,0.0,False,False,25579.0
5,pi_uncertainty,5,3,Q029,exploitation,0.0848458176098139,0.0232093681639319,11.432164843917196,0.5968372586733564,1.0,0.0,0.0,False,False,119441.0
5,pi_uncertainty,5,4,Q068,exploitation,0.0524259348002954,0.0160313968418606,11.07395675311803,0.7262310491871258,4.0,0.0,0.0,False,False,50021.0
5,pi_uncertainty,5,5,Q089,uncertainty_exploration,0.0030427256922644,0.0039382223202126,0.5075347269175898,4.281297766135442,8.0,1.0,0.0,True,False,0.0
5,pi_uncertainty,6,1,Q037,exploitation,0.0090648800698774,0.001408851744646,11.156629928929592,0.463448518627988,1.0,0.0,0.0,False,False,76141.0
5,pi_uncertainty,6,2,Q077,exploitation,0.0021167026854393,0.0024167843803413,1.1164944666022132,3.893135858648272,9.0,0.0,1.0,True,False,226.0
5,pi_uncertainty,6,3,Q071,exploitation,0.0012007549321154,0.0001590200036394,10.819172656393382,0.4719401984523134,1.0,0.0,0.0,False,False,60955.0
5,pi_uncertainty,6,4,Q021,exploitation,0.0003940345002271,6.1273743498558e-05,10.242297872012688,0.598591021251336,2.0,0.0,0.0,False,False,67531.0
5,pi_uncertainty,6,5,Q091,uncertainty_exploration,1.3103262723898876e-05,8.181056053265337e-06,0.1241435898849232,2.884672465195183,7.0,0.0,1.0,True,False,0.0
5,pi_uncertainty,7,1,Q014,exploitation,0.0002512656936455,3.253257010745402e-05,10.46808703249498,0.5126315354926078,2.0,0.0,0.0,False,False,108381.0
5,pi_uncertainty,7,2,Q008,exploitation,2.6427453863262433e-05,1.7482589755334174e-05,0.2932175812409454,2.95810408106114,7.0,0.0,1.0,True,False,0.0
5,pi_uncertainty,7,3,Q075,exploitation,1.0449610584168922e-07,4.0068098170334246e-08,1.220716547078764,2.1249644626665596,6.0,0.0,1.0,True,False,0.0
5,pi_uncertainty,7,4,Q015,exploitation,5.918366445489745e-16,7.385130342793824e-17,4.014355947264402,1.0288835253305808,2.0,0.0,1.0,False,False,48700.0
5,pi_uncertainty,7,5,Q042,uncertainty_exploration,3.564724197895182e-17,2.4018644411453796e-18,7.430238102083245,0.5777804803824187,2.0,0.0,0.800000011920929,False,False,452.0
5,imperfection_aware,1,1,Q019,exploitation,0.8027354032974581,0.4056868549542806,12.611126431584651,0.4220974608730163,7.0,0.0,0.0,False,False,84493.0
5,imperfection_aware,1,2,Q034,exploitation,0.4405577187918154,0.1778682337773338,12.170790397213846,0.5412616486667892,7.0,0.0,0.0,False,False,107033.0
5,imperfection_aware,1,3,Q067,exploitation,0.4041639432568167,0.4799262634097241,11.84935510856412,1.658742175925195,4.0,0.0,0.0,False,False,75311.0
5,imperfection_aware,1,4,Q070,exploitation,0.2674086019920003,0.400276921846588,10.728270399836727,2.4545574677782196,3.0,0.0,0.0,False,False,14174.0
5,imperfection_aware,1,5,Q093,suspicious_exploration,0.1787098346191475,0.5938667727911815,6.602862150489528,6.138128681701799,19.0,0.0,1.0,True,False,0.0
5,imperfection_aware,2,1,Q026,exploitation,0.1025588978552816,0.0199528205581666,11.733725307468552,0.4088167275159948,1.0,0.0,0.0,False,False,99186.0
5,imperfection_aware,2,2,Q055,exploitation,0.0794433009668326,0.0128280014638102,11.749185385749588,0.3567179756094349,3.0,0.0,0.0,False,False,171271.0
5,imperfection_aware,2,3,Q078,exploitation,0.0485445460987726,0.0592843590606813,7.3798566376096835,2.9364033828078657,8.0,0.0,0.0,False,False,51868.0
5,imperfection_aware,2,4,Q035,exploitation,0.0469738282864269,0.0149897662758356,10.959899671895084,0.7712788483957862,3.0,0.0,0.0,False,False,50709.0
5,imperfection_aware,2,5,Q003,suspicious_exploration,0.091330068086966,0.244879942657011,4.566391867689217,5.767143145221004,11.0,1.0,0.0,True,False,0.0
5,imperfection_aware,3,1,Q061,exploitation,0.0745022223573294,0.0224159669311237,11.281130061631377,0.6726061282597433,2.0,0.0,0.0,False,False,61305.0
5,imperfection_aware,3,2,Q072,exploitation,0.0327437799053177,0.0150474954577711,10.092683154165298,1.1721798363566798,4.0,0.0,0.0,False,False,57726.0
5,imperfection_aware,3,3,Q056,exploitation,0.0319014866801416,0.0063775869960786,11.303083349653232,0.5118035674540221,3.0,0.0,0.0,False,False,94093.0
5,imperfection_aware,3,4,Q052,exploitation,0.0104761567797793,0.0011442251882246,11.511284010553313,0.3207039497590873,1.0,0.0,0.0,False,False,81273.0
5,imperfection_aware,3,5,Q001,suspicious_exploration,0.1072604164348269,0.1846648892280315,7.80279763869388,3.58430081303832,10.0,0.0,1.0,True,False,4553.0
5,imperfection_aware,4,1,Q007,exploitation,0.002978217511424,0.0014358715792572,7.857770247715805,1.597708030111583,6.0,0.0,0.0,False,False,0.0
5,imperfection_aware,4,2,Q015,exploitation,8.208710194432548e-29,5.3039079430973196e-30,4.199011590396993,0.7270477815627003,2.0,0.0,1.0,False,False,48700.0
5,imperfection_aware,4,3,Q068,exploitation,2.859908401171045e-05,2.265171867346824e-06,10.831956040644489,0.3528216360640927,4.0,0.0,0.0,False,False,50021.0
5,imperfection_aware,4,4,Q029,exploitation,1.3067493536040655e-16,1.5063643236513308e-18,11.456407208290456,0.097110781089755,1.0,0.0,0.0,False,False,119441.0
5,imperfection_aware,4,5,Q080,suspicious_exploration,0.0526388857043464,0.1097823464263067,4.234084642726993,4.94981633239103,6.0,0.0,1.0,True,False,0.0
5,imperfection_aware,5,1,Q046,exploitation,0.0072854832241055,0.000273835656084,11.971716793131847,0.1146283375047462,2.0,0.0,0.0,False,False,58386.0
5,imperfection_aware,5,2,Q024,exploitation,0.002435848045838,0.0002143822702806,11.416542043559849,0.2966533073604634,2.0,0.0,0.0,False,False,25579.0
5,imperfection_aware,5,3,Q037,exploitation,4.340181996233512e-05,3.0572236290399564e-06,11.045366017953668,0.3073722233947145,1.0,0.0,0.0,False,False,76141.0
5,imperfection_aware,5,4,Q071,exploitation,1.0732323843567513e-17,2.0294031289815557e-19,10.853798487407742,0.1647430796010673,1.0,0.0,0.0,False,False,60955.0
5,imperfection_aware,5,5,Q090,suspicious_exploration,0.070948990423518,0.1961433003911367,3.0939170648832572,6.235071649060231,10.0,0.0,1.0,True,False,0.0
5,imperfection_aware,6,1,Q021,exploitation,0.0006117380232634,0.000106279852335,10.151386022125374,0.6495903648792392,2.0,0.0,0.0,False,True,67531.0
5,imperfection_aware,6,2,Q014,exploitation,8.53756534701382e-05,1.208226355211455e-05,10.011145151122244,0.5960977506653438,2.0,0.0,0.0,False,True,108381.0
5,imperfection_aware,6,3,Q042,exploitation,4.890604997165515e-15,3.636958160024362e-16,7.652216949337523,0.5940947043170346,2.0,0.0,0.0,False,True,452.0
5,imperfection_aware,6,4,Q091,exploitation,0.0336939324830738,0.0763247695236976,1.726383704349323,5.754458253305864,11.0,0.0,1.0,True,True,0.0
5,imperfection_aware,6,5,Q088,suspicious_exploration,0.030450346967037,0.0637850802074839,2.1351749309329167,5.397758519917666,12.0,0.0,1.0,True,True,0.0
5,imperfection_aware,7,1,Q084,exploitation,0.0249103283371513,0.0315568594789897,5.672096985850194,3.354392057031031,6.0,1.0,0.0,True,True,0.0
5,imperfection_aware,7,2,Q077,exploitation,0.0209875966210035,0.0397258220485222,1.830350138268097,5.124182816584213,9.0,1.0,0.0,True,True,226.0
5,imperfection_aware,7,3,Q089,exploitation,0.006209655267047,0.008705598463263,1.3921830108000082,4.34382138755003,7.0,1.0,0.0,True,True,0.0
5,imperfection_aware,7,4,Q008,exploitation,5.153334649846207e-05,3.06918432473591e-05,2.247589076988165,2.576226833554589,7.0,0.0,1.0,True,True,0.0
5,imperfection_aware,7,5,Q075,suspicious_exploration,7.369173178327682e-31,6.874588899422523e-32,-0.2476741515112319,1.087811122592094,6.0,0.800000011920929,0.2000000029802322,True,True,0.0
6,random,1,1,Q069,random,0.1310869472845626,0.0570358863962956,11.088835692911765,0.8670297466375232,2.0,0.0,0.0,False,False,90845.0
6,random,1,2,Q089,random,0.037951261742438,0.0877615659056883,1.812665859122835,5.773805337586804,7.0,1.0,0.0,True,False,0.0
6,random,1,3,Q057,random,0.4486695576839358,0.775002078696819,11.764947713159472,2.294626017889299,6.0,0.0,1.0,True,False,0.0
6,random,1,4,Q002,random,0.0002759534374121,0.0001471582739567,4.809564183593066,2.0993059074286786,8.0,0.0,1.0,True,False,0.0
6,random,1,5,Q087,random,0.0243967754092714,0.0513888884559719,1.041057071326316,5.59277316104901,13.0,1.0,0.0,True,False,0.0
6,random,2,1,Q039,random,0.0412705480275976,0.0168790243301826,10.31023511658394,1.008435138358889,1.0,0.0,0.0,False,False,28530.0
6,random,2,2,Q041,random,0.004450007828895,0.0029120561113491,6.587007320561121,2.0926111210496554,3.0,0.0,1.0,False,False,155410.0
6,random,2,3,Q062,random,0.0446222772870801,0.0592045279864795,6.567504955586128,3.232620626937985,3.0,0.0,1.0,False,False,0.0
6,random,2,4,Q009,random,0.0901727645377427,0.0885400336105186,9.224547924035498,2.117248205907165,5.0,0.0,1.0,True,False,3295.0
6,random,2,5,Q023,random,0.37224927353647,0.3800574676061531,11.579041994181503,1.4788688257246922,1.0,0.0,0.0,False,False,130578.0
6,random,3,1,Q073,random,3.8530028007556116e-07,1.9964063651019884e-08,10.701635520200712,0.275028037816806,1.0,0.0,0.0,False,False,31696.0
6,random,3,2,Q072,random,0.237768865380347,0.3292039964655646,10.378944147692522,2.357489963599559,4.0,0.0,0.0,False,False,57726.0
6,random,3,3,Q086,random,0.0694431378043398,0.1889641355333218,2.943467304562449,6.160703832785358,8.0,1.0,0.0,True,False,200.0
6,random,3,4,Q046,random,0.3872900853967201,0.0569729621201999,12.001020718576852,0.2094615673010647,2.0,0.0,0.0,False,False,58386.0
6,random,3,5,Q003,random,0.167678670240568,0.5899238852280413,5.696112844936598,6.6068443469185505,10.0,1.0,0.0,True,False,0.0
6,random,4,1,Q011,random,0.0412579771469443,0.0874163641101126,2.989841164403301,5.2245115055183495,7.0,1.0,0.0,True,False,0.0
6,random,4,2,Q088,random,0.0127630955210688,0.0202430670686049,1.8846868380418833,4.556537664059964,11.0,0.0,1.0,True,False,0.0
6,random,4,3,Q053,random,0.0001295839224559,1.05412703036797e-05,10.837845968148295,0.3348353400426401,1.0,0.0,0.0,False,False,110908.0
6,random,4,4,Q048,random,8.076249222462876e-05,1.0052185422466313e-05,10.077198073824444,0.5258404346821004,2.0,0.0,0.0,False,False,42637.0
6,random,4,5,Q034,random,0.8268160559048958,0.9803616060181616,12.953257470604012,0.9475302967360896,2.0,0.0,0.0,False,False,107033.0
6,random,5,1,Q024,random,0.0077258377017816,0.0013571038100378,10.771415827117677,0.5325338421637296,2.0,0.0,0.0,False,False,25579.0
6,random,5,2,Q050,random,0.2462508228148451,0.1599786803554715,11.310065734755131,1.094133431163209,8.0,0.0,0.2000000029802322,True,False,6338.0
6,random,5,3,Q044,random,0.1664514043552766,0.0792070742937877,11.194109714192392,0.8952941067529758,3.0,0.0,0.0,False,False,54574.0
6,random,5,4,Q020,random,0.0609873496593445,0.0134878238265172,11.268920350707711,0.5121683940912466,2.0,0.0,0.0,False,False,101000.0
6,random,5,5,Q051,random,0.0295793758037782,0.0591027915657721,2.306041783073989,5.16953149633749,7.0,0.0,1.0,True,False,873.0
6,random,6,1,Q027,random,0.1108276904192114,0.315615064451623,4.864935361408294,5.8881008964172015,6.0,1.0,0.0,True,False,0.0
6,random,6,2,Q043,random,2.7217325640214935e-12,5.798927897202669e-13,1.5337817080611682,1.5271227462037655,1.0,0.0,0.4000000059604645,False,False,1379.0
6,random,6,3,Q036,random,0.002073737829441,0.002328952141022,1.0649693350211136,3.835753893553043,2.0,0.800000011920929,0.2000000029802322,False,False,0.0
6,random,6,4,Q030,random,0.2407473419972705,0.0732630581306131,11.697681069655818,0.5161625810684866,1.0,0.0,0.0,False,False,95814.0
6,random,6,5,Q080,random,0.104376651906317,0.2732188495366865,5.171846163833571,5.480634072964704,6.0,0.0,1.0,True,False,0.0
6,random,7,1,Q017,random,0.577909866208024,0.4927163682598298,12.25281532589742,0.975872891400948,2.0,0.0,0.0,False,False,247107.0
6,random,7,2,Q092,random,0.0047803913935793,0.0065131021964753,0.8455181712234205,4.328094911802568,5.0,0.800000011920929,0.2000000029802322,True,False,0.0
6,random,7,3,Q040,random,0.2487160946020649,0.0605189840949283,11.783818947748657,0.40851104391739,2.0,0.0,0.0,False,False,114138.0
6,random,7,4,Q047,random,0.2910036893191661,0.2762654955970045,11.228530496295974,1.5123449106408409,2.0,0.0,1.0,False,False,7770.0
6,random,7,5,Q016,random,0.1073873149337675,0.201864234650297,7.207337584288038,3.912537281287987,5.0,0.0,1.0,True,False,357.0
6,gp_m52_pi,1,1,Q017,exploitation,0.7318970968156395,0.3021812375420651,12.299971866161126,0.3863220792351436,2.0,0.0,0.0,False,False,247107.0
6,gp_m52_pi,1,2,Q050,exploitation,0.5331648224987009,1.5173567414250946,12.346764619382686,3.4334221808185017,8.0,0.0,1.0,True,False,6338.0
6,gp_m52_pi,1,3,Q016,exploitation,0.4971501963568967,1.349593213944439,12.0366247201799,3.413401597252484,5.0,0.0,1.0,True,False,357.0
6,gp_m52_pi,1,4,Q057,exploitation,0.4486593731035561,0.775011277743536,11.764875002511864,2.294731725806203,6.0,0.0,1.0,True,False,0.0
6,gp_m52_pi,1,5,Q034,exploitation,0.4388300921902437,0.0611306947961363,12.03220363842583,0.1871204477870542,2.0,0.0,0.0,False,False,107033.0
6,gp_m52_pi,2,1,Q044,exploitation,0.298496847609848,0.551258606625316,10.88606168273824,2.915520212167979,3.0,0.0,0.0,False,False,54574.0
6,gp_m52_pi,2,2,Q003,exploitation,0.1685494223480046,0.6345853141337263,5.649676004292167,7.060955048711046,7.0,1.0,0.0,True,False,0.0
6,gp_m52_pi,2,3,Q072,exploitation,0.1461520441571583,0.2507294171059865,8.917778645903883,3.3328905454478854,4.0,0.0,0.0,False,False,57726.0
6,gp_m52_pi,2,4,Q080,exploitation,0.1287742800216034,0.3728485901097119,5.868741856153833,5.792981895176313,6.0,0.0,1.0,True,False,0.0
6,gp_m52_pi,2,5,Q086,exploitation,0.1184308981686528,0.3656224464236531,4.984150223727869,6.292701969912406,8.0,1.0,0.0,True,False,200.0
6,gp_m52_pi,3,1,Q040,exploitation,0.4380410811693706,0.0884098890147428,12.385266971924942,0.2713507172332601,2.0,0.0,0.0,False,False,114138.0
6,gp_m52_pi,3,2,Q069,exploitation,0.1996236065613172,0.1342947454881314,11.41108533393852,1.2058551615674378,2.0,0.0,0.0,False,False,90845.0
6,gp_m52_pi,3,3,Q011,exploitation,0.0557101086750003,0.1474940982915973,2.5179037777533555,6.2252894330790784,7.0,1.0,0.0,True,False,0.0
6,gp_m52_pi,3,4,Q073,exploitation,0.0226554017082592,0.006740062971134,10.831048638799922,0.797565146381643,1.0,0.0,0.0,False,False,31696.0
6,gp_m52_pi,3,5,Q043,exploitation,0.0215486051879798,0.0065214951808374,10.775868844407208,0.8165607797845174,1.0,0.0,0.0,False,False,1379.0
6,gp_m52_pi,4,1,Q023,exploitation,0.1486521216826933,0.072060735681969,11.450019697219016,0.9379498024950788,1.0,0.0,0.0,False,False,130578.0
6,gp_m52_pi,4,2,Q053,exploitation,0.044238604906545,0.0067392653279105,11.794468186774855,0.3716571123233417,2.0,0.0,0.0,False,False,110908.0
6,gp_m52_pi,4,3,Q087,exploitation,0.0255113920025995,0.0539642442005762,1.532710426026095,5.583424788940229,10.0,1.0,0.0,True,False,0.0
6,gp_m52_pi,4,4,Q089,exploitation,0.0086322112571183,0.014919519394354,0.0932068949220648,5.180273563202373,7.0,1.0,0.0,True,False,0.0
6,gp_m52_pi,4,5,Q009,exploitation,0.0089144279876553,0.006227485019771,7.483638447619512,2.0867970276430383,5.0,0.0,1.0,True,False,3295.0
6,gp_m52_pi,5,1,Q020,exploitation,0.0086213169483114,0.0008923395187365,11.688685703170115,0.3102655208631617,2.0,0.0,0.0,False,False,101000.0
6,gp_m52_pi,5,2,Q047,exploitation,0.0047743569471444,0.0034773872870052,6.430279123226483,2.3139905503592932,4.0,0.0,1.0,False,False,7770.0
6,gp_m52_pi,5,3,Q062,exploitation,0.0044878544089779,0.003285811490682,6.31463054980625,2.3394572369050124,3.0,0.0,1.0,False,False,0.0
6,gp_m52_pi,5,4,Q027,exploitation,0.0020465392319922,0.0026483337753195,-0.274601268538432,4.424463343678221,6.0,1.0,0.0,True,False,0.0
6,gp_m52_pi,5,5,Q041,exploitation,0.001977861240486,0.00093475736353,7.758294152931327,1.6203398144325931,3.0,0.0,1.0,False,False,155410.0
6,gp_m52_pi,6,1,Q092,exploitation,0.0036284191783072,0.0049015906657387,0.6137825761422118,4.400216099002546,5.0,0.2000000029802322,0.800000011920929,True,False,0.0
6,gp_m52_pi,6,2,Q088,exploitation,0.0024201059341101,0.0029891290176004,0.6917058735731496,4.165379916124202,11.0,0.0,1.0,True,False,0.0
6,gp_m52_pi,6,3,Q048,exploitation,0.000616650852026,0.0001649778158362,9.197231719855033,0.9997786168471724,3.0,0.0,1.0,False,False,42637.0
6,gp_m52_pi,6,4,Q039,exploitation,0.0005548002871833,0.0001405194096428,9.318776638882552,0.953283670390524,1.0,0.0,0.0,False,False,28530.0
6,gp_m52_pi,6,5,Q051,exploitation,8.293007114543737e-05,4.472522351913345e-05,3.8589935507660327,2.275227345089658,2.0,1.0,0.0,False,False,873.0
6,gp_m52_pi,7,1,Q002,exploitation,1.2439947246084338e-07,3.9931185458982145e-08,3.301878998029685,1.769025721624847,8.0,0.0,1.0,True,False,0.0
6,gp_m52_pi,7,2,Q024,exploitation,2.3407717137981417e-06,1.6517436088256373e-07,10.822695074240231,0.3505207839580715,2.0,0.0,0.0,False,False,25579.0
6,gp_m52_pi,7,3,Q030,exploitation,1.028255258610329e-05,3.5421927489885714e-07,11.742381614904016,0.1608952787287731,1.0,0.0,0.0,False,False,95814.0
6,gp_m52_pi,7,4,Q036,exploitation,2.7336241504185127e-06,1.7788862600515823e-06,-2.1777267812872134,3.2127751770562156,2.0,0.0,1.0,False,False,0.0
6,gp_m52_pi,7,5,Q046,exploitation,4.9033063125242815e-05,1.9253153143184915e-06,11.764277320346586,0.170281816665605,1.0,0.0,0.0,False,False,58386.0
6,gp_m52_ei,1,1,Q003,exploitation,0.3287968914294265,1.653466691146679,8.666200181562772,7.659113196682309,10.0,1.0,0.0,True,False,0.0
6,gp_m52_ei,1,2,Q050,exploitation,0.533164705311269,1.5173585287859122,12.34676404555374,3.4334274461635825,8.0,0.0,1.0,True,False,6338.0
6,gp_m52_ei,1,3,Q016,exploitation,0.4971607877733194,1.3496362249460725,12.0367153807837,3.413396429918856,5.0,0.0,1.0,True,False,357.0
6,gp_m52_ei,1,4,Q057,exploitation,0.4486639816887089,0.7750004566464863,11.764910449261212,2.2946641768459517,6.0,0.0,1.0,True,False,0.0
6,gp_m52_ei,1,5,Q011,exploitation,0.2008100785568375,0.7692281741083751,6.3116426153125476,6.854836795061109,7.0,1.0,0.0,True,False,0.0
6,gp_m52_ei,2,1,Q044,exploitation,0.3395312476162012,0.6787597057510284,10.8169473228573,3.006846185986311,3.0,0.0,0.0,False,False,54574.0
6,gp_m52_ei,2,2,Q017,exploitation,0.8723389102844661,0.6295300781080688,12.657164064619671,0.524085175156401,2.0,0.0,0.0,False,False,247107.0
6,gp_m52_ei,2,3,Q086,exploitation,0.1392906094855678,0.4404160422580649,5.329143043953623,6.213004611860392,8.0,1.0,0.0,True,False,200.0
6,gp_m52_ei,2,4,Q080,exploitation,0.1482092021454621,0.4412029449894687,6.042509874103521,5.764045732222476,6.0,0.0,1.0,True,False,0.0
6,gp_m52_ei,2,5,Q072,exploitation,0.1826308270701217,0.3503582562930735,8.871179516924276,3.523175215696376,4.0,0.0,0.0,False,False,57726.0
6,gp_m52_ei,3,1,Q069,exploitation,0.2862255910503732,0.2301299738780679,11.700426842703344,1.2882630927068095,2.0,0.0,0.0,False,False,90845.0
6,gp_m52_ei,3,2,Q027,exploitation,0.0838799534337351,0.2254164609749546,4.321674582472378,5.876240309176863,7.0,0.0,1.0,True,False,0.0
6,gp_m52_ei,3,3,Q089,exploitation,0.0820276651898498,0.1775742239879774,5.812523411349815,4.753695055446521,7.0,1.0,0.0,True,False,0.0
6,gp_m52_ei,3,4,Q087,exploitation,0.068372847569416,0.157322274891447,4.6544816486428005,5.223787731905217,10.0,1.0,0.0,True,False,0.0
6,gp_m52_ei,3,5,Q036,exploitation,0.0535724557426134,0.0940949969126773,5.730574160558748,4.156637273891317,2.0,0.0,1.0,False,False,0.0
6,gp_m52_ei,4,1,Q040,exploitation,0.461640573243307,0.0921871931512686,12.402405626175522,0.2614201192967944,2.0,0.0,0.0,False,False,114138.0
6,gp_m52_ei,4,2,Q023,exploitation,0.0242128706833951,0.0070846593253861,10.892765287632312,0.7776678213586257,1.0,0.0,0.0,False,False,130578.0
6,gp_m52_ei,4,3,Q043,exploitation,0.0137608538696907,0.0043268004933588,10.453639239975852,0.8956025191508903,1.0,0.0,0.0,False,False,1379.0
6,gp_m52_ei,4,4,Q030,exploitation,0.0185031914521363,0.0040183168432019,11.181974761529595,0.5972142703414547,1.0,0.0,0.0,False,False,95814.0
6,gp_m52_ei,4,5,Q092,exploitation,0.0027164209802302,0.0034202637212988,0.7358685993646388,4.205376354009414,5.0,0.0,1.0,True,False,0.0
6,gp_m52_ei,5,1,Q053,exploitation,0.0698313963471084,0.0136349942199775,11.775280927033224,0.441624020153449,2.0,0.0,0.0,False,False,110908.0
6,gp_m52_ei,5,2,Q034,exploitation,0.0460799213693555,0.0090504542403799,11.625699300145977,0.4761447077636712,2.0,0.0,0.0,False,False,107033.0
6,gp_m52_ei,5,3,Q009,exploitation,0.0098791771139554,0.0065780594203299,7.841532563637642,1.967496586360198,5.0,0.0,1.0,True,False,3295.0
6,gp_m52_ei,5,4,Q020,exploitation,0.0298509690843536,0.0047248440254596,11.657456957786923,0.4089902007169761,2.0,0.0,0.0,False,False,101000.0
6,gp_m52_ei,5,5,Q062,exploitation,0.0055209661959581,0.0040508030476995,6.584170289940306,2.2993160521285376,3.0,0.800000011920929,0.2000000029802322,False,False,0.0
6,gp_m52_ei,6,1,Q047,exploitation,0.0030238629710125,0.0022041368045244,5.805138511739527,2.41238690194664,4.0,0.0,1.0,False,False,7770.0
6,gp_m52_ei,6,2,Q041,exploitation,0.0018941209607571,0.0009761170939888,7.294324668224471,1.7729758698278708,3.0,0.0,1.0,False,False,155410.0
6,gp_m52_ei,6,3,Q088,exploitation,0.0008853682778174,0.0009190430023485,0.6029763142233406,3.782406065187076,10.0,0.0,1.0,True,False,0.0
6,gp_m52_ei,6,4,Q046,exploitation,0.0012607835531538,7.90259745681582e-05,11.755307906200269,0.2225522800115114,1.0,0.0,0.0,False,False,58386.0
6,gp_m52_ei,6,5,Q051,exploitation,4.618890188547329e-05,2.3612231455934988e-05,3.7333838570627647,2.223701300487971,2.0,0.0,1.0,False,False,873.0
6,gp_m52_ei,7,1,Q002,exploitation,6.691756334065916e-08,2.1430928864783137e-08,2.93673548199029,1.7997189415194592,8.0,0.0,1.0,True,False,0.0
6,gp_m52_ei,7,2,Q024,exploitation,0.0009243629716286,0.0001381517203932,10.737222967454455,0.5429096537936823,2.0,0.0,0.0,False,False,25579.0
6,gp_m52_ei,7,3,Q039,exploitation,0.000384961651359,0.0001031382000907,8.953669156148873,1.0328610836603846,1.0,0.0,0.0,False,False,28530.0
6,gp_m52_ei,7,4,Q048,exploitation,0.0004448856904062,0.0001239529486817,8.891321444951554,1.0640986992985326,3.0,0.0,1.0,False,False,42637.0
6,gp_m52_ei,7,5,Q073,exploitation,0.0019424947747391,0.000326368207436,10.761945336347228,0.5768729463855303,1.0,0.0,0.0,False,False,31696.0
6,pi_random_exploration,1,1,Q017,exploitation,0.7318970968156395,0.3021812375420651,12.299971866161126,0.3863220792351436,2.0,0.0,0.0,False,False,247107.0
6,pi_random_exploration,1,2,Q050,exploitation,0.5331648224987009,1.5173567414250946,12.346764619382686,3.4334221808185017,8.0,0.0,1.0,True,False,6338.0
6,pi_random_exploration,1,3,Q016,exploitation,0.4971501963568967,1.349593213944439,12.0366247201799,3.413401597252484,5.0,0.0,1.0,True,False,357.0
6,pi_random_exploration,1,4,Q057,exploitation,0.4486593731035561,0.775011277743536,11.764875002511864,2.294731725806203,6.0,0.0,1.0,True,False,0.0
6,pi_random_exploration,1,5,Q044,random_exploration,0.2277164113411307,0.4541901622441314,9.492563452400548,3.441163812456013,3.0,0.0,0.6000000238418579,False,False,54574.0
6,pi_random_exploration,2,1,Q036,exploitation,0.331168852003277,1.0076642409024537,10.409476152877534,4.621388877138273,2.0,0.0,1.0,False,False,0.0
6,pi_random_exploration,2,2,Q092,exploitation,0.2335922479211379,0.7514965428175285,8.423078734787312,5.507743138941539,5.0,1.0,0.0,True,False,0.0
6,pi_random_exploration,2,3,Q087,exploitation,0.220466505238861,0.7964826415220712,7.577748334089874,6.2934273754319445,13.0,1.0,0.0,True,False,0.0
6,pi_random_exploration,2,4,Q080,exploitation,0.2011816242274231,0.5839162448888899,8.080461417674048,5.191160277753738,6.0,0.0,1.0,True,False,0.0
6,pi_random_exploration,2,5,Q051,random_exploration,0.1778419008073485,0.5668103513992833,6.98318549343814,5.894622027901812,2.0,0.0,1.0,False,False,873.0
6,pi_random_exploration,3,1,Q003,exploitation,0.1409639231033551,0.4600256609245994,5.546929479490325,6.394665167988303,7.0,1.0,0.0,True,False,0.0
6,pi_random_exploration,3,2,Q086,exploitation,0.1127544540647771,0.3150098342892672,5.4521862027932775,5.755232966364812,8.0,1.0,0.0,True,False,200.0
6,pi_random_exploration,3,3,Q011,exploitation,0.0965748757972441,0.2799575855561809,4.403148380589657,6.166390233190198,7.0,1.0,0.0,True,False,0.0
6,pi_random_exploration,3,4,Q069,exploitation,0.0802233750805814,0.0386011572031787,10.938346539617308,1.0610326336750466,2.0,0.0,0.0,False,False,90845.0
6,pi_random_exploration,3,5,Q039,random_exploration,1.0533420195560296e-08,8.073936625414302e-10,9.88006609718806,0.4546694390589179,1.0,0.0,0.0,False,False,28530.0
6,pi_random_exploration,4,1,Q043,exploitation,0.0908134712820943,0.0324113203748353,11.401029260835214,0.768513545027556,1.0,0.0,0.0,False,False,1379.0
6,pi_random_exploration,4,2,Q072,exploitation,0.0659249745970347,0.089568445733606,7.749776504448753,3.1043663426090222,4.0,0.0,0.0,False,False,57726.0
6,pi_random_exploration,4,3,Q034,exploitation,0.049954126340444,0.0053206795893305,12.008136402270626,0.2549351041834277,2.0,0.0,0.0,False,False,107033.0
6,pi_random_exploration,4,4,Q040,exploitation,0.027646653853959,0.0023271866045973,12.006313696380886,0.2198032550974255,2.0,0.0,0.0,False,False,114138.0
6,pi_random_exploration,4,5,Q030,random_exploration,0.0007050530009978,8.287898236782813e-05,11.0380016841734,0.4352534654546087,1.0,0.0,0.0,False,False,95814.0
6,pi_random_exploration,5,1,Q023,exploitation,0.1657161220346462,0.0887282564313073,11.448093992894377,1.008498200928159,1.0,0.0,0.0,False,False,130578.0
6,pi_random_exploration,5,2,Q053,exploitation,0.0556129865878484,0.0101440540798518,11.744274160561766,0.4290222097374275,2.0,0.0,0.0,False,False,110908.0
6,pi_random_exploration,5,3,Q020,exploitation,0.0226596117373969,0.0033041262984729,11.645120535674794,0.3909018756198285,2.0,0.0,0.0,False,False,101000.0
6,pi_random_exploration,5,4,Q009,exploitation,0.0092930921007734,0.0062838685600419,7.694067536327523,2.011070253820397,5.0,0.0,1.0,True,False,3295.0
6,pi_random_exploration,5,5,Q046,random_exploration,0.0023562358306471,0.0001646684825667,11.760037978686972,0.2362098605844879,2.0,0.0,0.0,False,False,58386.0
6,pi_random_exploration,6,1,Q062,exploitation,0.0057610590964066,0.0038310109571438,7.184081799403069,2.0754398980811097,3.0,0.0,1.0,False,False,0.0
6,pi_random_exploration,6,2,Q027,exploitation,0.0039308434029409,0.0053013264906048,0.834616737575737,4.361613713661072,6.0,1.0,0.0,True,False,0.0
6,pi_random_exploration,6,3,Q047,exploitation,0.0032332686574891,0.0022584996789897,6.168625247113142,2.2984363740002864,4.0,0.0,1.0,False,False,7770.0
6,pi_random_exploration,6,4,Q041,exploitation,0.0014816183980668,0.000702543803261,7.485748181318586,1.6630621467021962,3.0,0.0,1.0,False,False,155410.0
6,pi_random_exploration,6,5,Q089,random_exploration,4.188147719224258e-05,3.251485831924227e-05,-0.9214664603107964,3.39379344594127,7.0,1.0,0.0,True,False,0.0
6,pi_random_exploration,7,1,Q088,exploitation,0.0019831635843432,0.0023286408824659,0.8325809083805762,4.02488523539326,10.0,0.0,1.0,True,False,0.0
6,pi_random_exploration,7,2,Q073,exploitation,0.0012534255591164,0.0001950886367724,10.75650803993641,0.5528752370659368,1.0,0.0,0.0,False,False,31696.0
6,pi_random_exploration,7,3,Q024,exploitation,0.0006081989751061,8.538219035552665e-05,10.72885880724646,0.5251061333186647,2.0,0.0,0.0,False,False,25579.0
6,pi_random_exploration,7,4,Q048,exploitation,2.2957089911411284e-05,2.985989526010921e-06,10.041201076130772,0.585541781180934,2.0,0.0,0.0,False,False,42637.0
6,pi_random_exploration,7,5,Q002,random_exploration,1.904273798287925e-07,6.199306043589313e-08,3.441564936632114,1.7694977279855828,8.0,0.0,1.0,True,False,0.0
6,pi_uncertainty,1,1,Q017,exploitation,0.7318970968156395,0.3021812375420651,12.299971866161126,0.3863220792351436,2.0,0.0,0.0,False,False,247107.0
6,pi_uncertainty,1,2,Q050,exploitation,0.5331648224987009,1.5173567414250946,12.346764619382686,3.4334221808185017,8.0,0.0,1.0,True,False,6338.0
6,pi_uncertainty,1,3,Q016,exploitation,0.4971501963568967,1.349593213944439,12.0366247201799,3.413401597252484,5.0,0.0,1.0,True,False,357.0
6,pi_uncertainty,1,4,Q057,exploitation,0.4486593731035561,0.775011277743536,11.764875002511864,2.294731725806203,6.0,0.0,1.0,True,False,0.0
6,pi_uncertainty,1,5,Q003,uncertainty_exploration,0.3287967311287733,1.653469335639046,8.666189064843739,7.659130617397691,10.0,1.0,0.0,True,False,0.0
6,pi_uncertainty,2,1,Q044,exploitation,0.2966014293258535,0.5801614710312597,10.774212248452583,3.0950339375574365,3.0,0.0,0.0,False,False,54574.0
6,pi_uncertainty,2,2,Q072,exploitation,0.1425371033346208,0.2592702106106741,8.627390362723055,3.5549356407514123,4.0,0.0,0.0,False,False,57726.0
6,pi_uncertainty,2,3,Q086,exploitation,0.1308825534025208,0.4162238380408324,5.31337888939228,6.339349810570867,8.0,1.0,0.0,True,False,200.0
6,pi_uncertainty,2,4,Q080,exploitation,0.1279579633997244,0.3768527144273289,5.723460886435987,5.90100956606008,6.0,0.0,1.0,True,False,0.0
6,pi_uncertainty,2,5,Q011,uncertainty_exploration,0.1070817627927107,0.3552173068380309,3.84573895942083,6.908594250410179,7.0,1.0,0.0,True,False,0.0
6,pi_uncertainty,3,1,Q069,exploitation,0.086641918977289,0.0398414049893457,11.066847310646184,0.9992698704902836,2.0,0.0,0.0,False,False,90845.0
6,pi_uncertainty,3,2,Q043,exploitation,0.0465136005075661,0.0151826353160681,11.1004085309039,0.7901523594779385,1.0,0.0,0.0,False,False,1379.0
6,pi_uncertainty,3,3,Q073,exploitation,0.0307482611299272,0.0141858932330539,10.207573405537357,1.18722779001225,1.0,0.0,0.0,False,False,31696.0
6,pi_uncertainty,3,4,Q034,exploitation,0.0306370366375379,0.0028578970689325,11.978101380914511,0.2401690484575262,2.0,0.0,0.0,False,False,107033.0
6,pi_uncertainty,3,5,Q087,uncertainty_exploration,0.0175357229596034,0.0353548429829748,0.6656865721048355,5.580883846881824,10.0,1.0,0.0,True,False,0.0
6,pi_uncertainty,4,1,Q023,exploitation,0.1833396776387212,0.0931509508241304,11.586134460044136,0.9321326643525985,1.0,0.0,0.0,False,False,130578.0
6,pi_uncertainty,4,2,Q053,exploitation,0.0898413675348687,0.0153428002370805,11.933139931369436,0.3685092401617294,2.0,0.0,0.0,False,False,110908.0
6,pi_uncertainty,4,3,Q020,exploitation,0.0510088989639636,0.0076070570166728,11.845874153170628,0.3557514224126493,2.0,0.0,0.0,False,False,101000.0
6,pi_uncertainty,4,4,Q040,exploitation,0.0468370850822915,0.0040488216414228,12.077176851056496,0.2090307725059692,2.0,0.0,0.0,False,False,114138.0
6,pi_uncertainty,4,5,Q027,uncertainty_exploration,0.00340431936278,0.0046540169737381,0.3095219034714276,4.478116188604355,7.0,1.0,0.0,True,False,0.0
6,pi_uncertainty,5,1,Q009,exploitation,0.0063927848534453,0.0041127712829476,7.478849420708203,1.9876922963729888,5.0,0.0,1.0,True,False,3295.0
6,pi_uncertainty,5,2,Q047,exploitation,0.0059848378770704,0.004328014597907,6.776457949331426,2.248722428741603,4.0,0.0,1.0,False,False,7770.0
6,pi_uncertainty,5,3,Q062,exploitation,0.0051232618302262,0.0037329885357575,6.523431844311015,2.2996634371590248,3.0,0.2000000029802322,0.800000011920929,False,False,0.0
6,pi_uncertainty,5,4,Q041,exploitation,0.0023426320173236,0.0010775298883125,8.029074645631992,1.555389863473462,3.0,0.0,1.0,False,False,155410.0
6,pi_uncertainty,5,5,Q088,uncertainty_exploration,0.00127493654355,0.0014273162279956,0.4437215594902808,3.9716380022681737,11.0,0.0,1.0,True,False,0.0
6,pi_uncertainty,6,1,Q092,exploitation,0.0036972937475193,0.0050231516331788,0.5939583821589531,4.417952282782203,5.0,1.0,0.0,True,False,0.0
6,pi_uncertainty,6,2,Q048,exploitation,0.0006456597861122,0.000173478159465,9.206752099451506,1.0009095141470454,3.0,0.0,1.0,False,False,42637.0
6,pi_uncertainty,6,3,Q039,exploitation,0.00057499011315,0.0001463709071988,9.320237521299047,0.9558101844131232,1.0,0.0,0.0,False,False,28530.0
6,pi_uncertainty,6,4,Q089,exploitation,0.000160549321353,0.0001431279242157,-0.6132028160175294,3.62480062891824,7.0,1.0,0.0,True,False,0.0
6,pi_uncertainty,6,5,Q036,uncertainty_exploration,1.5883935082192873e-05,1.156052465325013e-05,-1.4404440081336976,3.333332379613809,2.0,0.0,1.0,False,False,0.0
6,pi_uncertainty,7,1,Q046,exploitation,0.0006895240060308,3.690907058227484e-05,11.792561011333277,0.198505658987993,1.0,0.0,0.0,False,False,58386.0
6,pi_uncertainty,7,2,Q030,exploitation,0.0002602462244521,1.3227291415153604e-05,11.73078917482076,0.2008055112958471,1.0,0.0,0.0,False,False,95814.0
6,pi_uncertainty,7,3,Q051,exploitation,5.532299809397669e-05,2.8751258415776716e-05,3.7684904991501353,2.2398202012852515,2.0,0.0,1.0,False,False,873.0
6,pi_uncertainty,7,4,Q024,exploitation,2.370164066601803e-06,1.6976362061867817e-07,10.80028583052887,0.3556179756588227,2.0,0.0,0.0,False,False,25579.0
6,pi_uncertainty,7,5,Q002,uncertainty_exploration,3.9007850314802435e-08,1.1628108277960982e-08,3.280504709595491,1.702840167210428,8.0,0.0,1.0,True,False,0.0
6,imperfection_aware,1,1,Q017,exploitation,0.7318970968156395,0.3021812375420651,12.299971866161126,0.3863220792351436,2.0,0.0,0.0,False,False,247107.0
6,imperfection_aware,1,2,Q034,exploitation,0.4388300921902437,0.0611306947961363,12.03220363842583,0.1871204477870542,2.0,0.0,0.0,False,False,107033.0
6,imperfection_aware,1,3,Q040,exploitation,0.2988274970247305,0.0414214058870834,11.945561460571458,0.2187420616857226,2.0,0.0,0.0,False,False,114138.0
6,imperfection_aware,1,4,Q044,exploitation,0.2277164113411307,0.4541901622441314,9.492563452400548,3.441163812456013,3.0,0.0,0.6000000238418579,False,False,54574.0
6,imperfection_aware,1,5,Q050,suspicious_exploration,0.5331648224987009,1.5173567414250946,12.346764619382686,3.4334221808185017,8.0,0.0,1.0,True,False,6338.0
6,imperfection_aware,2,1,Q053,exploitation,0.0922112150204457,0.0104517638838493,12.104610795456722,0.2433357290243239,2.0,0.0,0.0,False,False,110908.0
6,imperfection_aware,2,2,Q069,exploitation,0.080990474900135,0.0347472526094269,11.106942670315698,0.9443651543710028,2.0,0.0,0.0,False,False,90845.0
6,imperfection_aware,2,3,Q073,exploitation,0.0691409580304888,0.0377457250929989,10.594159111189732,1.2369434704453135,1.0,0.0,0.0,False,False,31696.0
6,imperfection_aware,2,4,Q051,exploitation,0.0365738708213076,0.0310944854434741,8.603111887820702,2.134300073937739,2.0,0.0,1.0,False,False,873.0
6,imperfection_aware,2,5,Q057,suspicious_exploration,0.513175500302234,1.036606038445504,12.509955658728115,2.49378400564272,6.0,0.0,1.0,True,False,0.0
6,imperfection_aware,3,1,Q072,exploitation,0.1217577024166693,0.2017643078589123,8.512248098262104,3.3572128340710026,4.0,0.0,0.0,False,False,57726.0
6,imperfection_aware,3,2,Q043,exploitation,0.0434446083844254,0.0142495169798205,11.053789513860924,0.8024292088307288,1.0,0.0,0.0,False,False,1379.0
6,imperfection_aware,3,3,Q023,exploitation,0.0081184651817838,0.0017802149910579,10.837834867141709,0.6614169204549369,1.0,0.0,0.0,False,False,130578.0
6,imperfection_aware,3,4,Q062,exploitation,0.0033547623722255,0.001860617937256,7.4961907768389455,1.8190783644373285,3.0,0.0,1.0,False,False,0.0
6,imperfection_aware,3,5,Q003,suspicious_exploration,0.1927590205948122,0.7872311073111304,6.013262159094161,7.39169215902368,10.0,1.0,0.0,True,False,0.0
6,imperfection_aware,4,1,Q020,exploitation,0.0202938928151505,0.0027973166423003,11.660219877258715,0.3747398078775009,2.0,0.0,0.0,False,False,101000.0
6,imperfection_aware,4,2,Q047,exploitation,0.0093068092556932,0.0089210731722192,5.720027082258218,2.8504209318023515,4.0,0.0,1.0,False,False,7770.0
6,imperfection_aware,4,3,Q041,exploitation,0.0050081373140165,0.0031762154041947,7.261767886983772,2.005932965879784,3.0,0.0,1.0,False,False,155410.0
6,imperfection_aware,4,4,Q036,exploitation,7.618594461588565e-08,4.2629621026843546e-08,-4.013422915422294,3.131816579860736,2.0,0.0,1.0,False,False,0.0
6,imperfection_aware,4,5,Q080,suspicious_exploration,0.0475302528380774,0.1225585361951249,2.0434132099420212,6.220720136066617,6.0,0.0,1.0,True,False,0.0
6,imperfection_aware,5,1,Q048,exploitation,0.0005394706309715,0.0001451696247116,9.110368470126064,1.0147205166987172,3.0,0.0,1.0,False,False,42637.0
6,imperfection_aware,5,2,Q039,exploitation,0.0005206548852443,0.0001324578903965,9.274366868372384,0.9616033987110426,1.0,0.0,0.0,False,False,28530.0
6,imperfection_aware,5,3,Q024,exploitation,6.572438305227491e-07,4.129506734137919e-08,10.844212866643232,0.3273077536802981,2.0,0.0,0.0,False,False,25579.0
6,imperfection_aware,5,4,Q030,exploitation,4.204310928223707e-25,2.6436744406524665e-27,11.750447800904874,0.0658498730539707,1.0,0.0,0.0,False,False,95814.0
6,imperfection_aware,5,5,Q009,suspicious_exploration,0.0833793302712342,0.0870679476907173,9.26681162986651,2.2859495669263112,5.0,0.0,1.0,True,False,3295.0
6,imperfection_aware,6,1,Q046,exploitation,0.0027963144854662,0.0002029597803658,11.757545429406123,0.2418239994879368,1.0,0.0,0.0,False,True,58386.0
6,imperfection_aware,6,2,Q011,exploitation,0.0687952567125503,0.1876132765202011,3.244584584544251,6.184569755897881,7.0,1.0,0.0,True,True,0.0
6,imperfection_aware,6,3,Q086,exploitation,0.0631309260743423,0.1758090124936976,2.624872136032044,6.411145587793058,8.0,1.0,0.0,True,True,200.0
6,imperfection_aware,6,4,Q016,exploitation,0.0425648923639704,0.0643529313095252,6.039523154805422,3.710390047200604,5.0,0.0,1.0,True,True,357.0
6,imperfection_aware,6,5,Q087,suspicious_exploration,0.0225442096582198,0.049169033715867,0.7038331574496004,5.850673730617755,13.0,1.0,0.0,True,True,0.0
6,imperfection_aware,7,1,Q092,exploitation,0.0059924421209847,0.0090658410796657,0.6088251315307378,4.7038155655409,5.0,0.0,1.0,True,True,0.0
6,imperfection_aware,7,2,Q088,exploitation,0.0029545460297837,0.0038002323923484,0.6859885353589128,4.265352257577063,11.0,0.0,1.0,True,True,0.0
6,imperfection_aware,7,3,Q089,exploitation,0.0002921477170122,0.0002822219722342,-0.6038327694749253,3.7895218519016463,7.0,1.0,0.0,True,True,0.0
6,imperfection_aware,7,4,Q027,exploitation,0.0001805057139905,0.0001874980916748,-2.535482220711616,4.194790909091391,6.0,1.0,0.0,True,True,0.0
6,imperfection_aware,7,5,Q002,suspicious_exploration,2.0498324098081638e-07,6.677038773340199e-08,3.4829290371262447,1.76622697204356,8.0,0.0,1.0,True,True,0.0
7,random,1,1,Q085,random,0.1107084858405719,0.2692707420817303,6.2769794872567655,5.030060029231759,8.0,0.0,1.0,True,False,0.0
7,random,1,2,Q060,random,0.3537017709008865,0.4286906748102655,11.754460323728262,1.793335655502608,5.0,0.0,0.0,False,False,43612.0
7,random,1,3,Q071,random,0.1240411011931539,0.0775202599025758,10.971172349407537,1.2609377437050526,4.0,0.0,1.0,False,False,60955.0
7,random,1,4,Q087,random,0.0387960800788288,0.0835551078863924,2.9683540787837557,5.35984821227393,10.0,1.0,0.0,True,False,0.0
7,random,1,5,Q080,random,0.0950976406035725,0.2470666010483286,5.165526471738807,5.543545962362993,10.0,0.0,1.0,True,False,0.0
7,random,2,1,Q052,random,0.1931622896991909,0.0836435758296517,11.7490230936464,0.7832807578440402,1.0,0.0,0.0,False,False,81273.0
7,random,2,2,Q058,random,0.2343312056749933,0.169456416823805,11.53129635418644,1.2368393217736096,7.0,0.0,1.0,True,False,60312.0
7,random,2,3,Q081,random,0.0107471183669038,0.0170448929984853,1.7501265515899789,4.644009889622358,6.0,1.0,0.0,True,False,0.0
7,random,2,4,Q089,random,0.0007458284593041,0.0007602020329233,0.4868141036713398,3.759330033787746,7.0,1.0,0.0,True,False,0.0
7,random,2,5,Q014,random,0.0520493689902141,0.0211097349408854,10.860256970701911,0.96432916268743,2.0,0.0,0.0,False,False,108381.0
7,random,3,1,Q001,random,4.335499398594335e-11,1.2787248975544118e-11,-0.5431659530046176,1.9990441934799552,10.0,0.0,1.0,True,False,4553.0
7,random,3,2,Q023,random,0.2377238568239999,0.1397199752924641,11.713360570920624,1.0008082413839927,2.0,0.0,0.0,False,False,130578.0
7,random,3,3,Q056,random,0.118527868980216,0.051406233751122,11.382515315539546,0.8838674500997457,3.0,0.0,1.0,False,False,94093.0
7,random,3,4,Q064,random,0.6610473174304603,0.9347576119558204,13.0336873262945,1.4593614073276162,8.0,0.0,0.800000011920929,True,False,45673.0
7,random,3,5,Q082,random,0.0017435051543101,0.0015994649206355,3.146997571291387,3.1769910032237823,7.0,1.0,0.0,True,False,0.0
7,random,4,1,Q076,random,0.0949040787107913,0.0811732435282832,10.03371775743508,1.8257779610485896,7.0,0.0,1.0,True,False,34391.0
7,random,4,2,Q095,random,0.141992515555949,0.4138217251996782,6.319519762932135,5.700954719978898,11.0,1.0,0.0,True,False,0.0
7,random,4,3,Q062,random,0.0010798205492935,0.0007901326980807,4.366064239955441,2.6281677348864543,3.0,0.0,1.0,False,False,0.0
7,random,4,4,Q069,random,0.1181210703504671,0.0536472524122959,11.330477712098492,0.9262694286787472,5.0,0.0,0.0,False,False,90845.0
7,random,4,5,Q028,random,0.1143262503856049,0.0405031068624227,11.5515997023446,0.7276574027251058,4.0,0.0,0.0,False,False,55318.0
7,random,5,1,Q063,random,0.0435112770657583,0.0147827625230949,11.005499255122905,0.83098646318477,2.0,0.0,0.0,False,False,38893.0
7,random,5,2,Q077,random,6.222438162533324e-05,4.12513268321248e-05,1.5308049750664772,2.8397780210415613,9.0,1.0,0.0,True,False,226.0
7,random,5,3,Q050,random,0.1798157086535515,0.1540278896858546,10.980518973318638,1.5796451319944491,2.0,0.0,0.0,False,False,6338.0
7,random,5,4,Q040,random,0.0653802337356387,0.0131525383802731,11.731984905417658,0.4603211772476761,2.0,0.0,0.0,False,False,114138.0
7,random,5,5,Q094,random,0.0223801403585787,0.0395135301497682,2.91351720559829,4.740675756156151,9.0,1.0,0.0,True,False,0.0
7,random,6,1,Q092,random,0.0045950627479159,0.0063381455463019,0.9717363540863396,4.397806945191135,5.0,1.0,0.0,True,False,0.0
7,random,6,2,Q015,random,6.284898447382238e-11,1.2391096100864706e-11,3.900696244300279,1.3256380348050594,2.0,0.0,1.0,False,False,48700.0
7,random,6,3,Q065,random,0.2309947928248886,0.1951589116303274,11.360007484665672,1.4513459117198473,4.0,0.0,0.0,False,False,38100.0
7,random,6,4,Q004,random,0.011839395912219,0.0182186815035994,2.341875269558672,4.458161840908525,7.0,1.0,0.0,True,False,0.0
7,random,6,5,Q048,random,1.3369538468188776e-05,2.5577820094075293e-06,8.718841494376559,0.8831179518443985,3.0,0.0,1.0,False,False,42637.0
7,random,7,1,Q010,random,1.5072189354428024e-09,3.4403388943762535e-10,3.975040633610008,1.4251915111746378,4.0,0.4000000059604645,0.6000000238418579,False,False,0.0
7,random,7,2,Q074,random,0.1770997352970221,0.1484336677031849,10.989850339194149,1.5518295536909283,3.0,0.0,0.800000011920929,False,False,34285.0
7,random,7,3,Q021,random,0.0151514938262141,0.0039483719372902,10.837619357937506,0.734017839687942,2.0,0.0,0.0,False,False,67531.0
7,random,7,4,Q084,random,0.0012675282360539,0.0013769241389827,0.7873390209703004,3.8555013531844,6.0,0.6000000238418579,0.4000000059604645,True,False,0.0
7,random,7,5,Q009,random,0.4115203039853386,0.6126321758433857,11.966370988420904,2.062324199322562,6.0,0.0,1.0,True,False,3295.0
7,gp_m52_pi,1,1,Q064,exploitation,0.5453744729952699,0.7666695387920099,12.61816567440376,1.6720427833244906,8.0,0.0,1.0,True,False,45673.0
7,gp_m52_pi,1,2,Q023,exploitation,0.4460393743281713,0.4141367820184449,12.259741611347664,1.2370738553579534,2.0,0.0,0.0,False,False,130578.0
7,gp_m52_pi,1,3,Q065,exploitation,0.4076905295194881,0.6596388686762832,11.901959811125998,2.25115130796855,7.0,0.0,1.0,True,False,38100.0
7,gp_m52_pi,1,4,Q060,exploitation,0.3537006645383308,0.4286928533175654,11.75444860303498,1.7933526646929894,5.0,0.0,0.0,False,False,43612.0
7,gp_m52_pi,1,5,Q028,exploitation,0.3150390221381891,0.2011617786537825,11.95156321724996,0.9883736358340424,7.0,0.0,0.0,False,False,55318.0
7,gp_m52_pi,2,1,Q056,exploitation,0.2041470160687633,0.1149149440088357,11.598499115887082,1.002638966989032,3.0,0.0,0.0,False,False,94093.0
7,gp_m52_pi,2,2,Q052,exploitation,0.2022824886384082,0.0944621625317786,11.732493914211258,0.8339413039267116,1.0,0.0,0.0,False,False,81273.0
7,gp_m52_pi,2,3,Q095,exploitation,0.1697287289724078,0.5570072918985988,6.558892382308829,6.143693675036815,11.0,1.0,0.0,True,False,0.0
7,gp_m52_pi,2,4,Q050,exploitation,0.1682193331219422,0.0949294782603089,11.409765019196875,1.0588727321292353,2.0,0.0,0.2000000029802322,False,False,6338.0
7,gp_m52_pi,2,5,Q058,exploitation,0.1575391471975153,0.1009812937030646,11.199165067450316,1.2227625546225274,7.0,0.0,1.0,True,False,60312.0
7,gp_m52_pi,3,1,Q076,exploitation,0.1423649098582473,0.1454858427314944,10.290440444000996,1.9977857422306915,6.0,0.0,1.0,True,False,34391.0
7,gp_m52_pi,3,2,Q074,exploitation,0.1297152273171274,0.1030969020061463,10.63719670342973,1.587588230908873,5.0,0.0,1.0,True,False,34285.0
7,gp_m52_pi,3,3,Q085,exploitation,0.1247227750465538,0.316841809693718,6.5316926228667915,5.119304343334657,8.0,0.0,1.0,True,False,0.0
7,gp_m52_pi,3,4,Q069,exploitation,0.1233049829080782,0.0799499786059398,10.909839182717622,1.3099531334724772,4.0,0.0,0.0,False,False,90845.0
7,gp_m52_pi,3,5,Q040,exploitation,0.1190354838519889,0.0387859325750643,11.644870484369395,0.6634138025932322,2.0,0.0,0.0,False,False,114138.0
7,gp_m52_pi,4,1,Q080,exploitation,0.0995908349342101,0.268053827368534,5.122347756880888,5.689936753333706,10.0,0.0,1.0,True,False,0.0
7,gp_m52_pi,4,2,Q084,exploitation,0.0660230817048592,0.1653202215936994,3.813011322453184,5.719854765935322,15.0,0.0,1.0,True,False,0.0
7,gp_m52_pi,4,3,Q014,exploitation,0.0638721678707812,0.0254888091324324,11.031166107168811,0.9168496369533468,2.0,0.0,0.0,False,False,108381.0
7,gp_m52_pi,4,4,Q063,exploitation,0.0517311320108935,0.019657500213894,10.954932306513786,0.904411115372686,2.0,0.0,0.0,False,False,38893.0
7,gp_m52_pi,4,5,Q094,exploitation,0.0496476992877124,0.1169835779328485,3.1225459825852395,5.645302684930473,9.0,1.0,0.0,True,False,0.0
7,gp_m52_pi,5,1,Q021,exploitation,0.0252942990797006,0.0060641965827409,11.189046590771005,0.6335364940870901,2.0,0.0,0.0,False,False,67531.0
7,gp_m52_pi,5,2,Q071,exploitation,0.0172297563409244,0.0045723386795877,10.870894890215558,0.7361423846531258,3.0,0.0,0.0,False,False,60955.0
7,gp_m52_pi,5,3,Q087,exploitation,0.0090678814298195,0.0149872371412974,0.7827758267235261,4.928320018039886,10.0,1.0,0.0,True,False,0.0
7,gp_m52_pi,5,4,Q004,exploitation,0.0061524959139586,0.0092833392939923,0.7138793860038657,4.679350743738002,7.0,1.0,0.0,True,False,0.0
7,gp_m52_pi,5,5,Q089,exploitation,0.0030188249841467,0.0041030928953307,0.074820532753165,4.498898995008272,7.0,1.0,0.0,True,False,0.0
7,gp_m52_pi,6,1,Q009,exploitation,0.0016513952679119,0.0008011955176868,7.470075295801437,1.6873429757123783,6.0,0.0,1.0,True,False,3295.0
7,gp_m52_pi,6,2,Q082,exploitation,0.0013684936431763,0.001180038829658,3.3120621264750767,3.0427353391601284,7.0,1.0,0.0,True,False,0.0
7,gp_m52_pi,6,3,Q048,exploitation,0.0012010483940664,0.0003321939400258,9.435797771108367,0.9856276274936772,3.0,0.0,1.0,False,False,42637.0
7,gp_m52_pi,6,4,Q081,exploitation,0.0004885491616875,0.0004461075612872,0.9999092528636622,3.4660404431745313,6.0,1.0,0.0,True,False,0.0
7,gp_m52_pi,6,5,Q092,exploitation,0.0004625728356356,0.0004488520543025,0.1835399234342176,3.696477703727536,5.0,1.0,0.0,True,False,0.0
7,gp_m52_pi,7,1,Q001,exploitation,9.873448351697418e-07,5.253006090401128e-07,-0.5607620424676627,2.7309398210439677,10.0,0.0,1.0,True,False,4553.0
7,gp_m52_pi,7,2,Q010,exploitation,2.4555332062012617e-14,4.059677577382757e-15,2.727709974558401,1.2874348648155032,4.0,0.800000011920929,0.2000000029802322,False,False,0.0
7,gp_m52_pi,7,3,Q015,exploitation,1.680989863405105e-11,2.8237980119155672e-12,4.727971117197414,1.1613680943677909,2.0,0.0,0.0,False,False,48700.0
7,gp_m52_pi,7,4,Q062,exploitation,0.0003708841546808,0.0001921314578455,5.673967028231025,2.001867548246393,3.0,0.0,1.0,False,False,0.0
7,gp_m52_pi,7,5,Q077,exploitation,7.910996415115363e-07,3.440455365549095e-07,1.6240916132553205,2.250462791040312,9.0,1.0,0.0,True,False,226.0
7,gp_m52_ei,1,1,Q064,exploitation,0.5453744729952699,0.7666695387920099,12.61816567440376,1.6720427833244906,8.0,0.0,1.0,True,False,45673.0
7,gp_m52_ei,1,2,Q065,exploitation,0.4076905295194881,0.6596388686762832,11.901959811125998,2.25115130796855,7.0,0.0,1.0,True,False,38100.0
7,gp_m52_ei,1,3,Q095,exploitation,0.1568131639544518,0.4870918537139379,6.4500645903552645,5.932182065876754,11.0,1.0,0.0,True,False,0.0
7,gp_m52_ei,1,4,Q060,exploitation,0.3537006645383308,0.4286928533175654,11.75444860303498,1.7933526646929894,5.0,0.0,0.0,False,False,43612.0
7,gp_m52_ei,1,5,Q023,exploitation,0.4460393743281713,0.4141367820184449,12.259741611347664,1.2370738553579534,2.0,0.0,0.0,False,False,130578.0
7,gp_m52_ei,2,1,Q085,exploitation,0.1210092935057195,0.303233082146455,6.4798909046740985,5.0836858284478765,8.0,0.0,1.0,True,False,0.0
7,gp_m52_ei,2,2,Q080,exploitation,0.104913503362256,0.2788581189022264,5.45609274514988,5.559217396405674,10.0,0.0,1.0,True,False,0.0
7,gp_m52_ei,2,3,Q084,exploitation,0.0738765399642544,0.1841461781022786,4.349297059831657,5.580799174941152,17.0,0.0,1.0,True,False,0.0
7,gp_m52_ei,2,4,Q052,exploitation,0.2338037284650378,0.1200487304605793,11.789238810486877,0.8788020910558467,1.0,0.0,0.0,False,False,81273.0
7,gp_m52_ei,2,5,Q056,exploitation,0.2041577541399299,0.1153034860602246,11.595790134042796,1.0059611293652198,3.0,0.0,0.0,False,False,94093.0
7,gp_m52_ei,3,1,Q074,exploitation,0.1128127859718426,0.0873218145533636,10.495676449572825,1.5943693784997175,5.0,0.0,1.0,True,False,34285.0
7,gp_m52_ei,3,2,Q028,exploitation,0.2037771049281103,0.08255521175696,11.829636053799454,0.72197638820878,4.0,0.0,0.0,False,False,55318.0
7,gp_m52_ei,3,3,Q094,exploitation,0.0331239259297445,0.0681311567383393,2.807043689007875,5.237824427393694,9.0,1.0,0.0,True,False,0.0
7,gp_m52_ei,3,4,Q058,exploitation,0.1156562985715864,0.0606116479833418,11.142358763937342,1.0737164980127878,7.0,0.0,1.0,True,False,60312.0
7,gp_m52_ei,3,5,Q050,exploitation,0.1278432976977889,0.0572524318723143,11.407462224077594,0.8974818656605603,2.0,0.0,1.0,False,False,6338.0
7,gp_m52_ei,4,1,Q069,exploitation,0.0882715760958609,0.0527925927582719,10.677447254124004,1.2949797976421609,4.0,0.0,0.0,False,False,90845.0
7,gp_m52_ei,4,2,Q040,exploitation,0.1258668633733599,0.0442394309043622,11.6174265020087,0.7068493209950105,2.0,0.0,0.0,False,False,114138.0
7,gp_m52_ei,4,3,Q063,exploitation,0.0901908905071157,0.0427420053905083,11.058744763711276,1.0218393351190638,2.0,0.0,0.0,False,False,38893.0
7,gp_m52_ei,4,4,Q014,exploitation,0.0661872786274622,0.0306824765295736,10.83477972753539,1.058477634090429,2.0,0.0,0.0,False,False,108381.0
7,gp_m52_ei,4,5,Q071,exploitation,0.0425951435985817,0.0202678260766387,10.41771145026948,1.1676232878496386,3.0,0.0,0.0,False,False,60955.0
7,gp_m52_ei,5,1,Q087,exploitation,0.0091270636231001,0.0151172898279556,0.7777773623593554,4.935473597067011,10.0,1.0,0.0,True,False,0.0
7,gp_m52_ei,5,2,Q004,exploitation,0.0072485496767924,0.0112032756230426,0.8982874892000456,4.716027953945861,7.0,1.0,0.0,True,False,0.0
7,gp_m52_ei,5,3,Q076,exploitation,0.0203917250101991,0.0089483237229497,9.988499496037477,1.1922821773611871,4.0,0.0,1.0,False,False,34391.0
7,gp_m52_ei,5,4,Q021,exploitation,0.0190289113461988,0.0042740221251631,11.150806484477725,0.6155409010167324,2.0,0.0,0.0,False,False,67531.0
7,gp_m52_ei,5,5,Q089,exploitation,0.002955968618033,0.0040104725057133,0.0435923905618667,4.498972216076841,7.0,1.0,0.0,True,False,0.0
7,gp_m52_ei,6,1,Q082,exploitation,0.0013686367478828,0.0011801826074266,3.3120742454761807,3.0427636808466536,7.0,1.0,0.0,True,False,0.0
7,gp_m52_ei,6,2,Q009,exploitation,0.001651500113887,0.0008012578767668,7.470062024451476,1.6873587966395025,6.0,0.0,1.0,True,False,3295.0
7,gp_m52_ei,6,3,Q092,exploitation,0.0004626421134872,0.0004489282131453,0.183571395893459,3.6965149521510927,5.0,1.0,0.0,True,False,0.0
7,gp_m52_ei,6,4,Q081,exploitation,0.0004885999473003,0.0004461608446525,0.9999119656373444,3.4660703116723663,6.0,1.0,0.0,True,False,0.0
7,gp_m52_ei,6,5,Q048,exploitation,0.0012012239507021,0.0003322516612085,9.435791329568346,0.985644062020033,3.0,0.0,1.0,False,False,42637.0
7,gp_m52_ei,7,1,Q001,exploitation,9.873448351697418e-07,5.253006090401128e-07,-0.5607620424676627,2.7309398210439677,10.0,0.0,1.0,True,False,4553.0
7,gp_m52_ei,7,2,Q010,exploitation,2.4555332062012617e-14,4.059677577382757e-15,2.727709974558401,1.2874348648155032,4.0,0.800000011920929,0.2000000029802322,False,False,0.0
7,gp_m52_ei,7,3,Q015,exploitation,1.680989863405105e-11,2.8237980119155672e-12,4.727971117197414,1.1613680943677909,2.0,0.0,0.0,False,False,48700.0
7,gp_m52_ei,7,4,Q062,exploitation,0.0003708841546808,0.0001921314578455,5.673967028231025,2.001867548246393,3.0,0.0,1.0,False,False,0.0
7,gp_m52_ei,7,5,Q077,exploitation,7.910996415115363e-07,3.440455365549095e-07,1.6240916132553205,2.250462791040312,9.0,1.0,0.0,True,False,226.0
7,pi_random_exploration,1,1,Q064,exploitation,0.5453780826737593,0.7666857569640851,12.61818286919002,1.672060041782449,8.0,0.0,1.0,True,False,45673.0
7,pi_random_exploration,1,2,Q023,exploitation,0.4460370316768743,0.4141279161305344,12.259736547830103,1.237057140003449,2.0,0.0,0.0,False,False,130578.0
7,pi_random_exploration,1,3,Q065,exploitation,0.4076955817905957,0.6596486734506335,11.901990812371515,2.2511440073294997,7.0,0.0,1.0,True,False,38100.0
7,pi_random_exploration,1,4,Q060,exploitation,0.3537000160737269,0.4286879024305918,11.754451512073484,1.7933365815499738,5.0,0.0,0.0,False,False,43612.0
7,pi_random_exploration,1,5,Q074,random_exploration,0.2707243399992152,0.3224967604378115,11.239701101022137,1.945354433628064,5.0,0.0,1.0,True,False,34285.0
7,pi_random_exploration,2,1,Q052,exploitation,0.2486723573796189,0.1301628660801718,11.831148886777871,0.878819957909212,1.0,0.0,0.0,False,False,81273.0
7,pi_random_exploration,2,2,Q056,exploitation,0.2347673756666879,0.1370060071714923,11.706107989501522,0.9975616922169516,3.0,0.0,0.0,False,False,94093.0
7,pi_random_exploration,2,3,Q028,exploitation,0.2288711435757361,0.1067713830135599,11.830819676617176,0.8036432871563883,4.0,0.0,0.0,False,False,55318.0
7,pi_random_exploration,2,4,Q095,exploitation,0.17083927870528,0.5658523511048719,6.541525970982347,6.190283205923521,11.0,1.0,0.0,True,False,0.0
7,pi_random_exploration,2,5,Q085,random_exploration,0.113962881379285,0.2791526144773287,6.357340796105907,5.034538518280491,8.0,0.0,1.0,True,False,0.0
7,pi_random_exploration,3,1,Q058,exploitation,0.1469351204044192,0.0901001647731074,11.17871039570104,1.1897752181022434,7.0,0.0,1.0,True,False,60312.0
7,pi_random_exploration,3,2,Q050,exploitation,0.1225977548006643,0.0555610549630878,11.362206477801946,0.916767734130075,2.0,0.0,0.800000011920929,False,False,6338.0
7,pi_random_exploration,3,3,Q069,exploitation,0.1214819088519122,0.0683460022952957,11.096060767201449,1.1403800589822466,4.0,0.0,0.0,False,False,90845.0
7,pi_random_exploration,3,4,Q080,exploitation,0.1085250892712655,0.2975901139945501,5.3978398465274005,5.694818685634142,10.0,0.0,1.0,True,False,0.0
7,pi_random_exploration,3,5,Q077,random_exploration,2.02369870489732e-06,9.000125826109293e-07,2.1875875425332687,2.2217706575263056,10.0,1.0,0.0,True,False,226.0
7,pi_random_exploration,4,1,Q040,exploitation,0.1009874095229939,0.0287709523815309,11.661293903739802,0.6005639899818677,2.0,0.0,0.0,False,False,114138.0
7,pi_random_exploration,4,2,Q063,exploitation,0.0722685348031093,0.0311707051512667,11.012907374732553,0.9695507998519594,2.0,0.0,0.0,False,False,38893.0
7,pi_random_exploration,4,3,Q014,exploitation,0.0697927717977997,0.0306441020214687,10.960320589845564,0.9931796124297116,2.0,0.0,0.0,False,False,108381.0
7,pi_random_exploration,4,4,Q071,exploitation,0.0477808799955054,0.0176681543239911,10.941928224557817,0.8913405970134872,3.0,0.0,0.0,False,False,60955.0
7,pi_random_exploration,4,5,Q004,random_exploration,0.0058922276168576,0.0089738796764781,0.4820894982469346,4.74303381792079,7.0,1.0,0.0,True,False,0.0
7,pi_random_exploration,5,1,Q094,exploitation,0.0511364309396749,0.1206024318526815,3.2387336377129943,5.623759102753244,9.0,1.0,0.0,True,False,0.0
7,pi_random_exploration,5,2,Q087,exploitation,0.0232951461660825,0.0465753085243745,1.7995088444911485,5.340723989920637,10.0,1.0,0.0,True,False,0.0
7,pi_random_exploration,5,3,Q076,exploitation,0.0199822607258441,0.0088222576497167,9.957248988384148,1.202625591691319,4.0,0.0,0.2000000029802322,False,False,34391.0
7,pi_random_exploration,5,4,Q089,exploitation,0.017950610910749,0.0338307829770751,1.5134091681110853,5.202068891908913,7.0,1.0,0.0,True,False,0.0
7,pi_random_exploration,5,5,Q048,random_exploration,0.0023760174196775,0.0007157568110878,9.55487529055504,1.0174706971905534,3.0,0.0,0.0,False,False,42637.0
7,pi_random_exploration,6,1,Q021,exploitation,0.0170270769584467,0.0035622213253474,11.195832336992323,0.5811697014165345,2.0,0.0,0.0,False,False,67531.0
7,pi_random_exploration,6,2,Q081,exploitation,0.0092682323203231,0.0141209994841616,1.7544506966775204,4.532645770404173,6.0,1.0,0.0,True,False,0.0
7,pi_random_exploration,6,3,Q082,exploitation,0.0065489969584031,0.0069938059638844,4.260728229704069,3.291634069986009,7.0,1.0,0.0,True,False,0.0
7,pi_random_exploration,6,4,Q084,exploitation,0.0043028979034807,0.0059478614033987,0.7782234245144002,4.4339156398294355,7.0,1.0,0.0,True,False,0.0
7,pi_random_exploration,6,5,Q092,random_exploration,0.000514824824912,0.0005080662112306,0.1748620409725809,3.732970361076604,5.0,1.0,0.0,True,False,0.0
7,pi_random_exploration,7,1,Q009,exploitation,0.000755516275592,0.00034857355414,7.033859941800554,1.7001182337493117,6.0,0.0,1.0,True,False,3295.0
7,pi_random_exploration,7,2,Q062,exploitation,0.0004324697932482,0.000229427296635,5.665881529402886,2.029851031963866,3.0,0.0,1.0,False,False,0.0
7,pi_random_exploration,7,3,Q001,exploitation,8.406146833420996e-06,5.334925357609833e-06,-0.4419276967450187,2.990476749353242,10.0,0.0,1.0,True,False,4553.0
7,pi_random_exploration,7,4,Q010,exploitation,1.583952996719235e-12,3.037258091445984e-13,2.749251213397926,1.3885562181584756,4.0,0.2000000029802322,0.800000011920929,False,False,0.0
7,pi_random_exploration,7,5,Q015,random_exploration,2.850939273039941e-11,5.069771486250283e-12,4.4610416818210705,1.2160146574933846,2.0,0.0,0.0,False,False,48700.0
7,pi_uncertainty,1,1,Q064,exploitation,0.5453744729952699,0.7666695387920099,12.61816567440376,1.6720427833244906,8.0,0.0,1.0,True,False,45673.0
7,pi_uncertainty,1,2,Q023,exploitation,0.4460393743281713,0.4141367820184449,12.259741611347664,1.2370738553579534,2.0,0.0,0.0,False,False,130578.0
7,pi_uncertainty,1,3,Q065,exploitation,0.4076905295194881,0.6596388686762832,11.901959811125998,2.25115130796855,7.0,0.0,1.0,True,False,38100.0
7,pi_uncertainty,1,4,Q060,exploitation,0.3537006645383308,0.4286928533175654,11.75444860303498,1.7933526646929894,5.0,0.0,0.0,False,False,43612.0
7,pi_uncertainty,1,5,Q095,uncertainty_exploration,0.1568131639544518,0.4870918537139379,6.4500645903552645,5.932182065876754,11.0,1.0,0.0,True,False,0.0
7,pi_uncertainty,2,1,Q052,exploitation,0.2337977008029111,0.1200443482175588,11.789223335611297,0.8787995971754321,1.0,0.0,0.0,False,False,81273.0
7,pi_uncertainty,2,2,Q028,exploitation,0.2326770380140769,0.1087933740682068,11.84247737191795,0.8014466442748149,4.0,0.0,0.0,False,False,55318.0
7,pi_uncertainty,2,3,Q056,exploitation,0.2041459072152202,0.1152948164506589,11.595748701827237,1.005960384383246,3.0,0.0,0.0,False,False,94093.0
7,pi_uncertainty,2,4,Q050,exploitation,0.1561108133324634,0.0837860790656246,11.390593540396813,1.02613953079817,2.0,0.0,0.6000000238418579,False,False,6338.0
7,pi_uncertainty,2,5,Q084,uncertainty_exploration,0.0738764959697426,0.1841459556035291,4.349299379649523,5.58079636018723,17.0,0.0,1.0,True,False,0.0
7,pi_uncertainty,3,1,Q076,exploitation,0.1440597497279964,0.1427084043951179,10.376185099544369,1.931168885578117,6.0,0.0,1.0,True,False,34391.0
7,pi_uncertainty,3,2,Q074,exploitation,0.1317327131971436,0.1047836546438966,10.65709349501698,1.583283274987494,5.0,0.0,1.0,True,False,34285.0
7,pi_uncertainty,3,3,Q040,exploitation,0.1175529972825266,0.0403088294844043,11.596386149108524,0.7000663142007031,2.0,0.0,0.0,False,False,114138.0
7,pi_uncertainty,3,4,Q085,exploitation,0.1171842936745285,0.2938997833995839,6.334362922450562,5.123879072950553,8.0,0.0,1.0,True,False,0.0
7,pi_uncertainty,3,5,Q094,uncertainty_exploration,0.02797607406317,0.0556277577408952,2.51913982353798,5.1838435769163285,9.0,1.0,0.0,True,False,0.0
7,pi_uncertainty,4,1,Q069,exploitation,0.0970126164239074,0.0485849677499161,11.045250568767884,1.06434358258635,4.0,0.0,0.0,False,False,90845.0
7,pi_uncertainty,4,2,Q014,exploitation,0.0627442216948355,0.0271835082321047,10.897810488802625,0.9984547850833162,2.0,0.0,0.0,False,False,108381.0
7,pi_uncertainty,4,3,Q063,exploitation,0.045801802103216,0.0171555857360249,10.89427575094218,0.9088952035548652,2.0,0.0,0.0,False,False,38893.0
7,pi_uncertainty,4,4,Q071,exploitation,0.0456647213906927,0.0196712450595574,10.661840068348427,1.0457908605531554,3.0,0.0,0.0,False,False,60955.0
7,pi_uncertainty,4,5,Q087,uncertainty_exploration,0.012435114410194,0.0218345732093942,1.0776931960200828,5.0592067879547065,10.0,1.0,0.0,True,False,0.0
7,pi_uncertainty,5,1,Q021,exploitation,0.0247921355922718,0.0059656604009552,11.17572370827012,0.6375533509490356,2.0,0.0,0.0,False,False,67531.0
7,pi_uncertainty,5,2,Q080,exploitation,0.0209608900678116,0.0355017037332314,3.098519321120846,4.58589229444564,7.0,0.0,1.0,True,False,0.0
7,pi_uncertainty,5,3,Q058,exploitation,0.0116875105003286,0.0057852665437881,9.171530614785734,1.4361237774881352,7.0,0.0,0.6000000238418579,True,False,60312.0
7,pi_uncertainty,5,4,Q004,exploitation,0.0066230194867357,0.0100711347406203,0.8303582103345644,4.681802616204995,7.0,1.0,0.0,True,False,0.0
7,pi_uncertainty,5,5,Q092,uncertainty_exploration,0.0009331414272599,0.0010241683633682,0.0337968021915546,3.98420999540993,5.0,1.0,0.0,True,False,0.0
7,pi_uncertainty,6,1,Q082,exploitation,0.0016850776552314,0.0015042681927435,3.3396078530812723,3.099804459377528,7.0,1.0,0.0,True,False,0.0
7,pi_uncertainty,6,2,Q009,exploitation,0.0013423248756288,0.0006412685895922,7.360018087849505,1.688223472182834,6.0,0.0,1.0,True,False,3295.0
7,pi_uncertainty,6,3,Q048,exploitation,0.0013449308698254,0.0003709943920333,9.502520396787334,0.9746553824907211,3.0,0.0,1.0,False,False,42637.0
7,pi_uncertainty,6,4,Q081,exploitation,0.0005703269905692,0.000531578838667,1.0359418751483591,3.5015438581489216,6.0,1.0,0.0,True,False,0.0
7,pi_uncertainty,6,5,Q089,uncertainty_exploration,2.820340169094711e-05,2.0182188412841363e-05,-0.4189689924389528,3.1898196389623408,7.0,1.0,0.0,True,False,0.0
7,pi_uncertainty,7,1,Q062,exploitation,0.0003708841546808,0.0001921314578455,5.673967028231025,2.001867548246393,3.0,0.0,1.0,False,False,0.0
7,pi_uncertainty,7,2,Q001,exploitation,9.873448351697418e-07,5.253006090401128e-07,-0.5607620424676627,2.7309398210439677,10.0,0.0,1.0,True,False,4553.0
7,pi_uncertainty,7,3,Q077,exploitation,7.910996415115363e-07,3.440455365549095e-07,1.6240916132553205,2.250462791040312,9.0,1.0,0.0,True,False,226.0
7,pi_uncertainty,7,4,Q010,exploitation,2.4555332062012617e-14,4.059677577382757e-15,2.727709974558401,1.2874348648155032,4.0,0.800000011920929,0.2000000029802322,False,False,0.0
7,pi_uncertainty,7,5,Q015,uncertainty_exploration,1.680989863405105e-11,2.8237980119155672e-12,4.727971117197414,1.1613680943677909,2.0,0.0,0.0,False,False,48700.0
7,imperfection_aware,1,1,Q023,exploitation,0.4460346163538764,0.414122766050684,12.259729709926384,1.2370518270776645,2.0,0.0,0.0,False,False,130578.0
7,imperfection_aware,1,2,Q060,exploitation,0.3537019749096948,0.4286894019876996,11.75446385276118,1.793328874972524,5.0,0.0,0.0,False,False,43612.0
7,imperfection_aware,1,3,Q028,exploitation,0.3150346695181231,0.2011570377494819,11.95155329874098,0.9883690864041008,7.0,0.0,0.0,False,False,55318.0
7,imperfection_aware,1,4,Q063,exploitation,0.2785883193386601,0.2329766600426975,11.633602829963596,1.3525100953852325,7.0,0.0,0.0,False,False,38893.0
7,imperfection_aware,1,5,Q064,suspicious_exploration,0.5453814549393482,0.7666939178507597,12.618197195288843,1.6720609190746,8.0,0.0,1.0,True,False,45673.0
7,imperfection_aware,2,1,Q056,exploitation,0.189516641510387,0.1051389522885386,11.540202540639406,1.0087524282566798,3.0,0.0,0.4000000059604645,False,False,94093.0
7,imperfection_aware,2,2,Q050,exploitation,0.1747731270060268,0.103100109646403,11.402291951129952,1.096014906997855,2.0,0.0,0.800000011920929,False,False,6338.0
7,imperfection_aware,2,3,Q052,exploitation,0.1404211344451655,0.0536829879317232,11.618981483260624,0.7497935846800601,1.0,0.0,0.0,False,False,81273.0
7,imperfection_aware,2,4,Q040,exploitation,0.0914000289237919,0.0236903768042176,11.6849970226921,0.5574187167145066,2.0,0.0,0.0,False,False,114138.0
7,imperfection_aware,2,5,Q065,suspicious_exploration,0.3026577826469682,0.3374201251940269,11.522572049941587,1.7512738923138191,6.0,0.0,0.2000000029802322,True,False,38100.0
7,imperfection_aware,3,1,Q069,exploitation,0.1338620133901215,0.0772510262242723,11.159124301952792,1.1444866895714092,4.0,0.0,0.0,False,False,90845.0
7,imperfection_aware,3,2,Q014,exploitation,0.0683229014274263,0.0288599970487455,11.00005338456548,0.9591028723661912,2.0,0.0,0.0,False,False,108381.0
7,imperfection_aware,3,3,Q071,exploitation,0.0530834659274931,0.0245125012256317,10.659315443421052,1.0944510045829456,4.0,0.0,0.2000000029802322,False,False,60955.0
7,imperfection_aware,3,4,Q021,exploitation,0.0347738114386212,0.0111464853363873,10.95645489808464,0.8106065750057828,2.0,0.0,0.0,False,False,67531.0
7,imperfection_aware,3,5,Q095,suspicious_exploration,0.1847363597214503,0.6314332870602222,6.811214607019654,6.258058189007155,11.0,1.0,0.0,True,False,0.0
7,imperfection_aware,4,1,Q076,exploitation,0.1559061990662884,0.1500895008015587,10.565368391431209,1.8411744080229209,4.0,0.0,1.0,False,False,34391.0
7,imperfection_aware,4,2,Q074,exploitation,0.0968649199836103,0.0699630460683513,10.432037443084836,1.5354773304530995,3.0,0.0,1.0,False,False,34285.0
7,imperfection_aware,4,3,Q058,exploitation,0.0147414621716138,0.007679478743739,9.222935187424495,1.472068019716828,7.0,0.0,0.0,False,False,60312.0
7,imperfection_aware,4,4,Q048,exploitation,0.0052112878870204,0.0016640165791278,9.85030988305115,1.0061628067271888,3.0,0.0,0.0,False,False,42637.0
7,imperfection_aware,4,5,Q085,suspicious_exploration,0.1425379104403915,0.3825146197168085,6.821023285290869,5.244741890362262,8.0,0.0,1.0,True,False,0.0
7,imperfection_aware,5,1,Q062,exploitation,0.0018175139859872,0.0011686038084136,5.973244252533096,2.219349337708445,3.0,0.0,1.0,False,True,0.0
7,imperfection_aware,5,2,Q010,exploitation,2.434979169873677e-11,5.291851606253858e-12,2.6243342105984304,1.4910202443714071,4.0,0.2000000029802322,0.800000011920929,False,True,0.0
7,imperfection_aware,5,3,Q015,exploitation,9.902567083059073e-11,1.9152502456842068e-11,4.235069606892337,1.2875548549598363,2.0,0.0,0.0,False,True,48700.0
7,imperfection_aware,5,4,Q080,exploitation,0.1154728978579613,0.3283360908332364,5.446540707194908,5.827605039538679,10.0,0.0,1.0,True,True,0.0
7,imperfection_aware,5,5,Q084,suspicious_exploration,0.0764658377264337,0.2035985541922743,3.96083062779506,5.923900912216396,15.0,0.0,1.0,True,True,0.0
7,imperfection_aware,6,1,Q009,exploitation,0.3404517532388336,0.444688175557133,11.620539184605814,1.9625040720357376,6.0,0.0,1.0,True,True,3295.0
7,imperfection_aware,6,2,Q094,exploitation,0.0693856526328518,0.1776578954431648,3.8447013126762384,5.797746052650467,9.0,1.0,0.0,True,True,0.0
7,imperfection_aware,6,3,Q092,exploitation,0.0476240819764456,0.1121082141845034,2.9558886729884097,5.677313727234801,5.0,1.0,0.0,True,True,0.0
7,imperfection_aware,6,4,Q004,exploitation,0.0400042384133989,0.0807043139125541,3.678426893659658,4.997697654460319,7.0,1.0,0.0,True,True,0.0
7,imperfection_aware,6,5,Q087,suspicious_exploration,0.0218462771085257,0.042742094990335,1.798614873018697,5.2696164934402265,10.0,1.0,0.0,True,True,0.0
7,imperfection_aware,7,1,Q082,exploitation,0.0065255297733293,0.007570584839215,3.547698962887868,3.577174721618902,7.0,1.0,0.0,True,True,0.0
7,imperfection_aware,7,2,Q081,exploitation,0.001397855537069,0.0015555489440993,0.7081501881665684,3.9203934371925526,6.0,1.0,0.0,True,True,0.0
7,imperfection_aware,7,3,Q089,exploitation,0.0006104983922076,0.0006458637673473,-0.3662604154012614,3.9561289088172047,7.0,1.0,0.0,True,True,0.0
7,imperfection_aware,7,4,Q077,exploitation,8.647959742519839e-05,5.654809892125575e-05,2.0909330835136943,2.7523637263504517,9.0,1.0,0.0,True,True,226.0
7,imperfection_aware,7,5,Q001,suspicious_exploration,9.194748800090767e-06,5.450327898697747e-06,0.5096450839088709,2.78222546873028,10.0,0.0,1.0,True,True,4553.0
8,random,1,1,Q008,random,0.0003278855236024,0.0003395971476481,-1.3171150638226958,4.033739618442024,5.0,0.0,1.0,True,False,0.0
8,random,1,2,Q039,random,4.984361855930364e-06,1.2283315695106298e-06,7.182131998659199,1.1873304731561527,1.0,0.0,0.0,False,False,28530.0
8,random,1,3,Q032,random,3.45281811659091e-05,2.6323213825782464e-05,-0.9629705894699416,3.364871226163367,4.0,0.0,1.0,False,False,0.0
8,random,1,4,Q086,random,0.0069143819248099,0.0095180833159828,2.038845748995602,4.22017938981261,8.0,0.0,1.0,True,False,200.0
8,random,1,5,Q054,random,0.2030865968178807,0.1437335091501289,11.378899779360166,1.2624872565557104,2.0,0.0,0.0,False,False,100890.0
8,random,2,1,Q075,random,2.5952213979795337e-05,1.8223221018465077e-05,-0.2902560692949949,3.142626194889555,6.0,0.0,1.0,True,False,0.0
8,random,2,2,Q040,random,0.0273559863025058,0.0065264684581345,11.22903265446731,0.6238680055797635,2.0,0.0,0.0,False,False,114138.0
8,random,2,3,Q078,random,0.0909330004268251,0.1186810135014101,8.67660494595079,2.8096531886269127,8.0,0.0,0.0,False,False,51868.0
8,random,2,4,Q026,random,0.137068293247849,0.043026307230663,11.750502773890029,0.6191355642646795,1.0,0.0,0.0,False,False,99186.0
8,random,2,5,Q089,random,0.0359365956603887,0.0701543517743237,3.584019936247642,4.913306339602875,8.0,1.0,0.0,True,False,0.0
8,random,3,1,Q020,random,8.627676314691898e-05,7.743392672794803e-06,11.008405677208469,0.3778279633362909,2.0,0.0,0.0,False,False,101000.0
8,random,3,2,Q077,random,0.0044089010028923,0.004704944911076,3.482468272988544,3.4154186067182373,9.0,1.0,0.0,True,False,226.0
8,random,3,3,Q088,random,0.0248288042389649,0.0488795632199557,2.190942498108626,5.215054209945691,14.0,0.0,1.0,True,False,0.0
8,random,3,4,Q014,random,0.003920535383915,0.0007951809697056,10.683111247353535,0.6561022771450263,2.0,0.0,0.0,False,False,108381.0
8,random,3,5,Q036,random,3.762242979665296e-10,1.552732276582386e-10,-3.9756497747869215,2.66517808369731,2.0,1.0,0.0,False,False,0.0
8,random,4,1,Q041,random,5.407178585477902e-07,5.99616025614362e-08,9.591099801948433,0.5816978887373977,2.0,0.0,0.0,False,False,155410.0
8,random,4,2,Q053,random,1.6835771348074813e-05,1.4260111401388767e-06,10.82311986675778,0.3868875920842916,1.0,0.0,0.0,False,False,110908.0
8,random,4,3,Q094,random,0.0286227808884069,0.0500186087870969,3.791952450721786,4.5416465831165125,13.0,0.2000000029802322,0.800000011920929,True,False,0.0
8,random,4,4,Q048,random,4.691239796243122e-12,2.4928431120582665e-13,9.85885723308985,0.3768849074342253,2.0,0.0,0.0,False,False,42637.0
8,random,4,5,Q025,random,0.0002288869054838,3.164426733005257e-05,10.498490548273145,0.5504890717735064,1.0,0.0,0.0,False,False,51808.0
8,random,5,1,Q056,random,0.2195831582378892,0.1128978406649789,11.73387988540567,0.8967157205199534,3.0,0.0,0.0,False,False,94093.0
8,random,5,2,Q059,random,0.0454894618531885,0.0135492665985563,11.2046228775877,0.7235339750554765,1.0,0.0,0.0,False,False,128632.0
8,random,5,3,Q090,random,0.0067714436005832,0.0090900313204975,2.24468329317431,4.124025219286225,10.0,0.0,1.0,True,False,0.0
8,random,5,4,Q029,random,0.1134364321294718,0.0425744770413607,11.49445728763175,0.772163318213754,2.0,0.0,0.0,False,False,119441.0
8,random,5,5,Q023,random,0.3411086322868705,0.2311183479810426,12.011084935792296,1.017234488455791,1.0,0.0,0.0,False,False,130578.0
8,random,6,1,Q010,random,0.000507145811749,0.0003271530200412,4.400021786108101,2.4425620666997916,4.0,0.6000000238418579,0.0,False,False,0.0
8,random,6,2,Q095,random,0.1639923001717357,0.4880437819215243,6.9298583334579815,5.620350456074217,11.0,1.0,0.0,True,False,0.0
8,random,6,3,Q011,random,0.0622820133101477,0.1383109918547682,4.557039236843476,5.124399306880263,7.0,1.0,0.0,True,False,0.0
8,random,6,4,Q019,random,0.1316111049199418,0.037283146978251,11.796586095522391,0.5639885236187474,2.0,0.0,0.0,False,False,84493.0
8,random,6,5,Q015,random,3.3755744527956173e-13,5.38741297307461e-14,3.8870035928220834,1.1887697898531604,2.0,0.0,0.0,False,False,48700.0
8,random,7,1,Q006,random,1.9625775819847076e-10,4.7792550619504385e-11,2.438765923379651,1.5964286805887902,4.0,0.0,1.0,False,False,2244.0
8,random,7,2,Q030,random,0.1429906635708375,0.0694042537787152,11.416199562264188,0.947892340914516,1.0,0.0,0.0,False,False,95814.0
8,random,7,3,Q073,random,0.099028519257347,0.0879369836649461,10.00861389330574,1.8793830686102069,3.0,0.0,0.0,False,False,31696.0
8,random,7,4,Q007,random,0.0093068655247935,0.0082182952494377,6.2484771596215065,2.6258549563834035,6.0,0.0,1.0,True,False,0.0
8,random,7,5,Q012,random,0.0813901739607819,0.0405820228824025,10.897092162546416,1.096510283290304,5.0,0.0,0.800000011920929,True,False,1147.0
8,gp_m52_pi,1,1,Q023,exploitation,0.5228574577498527,0.5241582252341395,12.497744011648775,1.223922684114464,1.0,0.0,0.0,False,False,130578.0
8,gp_m52_pi,1,2,Q029,exploitation,0.223064650416841,0.1369239130348748,11.615718797556298,1.0655980146077222,2.0,0.0,0.0,False,False,119441.0
8,gp_m52_pi,1,3,Q030,exploitation,0.2205349509872574,0.1350436971473619,11.605868137266654,1.0666221020423514,2.0,0.0,0.0,False,False,95814.0
8,gp_m52_pi,1,4,Q026,exploitation,0.2118390899603,0.1259651403366095,11.589118716907253,1.0480038122714632,1.0,0.0,0.0,False,False,99186.0
8,gp_m52_pi,1,5,Q054,exploitation,0.2030865968178807,0.1437335091501289,11.378899779360166,1.2624872565557104,2.0,0.0,0.0,False,False,100890.0
8,gp_m52_pi,2,1,Q073,exploitation,0.2064057931046562,0.1437415923414082,11.414892610592783,1.2365600895175055,3.0,0.0,0.0,False,False,31696.0
8,gp_m52_pi,2,2,Q095,exploitation,0.1943693326251,0.7053471567696121,6.77952982310006,6.552969832847632,20.0,1.0,0.0,True,False,0.0
8,gp_m52_pi,2,3,Q012,exploitation,0.0881617142920196,0.0848671078679662,9.608522802970866,2.0848519025117818,5.0,0.0,0.0,False,False,1147.0
8,gp_m52_pi,2,4,Q090,exploitation,0.0796826274474103,0.2176672611001703,3.940322554802872,6.031268118884754,10.0,0.0,1.0,True,False,0.0
8,gp_m52_pi,2,5,Q094,exploitation,0.0751188728097199,0.1993096445807298,3.9070774872041616,5.922394785134043,20.0,0.0,1.0,True,False,0.0
8,gp_m52_pi,3,1,Q078,exploitation,0.0659833940542446,0.0991432555621431,7.25667252245129,3.4326464296649752,8.0,0.0,0.0,False,False,51868.0
8,gp_m52_pi,3,2,Q025,exploitation,0.0289744636730716,0.0066904883152736,11.29161055106783,0.5991138409015747,1.0,0.0,0.0,False,False,51808.0
8,gp_m52_pi,3,3,Q077,exploitation,0.0129238372698883,0.0174816337923827,3.779853941953181,3.880527249195531,9.0,0.0,1.0,True,False,226.0
8,gp_m52_pi,3,4,Q011,exploitation,0.0108803793953246,0.0175548072279293,1.6020026338078708,4.71801826830186,7.0,1.0,0.0,True,False,0.0
8,gp_m52_pi,3,5,Q088,exploitation,0.0100726209432562,0.0175773749107445,0.4708308702224499,5.145716463119264,17.0,0.0,1.0,True,False,0.0
8,gp_m52_pi,4,1,Q007,exploitation,0.0066179621546503,0.0040629587429882,7.74451410484914,1.8903475263888647,6.0,0.0,1.0,True,False,0.0
8,gp_m52_pi,4,2,Q086,exploitation,0.0052195842334813,0.0069966317934934,1.6122064327796597,4.223217524141262,8.0,1.0,0.0,True,False,200.0
8,gp_m52_pi,4,3,Q019,exploitation,0.0038059417850161,0.0006333725552417,10.987050861537275,0.5397633957167536,2.0,0.0,0.0,False,False,84493.0
8,gp_m52_pi,4,4,Q056,exploitation,0.0021469193046088,0.0003876975426437,10.671215618404606,0.6150325334312111,3.0,0.0,0.0,False,False,94093.0
8,gp_m52_pi,4,5,Q008,exploitation,0.0011213105047514,0.0011814403358082,0.8944764554365516,3.7738404216069346,5.0,0.0,1.0,True,False,0.0
8,gp_m52_pi,5,1,Q053,exploitation,0.004839559193559,0.0006442022103879,11.334878494442806,0.422367830422529,1.0,0.0,0.0,False,False,110908.0
8,gp_m52_pi,5,2,Q089,exploitation,0.0039766647821192,0.0052729577032963,1.058149961837441,4.283812891951344,8.0,1.0,0.0,True,False,0.0
8,gp_m52_pi,5,3,Q059,exploitation,0.003540925802176,0.0005571131074387,11.044488476162574,0.5135935375308579,1.0,0.0,0.0,False,False,128632.0
8,gp_m52_pi,5,4,Q040,exploitation,0.002028133827118,0.0002700861770408,11.118157753989133,0.4556492036518606,2.0,0.0,0.0,False,False,114138.0
8,gp_m52_pi,5,5,Q041,exploitation,0.0001181038169019,1.7469913675103015e-05,10.177243173343028,0.6120423052553757,2.0,0.0,0.0,False,False,155410.0
8,gp_m52_pi,6,1,Q036,exploitation,0.0002912800945832,0.0003080941473759,-1.846810815076254,4.150006964559534,4.0,0.0,1.0,False,False,0.0
8,gp_m52_pi,6,2,Q020,exploitation,0.0001353533404954,1.2835245208145992e-05,11.00959217250417,0.3893615412458953,2.0,0.0,0.0,False,False,101000.0
8,gp_m52_pi,6,3,Q010,exploitation,0.0001123053618132,6.32786961936849e-05,3.8015659496447656,2.337929550380671,4.0,1.0,0.0,False,False,0.0
8,gp_m52_pi,6,4,Q075,exploitation,2.5164440312824953e-05,1.4739391872336388e-05,1.7844238874204708,2.625285872205726,6.0,1.0,0.0,True,False,0.0
8,gp_m52_pi,6,5,Q048,exploitation,7.065937127691863e-06,1.1666614668936036e-06,9.02420781682186,0.7838618172688534,3.0,0.0,1.0,False,False,42637.0
8,gp_m52_pi,7,1,Q006,exploitation,9.422119681577267e-08,2.8813237907857954e-08,3.568537296438155,1.7002644032450858,4.0,0.0,1.0,False,False,2244.0
8,gp_m52_pi,7,2,Q014,exploitation,1.829518790015001e-11,1.5337873583334413e-12,8.598877772775111,0.5785929157076641,2.0,0.0,0.0,False,False,108381.0
8,gp_m52_pi,7,3,Q015,exploitation,1.6324347034833536e-11,3.2368438664550704e-12,3.3278062588170365,1.3716666285041976,2.0,0.0,1.0,False,False,48700.0
8,gp_m52_pi,7,4,Q032,exploitation,1.2895823383928255e-06,5.857894992638725e-07,1.5729004526807016,2.3086372370228085,2.0,0.4000000059604645,0.6000000238418579,False,False,0.0
8,gp_m52_pi,7,5,Q039,exploitation,2.0066327091837875e-06,2.1065899600615821e-07,10.008682505761673,0.5246277804134893,1.0,0.0,0.0,False,False,28530.0
8,gp_m52_ei,1,1,Q023,exploitation,0.5228574577498527,0.5241582252341395,12.497744011648775,1.223922684114464,1.0,0.0,0.0,False,False,130578.0
8,gp_m52_ei,1,2,Q095,exploitation,0.1436598271800928,0.4774069625765516,5.5298983333874325,6.482662588446723,20.0,1.0,0.0,True,False,0.0
8,gp_m52_ei,1,3,Q054,exploitation,0.2030865968178807,0.1437335091501289,11.378899779360166,1.2624872565557104,2.0,0.0,0.0,False,False,100890.0
8,gp_m52_ei,1,4,Q090,exploitation,0.0552936436705007,0.1379524693724768,3.0557297405636596,5.873710105253614,10.0,0.0,1.0,True,False,0.0
8,gp_m52_ei,1,5,Q094,exploitation,0.0554390786873627,0.135528658528263,3.256015731285568,5.752872109772168,20.0,0.0,1.0,True,False,0.0
8,gp_m52_ei,2,1,Q029,exploitation,0.2246494330808186,0.1349411888739294,11.640308691114113,1.0405607543493045,2.0,0.0,0.0,False,False,119441.0
8,gp_m52_ei,2,2,Q030,exploitation,0.2200384386838725,0.1315005856271416,11.623342169371892,1.0416742928909524,2.0,0.0,0.0,False,False,95814.0
8,gp_m52_ei,2,3,Q073,exploitation,0.1669981435715259,0.1274586158840313,11.041449899993278,1.4347759146160914,3.0,0.0,0.0,False,False,31696.0
8,gp_m52_ei,2,4,Q059,exploitation,0.1360261337561665,0.0715482675580981,11.28608505532386,1.0392835570818486,1.0,0.0,0.0,False,False,128632.0
8,gp_m52_ei,2,5,Q026,exploitation,0.1455088863611761,0.0688691063333273,11.455656319013922,0.920477546525806,1.0,0.0,0.0,False,False,99186.0
8,gp_m52_ei,3,1,Q056,exploitation,0.3763994393055749,0.1992270786593928,12.187255698899708,0.7630554869297951,3.0,0.0,0.0,False,False,94093.0
8,gp_m52_ei,3,2,Q078,exploitation,0.0666132463639961,0.07896929463936,8.36782730573785,2.703799944541811,8.0,0.0,0.0,False,False,51868.0
8,gp_m52_ei,3,3,Q011,exploitation,0.0289787848135587,0.0588004177113308,2.44596343298294,5.2645141348343385,7.0,1.0,0.0,True,False,0.0
8,gp_m52_ei,3,4,Q086,exploitation,0.0068667462244387,0.0099464449592803,1.4774437322849812,4.443761196268157,8.0,1.0,0.0,True,False,200.0
8,gp_m52_ei,3,5,Q053,exploitation,0.0521704059854739,0.0098030161407735,11.702210588653788,0.4466114127754592,1.0,0.0,0.0,False,False,110908.0
8,gp_m52_ei,4,1,Q019,exploitation,0.0314393974288215,0.0063562444123889,11.462866669119911,0.5186502265822664,2.0,0.0,0.0,False,False,84493.0
8,gp_m52_ei,4,2,Q008,exploitation,0.002751681029721,0.0032959961130995,1.3339159552323094,3.996288959481366,5.0,0.0,1.0,True,False,0.0
8,gp_m52_ei,4,3,Q089,exploitation,0.0019263012029533,0.0022336074788166,0.9142297372117376,3.98387920096428,8.0,1.0,0.0,True,False,0.0
8,gp_m52_ei,4,4,Q007,exploitation,0.0020318516661694,0.0010977410456615,7.117141133214715,1.8482833883496883,6.0,0.0,1.0,True,False,0.0
8,gp_m52_ei,4,5,Q040,exploitation,0.0063179018888435,0.0009496598490413,11.268066710504586,0.4649452631296934,2.0,0.0,0.0,False,False,114138.0
8,gp_m52_ei,5,1,Q088,exploitation,0.0013234685830729,0.001606842754758,-0.4835542301589823,4.295096340881123,14.0,0.0,1.0,True,False,0.0
8,gp_m52_ei,5,2,Q077,exploitation,0.001054834181474,0.0012795697059349,-0.990268811423686,4.364461039509647,9.0,0.0,1.0,True,False,226.0
8,gp_m52_ei,5,3,Q020,exploitation,0.0089094760646135,0.0012646530896327,11.42288083105624,0.4240387264257762,2.0,0.0,0.0,False,False,101000.0
8,gp_m52_ei,5,4,Q012,exploitation,0.001519984365868,0.0004282959769436,9.50444076964728,0.9863253230486928,5.0,0.0,0.0,False,False,1147.0
8,gp_m52_ei,5,5,Q014,exploitation,0.0017361066633473,0.0003803539010353,10.209498081450231,0.7589646949621244,2.0,0.0,0.0,False,False,108381.0
8,gp_m52_ei,6,1,Q025,exploitation,0.1913977236574414,0.0667823784837627,11.87535376333932,0.6327384300416549,1.0,0.0,0.0,False,False,51808.0
8,gp_m52_ei,6,2,Q006,exploitation,0.0035602149063443,0.0020672493816565,7.329104354873864,1.894528283608896,5.0,0.0,1.0,True,False,2244.0
8,gp_m52_ei,6,3,Q032,exploitation,0.0003996714447841,0.0003092928863205,2.44837162517951,2.9761834208027067,4.0,0.0,1.0,False,False,0.0
8,gp_m52_ei,6,4,Q075,exploitation,8.623189592838145e-10,2.6951526685319644e-10,0.5125785868266561,1.978637172720051,6.0,1.0,0.0,True,False,0.0
8,gp_m52_ei,6,5,Q041,exploitation,3.784000983091078e-07,4.320634560450296e-08,9.42797037468707,0.6064486556079776,2.0,0.0,0.0,False,False,155410.0
8,gp_m52_ei,7,1,Q010,exploitation,2.709597668746658e-09,6.084155285802777e-10,4.369952083101119,1.3812066747290592,4.0,1.0,0.0,False,False,0.0
8,gp_m52_ei,7,2,Q015,exploitation,2.1381276072767124e-09,4.5640928023320964e-10,4.668753991730126,1.3210703496294678,2.0,0.0,1.0,False,False,48700.0
8,gp_m52_ei,7,3,Q036,exploitation,3.612873027501376e-06,2.2603923828501586e-06,-1.2777671932547676,3.0545058416960194,2.0,0.0,1.0,False,False,0.0
8,gp_m52_ei,7,4,Q039,exploitation,1.8161440194408143e-06,3.3231346309911345e-07,8.176287964950895,0.9179313238150149,1.0,0.0,0.0,False,False,28530.0
8,gp_m52_ei,7,5,Q048,exploitation,6.046592392247248e-07,1.1278938227878209e-07,7.696693660368439,0.9746157981443736,3.0,0.0,1.0,False,False,42637.0
8,pi_random_exploration,1,1,Q023,exploitation,0.5228574577498527,0.5241582252341395,12.497744011648775,1.223922684114464,1.0,0.0,0.0,False,False,130578.0
8,pi_random_exploration,1,2,Q029,exploitation,0.223064650416841,0.1369239130348748,11.615718797556298,1.0655980146077222,2.0,0.0,0.0,False,False,119441.0
8,pi_random_exploration,1,3,Q030,exploitation,0.2205349509872574,0.1350436971473619,11.605868137266654,1.0666221020423514,2.0,0.0,0.0,False,False,95814.0
8,pi_random_exploration,1,4,Q026,exploitation,0.2118390899603,0.1259651403366095,11.589118716907253,1.0480038122714632,1.0,0.0,0.0,False,False,99186.0
8,pi_random_exploration,1,5,Q011,random_exploration,0.010199946341765,0.0168519059440103,1.1456661556531014,4.865179091826754,7.0,1.0,0.0,True,False,0.0
8,pi_random_exploration,2,1,Q073,exploitation,0.2367917773318777,0.1768241253391549,11.51519180185656,1.2731116936757962,3.0,0.0,0.0,False,False,31696.0
8,pi_random_exploration,2,2,Q095,exploitation,0.1806071190549754,0.6157151975969315,6.694024469826538,6.2795381744722185,20.0,1.0,0.0,True,False,0.0
8,pi_random_exploration,2,3,Q012,exploitation,0.0858959209688686,0.0826899617353687,9.564201066431693,2.09545913654557,5.0,0.0,0.0,False,False,1147.0
8,pi_random_exploration,2,4,Q090,exploitation,0.0736977337754277,0.1922252736680014,3.963216785950642,5.842356644353453,10.0,0.0,1.0,True,False,0.0
8,pi_random_exploration,2,5,Q078,random_exploration,0.0648696966401528,0.1015318432581842,6.993803622551775,3.586342977378933,8.0,0.0,0.0,False,False,51868.0
8,pi_random_exploration,3,1,Q094,exploitation,0.0420477655896088,0.0970342464550398,2.6262017402897166,5.674058658543228,10.0,1.0,0.0,True,False,0.0
8,pi_random_exploration,3,2,Q025,exploitation,0.0268027752311477,0.00620165691842,11.25659740854804,0.6067238626562365,1.0,0.0,0.0,False,False,51808.0
8,pi_random_exploration,3,3,Q077,exploitation,0.0154985527423282,0.0213989848527875,4.060727293237072,3.878733126354785,9.0,0.0,1.0,True,False,226.0
8,pi_random_exploration,3,4,Q007,exploitation,0.0114150785647047,0.0078574311617816,7.869867972344728,2.0022769373603295,6.0,0.0,1.0,True,False,0.0
8,pi_random_exploration,3,5,Q014,random_exploration,5.342727114822334e-05,7.340610247563847e-06,10.129181100548616,0.5932156749536011,2.0,0.0,0.0,False,False,108381.0
8,pi_random_exploration,4,1,Q054,exploitation,0.0738332811286076,0.0223201461086125,11.447533863304482,0.6769107221968216,2.0,0.0,0.0,False,False,100890.0
8,pi_random_exploration,4,2,Q088,exploitation,0.0247002862633699,0.0517260953687359,1.518687347622696,5.551266121155873,17.0,0.0,1.0,True,False,0.0
8,pi_random_exploration,4,3,Q019,exploitation,0.0231761951373635,0.0060969262479177,11.026724969752372,0.7031807925691508,2.0,0.0,0.0,False,False,84493.0
8,pi_random_exploration,4,4,Q086,exploitation,0.0222844731650847,0.0403014588896881,2.6680334530488414,4.8586382965160295,8.0,1.0,0.0,True,False,200.0
8,pi_random_exploration,4,5,Q015,random_exploration,1.1719300082926412e-08,2.710233212898463e-09,4.789587389519438,1.367715290358676,2.0,0.0,1.0,False,False,48700.0
8,pi_random_exploration,5,1,Q032,exploitation,0.0754004823731473,0.117887996573162,7.417042642067889,3.487513069633844,4.0,0.0,1.0,False,False,0.0
8,pi_random_exploration,5,2,Q020,exploitation,0.0723986670244467,0.0182786374646233,11.600306553875216,0.5673424320208081,2.0,0.0,0.0,False,False,101000.0
8,pi_random_exploration,5,3,Q006,exploitation,0.0701322601346186,0.0773827077685316,8.749882438975407,2.493681603072513,5.0,0.0,1.0,True,False,2244.0
8,pi_random_exploration,5,4,Q008,exploitation,0.0298092289379903,0.0476694974981551,4.642779981380236,4.132926907891638,5.0,0.0,1.0,True,False,0.0
8,pi_random_exploration,5,5,Q056,random_exploration,0.006667172236958,0.0018150801586588,10.354652955822262,0.8376438709381756,3.0,0.0,0.0,False,False,94093.0
8,pi_random_exploration,6,1,Q040,exploitation,0.0181709545859905,0.0025925959099374,11.604505213702414,0.3932363276103237,2.0,0.0,0.0,False,False,114138.0
8,pi_random_exploration,6,2,Q053,exploitation,0.0048447246670744,0.0008618677412725,10.967583562004537,0.5644204266394245,1.0,0.0,0.0,False,False,110908.0
8,pi_random_exploration,6,3,Q059,exploitation,0.0006301086633188,0.0001199705527929,10.136438597987844,0.7104562397448988,1.0,0.0,0.0,False,False,128632.0
8,pi_random_exploration,6,4,Q089,exploitation,0.000377962441847,0.0003755236042976,-0.489633849255207,3.834766719364074,8.0,1.0,0.0,True,False,0.0
8,pi_random_exploration,6,5,Q039,random_exploration,5.48056195561616e-05,8.262761581779123e-06,9.91286144152085,0.6500892505677472,1.0,0.0,0.0,False,False,28530.0
8,pi_random_exploration,7,1,Q041,exploitation,0.0002826765854023,6.0722075518296944e-05,9.516394858400057,0.8443815942295566,2.0,0.0,0.0,False,False,155410.0
8,pi_random_exploration,7,2,Q010,exploitation,8.147412369454716e-05,2.930129274688833e-05,6.701472181798184,1.5186772101180106,4.0,1.0,0.0,False,False,0.0
8,pi_random_exploration,7,3,Q075,exploitation,9.888351608175788e-06,5.68835768190691e-06,0.9421391647528692,2.691439677012762,6.0,0.0,1.0,True,False,0.0
8,pi_random_exploration,7,4,Q036,exploitation,1.3857811839332509e-07,7.424486192342989e-08,-2.691639134216862,2.9424250575729647,2.0,1.0,0.0,False,False,0.0
8,pi_random_exploration,7,5,Q048,random_exploration,3.79089437109165e-11,3.2515221780591586e-12,8.633004103320507,0.5830031777357129,2.0,0.0,0.0,False,False,42637.0
8,pi_uncertainty,1,1,Q023,exploitation,0.5228574577498527,0.5241582252341395,12.497744011648775,1.223922684114464,1.0,0.0,0.0,False,False,130578.0
8,pi_uncertainty,1,2,Q029,exploitation,0.223064650416841,0.1369239130348748,11.615718797556298,1.0655980146077222,2.0,0.0,0.0,False,False,119441.0
8,pi_uncertainty,1,3,Q030,exploitation,0.2205349509872574,0.1350436971473619,11.605868137266654,1.0666221020423514,2.0,0.0,0.0,False,False,95814.0
8,pi_uncertainty,1,4,Q026,exploitation,0.2118390899603,0.1259651403366095,11.589118716907253,1.0480038122714632,1.0,0.0,0.0,False,False,99186.0
8,pi_uncertainty,1,5,Q095,uncertainty_exploration,0.1436598271800928,0.4774069625765516,5.5298983333874325,6.482662588446723,20.0,1.0,0.0,True,False,0.0
8,pi_uncertainty,2,1,Q073,exploitation,0.2416524569245765,0.1822318104319368,11.532001243647198,1.2775797577720756,3.0,0.0,0.0,False,False,31696.0
8,pi_uncertainty,2,2,Q012,exploitation,0.080896690323705,0.0767347425237306,9.505801980708103,2.0883790316440263,5.0,0.0,0.0,False,False,1147.0
8,pi_uncertainty,2,3,Q090,exploitation,0.069982142147329,0.1851626437270327,3.5985838132683847,5.982013096388376,10.0,0.0,1.0,True,False,0.0
8,pi_uncertainty,2,4,Q078,exploitation,0.0640939823427246,0.1004929973366656,6.950756255993187,3.600127016052015,8.0,0.0,0.0,False,False,51868.0
8,pi_uncertainty,2,5,Q094,uncertainty_exploration,0.0574382051139266,0.1434275526371851,3.217222227952642,5.841732083594693,12.0,0.2000000029802322,0.800000011920929,True,False,0.0
8,pi_uncertainty,3,1,Q025,exploitation,0.0266671880504222,0.0062272924213621,11.24362897342798,0.6127469015645542,1.0,0.0,0.0,False,False,51808.0
8,pi_uncertainty,3,2,Q077,exploitation,0.0145095598770247,0.0198369269266318,3.977580624603297,3.8704181105121487,9.0,0.0,1.0,True,False,226.0
8,pi_uncertainty,3,3,Q011,exploitation,0.0121049555651167,0.0198230460469203,1.7612581649401218,4.732633640477339,7.0,1.0,0.0,True,False,0.0
8,pi_uncertainty,3,4,Q007,exploitation,0.0114414518932905,0.0078952625639052,7.861410528269435,2.0067690641093665,6.0,0.0,1.0,True,False,0.0
8,pi_uncertainty,3,5,Q088,uncertainty_exploration,0.0076809482952712,0.0129687912227166,0.0137245068014282,5.121792056852443,17.0,0.0,1.0,True,False,0.0
8,pi_uncertainty,4,1,Q056,exploitation,0.3756987744710355,0.2293247032639456,12.148585942320112,0.8806734854974959,3.0,0.0,0.0,False,False,94093.0
8,pi_uncertainty,4,2,Q054,exploitation,0.119402955623633,0.0456718964869441,11.51080165870131,0.7782659364359866,2.0,0.0,0.0,False,False,100890.0
8,pi_uncertainty,4,3,Q019,exploitation,0.0363739107051728,0.0080034028094754,11.435614185952751,0.5528094592263638,2.0,0.0,0.0,False,False,84493.0
8,pi_uncertainty,4,4,Q059,exploitation,0.0342430288199301,0.0082602555457642,11.313783513202615,0.6113734511506688,1.0,0.0,0.0,False,False,128632.0
8,pi_uncertainty,4,5,Q036,uncertainty_exploration,0.0014179703277432,0.0018653961776857,-1.3915303682476772,4.629544302825087,4.0,0.0,1.0,False,False,0.0
8,pi_uncertainty,5,1,Q053,exploitation,0.027513027011379,0.0048249738278208,11.548381108896326,0.4582338045510173,1.0,0.0,0.0,False,False,110908.0
8,pi_uncertainty,5,2,Q008,exploitation,0.0061966430809959,0.0074015694119477,3.1706657640760625,3.701664951767699,5.0,0.0,1.0,True,False,0.0
8,pi_uncertainty,5,3,Q086,exploitation,0.0045342192322233,0.0063537277090022,0.7547229948640028,4.473279226790751,8.0,1.0,0.0,True,False,200.0
8,pi_uncertainty,5,4,Q089,exploitation,0.0042085547006436,0.0057198814201089,0.917512060914664,4.368373605535338,8.0,1.0,0.0,True,False,0.0
8,pi_uncertainty,5,5,Q032,uncertainty_exploration,0.0001846970213,0.0001227826401246,2.8804556865734607,2.680996301957326,2.0,0.0,1.0,False,False,0.0
8,pi_uncertainty,6,1,Q040,exploitation,0.0012665579024116,0.0001741093863495,10.954369086697714,0.4879222715636722,2.0,0.0,0.0,False,False,114138.0
8,pi_uncertainty,6,2,Q041,exploitation,0.0003169708742902,5.347130416001394e-05,10.17804912359609,0.6584006043764391,2.0,0.0,0.0,False,False,155410.0
8,pi_uncertainty,6,3,Q010,exploitation,6.327096241424191e-06,2.8018577874638307e-06,3.2053575620843096,2.1122815353039086,4.0,1.0,0.0,False,False,0.0
8,pi_uncertainty,6,4,Q075,exploitation,2.0973099168010685e-06,9.881107622569625e-07,1.6123463026092422,2.350372218107231,6.0,0.4000000059604645,0.6000000238418579,True,False,0.0
8,pi_uncertainty,6,5,Q006,uncertainty_exploration,9.008168865127115e-09,2.3023704067985134e-09,3.855090515664864,1.5226328332196335,7.0,0.0,1.0,True,False,2244.0
8,pi_uncertainty,7,1,Q020,exploitation,0.000117988257852,1.0902426573341806e-05,11.021667525472258,0.3823514846603902,2.0,0.0,0.0,False,False,101000.0
8,pi_uncertainty,7,2,Q048,exploitation,1.6143673050748338e-05,2.9031166500541748e-06,9.006633231885836,0.8229954455371179,3.0,0.0,1.0,False,False,42637.0
8,pi_uncertainty,7,3,Q039,exploitation,4.653987076864331e-06,7.875227508983558e-07,8.803448156246466,0.8175986197397571,1.0,0.0,0.0,False,False,28530.0
8,pi_uncertainty,7,4,Q015,exploitation,2.0066263537824072e-13,3.5279299232876645e-14,2.8394725584895957,1.3215655766468517,2.0,0.0,1.0,False,False,48700.0
8,pi_uncertainty,7,5,Q014,uncertainty_exploration,4.294930030874839e-09,3.9904704271206904e-10,9.177032390192016,0.5646788351102038,2.0,0.0,0.0,False,False,108381.0
8,imperfection_aware,1,1,Q023,exploitation,0.5228574577498527,0.5241582252341395,12.497744011648775,1.223922684114464,1.0,0.0,0.0,False,False,130578.0
8,imperfection_aware,1,2,Q029,exploitation,0.223064650416841,0.1369239130348748,11.615718797556298,1.0655980146077222,2.0,0.0,0.0,False,False,119441.0
8,imperfection_aware,1,3,Q030,exploitation,0.2205349509872574,0.1350436971473619,11.605868137266654,1.0666221020423514,2.0,0.0,0.0,False,False,95814.0
8,imperfection_aware,1,4,Q026,exploitation,0.2118390899603,0.1259651403366095,11.589118716907253,1.0480038122714632,1.0,0.0,0.0,False,False,99186.0
8,imperfection_aware,1,5,Q095,suspicious_exploration,0.1436598271800928,0.4774069625765516,5.5298983333874325,6.482662588446723,20.0,1.0,0.0,True,False,0.0
8,imperfection_aware,2,1,Q073,exploitation,0.2416524569245765,0.1822318104319368,11.532001243647198,1.2775797577720756,3.0,0.0,0.0,False,False,31696.0
8,imperfection_aware,2,2,Q012,exploitation,0.080896690323705,0.0767347425237306,9.505801980708103,2.0883790316440263,5.0,0.0,0.0,False,False,1147.0
8,imperfection_aware,2,3,Q078,exploitation,0.0640939823427246,0.1004929973366656,6.950756255993187,3.600127016052015,8.0,0.0,0.0,False,False,51868.0
8,imperfection_aware,2,4,Q025,exploitation,0.0390450588006627,0.0103054301046128,11.271389679333364,0.6562269830791232,1.0,0.0,0.0,False,False,51808.0
8,imperfection_aware,2,5,Q090,suspicious_exploration,0.069982142147329,0.1851626437270327,3.5985838132683847,5.982013096388376,10.0,0.0,1.0,True,False,0.0
8,imperfection_aware,3,1,Q054,exploitation,0.0099398232095578,0.0020025520151439,11.04224610529638,0.5949187105888927,2.0,0.0,0.0,False,False,100890.0
8,imperfection_aware,3,2,Q019,exploitation,0.0036352338451986,0.0006065763253102,10.968936869441412,0.5434194879482892,2.0,0.0,0.0,False,False,84493.0
8,imperfection_aware,3,3,Q056,exploitation,0.0022456943207257,0.0004256674095298,10.59999129965533,0.6431970536235999,3.0,0.0,0.0,False,False,94093.0
8,imperfection_aware,3,4,Q032,exploitation,0.0009806974976263,0.0009636194501176,1.4240565421221216,3.554091041864363,4.0,0.0,1.0,False,False,0.0
8,imperfection_aware,3,5,Q094,suspicious_exploration,0.0479115667485937,0.1156107284751048,2.7446159006273367,5.814025299814082,10.0,1.0,0.0,True,False,0.0
8,imperfection_aware,4,1,Q059,exploitation,0.0008663089911787,0.0001072680479205,11.01200077725398,0.4518857298250027,1.0,0.0,0.0,False,False,128632.0
8,imperfection_aware,4,2,Q053,exploitation,0.0003419384983149,3.3937734781458494e-05,11.118354477995652,0.3855243527697459,1.0,0.0,0.0,False,False,110908.0
8,imperfection_aware,4,3,Q040,exploitation,6.23652451615667e-05,3.9238991303520776e-06,11.393673410838945,0.2694826962968536,2.0,0.0,0.0,False,False,114138.0
8,imperfection_aware,4,4,Q036,exploitation,1.0751292281328539e-10,4.2182144017752065e-11,-4.128303076155838,2.6071409472636207,2.0,0.4000000059604645,0.6000000238418579,False,False,0.0
8,imperfection_aware,4,5,Q011,suspicious_exploration,0.0116648997865439,0.0192868127934926,1.5456914159699302,4.798031756569604,7.0,1.0,0.0,True,False,0.0
8,imperfection_aware,5,1,Q020,exploitation,3.7578171740750864e-05,3.520120640960621e-06,10.79743603448538,0.4117210552939568,2.0,0.0,0.0,False,False,101000.0
8,imperfection_aware,5,2,Q010,exploitation,3.468270766727449e-15,5.186291498406403e-16,3.0775882569246695,1.2009291154128794,4.0,1.0,0.0,False,False,0.0
8,imperfection_aware,5,3,Q048,exploitation,1.2171735213510668e-10,1.2237254862252016e-11,8.20957864083238,0.6662362845936244,3.0,0.0,1.0,False,False,42637.0
8,imperfection_aware,5,4,Q041,exploitation,4.8201695167252164e-08,4.626883623083555e-09,9.521663952922072,0.5448550414088309,2.0,0.0,0.0,False,False,155410.0
8,imperfection_aware,5,5,Q077,suspicious_exploration,0.010252464884825,0.0124496100737334,4.147076546436156,3.573838073126082,9.0,0.0,1.0,True,False,226.0
8,imperfection_aware,6,1,Q039,exploitation,1.8218049452513377e-05,2.3542185149405965e-06,9.999320378698496,0.5881003982257832,1.0,0.0,0.0,False,False,28530.0
8,imperfection_aware,6,2,Q014,exploitation,7.684689565595093e-11,6.9334099883814595e-12,8.561025684769053,0.6039923048837699,2.0,0.0,0.0,False,False,108381.0
8,imperfection_aware,6,3,Q006,exploitation,2.2343511808721612e-08,6.23105658370916e-09,3.567734585732394,1.6193456337192684,4.0,0.0,1.0,False,False,2244.0
8,imperfection_aware,6,4,Q015,exploitation,1.7461694351629544e-10,3.679691259542497e-11,3.735552932705528,1.385144364206737,2.0,0.0,1.0,False,False,48700.0
8,imperfection_aware,6,5,Q086,suspicious_exploration,0.0085644863266306,0.0135397032647629,1.1224242486186755,4.742239904890116,8.0,1.0,0.0,True,False,200.0
8,imperfection_aware,7,1,Q088,exploitation,0.02102525199065,0.0402942177336266,1.8822770045866184,5.18701431446035,17.0,0.0,1.0,True,True,0.0
8,imperfection_aware,7,2,Q007,exploitation,0.018196871644398,0.0180513696095937,6.707529504624633,2.7335957792215178,6.0,0.0,1.0,True,True,0.0
8,imperfection_aware,7,3,Q008,exploitation,0.0150607374194807,0.0201194159312649,4.262205492494058,3.765467104178032,5.0,1.0,0.0,True,True,0.0
8,imperfection_aware,7,4,Q089,exploitation,0.0017759015873861,0.0021167356580077,0.4108643967535457,4.121741740406391,8.0,1.0,0.0,True,True,0.0
8,imperfection_aware,7,5,Q075,suspicious_exploration,5.610206700078243e-08,2.2047114500856695e-08,0.6468310782618998,2.220369624165795,6.0,1.0,0.0,True,True,0.0
9,random,1,1,Q090,random,0.0793732416682938,0.1947755484351987,4.786433172192328,5.4219454178944515,10.0,0.4000000059604645,0.6000000238418579,True,False,0.0
9,random,1,2,Q040,random,9.031418563871931e-31,9.066286246635819e-33,11.086595799833932,0.1168834186134374,2.0,0.0,0.0,False,False,114138.0
9,random,1,3,Q032,random,0.1348698551118329,0.1100662583395086,10.644424715276395,1.6156719827986852,4.0,0.0,1.0,False,False,0.0
9,random,1,4,Q058,random,0.0759000489682366,0.0780949827262625,9.14222424399441,2.2923191286122977,7.0,0.0,0.800000011920929,True,False,60312.0
9,random,1,5,Q003,random,5.043018018360524e-05,3.4246752659919345e-05,0.9923810449080904,2.9407643408876187,10.0,0.800000011920929,0.2000000029802322,True,False,0.0
9,random,2,1,Q061,random,0.1855542486288852,0.1697100630914004,10.931630280323692,1.6725763812510823,4.0,0.0,0.0,False,False,61305.0
9,random,2,2,Q031,random,0.2302867729567275,0.2791107485564152,10.889794697188927,2.083995571955733,2.0,0.0,0.0,False,False,62455.0
9,random,2,3,Q082,random,0.0068878071116927,0.0089887069532603,2.569486457744829,4.002373804445072,7.0,1.0,0.0,True,False,0.0
9,random,2,4,Q036,random,0.0056631733920945,0.0075085302824936,1.9308661978359405,4.144859609229405,2.0,1.0,0.0,False,False,0.0
9,random,2,5,Q023,random,0.5065002736496512,0.6209247324096616,12.452431163742864,1.525079679331026,1.0,0.0,0.0,False,False,130578.0
9,random,3,1,Q067,random,0.6030640388755959,1.0635743002805031,12.939242812383966,1.958244774928109,6.0,0.0,0.0,False,False,75311.0
9,random,3,2,Q013,random,0.0017242428114012,0.0008222331420126,7.593493262458361,1.6528796786744624,4.0,0.0,0.2000000029802322,False,False,2639.0
9,random,3,3,Q093,random,0.0253216104670438,0.0485204722278864,2.53234378163115,5.062821377403912,5.0,0.800000011920929,0.2000000029802322,True,False,0.0
9,random,3,4,Q038,random,0.0377922601411031,0.0120438112632794,11.01283806336403,0.7961854134827923,2.0,0.0,0.0,False,False,80348.0
9,random,3,5,Q054,random,0.5882058037424028,0.7093476809286371,12.731524905342118,1.3633936426998117,2.0,0.0,0.0,False,False,100890.0
9,random,4,1,Q008,random,0.0095953400402042,0.0125019629423278,3.383676542750605,3.861935483610313,5.0,1.0,0.0,True,False,0.0
9,random,4,2,Q053,random,0.0052249194806403,0.0008700324848409,11.08437625110853,0.5245709529863387,1.0,0.0,0.0,False,False,110908.0
9,random,4,3,Q018,random,0.4043134597039037,0.1361262550965862,12.313691632800218,0.4702319599704356,2.0,0.0,0.0,False,False,207261.0
9,random,4,4,Q016,random,0.1115820054157704,0.1756537321987628,8.468385931465443,3.250149381164877,5.0,0.0,0.4000000059604645,True,False,357.0
9,random,4,5,Q015,random,1.18158839312257e-06,3.440419679284937e-07,5.420557521390285,1.4846670314395745,3.0,0.0,1.0,False,False,48700.0
9,random,5,1,Q010,random,1.531432818018365e-09,4.2562163962380926e-10,2.144513167311403,1.7346040799907836,4.0,0.2000000029802322,0.2000000029802322,False,False,0.0
9,random,5,2,Q021,random,0.0065166752833737,0.0013845613010836,10.800824887750895,0.6551952344641044,2.0,0.0,0.0,False,False,67531.0
9,random,5,3,Q044,random,0.0589658816092266,0.0333123290812627,10.3702678422548,1.3158264171413363,3.0,0.0,0.0,False,False,54574.0
9,random,5,4,Q095,random,0.1422076179803431,0.4176845213672487,6.279524018401689,5.74341327208596,11.0,1.0,0.0,True,False,0.0
9,random,5,5,Q068,random,0.1766288994094959,0.1101556579398893,11.354923642311562,1.155520956101151,4.0,0.0,0.0,False,False,50021.0
9,random,6,1,Q047,random,0.1952065268105335,0.2207444442197619,10.675838508766258,2.039593019863608,2.0,0.0,0.4000000059604645,False,False,7770.0
9,random,6,2,Q084,random,0.0638403535582471,0.1544251439606672,3.9609766414149687,5.5580242470239245,6.0,0.800000011920929,0.2000000029802322,True,False,0.0
9,random,6,3,Q065,random,0.1856446333440942,0.1496451562605273,11.109810208533585,1.47391575312369,4.0,0.0,0.0,False,False,38100.0
9,random,6,4,Q087,random,0.0912430971129443,0.2463721922449673,4.683502627763598,5.8089052691909515,8.0,1.0,0.0,True,False,0.0
9,random,6,5,Q020,random,9.73835965318991e-07,4.7689453419610335e-08,11.230770580326976,0.2514952041696261,2.0,0.0,0.0,False,False,101000.0
9,random,7,1,Q026,random,0.0414525783410447,0.011006735467383,11.29302500643681,0.6542722558661637,1.0,0.0,0.0,False,False,99186.0
9,random,7,2,Q059,random,0.0014103425084543,0.0002553889730419,10.523555522680724,0.6375157282725237,1.0,0.0,0.0,False,False,128632.0
9,random,7,3,Q048,random,1.985059029312947e-12,1.1965452297273338e-13,9.411912652229002,0.4346444696497419,2.0,0.0,0.0,False,False,42637.0
9,random,7,4,Q080,random,0.0099468248222168,0.0162925525515436,1.1667036403713142,4.836424234953069,6.0,1.0,0.0,True,False,0.0
9,random,7,5,Q078,random,0.1690034502761622,0.3645501205100238,8.554301925814777,4.042621088461817,9.0,0.0,1.0,True,False,51868.0
9,gp_m52_pi,1,1,Q023,exploitation,0.2589695419322663,0.233175763876701,11.462879521501945,1.492131764928439,1.0,0.0,0.0,False,False,130578.0
9,gp_m52_pi,1,2,Q061,exploitation,0.236525192097728,0.3007731975009539,10.871468472589392,2.1687228803494434,4.0,0.0,0.0,False,False,61305.0
9,gp_m52_pi,1,3,Q044,exploitation,0.1907076941746622,0.2094532584745552,10.682566775546473,1.993637833534208,3.0,0.0,0.0,False,False,54574.0
9,gp_m52_pi,1,4,Q018,exploitation,0.1872025232863663,0.1990905934857345,10.704166856749984,1.940230148177473,2.0,0.0,0.0,False,False,207261.0
9,gp_m52_pi,1,5,Q010,exploitation,0.1787454188126526,0.3787119810063932,8.826701448282588,3.9133323881672344,4.0,1.0,0.0,False,False,0.0
9,gp_m52_pi,2,1,Q065,exploitation,0.183523487357233,0.2785591839832922,9.916435020852283,2.7839178486674743,4.0,0.0,0.0,False,False,38100.0
9,gp_m52_pi,2,2,Q095,exploitation,0.174279744540775,0.5389799130679414,7.03748478494391,5.750128361441863,12.0,1.0,0.0,True,False,0.0
9,gp_m52_pi,2,3,Q080,exploitation,0.1474685521631739,0.4268031700500762,6.551221546270618,5.610680374329964,6.0,0.0,1.0,True,False,0.0
9,gp_m52_pi,2,4,Q082,exploitation,0.1395631773822699,0.4016170290718872,6.310500677884106,5.652010108331933,7.0,1.0,0.0,True,False,0.0
9,gp_m52_pi,2,5,Q067,exploitation,0.1157586643469878,0.1474151859559018,9.306488862142684,2.6086065896865662,6.0,0.0,1.0,True,False,75311.0
9,gp_m52_pi,3,1,Q031,exploitation,0.1389317023502247,0.049489094139455,11.667581952771332,0.700374833623297,2.0,0.0,0.0,False,False,62455.0
9,gp_m52_pi,3,2,Q032,exploitation,0.1292183164075354,0.0634228769369648,11.31866856805016,0.9812566336620302,4.0,0.0,1.0,False,False,0.0
9,gp_m52_pi,3,3,Q054,exploitation,0.0947221154770886,0.013081927384385,12.04057735477802,0.2949215370181268,2.0,0.0,0.0,False,False,100890.0
9,gp_m52_pi,3,4,Q087,exploitation,0.0873667153779664,0.2254570062879782,4.829157841451371,5.598806876209949,8.0,1.0,0.0,True,False,0.0
9,gp_m52_pi,3,5,Q047,exploitation,0.0856083421914383,0.0111835101350393,12.03824570384708,0.284538254204029,2.0,0.0,1.0,False,False,7770.0
9,gp_m52_pi,4,1,Q016,exploitation,0.2109795251824124,0.4228864277585249,9.587427706218794,3.5368083263107204,5.0,0.0,1.0,True,False,357.0
9,gp_m52_pi,4,2,Q078,exploitation,0.1858936407597778,0.4362732938610006,8.59629269096951,4.289729213952649,9.0,0.0,1.0,True,False,51868.0
9,gp_m52_pi,4,3,Q003,exploitation,0.1370812326449069,0.391971339590782,6.260423878372149,5.639693109390831,10.0,1.0,0.0,True,False,0.0
9,gp_m52_pi,4,4,Q068,exploitation,0.1141433396402074,0.0601105348408784,11.123984403908114,1.0820166186822238,4.0,0.0,0.0,False,False,50021.0
9,gp_m52_pi,4,5,Q038,exploitation,0.0441059561203477,0.0149920127014461,11.013104104971516,0.8296507034151666,2.0,0.0,0.0,False,False,80348.0
9,gp_m52_pi,5,1,Q093,exploitation,0.0188087263983079,0.0342128146295517,2.0489157092934622,4.992145558326743,5.0,1.0,0.0,True,False,0.0
9,gp_m52_pi,5,2,Q026,exploitation,0.0172140176311282,0.0034280440225093,11.259078375504362,0.5524775398987262,1.0,0.0,0.0,False,False,99186.0
9,gp_m52_pi,5,3,Q008,exploitation,0.006530649224501,0.0081541759774974,2.872490655369363,3.849609197645366,5.0,0.0,1.0,True,False,0.0
9,gp_m52_pi,5,4,Q059,exploitation,0.0052687133625002,0.0010599213128063,10.807936122710723,0.633248598782043,1.0,0.0,0.0,False,False,128632.0
9,gp_m52_pi,5,5,Q036,exploitation,0.0047993316392016,0.0059646393798051,2.2062094997594563,3.9465338741607465,2.0,0.800000011920929,0.2000000029802322,False,False,0.0
9,gp_m52_pi,6,1,Q058,exploitation,0.0040541183199408,0.0017269510281536,8.79041407571431,1.3737966496818983,5.0,0.0,0.2000000029802322,True,False,60312.0
9,gp_m52_pi,6,2,Q090,exploitation,0.0029816615669584,0.0035499335472935,1.5794039748948228,3.94509095111349,10.0,0.2000000029802322,0.800000011920929,True,False,0.0
9,gp_m52_pi,6,3,Q053,exploitation,0.000902748823873,0.0001253152849583,10.851379005000576,0.5051133685517727,1.0,0.0,0.0,False,False,110908.0
9,gp_m52_pi,6,4,Q048,exploitation,0.0002118077948918,2.911648542553764e-05,10.489192558624769,0.549910321303661,2.0,0.0,0.0,False,False,42637.0
9,gp_m52_pi,6,5,Q020,exploitation,0.0001960138473744,2.208929892275036e-05,10.821914459478704,0.4528880662678784,2.0,0.0,0.0,False,False,101000.0
9,gp_m52_pi,7,1,Q013,exploitation,3.5484992495062e-05,9.997240445167282e-06,7.4938937699251795,1.2418007126429589,4.0,0.0,1.0,False,False,2639.0
9,gp_m52_pi,7,2,Q015,exploitation,8.45956580584315e-10,1.6232916437934702e-10,5.105176629358163,1.2153525430028709,3.0,0.2000000029802322,0.800000011920929,False,False,48700.0
9,gp_m52_pi,7,3,Q021,exploitation,5.557492721732921e-05,6.66126972703061e-06,10.431525217699786,0.5164616709928224,2.0,0.0,0.0,False,False,67531.0
9,gp_m52_pi,7,4,Q040,exploitation,0.0024979006962835,0.0002214857217133,11.590319257422518,0.2982439378136916,2.0,0.0,0.0,False,False,114138.0
9,gp_m52_pi,7,5,Q084,exploitation,0.0002337642978362,0.0002207837781106,-0.7131068807045837,3.755874955776758,6.0,1.0,0.0,True,False,0.0
9,gp_m52_ei,1,1,Q095,exploitation,0.1635163776322135,0.4937226246571675,6.834611340594995,5.706482128838345,12.0,1.0,0.0,True,False,0.0
9,gp_m52_ei,1,2,Q010,exploitation,0.1787454188126526,0.3787119810063932,8.826701448282588,3.9133323881672344,4.0,1.0,0.0,False,False,0.0
9,gp_m52_ei,1,3,Q080,exploitation,0.1302460878425902,0.3567136858161976,6.277559181746671,5.46557523672857,6.0,0.0,1.0,True,False,0.0
9,gp_m52_ei,1,4,Q016,exploitation,0.1503984021853475,0.3468597290721138,7.823296230578698,4.4497613078945735,5.0,0.0,1.0,True,False,357.0
9,gp_m52_ei,1,5,Q082,exploitation,0.1177547273695527,0.3194942454508024,5.858799111967567,5.537267399569215,7.0,1.0,0.0,True,False,0.0
9,gp_m52_ei,2,1,Q065,exploitation,0.1990208034391241,0.2922421702923999,10.201301097417378,2.634263914460243,4.0,0.0,0.0,False,False,38100.0
9,gp_m52_ei,2,2,Q023,exploitation,0.2877784288950863,0.2822709215446607,11.549310324181306,1.568658010819746,1.0,0.0,0.0,False,False,130578.0
9,gp_m52_ei,2,3,Q061,exploitation,0.2162177942350232,0.2803173765961805,10.644453965674185,2.2714103748931924,4.0,0.0,0.0,False,False,61305.0
9,gp_m52_ei,2,4,Q044,exploitation,0.2139924611442225,0.2582339158752219,10.746690129665456,2.1206107507364376,3.0,0.0,0.0,False,False,54574.0
9,gp_m52_ei,2,5,Q018,exploitation,0.2156012239073414,0.2523433187248224,10.81214633025655,2.0522947810487016,2.0,0.0,0.0,False,False,207261.0
9,gp_m52_ei,3,1,Q078,exploitation,0.197278495649502,0.5077715109347145,8.48671816223214,4.6287811703542685,9.0,0.0,1.0,True,False,51868.0
9,gp_m52_ei,3,2,Q087,exploitation,0.0995269827905948,0.2709410886220341,5.0358605255569175,5.755664023576336,8.0,1.0,0.0,True,False,0.0
9,gp_m52_ei,3,3,Q067,exploitation,0.0859011744187003,0.1300091139660872,7.926076780054999,3.294340908515034,6.0,0.0,0.6000000238418579,True,False,75311.0
9,gp_m52_ei,3,4,Q020,exploitation,0.2733036707089468,0.127850661313245,11.96850593144373,0.761505401593405,2.0,0.0,0.0,False,False,101000.0
9,gp_m52_ei,3,5,Q047,exploitation,0.3918401519393324,0.1156257791464478,12.312829605564048,0.4179971848314361,2.0,0.0,1.0,False,False,7770.0
9,gp_m52_ei,4,1,Q054,exploitation,0.4974305758984897,0.5192614386748715,12.41912962173168,1.3121601286810574,2.0,0.0,0.0,False,False,100890.0
9,gp_m52_ei,4,2,Q003,exploitation,0.0560504952452827,0.1241548611380112,4.160747609933475,5.203126908786409,7.0,1.0,0.0,True,False,0.0
9,gp_m52_ei,4,3,Q031,exploitation,0.1105586181623409,0.0920891073506748,10.319285193332604,1.723079305161327,2.0,0.0,0.0,False,False,62455.0
9,gp_m52_ei,4,4,Q036,exploitation,0.0282557142404926,0.0579821529065948,2.238996055627041,5.342531103621606,4.0,0.0,1.0,False,False,0.0
9,gp_m52_ei,4,5,Q068,exploitation,0.1087556809781142,0.0586321459041973,11.04749737146737,1.1191323536451143,4.0,0.0,0.0,False,False,50021.0
9,gp_m52_ei,5,1,Q093,exploitation,0.0191903707937297,0.0350109023123316,2.084950277670175,4.994593481651117,5.0,1.0,0.0,True,False,0.0
9,gp_m52_ei,5,2,Q008,exploitation,0.0103381263877574,0.0156587177697442,2.1221508083323126,4.453812651855022,5.0,0.0,1.0,True,False,0.0
9,gp_m52_ei,5,3,Q038,exploitation,0.0263885163332143,0.0077264908720939,10.937500100115471,0.7693753587172076,2.0,0.0,0.0,False,False,80348.0
9,gp_m52_ei,5,4,Q090,exploitation,0.0040726897631637,0.0051436197433134,1.6546485111167275,4.07142839482367,10.0,0.0,1.0,True,False,0.0
9,gp_m52_ei,5,5,Q026,exploitation,0.0191447641196889,0.0040276241761853,11.234025142687482,0.5761121547929577,1.0,0.0,0.0,False,False,99186.0
9,gp_m52_ei,6,1,Q053,exploitation,0.0070885989576434,0.0010996358822517,11.264002981521172,0.4743987678464955,1.0,0.0,0.0,False,False,110908.0
9,gp_m52_ei,6,2,Q058,exploitation,0.0027463075724817,0.0010975712235751,8.724686619294506,1.3335943159560473,5.0,0.0,0.0,False,False,60312.0
9,gp_m52_ei,6,3,Q059,exploitation,0.0038788589857638,0.0007580101295188,10.742897875421356,0.6327598127916557,1.0,0.0,0.0,False,False,128632.0
9,gp_m52_ei,6,4,Q040,exploitation,0.004090682098747,0.000360294166532,11.677013359947471,0.2838229076327089,2.0,0.0,0.0,False,False,114138.0
9,gp_m52_ei,6,5,Q084,exploitation,8.989549334250085e-05,7.472200192464983e-05,-0.6506498609074454,3.4914010705043337,6.0,1.0,0.0,True,False,0.0
9,gp_m52_ei,7,1,Q013,exploitation,3.173135341699235e-05,8.709856178402617e-06,7.561935049909941,1.216547913781978,4.0,0.0,1.0,False,False,2639.0
9,gp_m52_ei,7,2,Q015,exploitation,2.147299758409369e-06,5.829228651360854e-07,6.208166033606325,1.3530494793748902,3.0,0.0,1.0,False,False,48700.0
9,gp_m52_ei,7,3,Q021,exploitation,1.3482995790855809e-05,1.41251603673356e-06,10.398393698331288,0.4834064751610017,2.0,0.0,0.0,False,False,67531.0
9,gp_m52_ei,7,4,Q032,exploitation,3.0896633601855456e-08,1.4151592180280172e-08,-1.8348984582664896,2.6345973581432527,2.0,1.0,0.0,False,False,0.0
9,gp_m52_ei,7,5,Q048,exploitation,1.3688835127840256e-05,1.5714098969673974e-06,10.20741936091542,0.5293346258462248,2.0,0.0,0.0,False,False,42637.0
9,pi_random_exploration,1,1,Q023,exploitation,0.2589695419322663,0.233175763876701,11.462879521501945,1.492131764928439,1.0,0.0,0.0,False,False,130578.0
9,pi_random_exploration,1,2,Q061,exploitation,0.236525192097728,0.3007731975009539,10.871468472589392,2.1687228803494434,4.0,0.0,0.0,False,False,61305.0
9,pi_random_exploration,1,3,Q044,exploitation,0.1907076941746622,0.2094532584745552,10.682566775546473,1.993637833534208,3.0,0.0,0.0,False,False,54574.0
9,pi_random_exploration,1,4,Q018,exploitation,0.1872025232863663,0.1990905934857345,10.704166856749984,1.940230148177473,2.0,0.0,0.0,False,False,207261.0
9,pi_random_exploration,1,5,Q068,random_exploration,0.0947937825179393,0.0454914013709091,11.083461498434316,1.0246372059002218,4.0,0.0,0.0,False,False,50021.0
9,pi_random_exploration,2,1,Q020,exploitation,0.4538581608737936,0.2292600242582942,12.35024932854388,0.6671131445845405,2.0,0.0,0.0,False,False,101000.0
9,pi_random_exploration,2,2,Q065,exploitation,0.4303257458449024,0.6871082062340943,12.04744221186041,2.1654776098665978,4.0,0.0,0.0,False,False,38100.0
9,pi_random_exploration,2,3,Q021,exploitation,0.4138562482069731,0.1535502635663189,12.316014160567969,0.5126286594365845,2.0,0.0,0.0,False,False,67531.0
9,pi_random_exploration,2,4,Q078,exploitation,0.3633643552828554,1.1002994768417635,10.879041358904209,4.430976877829843,9.0,0.0,1.0,True,False,51868.0
9,pi_random_exploration,2,5,Q082,random_exploration,0.0402045915964314,0.0756388550276827,4.28535527938574,4.657179647883413,7.0,1.0,0.0,True,False,0.0
9,pi_random_exploration,3,1,Q095,exploitation,0.1744627379590652,0.5640785199149763,6.798217932267106,6.009938900582566,12.0,1.0,0.0,True,False,0.0
9,pi_random_exploration,3,2,Q080,exploitation,0.1454332427264535,0.4219204550157139,6.467467015510672,5.642857128475152,6.0,0.0,1.0,True,False,0.0
9,pi_random_exploration,3,3,Q016,exploitation,0.1303924606849866,0.2813626234688829,7.586325329010915,4.305106692311379,5.0,0.0,1.0,True,False,357.0
9,pi_random_exploration,3,4,Q010,exploitation,0.1298001248692226,0.2236534526472831,8.548106733033379,3.4412743204722767,4.0,1.0,0.0,False,False,0.0
9,pi_random_exploration,3,5,Q048,random_exploration,6.725014673795665e-14,2.1605386991831263e-15,10.60640770869356,0.2460495283064773,2.0,0.0,0.0,False,False,42637.0
9,pi_random_exploration,4,1,Q054,exploitation,0.4480485445370137,0.4451140631910488,12.255113352688197,1.3206457832687977,2.0,0.0,0.0,False,False,100890.0
9,pi_random_exploration,4,2,Q067,exploitation,0.3655667694268647,0.7535240564368471,11.393770375647442,3.00860316526434,6.0,0.0,0.0,False,False,75311.0
9,pi_random_exploration,4,3,Q047,exploitation,0.1219215340018264,0.1165355775042535,10.171429587095066,1.93588806930144,2.0,0.0,0.0,False,False,7770.0
9,pi_random_exploration,4,4,Q031,exploitation,0.090142645590122,0.0723852670558979,10.107405900852273,1.7316325479001402,2.0,0.0,0.0,False,False,62455.0
9,pi_random_exploration,4,5,Q053,random_exploration,0.011091921818498,0.0018826838304971,11.294739953532115,0.4952947688753578,1.0,0.0,0.0,False,False,110908.0
9,pi_random_exploration,5,1,Q003,exploitation,0.0565048331352234,0.1311736109739781,3.797095693297624,5.445756163952865,7.0,1.0,0.0,True,False,0.0
9,pi_random_exploration,5,2,Q036,exploitation,0.0308212882705293,0.0671627702326952,1.951269832350378,5.605728781343838,4.0,0.0,1.0,False,False,0.0
9,pi_random_exploration,5,3,Q093,exploitation,0.0254166498848378,0.0500909293394985,2.263678240866576,5.2045593446086365,5.0,1.0,0.0,True,False,0.0
9,pi_random_exploration,5,4,Q038,exploitation,0.0234872002720729,0.0038099836352593,11.567708836147784,0.4328510129527704,2.0,0.0,0.0,False,False,80348.0
9,pi_random_exploration,5,5,Q008,random_exploration,0.0179283117670297,0.0314336990475338,2.270137488324014,4.840220739626785,5.0,0.0,1.0,True,False,0.0
9,pi_random_exploration,6,1,Q087,exploitation,0.0140961493879685,0.0219342856226691,2.7276384794085686,4.419913420818443,8.0,1.0,0.0,True,False,0.0
9,pi_random_exploration,6,2,Q026,exploitation,0.0139818978800656,0.0027048477089344,11.218760230839589,0.5500154184892858,1.0,0.0,0.0,False,False,99186.0
9,pi_random_exploration,6,3,Q090,exploitation,0.0033225255882237,0.0040487782436976,1.570607161952279,4.000170270175012,10.0,0.2000000029802322,0.800000011920929,True,False,0.0
9,pi_random_exploration,6,4,Q058,exploitation,0.001489223349906,0.0005384958137607,8.662516346995236,1.2677182357733727,5.0,0.0,0.0,False,False,60312.0
9,pi_random_exploration,6,5,Q013,random_exploration,2.3579344695933257e-05,6.254300977766742e-06,7.574711558413726,1.1925621894335283,4.0,0.0,1.0,False,False,2639.0
9,pi_random_exploration,7,1,Q059,exploitation,0.0007230970380413,0.0001170120435536,10.522394003272607,0.5981242529003908,1.0,0.0,0.0,False,False,128632.0
9,pi_random_exploration,7,2,Q084,exploitation,0.0001950040695909,0.0001787993173858,-0.6456132180352343,3.685959861711998,6.0,1.0,0.0,True,False,0.0
9,pi_random_exploration,7,3,Q040,exploitation,2.5622034569549923e-05,1.1981898619690398e-06,11.579449391321951,0.2094213986829578,2.0,0.0,0.0,False,False,114138.0
9,pi_random_exploration,7,4,Q032,exploitation,1.72510672753929e-08,7.716709899637656e-09,-2.0090775288166123,2.6168037455410103,2.0,1.0,0.0,False,False,0.0
9,pi_random_exploration,7,5,Q015,random_exploration,6.547854668196465e-10,1.1551274663992388e-10,5.60733133069013,1.1243000304885424,3.0,0.4000000059604645,0.6000000238418579,False,False,48700.0
9,pi_uncertainty,1,1,Q023,exploitation,0.2589695419322663,0.233175763876701,11.462879521501945,1.492131764928439,1.0,0.0,0.0,False,False,130578.0
9,pi_uncertainty,1,2,Q061,exploitation,0.236525192097728,0.3007731975009539,10.871468472589392,2.1687228803494434,4.0,0.0,0.0,False,False,61305.0
9,pi_uncertainty,1,3,Q044,exploitation,0.1907076941746622,0.2094532584745552,10.682566775546473,1.993637833534208,3.0,0.0,0.0,False,False,54574.0
9,pi_uncertainty,1,4,Q018,exploitation,0.1872025232863663,0.1990905934857345,10.704166856749984,1.940230148177473,2.0,0.0,0.0,False,False,207261.0
9,pi_uncertainty,1,5,Q095,uncertainty_exploration,0.1635163776322135,0.4937226246571675,6.834611340594995,5.706482128838345,12.0,1.0,0.0,True,False,0.0
9,pi_uncertainty,2,1,Q020,exploitation,0.5085501445426093,0.2663931234009146,12.44151553984084,0.650134556514066,2.0,0.0,0.0,False,False,101000.0
9,pi_uncertainty,2,2,Q065,exploitation,0.4314907222359101,0.69144626874808,12.053010918761128,2.1704107746985613,4.0,0.0,0.0,False,False,38100.0
9,pi_uncertainty,2,3,Q021,exploitation,0.4080067527586949,0.1437206270593836,12.313588370441396,0.4899203659721801,2.0,0.0,0.0,False,False,67531.0
9,pi_uncertainty,2,4,Q078,exploitation,0.2976604637688833,0.8197828809285262,10.115918143606685,4.3522561826731465,9.0,0.0,1.0,True,False,51868.0
9,pi_uncertainty,2,5,Q090,uncertainty_exploration,0.0760312993126269,0.1852449411790248,4.655467466231752,5.4263777501442245,10.0,0.4000000059604645,0.6000000238418579,True,False,0.0
9,pi_uncertainty,3,1,Q080,exploitation,0.1431581264361463,0.4114782198229973,6.444221839928688,5.61165632604157,6.0,0.0,1.0,True,False,0.0
9,pi_uncertainty,3,2,Q016,exploitation,0.1249479706988038,0.2637566037812398,7.534990027071624,4.252200181260699,5.0,0.0,1.0,True,False,357.0
9,pi_uncertainty,3,3,Q010,exploitation,0.1243406977069298,0.2123454705846463,8.45493220605493,3.443821901754525,4.0,1.0,0.0,False,False,0.0
9,pi_uncertainty,3,4,Q082,exploitation,0.122628318613087,0.3470132477452154,5.776544258219936,5.724040321898183,7.0,1.0,0.0,True,False,0.0
9,pi_uncertainty,3,5,Q087,uncertainty_exploration,0.0751333053460061,0.1861398372779431,4.472459295246493,5.529803011556316,8.0,1.0,0.0,True,False,0.0
9,pi_uncertainty,4,1,Q054,exploitation,0.4385964876827688,0.4545322970142385,12.212411015903951,1.3924268634939774,2.0,0.0,0.0,False,False,100890.0
9,pi_uncertainty,4,2,Q067,exploitation,0.3468950831228996,0.7055430757023469,11.233381360559378,3.033143438170163,6.0,0.0,0.0,False,False,75311.0
9,pi_uncertainty,4,3,Q068,exploitation,0.1278671491903739,0.072508121490138,11.136062635715724,1.1363683502794777,4.0,0.0,0.0,False,False,50021.0
9,pi_uncertainty,4,4,Q047,exploitation,0.121372523279592,0.1194510944523915,10.096787311439028,1.9952809384707868,2.0,0.0,0.0,False,False,7770.0
9,pi_uncertainty,4,5,Q036,uncertainty_exploration,0.0260296661450675,0.0520969909076323,2.192224431833017,5.26877939453102,4.0,0.0,1.0,False,False,0.0
9,pi_uncertainty,5,1,Q031,exploitation,0.0840906928525892,0.0644579414177795,10.11889663418992,1.6753013653900737,2.0,0.0,0.0,False,False,62455.0
9,pi_uncertainty,5,2,Q003,exploitation,0.0543602729522171,0.1204146932598999,4.039330578084835,5.2296784550729685,7.0,1.0,0.0,True,False,0.0
9,pi_uncertainty,5,3,Q038,exploitation,0.0506207518402916,0.0100395671830022,11.65126319044422,0.4736923795108487,2.0,0.0,0.0,False,False,80348.0
9,pi_uncertainty,5,4,Q026,exploitation,0.0271975778014264,0.0061687268113799,11.285741768586648,0.5935712405491099,1.0,0.0,0.0,False,False,99186.0
9,pi_uncertainty,5,5,Q093,uncertainty_exploration,0.0204124049259675,0.0372788969209895,2.2799897585793865,4.961407516717249,5.0,1.0,0.0,True,False,0.0
9,pi_uncertainty,6,1,Q008,exploitation,0.0094383908608785,0.0139006383309235,2.1598584663752307,4.37304827910222,5.0,0.0,1.0,True,False,0.0
9,pi_uncertainty,6,2,Q053,exploitation,0.0088649907350811,0.0013792061984717,11.324938340127416,0.4650126692466321,1.0,0.0,0.0,False,False,110908.0
9,pi_uncertainty,6,3,Q058,exploitation,0.0033866144422856,0.0014120404398516,8.727653608849796,1.3663996448980025,5.0,0.0,0.0,False,False,60312.0
9,pi_uncertainty,6,4,Q059,exploitation,0.0015635004551567,0.000276385976911,10.603108676106654,0.6174250424778737,1.0,0.0,0.0,False,False,128632.0
9,pi_uncertainty,6,5,Q084,uncertainty_exploration,0.0001281756059907,0.0001110898907802,-0.622483004234824,3.5696582741049956,6.0,1.0,0.0,True,False,0.0
9,pi_uncertainty,7,1,Q040,exploitation,0.0176647205027696,0.002303836804465,11.668482080426283,0.3606919822809125,2.0,0.0,0.0,False,False,114138.0
9,pi_uncertainty,7,2,Q048,exploitation,7.301972544149419e-05,1.0308330165222307e-05,10.15032103472591,0.5996403496633711,2.0,0.0,0.0,False,False,42637.0
9,pi_uncertainty,7,3,Q013,exploitation,2.513286548304185e-05,6.75023646753021e-06,7.5465367957609875,1.203891684168472,4.0,0.0,1.0,False,False,2639.0
9,pi_uncertainty,7,4,Q032,exploitation,1.5799904388664352e-08,6.887391110258162e-09,-1.715655591844926,2.5564684383213763,2.0,1.0,0.0,False,False,0.0
9,pi_uncertainty,7,5,Q015,uncertainty_exploration,6.096302038748676e-07,1.5568682513779025e-07,5.954682779616716,1.3339355806285786,3.0,0.4000000059604645,0.6000000238418579,False,False,48700.0
9,imperfection_aware,1,1,Q023,exploitation,0.2589695419322663,0.233175763876701,11.462879521501945,1.492131764928439,1.0,0.0,0.0,False,False,130578.0
9,imperfection_aware,1,2,Q061,exploitation,0.236525192097728,0.3007731975009539,10.871468472589392,2.1687228803494434,4.0,0.0,0.0,False,False,61305.0
9,imperfection_aware,1,3,Q044,exploitation,0.1907076941746622,0.2094532584745552,10.682566775546473,1.993637833534208,3.0,0.0,0.0,False,False,54574.0
9,imperfection_aware,1,4,Q018,exploitation,0.1872025232863663,0.1990905934857345,10.704166856749984,1.940230148177473,2.0,0.0,0.0,False,False,207261.0
9,imperfection_aware,1,5,Q095,suspicious_exploration,0.1635163776322135,0.4937226246571675,6.834611340594995,5.706482128838345,12.0,1.0,0.0,True,False,0.0
9,imperfection_aware,2,1,Q020,exploitation,0.5085542825288993,0.2663890810746793,12.44152189377796,0.6501163200243716,2.0,0.0,0.0,False,False,101000.0
9,imperfection_aware,2,2,Q065,exploitation,0.4314851992830195,0.6914206366415963,12.052987178093046,2.1703716231962664,4.0,0.0,0.0,False,False,38100.0
9,imperfection_aware,2,3,Q021,exploitation,0.4080081027012563,0.1437164732115295,12.313593919484862,0.4899038372795975,2.0,0.0,0.0,False,False,67531.0
9,imperfection_aware,2,4,Q047,exploitation,0.2657376680904483,0.094645590800483,12.061359489039877,0.5852466160710762,2.0,0.0,1.0,False,False,7770.0
9,imperfection_aware,2,5,Q078,suspicious_exploration,0.2976571050928664,0.8197605669411522,10.115903460056453,4.352204391829577,9.0,0.0,1.0,True,False,51868.0
9,imperfection_aware,3,1,Q031,exploitation,0.7384112617525032,1.4624320700719495,13.599351466932935,1.8353220290616168,2.0,0.0,0.0,False,False,62455.0
9,imperfection_aware,3,2,Q038,exploitation,0.4591914288818056,0.89437015025907,12.165582165853593,2.55680816629664,2.0,0.0,0.0,False,False,80348.0
9,imperfection_aware,3,3,Q010,exploitation,0.3725650178096857,1.2918464846515434,10.79550661627918,5.02072487317749,4.0,1.0,0.0,False,False,0.0
9,imperfection_aware,3,4,Q026,exploitation,0.2814315200493265,0.1598083890685953,11.89806414015468,0.9151779523221552,1.0,0.0,0.0,False,False,99186.0
9,imperfection_aware,3,5,Q003,suspicious_exploration,0.2194110787731867,0.7994316557772938,7.506784858110137,6.3561087860034515,10.0,1.0,0.0,True,False,0.0
9,imperfection_aware,4,1,Q054,exploitation,0.5066432705964778,0.4637161643746894,12.446539272222536,1.138445232266495,2.0,0.0,0.0,False,False,100890.0
9,imperfection_aware,4,2,Q068,exploitation,0.1220908673686199,0.0656694506827099,11.159271048940182,1.089053619286746,4.0,0.0,0.0,False,False,50021.0
9,imperfection_aware,4,3,Q036,exploitation,0.0408886608930018,0.0949039735374221,2.452928583918077,5.7310256784394475,4.0,0.0,1.0,False,False,0.0
9,imperfection_aware,4,4,Q053,exploitation,0.0197874283958734,0.0036988759450418,11.378313686377894,0.5098085206282533,1.0,0.0,0.0,False,False,110908.0
9,imperfection_aware,4,5,Q067,suspicious_exploration,0.4273357342690133,0.931541998009116,11.884257545953076,2.9663649363690596,6.0,0.0,0.4000000059604645,True,False,75311.0
9,imperfection_aware,5,1,Q058,exploitation,0.0053952231289761,0.0024074089520603,8.854791697167322,1.401416410911121,5.0,0.0,0.0,False,False,60312.0
9,imperfection_aware,5,2,Q013,exploitation,0.0012692889255476,0.0005130522817824,8.097411145051115,1.434446214061521,4.0,0.0,1.0,False,False,2639.0
9,imperfection_aware,5,3,Q059,exploitation,0.0013481724982369,0.0002388885776977,10.54942360604792,0.6259710992055113,1.0,0.0,0.0,False,False,128632.0
9,imperfection_aware,5,4,Q048,exploitation,0.0004036367933854,6.0351364533044096e-05,10.502295808632988,0.5746623949798368,2.0,0.0,0.0,False,False,42637.0
9,imperfection_aware,5,5,Q016,suspicious_exploration,0.0769921493742837,0.1099634807958536,7.903292417668916,3.173606503387892,5.0,0.0,1.0,True,False,357.0
9,imperfection_aware,6,1,Q040,exploitation,0.003959066636775,0.0003888190801332,11.584679935202924,0.3174121077182799,2.0,0.0,0.0,False,True,114138.0
9,imperfection_aware,6,2,Q032,exploitation,1.784632795561378e-05,1.2141868268745548e-05,-0.3839530573821053,3.0992690394722784,2.0,1.0,0.0,False,True,0.0
9,imperfection_aware,6,3,Q015,exploitation,3.3305067717308173e-09,6.978073576110323e-10,4.993394530889333,1.281920884663773,3.0,1.0,0.0,False,True,48700.0
9,imperfection_aware,6,4,Q080,exploitation,0.0349794051550204,0.079567708475622,2.012077125944872,5.747508163092466,6.0,0.0,1.0,True,True,0.0
9,imperfection_aware,6,5,Q093,suspicious_exploration,0.0299285344075825,0.0613987803692626,2.455493537479371,5.299101372134069,5.0,0.0,1.0,True,True,0.0
9,imperfection_aware,7,1,Q087,exploitation,0.0217187861765338,0.0387476030156509,2.7163669121621723,4.808774519895126,8.0,1.0,0.0,True,True,0.0
9,imperfection_aware,7,2,Q008,exploitation,0.0045386752172697,0.0055025961644434,2.330534236486371,3.8698943805801886,5.0,1.0,0.0,True,True,0.0
9,imperfection_aware,7,3,Q090,exploitation,0.0035144070544979,0.0042790986148074,1.7070328405072717,3.977237388254238,10.0,0.2000000029802322,0.800000011920929,True,True,0.0
9,imperfection_aware,7,4,Q082,exploitation,0.0006288644818343,0.0005579973798235,1.7468064763303977,3.3114014851413933,7.0,1.0,0.0,True,True,0.0
9,imperfection_aware,7,5,Q084,suspicious_exploration,0.0002386559248236,0.0002309659114164,-0.9992755460500522,3.843738877693714,6.0,1.0,0.0,True,True,0.0
