split_seed,method,method_label,round,n_initial_train,n_acquired,n_train_total,n_pool_remaining,n_test,catastrophic_threshold,n_catastrophic_errors,catastrophic_error_rate,mean_abs_log_error,median_abs_log_error,max_abs_log_error,rmse_log_error,signed_log_error_mean,gate_fallback_count
0,random,Random,0,40,0,40,35,20,1.0,8,0.4,2.7570340182322104,0.5819625602720491,10.793454842740768,4.575857418947553,-1.530093414037874,0
0,random,Random,1,40,5,45,30,20,1.0,10,0.5,4.0313996449166885,1.2716854719242896,10.856476588192956,5.913948218901584,-2.1059134470752316,0
0,random,Random,2,40,10,50,25,20,1.0,10,0.5,3.4294389049398264,1.22250087381871,10.856476588192956,5.276666805301824,-1.252217489228666,0
0,random,Random,3,40,15,55,20,20,1.0,9,0.45,3.411676223060353,0.4130556753099723,10.856476588192956,5.4633619270752565,-2.02036730304803,0
0,random,Random,4,40,20,60,15,20,1.0,9,0.45,3.430812482335631,0.4785691553651121,10.856476588192956,5.467212103402631,-2.0462096755764945,0
0,random,Random,5,40,25,65,10,20,1.0,9,0.45,3.431500653803289,0.5803764377512595,10.856476588192956,5.464999675422287,-2.0798452504629825,0
0,random,Random,6,40,30,70,5,20,1.0,9,0.45,3.185009219857478,0.5372159519296735,10.856476588192956,5.243980596489791,-3.0125391043694725,0
0,random,Random,7,40,35,75,0,20,1.0,9,0.45,3.019885038594489,0.6848348756712168,10.856476588192956,5.0870604882403745,-2.6260692272100212,0
0,gp_m52_pi,GP M52 + PI,0,40,0,40,35,20,1.0,8,0.4,2.7570340182322104,0.5819625602720491,10.793454842740768,4.575857418947553,-1.530093414037874,0
0,gp_m52_pi,GP M52 + PI,1,40,5,45,30,20,1.0,8,0.4,2.651334542550449,0.5128520014691293,10.793454842740768,4.508625891038607,-1.4869778181392228,0
0,gp_m52_pi,GP M52 + PI,2,40,10,50,25,20,1.0,7,0.35,2.2167870816402666,0.5325876762242991,10.793454842740768,4.033193478816129,-1.9660299163524289,0
0,gp_m52_pi,GP M52 + PI,3,40,15,55,20,20,1.0,7,0.35,2.1978275261469973,0.5091937173048233,10.793454842740768,4.030956198010536,-1.939794587716463,0
0,gp_m52_pi,GP M52 + PI,4,40,20,60,15,20,1.0,7,0.35,2.215643948533826,0.5185963208044617,10.793454842740768,4.034950866849395,-1.9259327392382184,0
0,gp_m52_pi,GP M52 + PI,5,40,25,65,10,20,1.0,10,0.5,3.600093869894863,1.183986534169212,10.856476588192956,5.431038799158505,-1.6666147317961555,0
0,gp_m52_pi,GP M52 + PI,6,40,30,70,5,20,1.0,9,0.45,2.8068669581048726,0.6396943527957006,10.856476588192956,4.724545148397495,-2.595798921115404,0
0,gp_m52_pi,GP M52 + PI,7,40,35,75,0,20,1.0,9,0.45,3.019885038594489,0.6848348756712168,10.856476588192956,5.0870604882403745,-2.6260692272100212,0
0,gp_m52_ei,GP M52 + EI,0,40,0,40,35,20,1.0,8,0.4,2.7570340182322104,0.5819625602720491,10.793454842740768,4.575857418947553,-1.530093414037874,0
0,gp_m52_ei,GP M52 + EI,1,40,5,45,30,20,1.0,8,0.4,2.765902311208468,0.5958262103270062,10.793454842740768,4.575133810096713,-1.5360892407658884,0
0,gp_m52_ei,GP M52 + EI,2,40,10,50,25,20,1.0,7,0.35,2.192516196911197,0.5201462564051385,10.793454842740768,4.032386623854587,-1.9481308572809777,0
0,gp_m52_ei,GP M52 + EI,3,40,15,55,20,20,1.0,6,0.3,2.1908927276669883,0.4349828723363815,10.793454842740768,4.029173061757632,-1.8860339009948064,0
0,gp_m52_ei,GP M52 + EI,4,40,20,60,15,20,1.0,7,0.35,2.215643948533826,0.5185963208044617,10.793454842740768,4.034950866849395,-1.9259327392382184,0
0,gp_m52_ei,GP M52 + EI,5,40,25,65,10,20,1.0,10,0.5,3.600093869894863,1.183986534169212,10.856476588192956,5.431038799158505,-1.6666147317961555,0
0,gp_m52_ei,GP M52 + EI,6,40,30,70,5,20,1.0,9,0.45,2.8344083072571253,0.7655672025459062,10.856476588192956,4.730250526351958,-2.6426304254982345,0
0,gp_m52_ei,GP M52 + EI,7,40,35,75,0,20,1.0,9,0.45,3.019885038594489,0.6848348756712168,10.856476588192956,5.0870604882403745,-2.6260692272100212,0
0,pi_random_exploration,GP M52 PI + Random Exploration,0,40,0,40,35,20,1.0,8,0.4,2.7570340182322104,0.5819625602720491,10.793454842740768,4.575857418947553,-1.530093414037874,0
0,pi_random_exploration,GP M52 PI + Random Exploration,1,40,5,45,30,20,1.0,8,0.4,2.710227838667526,0.6520198384436391,10.793454842740768,4.529699284882466,-1.5486198799780968,0
0,pi_random_exploration,GP M52 PI + Random Exploration,2,40,10,50,25,20,1.0,8,0.4,2.661408081100178,0.4766952253109435,10.793454842740768,4.528385621313244,-1.4366392228328058,0
0,pi_random_exploration,GP M52 PI + Random Exploration,3,40,15,55,20,20,1.0,8,0.4,2.6513085005336743,0.5360756806387714,10.793454842740768,4.528645404940718,-1.4080964206306723,0
0,pi_random_exploration,GP M52 PI + Random Exploration,4,40,20,60,15,20,1.0,7,0.35,2.617010537893431,0.4670576666047852,10.793454842740768,4.5182483223497,-1.4522810705478666,0
0,pi_random_exploration,GP M52 PI + Random Exploration,5,40,25,65,10,20,1.0,9,0.45,3.6265343718750382,0.5533978001364863,10.856476588192956,5.644433132737679,-2.4867739638752564,0
0,pi_random_exploration,GP M52 PI + Random Exploration,6,40,30,70,5,20,1.0,8,0.4,2.366453112205368,0.496833853117967,10.793454842740768,4.101120745040486,-2.1290566260708133,0
0,pi_random_exploration,GP M52 PI + Random Exploration,7,40,35,75,0,20,1.0,9,0.45,3.019885038594489,0.6848348756712168,10.856476588192956,5.0870604882403745,-2.6260692272100212,0
0,pi_uncertainty,PI + Uncertainty,0,40,0,40,35,20,1.0,8,0.4,2.7570340182322104,0.5819625602720491,10.793454842740768,4.575857418947553,-1.530093414037874,0
0,pi_uncertainty,PI + Uncertainty,1,40,5,45,30,20,1.0,8,0.4,2.5242381426242995,0.6070578019766675,10.793454842740768,4.337115662369137,-1.1850292583274236,0
0,pi_uncertainty,PI + Uncertainty,2,40,10,50,25,20,1.0,8,0.4,2.238688214406873,0.5338576253313727,10.793454842740768,4.039456989673219,-1.969510765630225,0
0,pi_uncertainty,PI + Uncertainty,3,40,15,55,20,20,1.0,8,0.4,3.1743747526380424,0.4704876572106462,10.856476588192956,5.243668853636911,-2.954302958918892,0
0,pi_uncertainty,PI + Uncertainty,4,40,20,60,15,20,1.0,8,0.4,3.1850085255312814,0.5441934120204506,10.856476588192956,5.245871606622434,-2.9414150255299267,0
0,pi_uncertainty,PI + Uncertainty,5,40,25,65,10,20,1.0,9,0.45,3.616526470970746,0.5478184717492578,10.856476588192956,5.61374173520088,-2.4963280433979307,0
0,pi_uncertainty,PI + Uncertainty,6,40,30,70,5,20,1.0,9,0.45,3.222194125353256,0.6680595019736675,10.856476588192956,5.129583221790309,-2.1304872100905268,0
0,pi_uncertainty,PI + Uncertainty,7,40,35,75,0,20,1.0,9,0.45,3.019885038594489,0.6848348756712168,10.856476588192956,5.0870604882403745,-2.6260692272100212,0
0,imperfection_aware,Imperfection-aware,0,40,0,40,35,20,1.0,8,0.4,2.7570340182322104,0.5819625602720491,10.793454842740768,4.575857418947553,-1.530093414037874,0
0,imperfection_aware,Imperfection-aware,1,40,5,45,30,20,1.0,9,0.45,3.641521582406805,0.5788653055654827,10.856476588192956,5.6679894652247995,-2.477158902728392,0
0,imperfection_aware,Imperfection-aware,2,40,10,50,25,20,1.0,9,0.45,3.252685228855891,0.6679041589679517,10.856476588192956,5.282992437429749,-2.946026132305038,0
0,imperfection_aware,Imperfection-aware,3,40,15,55,20,20,1.0,9,0.45,3.702593958390693,0.6121735517073184,10.856476588192956,5.765714041022261,-3.500488186186785,0
0,imperfection_aware,Imperfection-aware,4,40,20,60,15,20,1.0,9,0.45,3.3092350186762216,0.734143195743453,10.856476588192956,5.300076518869534,-3.0993193332955693,0
0,imperfection_aware,Imperfection-aware,5,40,25,65,10,20,1.0,9,0.45,3.239146110554684,0.7152905513427834,10.856476588192956,5.253167921506631,-3.03151375701101,0
0,imperfection_aware,Imperfection-aware,6,40,30,70,5,20,1.0,9,0.45,2.6140100167232623,0.8130079211987793,10.856476588192956,4.545804688366423,-2.220137973785755,1
0,imperfection_aware,Imperfection-aware,7,40,35,75,0,20,1.0,9,0.45,3.019885038594489,0.6848348756712168,10.856476588192956,5.0870604882403745,-2.6260692272100212,2
1,random,Random,0,40,0,40,35,20,1.0,6,0.3,2.012457813578753,0.2112992904599515,10.856476588192956,3.811474245685565,-1.3486817591026523,0
1,random,Random,1,40,5,45,30,20,1.0,7,0.35,2.0301110282265946,0.3973359209426883,10.856476588192956,3.7903836296875792,-1.4238711132459738,0
1,random,Random,2,40,10,50,25,20,1.0,6,0.3,1.6031979308776596,0.1710581074362611,10.856476588192956,3.2682961866384344,-0.8113948997498388,0
1,random,Random,3,40,15,55,20,20,1.0,7,0.35,2.0496964794263315,0.1611757351878857,10.856476588192956,3.825220239042842,-1.2391401864091491,0
1,random,Random,4,40,20,60,15,20,1.0,7,0.35,1.8110764280036569,0.2011122423197573,10.856476588192956,3.53790902340646,-0.7936128284076815,0
1,random,Random,5,40,25,65,10,20,1.0,7,0.35,1.8002081555001386,0.1968077609050587,10.856476588192956,3.5325650012831935,-0.7992338315282261,0
1,random,Random,6,40,30,70,5,20,1.0,7,0.35,1.9899304209157465,0.2645576610547966,10.856476588192956,3.780729990190829,-1.291048216370589,0
1,random,Random,7,40,35,75,0,20,1.0,7,0.35,2.013487838665689,0.3468546379951407,10.856476588192956,3.787193926757524,-1.2511528210757752,0
1,gp_m52_pi,GP M52 + PI,0,40,0,40,35,20,1.0,6,0.3,2.012457813578753,0.2112992904599515,10.856476588192956,3.811474245685565,-1.3486817591026523,0
1,gp_m52_pi,GP M52 + PI,1,40,5,45,30,20,1.0,7,0.35,1.8437605157360049,0.2244451242751957,10.856476588192956,3.5589417802881957,-0.7833271614372309,0
1,gp_m52_pi,GP M52 + PI,2,40,10,50,25,20,1.0,7,0.35,1.984457054404038,0.2142634077084428,10.856476588192956,3.7764402003555646,-1.3164767677957996,0
1,gp_m52_pi,GP M52 + PI,3,40,15,55,20,20,1.0,7,0.35,1.9875015700587917,0.2694508608257022,10.856476588192956,3.7777199614506447,-1.340018283193514,0
1,gp_m52_pi,GP M52 + PI,4,40,20,60,15,20,1.0,7,0.35,1.9793170923910828,0.213131363546414,10.856476588192956,3.773894213559924,-1.31213096132349,0
1,gp_m52_pi,GP M52 + PI,5,40,25,65,10,20,1.0,7,0.35,1.976067229986959,0.323637543341186,10.856476588192956,3.7680484885737258,-1.2918543096976076,0
1,gp_m52_pi,GP M52 + PI,6,40,30,70,5,20,1.0,6,0.3,1.7392347577409624,0.2441202616928413,10.856476588192956,3.4380784506419326,-1.277133436281171,0
1,gp_m52_pi,GP M52 + PI,7,40,35,75,0,20,1.0,7,0.35,2.013487838665689,0.3468546379951407,10.856476588192956,3.787193926757524,-1.2511528210757752,0
1,gp_m52_ei,GP M52 + EI,0,40,0,40,35,20,1.0,6,0.3,2.012457813578753,0.2112992904599515,10.856476588192956,3.811474245685565,-1.3486817591026523,0
1,gp_m52_ei,GP M52 + EI,1,40,5,45,30,20,1.0,7,0.35,1.8262626483258284,0.2291448560580589,10.856476588192956,3.5461906022605683,-0.7992843720937437,0
1,gp_m52_ei,GP M52 + EI,2,40,10,50,25,20,1.0,7,0.35,1.984457054404038,0.2142634077084428,10.856476588192956,3.7764402003555646,-1.3164767677957996,0
1,gp_m52_ei,GP M52 + EI,3,40,15,55,20,20,1.0,6,0.3,1.5372741372724696,0.1887554770911323,10.856476588192956,3.19655172867116,-0.8897715588211345,0
1,gp_m52_ei,GP M52 + EI,4,40,20,60,15,20,1.0,7,0.35,1.9449467689594109,0.247884636235546,10.856476588192956,3.764746102589638,-1.3563893968592242,0
1,gp_m52_ei,GP M52 + EI,5,40,25,65,10,20,1.0,7,0.35,2.1710713086657973,0.2006945267386015,10.856476588192956,3.981017432498546,-1.7417105660044665,0
1,gp_m52_ei,GP M52 + EI,6,40,30,70,5,20,1.0,6,0.3,1.7392347577409624,0.2441202616928413,10.856476588192956,3.4380784506419326,-1.277133436281171,0
1,gp_m52_ei,GP M52 + EI,7,40,35,75,0,20,1.0,7,0.35,2.013487838665689,0.3468546379951407,10.856476588192956,3.787193926757524,-1.2511528210757752,0
1,pi_random_exploration,GP M52 PI + Random Exploration,0,40,0,40,35,20,1.0,6,0.3,2.012457813578753,0.2112992904599515,10.856476588192956,3.811474245685565,-1.3486817591026523,0
1,pi_random_exploration,GP M52 PI + Random Exploration,1,40,5,45,30,20,1.0,7,0.35,2.094113344322854,0.2346717451682378,10.856476588192956,3.845474124450506,-1.207819321601401,0
1,pi_random_exploration,GP M52 PI + Random Exploration,2,40,10,50,25,20,1.0,7,0.35,2.1492247610356983,0.222101036211419,10.856476588192956,3.972325454013872,-1.7826805547143738,0
1,pi_random_exploration,GP M52 PI + Random Exploration,3,40,15,55,20,20,1.0,7,0.35,2.159660674897604,0.3346402139212543,10.856476588192956,3.97427184483493,-1.810926912957019,0
1,pi_random_exploration,GP M52 PI + Random Exploration,4,40,20,60,15,20,1.0,7,0.35,1.9658525548496328,0.2270315786214531,10.856476588192956,3.777464600071585,-1.3149816654825293,0
1,pi_random_exploration,GP M52 PI + Random Exploration,5,40,25,65,10,20,1.0,7,0.35,2.143541405673578,0.1834833929718708,10.856476588192956,3.97595681390126,-1.748536213350032,0
1,pi_random_exploration,GP M52 PI + Random Exploration,6,40,30,70,5,20,1.0,6,0.3,1.5953562507237962,0.3004070338984892,10.856476588192956,3.2231084257519695,-0.7878453606538083,0
1,pi_random_exploration,GP M52 PI + Random Exploration,7,40,35,75,0,20,1.0,7,0.35,2.013487838665689,0.3468546379951407,10.856476588192956,3.787193926757524,-1.2511528210757752,0
1,pi_uncertainty,PI + Uncertainty,0,40,0,40,35,20,1.0,6,0.3,2.012457813578753,0.2112992904599515,10.856476588192956,3.811474245685565,-1.3486817591026523,0
1,pi_uncertainty,PI + Uncertainty,1,40,5,45,30,20,1.0,7,0.35,2.068631751966478,0.2412887243379753,10.856476588192956,3.8316941633699018,-1.2284298446659552,0
1,pi_uncertainty,PI + Uncertainty,2,40,10,50,25,20,1.0,6,0.3,1.1352392960271058,0.198736004467082,6.773080375655535,2.1754074094054885,-0.491817435360339,0
1,pi_uncertainty,PI + Uncertainty,3,40,15,55,20,20,1.0,7,0.35,1.9875527144601504,0.3244371908709631,10.856476588192956,3.774960602944032,-1.341484143808614,0
1,pi_uncertainty,PI + Uncertainty,4,40,20,60,15,20,1.0,7,0.35,1.9381525103781323,0.2133468258567195,10.856476588192956,3.765323618867295,-1.3505218727216033,0
1,pi_uncertainty,PI + Uncertainty,5,40,25,65,10,20,1.0,7,0.35,2.143611600466228,0.1842598875639378,10.856476588192956,3.974933776390258,-1.7547542258019984,0
1,pi_uncertainty,PI + Uncertainty,6,40,30,70,5,20,1.0,7,0.35,2.019182366750596,0.3374424607637305,10.856476588192956,3.7899924709020394,-1.2562639529343391,0
1,pi_uncertainty,PI + Uncertainty,7,40,35,75,0,20,1.0,7,0.35,2.013487838665689,0.3468546379951407,10.856476588192956,3.787193926757524,-1.2511528210757752,0
1,imperfection_aware,Imperfection-aware,0,40,0,40,35,20,1.0,6,0.3,2.012457813578753,0.2112992904599515,10.856476588192956,3.811474245685565,-1.3486817591026523,0
1,imperfection_aware,Imperfection-aware,1,40,5,45,30,20,1.0,7,0.35,1.8262626483258284,0.2291448560580589,10.856476588192956,3.5461906022605683,-0.7992843720937437,0
1,imperfection_aware,Imperfection-aware,2,40,10,50,25,20,1.0,7,0.35,1.984457054404038,0.2142634077084428,10.856476588192956,3.7764402003555646,-1.3164767677957996,0
1,imperfection_aware,Imperfection-aware,3,40,15,55,20,20,1.0,7,0.35,1.940972959072716,0.111276201103653,10.856476588192956,3.7750629181922974,-1.3533142822507738,0
1,imperfection_aware,Imperfection-aware,4,40,20,60,15,20,1.0,7,0.35,2.021218020732004,0.3085997885263998,10.856476588192956,3.798946806266155,-1.2427123141581933,0
1,imperfection_aware,Imperfection-aware,5,40,25,65,10,20,1.0,6,0.3,1.5953064806213149,0.3311219319814755,10.856476588192956,3.2099611770765963,-0.7792332965990811,0
1,imperfection_aware,Imperfection-aware,6,40,30,70,5,20,1.0,6,0.3,1.740973516960972,0.3110074527211273,10.856476588192956,3.4378346574887515,-1.2552768506867054,1
1,imperfection_aware,Imperfection-aware,7,40,35,75,0,20,1.0,7,0.35,2.013487838665689,0.3468546379951407,10.856476588192956,3.787193926757524,-1.2511528210757752,2
10,random,Random,0,40,0,40,35,20,1.0,3,0.15,1.4925415353466502,0.4496406024489205,10.793454842740768,3.209681649486238,-0.432016637706497,0
10,random,Random,1,40,5,45,30,20,1.0,5,0.25,1.2206670182613306,0.4162513098757223,10.793454842740768,2.762438828741829,-1.015581798133259,0
10,random,Random,2,40,10,50,25,20,1.0,4,0.2,1.144894686148154,0.3121333306797091,10.793454842740768,2.7372001693471404,-0.9863551476468662,0
10,random,Random,3,40,15,55,20,20,1.0,4,0.2,1.487439347325676,0.3541136662618509,10.793454842740768,3.243668275399946,-1.271948997216486,0
10,random,Random,4,40,20,60,15,20,1.0,5,0.25,1.508367007658484,0.2982018710649567,10.793454842740768,3.2572363623096927,-1.3687421581318389,0
10,random,Random,5,40,25,65,10,20,1.0,5,0.25,1.869365156580691,0.333444390245198,10.793454842740768,3.730907235282472,-0.859894708878594,0
10,random,Random,6,40,30,70,5,20,1.0,3,0.15,1.4564740418662818,0.332962185668272,10.793454842740768,3.2395732815952596,-1.222579748370369,0
10,random,Random,7,40,35,75,0,20,1.0,4,0.2,1.4703235806973824,0.2718621166544821,10.793454842740768,3.2435793313899945,-1.1962966521550582,0
10,gp_m52_pi,GP M52 + PI,0,40,0,40,35,20,1.0,3,0.15,1.4925415353466502,0.4496406024489205,10.793454842740768,3.209681649486238,-0.432016637706497,0
10,gp_m52_pi,GP M52 + PI,1,40,5,45,30,20,1.0,3,0.15,1.5002979097996103,0.5103822246651992,10.793454842740768,3.27992645990687,-0.3205695788762707,0
10,gp_m52_pi,GP M52 + PI,2,40,10,50,25,20,1.0,3,0.15,1.4823042302637013,0.321676927858276,10.793454842740768,3.2402808605776396,-0.3870660492188109,0
10,gp_m52_pi,GP M52 + PI,3,40,15,55,20,20,1.0,3,0.15,1.5152169995640086,0.5154288158102402,10.793454842740768,3.3101677415253374,-0.3218271149383441,0
10,gp_m52_pi,GP M52 + PI,4,40,20,60,15,20,1.0,3,0.15,1.429448966608882,0.257706997222952,10.793454842740768,3.218551625099576,-0.3867025416503598,0
10,gp_m52_pi,GP M52 + PI,5,40,25,65,10,20,1.0,3,0.15,1.4842143760494917,0.3600111776115136,10.793454842740768,3.2573650059443353,-0.3788801061310346,0
10,gp_m52_pi,GP M52 + PI,6,40,30,70,5,20,1.0,5,0.25,1.5993070666048617,0.5198702317281665,10.793454842740768,3.3656162971455603,-0.3427652985384793,0
10,gp_m52_pi,GP M52 + PI,7,40,35,75,0,20,1.0,4,0.2,1.4703235806973824,0.2718621166544821,10.793454842740768,3.2435793313899945,-1.1962966521550582,0
10,gp_m52_ei,GP M52 + EI,0,40,0,40,35,20,1.0,3,0.15,1.4925415353466502,0.4496406024489205,10.793454842740768,3.209681649486238,-0.432016637706497,0
10,gp_m52_ei,GP M52 + EI,1,40,5,45,30,20,1.0,3,0.15,1.524823370659783,0.4656329768462659,10.793454842740768,3.2659694204482768,-0.3243224966034542,0
10,gp_m52_ei,GP M52 + EI,2,40,10,50,25,20,1.0,4,0.2,1.569090648948414,0.5024931850782965,10.793454842740768,3.286323613853072,-0.3935163103213873,0
10,gp_m52_ei,GP M52 + EI,3,40,15,55,20,20,1.0,4,0.2,1.5244725019947112,0.4450538048588233,10.793454842740768,3.255066894760412,-0.3721236901731089,0
10,gp_m52_ei,GP M52 + EI,4,40,20,60,15,20,1.0,3,0.15,1.49814143430085,0.4319346589880122,10.793454842740768,3.237100710040269,-0.3682892660367106,0
10,gp_m52_ei,GP M52 + EI,5,40,25,65,10,20,1.0,4,0.2,1.5255785400440125,0.4367466796162298,10.793454842740768,3.2931517377158577,-0.3778138798711049,0
10,gp_m52_ei,GP M52 + EI,6,40,30,70,5,20,1.0,6,0.3,1.622894892292353,0.5285452535362625,10.793454842740768,3.3950267945700268,-0.3480071318278887,0
10,gp_m52_ei,GP M52 + EI,7,40,35,75,0,20,1.0,4,0.2,1.4703235806973824,0.2718621166544821,10.793454842740768,3.2435793313899945,-1.1962966521550582,0
10,pi_random_exploration,GP M52 PI + Random Exploration,0,40,0,40,35,20,1.0,3,0.15,1.4925415353466502,0.4496406024489205,10.793454842740768,3.209681649486238,-0.432016637706497,0
10,pi_random_exploration,GP M52 PI + Random Exploration,1,40,5,45,30,20,1.0,3,0.15,1.5106887304464718,0.5227869390179922,10.793454842740768,3.276735776852061,-0.3374361320895055,0
10,pi_random_exploration,GP M52 PI + Random Exploration,2,40,10,50,25,20,1.0,3,0.15,1.473542513488837,0.3643230773021209,10.793454842740768,3.2287000052095105,-0.3718278819683415,0
10,pi_random_exploration,GP M52 PI + Random Exploration,3,40,15,55,20,20,1.0,3,0.15,1.4654650859895535,0.3140967742447502,10.793454842740768,3.244959854767945,-0.353455878116626,0
10,pi_random_exploration,GP M52 PI + Random Exploration,4,40,20,60,15,20,1.0,3,0.15,1.4508627283159865,0.2886623628022713,10.793454842740768,3.2064878952993543,-0.4188662204536144,0
10,pi_random_exploration,GP M52 PI + Random Exploration,5,40,25,65,10,20,1.0,3,0.15,1.4294090920380125,0.3271597489011304,10.793454842740768,3.192856615724824,-0.394844783979354,0
10,pi_random_exploration,GP M52 PI + Random Exploration,6,40,30,70,5,20,1.0,3,0.15,1.479070329334101,0.3154521252176279,10.793454842740768,3.2442171114588194,-1.2082954568450348,0
10,pi_random_exploration,GP M52 PI + Random Exploration,7,40,35,75,0,20,1.0,4,0.2,1.4703235806973824,0.2718621166544821,10.793454842740768,3.2435793313899945,-1.1962966521550582,0
10,pi_uncertainty,PI + Uncertainty,0,40,0,40,35,20,1.0,3,0.15,1.4925415353466502,0.4496406024489205,10.793454842740768,3.209681649486238,-0.432016637706497,0
10,pi_uncertainty,PI + Uncertainty,1,40,5,45,30,20,1.0,3,0.15,1.514244913928066,0.4617813973808631,10.793454842740768,3.2660428374536936,-0.3684162326262603,0
10,pi_uncertainty,PI + Uncertainty,2,40,10,50,25,20,1.0,3,0.15,1.48827101129421,0.395173798415243,10.793454842740768,3.258017843874208,-0.355426710981399,0
10,pi_uncertainty,PI + Uncertainty,3,40,15,55,20,20,1.0,3,0.15,1.4346560263711432,0.3163369243965781,10.793454842740768,3.205839663526997,-0.3781681714205047,0
10,pi_uncertainty,PI + Uncertainty,4,40,20,60,15,20,1.0,4,0.2,1.49421205295728,0.3960801989473732,10.793454842740768,3.228152345203986,-0.3976679623958944,0
10,pi_uncertainty,PI + Uncertainty,5,40,25,65,10,20,1.0,3,0.15,1.4750040496531962,0.3279232369616993,10.793454842740768,3.26068971695406,-0.3631502888528935,0
10,pi_uncertainty,PI + Uncertainty,6,40,30,70,5,20,1.0,5,0.25,1.5887250822678447,0.5196588896120051,10.793454842740768,3.355355382514195,-0.3616469950343802,0
10,pi_uncertainty,PI + Uncertainty,7,40,35,75,0,20,1.0,4,0.2,1.4703235806973824,0.2718621166544821,10.793454842740768,3.2435793313899945,-1.1962966521550582,0
10,imperfection_aware,Imperfection-aware,0,40,0,40,35,20,1.0,3,0.15,1.4925415353466502,0.4496406024489205,10.793454842740768,3.209681649486238,-0.432016637706497,0
10,imperfection_aware,Imperfection-aware,1,40,5,45,30,20,1.0,3,0.15,1.5271369006968232,0.5289576632035016,10.793454842740768,3.2818021274038984,-0.3080682270317633,0
10,imperfection_aware,Imperfection-aware,2,40,10,50,25,20,1.0,4,0.2,1.530959600989781,0.356728651040811,10.793454842740768,3.2953303108242986,-0.3920641399883605,0
10,imperfection_aware,Imperfection-aware,3,40,15,55,20,20,1.0,3,0.15,1.529160398744103,0.4479223864841981,10.793454842740768,3.288712624699816,-0.3393955674818831,0
10,imperfection_aware,Imperfection-aware,4,40,20,60,15,20,1.0,4,0.2,1.52015792485668,0.3418942792485766,10.793454842740768,3.2526048103697383,-0.4183388673259226,0
10,imperfection_aware,Imperfection-aware,5,40,25,65,10,20,1.0,5,0.25,1.5988226323560066,0.5188004885232322,10.793454842740768,3.369095392391716,-0.3194345208137963,0
10,imperfection_aware,Imperfection-aware,6,40,30,70,5,20,1.0,4,0.2,1.5443958697125868,0.4838781018391458,10.793454842740768,3.335875117619065,-0.3195413189390547,0
10,imperfection_aware,Imperfection-aware,7,40,35,75,0,20,1.0,4,0.2,1.4703235806973824,0.2718621166544821,10.793454842740768,3.2435793313899945,-1.1962966521550582,1
11,random,Random,0,40,0,40,35,20,1.0,7,0.35,2.2772727530066734,0.2531398711802195,11.953828499481324,4.508572094227661,-2.113704866542375,0
11,random,Random,1,40,5,45,30,20,1.0,6,0.3,1.385896233758152,0.135293332826917,10.380994213509265,2.857840209953111,-1.3256027331605256,0
11,random,Random,2,40,10,50,25,20,1.0,6,0.3,1.238484606931067,0.1315844044700549,10.380994213509265,2.7586848748216086,-1.1703811003406916,0
11,random,Random,3,40,15,55,20,20,1.0,4,0.2,1.225159458399506,0.2423891724366349,10.380994213509265,2.7288797394657456,-1.0143448006221238,0
11,random,Random,4,40,20,60,15,20,1.0,4,0.2,1.2193017839468785,0.2344382679165244,10.380994213509265,2.7306256265483375,-1.0390140911328438,0
11,random,Random,5,40,25,65,10,20,1.0,4,0.2,1.1728914812424382,0.3441690220312949,10.380994213509265,2.691915581222894,-1.0140746955471875,0
11,random,Random,6,40,30,70,5,20,1.0,4,0.2,1.1486468434005537,0.2769008352342981,10.380994213509265,2.6921696267839854,-0.9702698968107936,0
11,random,Random,7,40,35,75,0,20,1.0,3,0.15,1.1728138941226245,0.4113529077369877,10.380994213509265,2.6911042884608825,-1.0483531520267015,0
11,gp_m52_pi,GP M52 + PI,0,40,0,40,35,20,1.0,7,0.35,2.2772727530066734,0.2531398711802195,11.953828499481324,4.508572094227661,-2.113704866542375,0
11,gp_m52_pi,GP M52 + PI,1,40,5,45,30,20,1.0,7,0.35,2.2511652635076747,0.1434263096998691,11.953828499481324,4.511591744191117,-2.0753619639350824,0
11,gp_m52_pi,GP M52 + PI,2,40,10,50,25,20,1.0,7,0.35,2.2860680272393807,0.1505116833476414,11.953828499481324,4.515363934737374,-2.0765873680597613,0
11,gp_m52_pi,GP M52 + PI,3,40,15,55,20,20,1.0,7,0.35,2.204018415200502,0.0963532603195886,11.953828499481324,4.494542598256594,-2.0214884821603234,0
11,gp_m52_pi,GP M52 + PI,4,40,20,60,15,20,1.0,7,0.35,1.4157306547826454,0.4128186705686474,10.380994213509265,2.8438742248276636,-1.29998883368462,0
11,gp_m52_pi,GP M52 + PI,5,40,25,65,10,20,1.0,6,0.3,1.2972555488255957,0.1258584230678376,10.380994213509265,2.801016839877427,-1.2139901508598758,0
11,gp_m52_pi,GP M52 + PI,6,40,30,70,5,20,1.0,4,0.2,1.7025570176330074,0.3734607673114878,10.729284487191537,3.640416873553983,-1.5373281379138442,0
11,gp_m52_pi,GP M52 + PI,7,40,35,75,0,20,1.0,3,0.15,1.1728138941226245,0.4113529077369877,10.380994213509265,2.6911042884608825,-1.0483531520267015,0
11,gp_m52_ei,GP M52 + EI,0,40,0,40,35,20,1.0,7,0.35,2.2772727530066734,0.2531398711802195,11.953828499481324,4.508572094227661,-2.113704866542375,0
11,gp_m52_ei,GP M52 + EI,1,40,5,45,30,20,1.0,7,0.35,1.8291698783019648,0.2336860866848242,11.953828499481324,3.841273600986701,-1.6040493437582106,0
11,gp_m52_ei,GP M52 + EI,2,40,10,50,25,20,1.0,6,0.3,2.2293945628027703,0.3300324560667729,11.953828499481324,4.490856517817586,-2.167589862695675,0
11,gp_m52_ei,GP M52 + EI,3,40,15,55,20,20,1.0,7,0.35,2.2193291907798787,0.0957659896039659,11.953828499481324,4.494319545367348,-2.0407744786794413,0
11,gp_m52_ei,GP M52 + EI,4,40,20,60,15,20,1.0,7,0.35,1.4157306547826454,0.4128186705686474,10.380994213509265,2.8438742248276636,-1.29998883368462,0
11,gp_m52_ei,GP M52 + EI,5,40,25,65,10,20,1.0,6,0.3,1.318845304745997,0.1710387129724768,10.380994213509265,2.814646018452167,-1.2112403072562228,0
11,gp_m52_ei,GP M52 + EI,6,40,30,70,5,20,1.0,4,0.2,1.213200516278266,0.3349653816088578,10.380994213509265,2.7145233277318837,-1.0649011281706906,0
11,gp_m52_ei,GP M52 + EI,7,40,35,75,0,20,1.0,3,0.15,1.1728138941226245,0.4113529077369877,10.380994213509265,2.6911042884608825,-1.0483531520267015,0
11,pi_random_exploration,GP M52 PI + Random Exploration,0,40,0,40,35,20,1.0,7,0.35,2.2772727530066734,0.2531398711802195,11.953828499481324,4.508572094227661,-2.113704866542375,0
11,pi_random_exploration,GP M52 PI + Random Exploration,1,40,5,45,30,20,1.0,7,0.35,1.426922673455195,0.2461566564718618,10.380994213509265,2.887020006105573,-1.2737392940875223,0
11,pi_random_exploration,GP M52 PI + Random Exploration,2,40,10,50,25,20,1.0,7,0.35,1.3659052997123042,0.2639007262038149,10.380994213509265,2.8243212432362412,-1.2108787483076375,0
11,pi_random_exploration,GP M52 PI + Random Exploration,3,40,15,55,20,20,1.0,7,0.35,1.3154164876920489,0.1078444591255038,10.380994213509265,2.7924630486034685,-1.1420021037195405,0
11,pi_random_exploration,GP M52 PI + Random Exploration,4,40,20,60,15,20,1.0,5,0.25,1.2867082594869004,0.2769411714599856,10.380994213509265,2.778608940956513,-1.006056723989708,0
11,pi_random_exploration,GP M52 PI + Random Exploration,5,40,25,65,10,20,1.0,4,0.2,1.220593051560943,0.2218457129757727,10.380994213509265,2.7637660345984507,-1.0697372428453429,0
11,pi_random_exploration,GP M52 PI + Random Exploration,6,40,30,70,5,20,1.0,4,0.2,1.2251729965811318,0.2092888697474251,10.380994213509265,2.7713121254772872,-1.088654782316207,0
11,pi_random_exploration,GP M52 PI + Random Exploration,7,40,35,75,0,20,1.0,3,0.15,1.1728138941226245,0.4113529077369877,10.380994213509265,2.6911042884608825,-1.0483531520267015,0
11,pi_uncertainty,PI + Uncertainty,0,40,0,40,35,20,1.0,7,0.35,2.2772727530066734,0.2531398711802195,11.953828499481324,4.508572094227661,-2.113704866542375,0
11,pi_uncertainty,PI + Uncertainty,1,40,5,45,30,20,1.0,7,0.35,2.251926340734314,0.1878967809667102,11.953828499481324,4.504906354771928,-2.0611875838503586,0
11,pi_uncertainty,PI + Uncertainty,2,40,10,50,25,20,1.0,7,0.35,2.263437856649323,0.204505626735366,11.953828499481324,4.505684122967809,-2.0986791825222353,0
11,pi_uncertainty,PI + Uncertainty,3,40,15,55,20,20,1.0,6,0.3,1.772110959509147,0.1042357337710147,11.953828499481324,3.837626672586538,-1.6927029735473318,0
11,pi_uncertainty,PI + Uncertainty,4,40,20,60,15,20,1.0,7,0.35,1.4157306547826454,0.4128186705686474,10.380994213509265,2.8438742248276636,-1.29998883368462,0
11,pi_uncertainty,PI + Uncertainty,5,40,25,65,10,20,1.0,6,0.3,1.266241706313337,0.1300170310935335,10.380994213509265,2.7876934288209685,-1.1813300091468064,0
11,pi_uncertainty,PI + Uncertainty,6,40,30,70,5,20,1.0,4,0.2,1.2186646167218125,0.2121257322368519,10.380994213509265,2.7355676072850543,-1.0562431174259324,0
11,pi_uncertainty,PI + Uncertainty,7,40,35,75,0,20,1.0,3,0.15,1.1728138941226245,0.4113529077369877,10.380994213509265,2.6911042884608825,-1.0483531520267015,0
11,imperfection_aware,Imperfection-aware,0,40,0,40,35,20,1.0,7,0.35,2.2772727530066734,0.2531398711802195,11.953828499481324,4.508572094227661,-2.113704866542375,0
11,imperfection_aware,Imperfection-aware,1,40,5,45,30,20,1.0,7,0.35,2.2511652635076747,0.1434263096998691,11.953828499481324,4.511591744191117,-2.0753619639350824,0
11,imperfection_aware,Imperfection-aware,2,40,10,50,25,20,1.0,7,0.35,2.2443875042316703,0.0860141953099598,11.953828499481324,4.5138466841804,-2.051068176339018,0
11,imperfection_aware,Imperfection-aware,3,40,15,55,20,20,1.0,6,0.3,1.3443860009514286,0.168992969301656,10.380994213509265,2.8181289977454735,-1.1591567029063186,0
11,imperfection_aware,Imperfection-aware,4,40,20,60,15,20,1.0,6,0.3,1.2622377685390884,0.1554317220203991,10.380994213509265,2.7666084098486765,-1.0845774287519956,0
11,imperfection_aware,Imperfection-aware,5,40,25,65,10,20,1.0,4,0.2,1.1183717862924407,0.1542607988302036,10.380994213509265,2.690975114287738,-0.9794546473357492,0
11,imperfection_aware,Imperfection-aware,6,40,30,70,5,20,1.0,5,0.25,1.5677201811990502,0.1772787407400118,10.380994213509265,3.342026861417196,-1.4681589385515592,1
11,imperfection_aware,Imperfection-aware,7,40,35,75,0,20,1.0,3,0.15,1.1728138941226245,0.4113529077369877,10.380994213509265,2.6911042884608825,-1.0483531520267015,2
12,random,Random,0,40,0,40,35,20,1.0,4,0.2,1.3392621105759317,0.5533899107048486,11.953828499481324,3.051851086689045,-1.2770373931876378,0
12,random,Random,1,40,5,45,30,20,1.0,5,0.25,1.6076562051429657,0.3218539702749128,11.953828499481324,3.52832307542704,-1.5245913210773705,0
12,random,Random,2,40,10,50,25,20,1.0,4,0.2,1.1824472035797144,0.3405554065125864,8.100464891029363,2.451418996049242,-1.1146143469160603,0
12,random,Random,3,40,15,55,20,20,1.0,5,0.25,1.1452052156253625,0.2685667605128472,8.100464891029363,2.3984484342237717,-1.049376350857838,0
12,random,Random,4,40,20,60,15,20,1.0,4,0.2,1.1473925075684837,0.2563647731195706,8.100464891029363,2.4190096653720405,-1.028164463369705,0
12,random,Random,5,40,25,65,10,20,1.0,5,0.25,1.032587872948072,0.1068984246955677,8.100464891029363,2.349972506693377,-0.926174593604096,0
12,random,Random,6,40,30,70,5,20,1.0,4,0.2,0.9854066141865822,0.090428613918605,8.100464891029363,2.3081611575548524,-0.9042745914615063,0
12,random,Random,7,40,35,75,0,20,1.0,3,0.15,0.7546224351263234,0.1554367880222553,8.100464891029363,1.9071846841346396,-0.4480994818484028,0
12,gp_m52_pi,GP M52 + PI,0,40,0,40,35,20,1.0,4,0.2,1.3392621105759317,0.5533899107048486,11.953828499481324,3.051851086689045,-1.2770373931876378,0
12,gp_m52_pi,GP M52 + PI,1,40,5,45,30,20,1.0,4,0.2,1.2391837976084326,0.4151687468672933,11.953828499481324,3.028892982283592,-1.1678708950090466,0
12,gp_m52_pi,GP M52 + PI,2,40,10,50,25,20,1.0,4,0.2,1.211631929314828,0.2417614185872425,11.953828499481324,3.032850129142114,-1.141101539523697,0
12,gp_m52_pi,GP M52 + PI,3,40,15,55,20,20,1.0,4,0.2,1.0652849227681709,0.2533946497979062,8.100464891029363,2.3269012791655004,-0.9712394724295812,0
12,gp_m52_pi,GP M52 + PI,4,40,20,60,15,20,1.0,4,0.2,1.043276363045804,0.2729659387726828,8.100464891029363,2.320560112119818,-0.9254949153366128,0
12,gp_m52_pi,GP M52 + PI,5,40,25,65,10,20,1.0,4,0.2,1.0056692470320292,0.1201033159965376,8.100464891029363,2.315005229700427,-0.9033640650181628,0
12,gp_m52_pi,GP M52 + PI,6,40,30,70,5,20,1.0,4,0.2,1.01260609366716,0.145477080825862,8.100464891029363,2.3179725407633063,-0.8821132823903597,0
12,gp_m52_pi,GP M52 + PI,7,40,35,75,0,20,1.0,3,0.15,0.7546224351263234,0.1554367880222553,8.100464891029363,1.9071846841346396,-0.4480994818484028,0
12,gp_m52_ei,GP M52 + EI,0,40,0,40,35,20,1.0,4,0.2,1.3392621105759317,0.5533899107048486,11.953828499481324,3.051851086689045,-1.2770373931876378,0
12,gp_m52_ei,GP M52 + EI,1,40,5,45,30,20,1.0,4,0.2,1.2957685956893543,0.4282927302878345,11.953828499481324,3.042190587765519,-1.2344300214084736,0
12,gp_m52_ei,GP M52 + EI,2,40,10,50,25,20,1.0,4,0.2,1.202983543284708,0.2204716421184356,11.953828499481324,3.031163205966645,-1.082426705455104,0
12,gp_m52_ei,GP M52 + EI,3,40,15,55,20,20,1.0,4,0.2,0.5019281044544808,0.2468116558493731,2.8009053983750913,0.8470044885923618,-0.2086676387660442,0
12,gp_m52_ei,GP M52 + EI,4,40,20,60,15,20,1.0,4,0.2,0.7002817679082851,0.2370484179428889,5.8805329864007,1.4870836013397468,-0.5766044670984043,0
12,gp_m52_ei,GP M52 + EI,5,40,25,65,10,20,1.0,4,0.2,0.8184529081333283,0.1738289394727781,8.100464891029363,1.965527154719796,-0.5015561604000875,0
12,gp_m52_ei,GP M52 + EI,6,40,30,70,5,20,1.0,3,0.15,0.4355692935288216,0.1350911140706996,2.29642088182508,0.8005019558058719,-0.1169523839609544,0
12,gp_m52_ei,GP M52 + EI,7,40,35,75,0,20,1.0,3,0.15,0.7546224351263234,0.1554367880222553,8.100464891029363,1.9071846841346396,-0.4480994818484028,0
12,pi_random_exploration,GP M52 PI + Random Exploration,0,40,0,40,35,20,1.0,4,0.2,1.3392621105759317,0.5533899107048486,11.953828499481324,3.051851086689045,-1.2770373931876378,0
12,pi_random_exploration,GP M52 PI + Random Exploration,1,40,5,45,30,20,1.0,4,0.2,1.2186300440862483,0.3993731987299815,11.953828499481324,3.0209191490968528,-1.1562716424942383,0
12,pi_random_exploration,GP M52 PI + Random Exploration,2,40,10,50,25,20,1.0,3,0.15,1.1504978988848549,0.2742404472355999,11.953828499481324,3.006913097184028,-1.0174313108975954,0
12,pi_random_exploration,GP M52 PI + Random Exploration,3,40,15,55,20,20,1.0,3,0.15,1.061384942931041,0.2498936633260022,8.100464891029363,2.34332688618436,-0.92615033523208,0
12,pi_random_exploration,GP M52 PI + Random Exploration,4,40,20,60,15,20,1.0,4,0.2,0.9883331014554096,0.1646384973121817,8.100464891029363,2.299452795605388,-0.8747010629293615,0
12,pi_random_exploration,GP M52 PI + Random Exploration,5,40,25,65,10,20,1.0,3,0.15,0.966939717325474,0.1749076362797028,8.100464891029363,2.297044677757964,-0.855047451881463,0
12,pi_random_exploration,GP M52 PI + Random Exploration,6,40,30,70,5,20,1.0,4,0.2,0.7692944782748923,0.1665278979147153,8.100464891029363,1.9123094028212664,-0.5026888384114465,0
12,pi_random_exploration,GP M52 PI + Random Exploration,7,40,35,75,0,20,1.0,3,0.15,0.7546224351263234,0.1554367880222553,8.100464891029363,1.9071846841346396,-0.4480994818484028,0
12,pi_uncertainty,PI + Uncertainty,0,40,0,40,35,20,1.0,4,0.2,1.3392621105759317,0.5533899107048486,11.953828499481324,3.051851086689045,-1.2770373931876378,0
12,pi_uncertainty,PI + Uncertainty,1,40,5,45,30,20,1.0,6,0.3,1.3651652282535245,0.4877905588751003,11.953828499481324,3.0658938320829328,-1.3022234200124168,0
12,pi_uncertainty,PI + Uncertainty,2,40,10,50,25,20,1.0,6,0.3,1.6435150345102456,0.3595388773417971,11.953828499481324,3.5368784348019497,-1.538078900957204,0
12,pi_uncertainty,PI + Uncertainty,3,40,15,55,20,20,1.0,4,0.2,0.5356683412055819,0.2919770970036897,2.765427035023894,0.862862057117721,-0.2529495896404474,0
12,pi_uncertainty,PI + Uncertainty,4,40,20,60,15,20,1.0,4,0.2,0.8858150663870603,0.2796558919201555,8.100464891029363,1.9808572690096384,-0.5541209859699519,0
12,pi_uncertainty,PI + Uncertainty,5,40,25,65,10,20,1.0,3,0.15,0.4738541410081627,0.2505842946198351,2.363682766177554,0.798614761055344,-0.1615752378542954,0
12,pi_uncertainty,PI + Uncertainty,6,40,30,70,5,20,1.0,4,0.2,0.9880561432132112,0.1411119216517082,8.100464891029363,2.299162321231806,-0.8868647624435493,0
12,pi_uncertainty,PI + Uncertainty,7,40,35,75,0,20,1.0,3,0.15,0.7546224351263234,0.1554367880222553,8.100464891029363,1.9071846841346396,-0.4480994818484028,0
12,imperfection_aware,Imperfection-aware,0,40,0,40,35,20,1.0,4,0.2,1.3392621105759317,0.5533899107048486,11.953828499481324,3.051851086689045,-1.2770373931876378,0
12,imperfection_aware,Imperfection-aware,1,40,5,45,30,20,1.0,4,0.2,0.8070428716448635,0.3913237356254262,5.8805329864007,1.5728409579884528,-0.736018710252939,0
12,imperfection_aware,Imperfection-aware,2,40,10,50,25,20,1.0,4,0.2,0.7300588168202459,0.1907655011500444,5.8805329864007,1.5472614991281084,-0.6329323826751755,0
12,imperfection_aware,Imperfection-aware,3,40,15,55,20,20,1.0,3,0.15,0.4575525382965685,0.2305334513078927,2.2590270131704777,0.7696590675981427,-0.1395567345920604,0
12,imperfection_aware,Imperfection-aware,4,40,20,60,15,20,1.0,3,0.15,0.4638646400468441,0.2218050068595998,2.4241620497188983,0.796303475871343,-0.1861459397494407,0
12,imperfection_aware,Imperfection-aware,5,40,25,65,10,20,1.0,4,0.2,0.5290270974488829,0.2956480644488577,2.3460551910942407,0.8495704322424744,-0.2543641438192908,0
12,imperfection_aware,Imperfection-aware,6,40,30,70,5,20,1.0,3,0.15,0.9554566473951468,0.1310790338438403,8.100464891029363,2.2880288437732523,-0.8664039208105448,0
12,imperfection_aware,Imperfection-aware,7,40,35,75,0,20,1.0,3,0.15,0.7546224351263234,0.1554367880222553,8.100464891029363,1.9071846841346396,-0.4480994818484028,1
13,random,Random,0,40,0,40,35,20,1.0,8,0.4,1.8810124501768928,0.3021596127022627,10.64742289992818,3.5439472270678354,-1.8664034671520355,0
13,random,Random,1,40,5,45,30,20,1.0,9,0.45,1.936945054717237,0.4079520014605089,10.64742289992818,3.552500789173481,-1.931156942014684,0
13,random,Random,2,40,10,50,25,20,1.0,8,0.4,1.8838121641252277,0.3138154630380478,10.64742289992818,3.5322823207659986,-1.878422020308848,0
13,random,Random,3,40,15,55,20,20,1.0,8,0.4,1.8708932938970957,0.2410535765898114,10.64742289992818,3.525373777954996,-1.831711578737916,0
13,random,Random,4,40,20,60,15,20,1.0,8,0.4,1.7522380133867528,0.512251263407105,10.64742289992818,3.319633518677823,-1.423272952683427,0
13,random,Random,5,40,25,65,10,20,1.0,7,0.35,2.1117944884951023,0.3987653263059929,10.64742289992818,4.006464193336838,-1.8757866719768508,0
13,random,Random,6,40,30,70,5,20,1.0,8,0.4,1.6664406551419857,0.1632385989584452,10.64742289992818,3.2969104610576867,-1.3524371405503834,0
13,random,Random,7,40,35,75,0,20,1.0,8,0.4,1.7467207380439056,0.2458711646192855,10.64742289992818,3.3610253276193673,-1.2824762764937414,0
13,gp_m52_pi,GP M52 + PI,0,40,0,40,35,20,1.0,8,0.4,1.8810124501768928,0.3021596127022627,10.64742289992818,3.5439472270678354,-1.8664034671520355,0
13,gp_m52_pi,GP M52 + PI,1,40,5,45,30,20,1.0,8,0.4,1.8914847581762355,0.3367746945673309,10.64742289992818,3.527578306800911,-1.826971374626321,0
13,gp_m52_pi,GP M52 + PI,2,40,10,50,25,20,1.0,9,0.45,1.859859338653428,0.3336004483920964,10.64742289992818,3.5147081000243343,-1.7856552185273735,0
13,gp_m52_pi,GP M52 + PI,3,40,15,55,20,20,1.0,9,0.45,2.0689113050891335,0.3506011285053318,10.64742289992818,3.618183913893626,-1.9865875071025865,0
13,gp_m52_pi,GP M52 + PI,4,40,20,60,15,20,1.0,9,0.45,1.9915554676833789,0.3084734121068404,10.64742289992818,3.576214459441186,-1.9148859741930004,0
13,gp_m52_pi,GP M52 + PI,5,40,25,65,10,20,1.0,9,0.45,1.8268732817203983,0.1791427997047634,10.64742289992818,3.3894712220114727,-1.6262483292999708,0
13,gp_m52_pi,GP M52 + PI,6,40,30,70,5,20,1.0,9,0.45,1.7194808259894725,0.2622017245928489,10.64742289992818,3.311362415177561,-1.3830238283203409,0
13,gp_m52_pi,GP M52 + PI,7,40,35,75,0,20,1.0,8,0.4,1.7467207380439056,0.2458711646192855,10.64742289992818,3.3610253276193673,-1.2824762764937414,0
13,gp_m52_ei,GP M52 + EI,0,40,0,40,35,20,1.0,8,0.4,1.8810124501768928,0.3021596127022627,10.64742289992818,3.5439472270678354,-1.8664034671520355,0
13,gp_m52_ei,GP M52 + EI,1,40,5,45,30,20,1.0,7,0.35,1.8713462288691671,0.2769058712994798,10.64742289992818,3.5350606923851737,-1.8259108462531783,0
13,gp_m52_ei,GP M52 + EI,2,40,10,50,25,20,1.0,8,0.4,1.8769795047816744,0.2900638782441955,10.64742289992818,3.5272860827403134,-1.8143960134480348,0
13,gp_m52_ei,GP M52 + EI,3,40,15,55,20,20,1.0,8,0.4,1.9244295313962376,0.3394915335640709,10.64742289992818,3.5466582798665844,-1.8494274486395548,0
13,gp_m52_ei,GP M52 + EI,4,40,20,60,15,20,1.0,9,0.45,2.0632400929903207,0.2938747393528089,10.64742289992818,3.623210040463099,-2.003903939349096,0
13,gp_m52_ei,GP M52 + EI,5,40,25,65,10,20,1.0,9,0.45,1.7974392184465888,0.3154598630105099,10.64742289992818,3.346765787838538,-1.5731294952983474,0
13,gp_m52_ei,GP M52 + EI,6,40,30,70,5,20,1.0,9,0.45,1.6868657144990422,0.266231756297155,10.64742289992818,3.2952980325319055,-1.4119885757333308,0
13,gp_m52_ei,GP M52 + EI,7,40,35,75,0,20,1.0,8,0.4,1.7467207380439056,0.2458711646192855,10.64742289992818,3.3610253276193673,-1.2824762764937414,0
13,pi_random_exploration,GP M52 PI + Random Exploration,0,40,0,40,35,20,1.0,8,0.4,1.8810124501768928,0.3021596127022627,10.64742289992818,3.5439472270678354,-1.8664034671520355,0
13,pi_random_exploration,GP M52 PI + Random Exploration,1,40,5,45,30,20,1.0,7,0.35,1.8619569341636943,0.3216983061241096,10.64742289992818,3.5197205580215134,-1.801043658978741,0
13,pi_random_exploration,GP M52 PI + Random Exploration,2,40,10,50,25,20,1.0,4,0.2,1.5068261878437688,0.3498329547166241,10.64742289992818,3.234545464262426,-1.2047627914672767,0
13,pi_random_exploration,GP M52 PI + Random Exploration,3,40,15,55,20,20,1.0,5,0.25,1.555355677647934,0.3327195584998454,10.64742289992818,3.261051913130592,-1.1651535235315946,0
13,pi_random_exploration,GP M52 PI + Random Exploration,4,40,20,60,15,20,1.0,9,0.45,1.791969667648668,0.3674891842471037,10.64742289992818,3.3397678114372273,-1.5254513021173524,0
13,pi_random_exploration,GP M52 PI + Random Exploration,5,40,25,65,10,20,1.0,8,0.4,1.740125561853538,0.263383550954928,10.64742289992818,3.325974037252774,-1.4936040806326427,0
13,pi_random_exploration,GP M52 PI + Random Exploration,6,40,30,70,5,20,1.0,8,0.4,1.724492142881966,0.202367823490321,10.64742289992818,3.32374576057729,-1.4134347836391752,0
13,pi_random_exploration,GP M52 PI + Random Exploration,7,40,35,75,0,20,1.0,8,0.4,1.7467207380439056,0.2458711646192855,10.64742289992818,3.3610253276193673,-1.2824762764937414,0
13,pi_uncertainty,PI + Uncertainty,0,40,0,40,35,20,1.0,8,0.4,1.8810124501768928,0.3021596127022627,10.64742289992818,3.5439472270678354,-1.8664034671520355,0
13,pi_uncertainty,PI + Uncertainty,1,40,5,45,30,20,1.0,9,0.45,1.9491896980971533,0.3059498840534678,10.64742289992818,3.5521212566198157,-1.9003508356495444,0
13,pi_uncertainty,PI + Uncertainty,2,40,10,50,25,20,1.0,8,0.4,1.8911818829285856,0.3412677822533938,10.64742289992818,3.5299247657729347,-1.8055732465681755,0
13,pi_uncertainty,PI + Uncertainty,3,40,15,55,20,20,1.0,9,0.45,2.0035393811106084,0.3619988160520133,10.64742289992818,3.581070231364934,-1.913100936988522,0
13,pi_uncertainty,PI + Uncertainty,4,40,20,60,15,20,1.0,9,0.45,1.9226907919617569,0.2821028155894645,10.64742289992818,3.5428993569095826,-1.8515853438387713,0
13,pi_uncertainty,PI + Uncertainty,5,40,25,65,10,20,1.0,8,0.4,1.9033340747065512,0.1970661975326804,10.64742289992818,3.5468962364128913,-1.8473403031781663,0
13,pi_uncertainty,PI + Uncertainty,6,40,30,70,5,20,1.0,9,0.45,1.735843143375975,0.1783078056126426,10.64742289992818,3.3301542166525113,-1.397827131001166,0
13,pi_uncertainty,PI + Uncertainty,7,40,35,75,0,20,1.0,8,0.4,1.7467207380439056,0.2458711646192855,10.64742289992818,3.3610253276193673,-1.2824762764937414,0
13,imperfection_aware,Imperfection-aware,0,40,0,40,35,20,1.0,8,0.4,1.8810124501768928,0.3021596127022627,10.64742289992818,3.5439472270678354,-1.8664034671520355,0
13,imperfection_aware,Imperfection-aware,1,40,5,45,30,20,1.0,8,0.4,1.8689632367000797,0.2836347110064752,10.64742289992818,3.524059508527035,-1.8099386179069976,0
13,imperfection_aware,Imperfection-aware,2,40,10,50,25,20,1.0,6,0.3,1.7672249035142034,0.2905661393605161,10.64742289992818,3.487745354174534,-1.691815186200257,0
13,imperfection_aware,Imperfection-aware,3,40,15,55,20,20,1.0,8,0.4,1.9061945357046053,0.2952307218665959,10.64742289992818,3.539200809257143,-1.8226122721317783,0
13,imperfection_aware,Imperfection-aware,4,40,20,60,15,20,1.0,9,0.45,1.9149758184930432,0.2622137140766858,10.64742289992818,3.540100553597419,-1.8423920468219337,0
13,imperfection_aware,Imperfection-aware,5,40,25,65,10,20,1.0,9,0.45,1.6987208046511757,0.2746059301875938,10.64742289992818,3.295910703389425,-1.3694044710830806,0
13,imperfection_aware,Imperfection-aware,6,40,30,70,5,20,1.0,8,0.4,1.6751137794175754,0.2648061047116696,10.64742289992818,3.312575288235438,-1.253923292118677,1
13,imperfection_aware,Imperfection-aware,7,40,35,75,0,20,1.0,8,0.4,1.7467207380439056,0.2458711646192855,10.64742289992818,3.3610253276193673,-1.2824762764937414,2
14,random,Random,0,40,0,40,35,20,1.0,6,0.3,2.3493575503231474,0.417492765449321,10.907331181418146,4.630026930680322,-2.2472038896097053,0
14,random,Random,1,40,5,45,30,20,1.0,5,0.25,2.717842720046334,0.2994455310716661,10.907331181418146,5.0195821542259305,-2.5929594657936015,0
14,random,Random,2,40,10,50,25,20,1.0,6,0.3,2.394505157307255,0.4954544588329366,10.907331181418146,4.6417113265964955,-2.141597381936581,0
14,random,Random,3,40,15,55,20,20,1.0,7,0.35,2.4042923806532466,0.3738895964197013,10.907331181418146,4.648145815318528,-2.236707996803143,0
14,random,Random,4,40,20,60,15,20,1.0,8,0.4,2.830353038014586,0.5525142169017716,10.907331181418146,5.0450646197549425,-2.660667185979342,0
14,random,Random,5,40,25,65,10,20,1.0,6,0.3,1.4684045639503034,0.5501209381202914,10.793454842740768,3.160456415929387,-1.2072654025639833,0
14,random,Random,6,40,30,70,5,20,1.0,6,0.3,1.4000997975118403,0.4937375218820143,10.793454842740768,3.1339278255917233,-1.185599288706123,0
14,random,Random,7,40,35,75,0,20,1.0,5,0.25,1.8999932072254944,0.5088375301131762,10.833878408789063,3.959272241024458,-1.639086798148345,0
14,gp_m52_pi,GP M52 + PI,0,40,0,40,35,20,1.0,6,0.3,2.3493575503231474,0.417492765449321,10.907331181418146,4.630026930680322,-2.2472038896097053,0
14,gp_m52_pi,GP M52 + PI,1,40,5,45,30,20,1.0,6,0.3,2.3070335850226664,0.3772418932132897,10.907331181418146,4.624500600893913,-2.230347729405905,0
14,gp_m52_pi,GP M52 + PI,2,40,10,50,25,20,1.0,6,0.3,2.718062122114443,0.2208511755338182,10.907331181418146,5.0227463624961945,-2.450448739355504,0
14,gp_m52_pi,GP M52 + PI,3,40,15,55,20,20,1.0,6,0.3,2.7458929713409375,0.3630416610652984,10.907331181418146,5.025068812914466,-2.456466680514936,0
14,gp_m52_pi,GP M52 + PI,4,40,20,60,15,20,1.0,6,0.3,1.412815355231254,0.3038783953599386,10.793454842740768,3.1465394280189667,-1.1569117353757108,0
14,gp_m52_pi,GP M52 + PI,5,40,25,65,10,20,1.0,6,0.3,1.4138467022513006,0.3316597475940535,10.793454842740768,3.1413053261178487,-1.1225503082532884,0
14,gp_m52_pi,GP M52 + PI,6,40,30,70,5,20,1.0,5,0.25,1.9037151541224877,0.5052554358862347,10.833878408789063,3.959757777817047,-1.6095499038740644,0
14,gp_m52_pi,GP M52 + PI,7,40,35,75,0,20,1.0,5,0.25,1.8999932072254944,0.5088375301131762,10.833878408789063,3.959272241024458,-1.639086798148345,0
14,gp_m52_ei,GP M52 + EI,0,40,0,40,35,20,1.0,6,0.3,2.3493575503231474,0.417492765449321,10.907331181418146,4.630026930680322,-2.2472038896097053,0
14,gp_m52_ei,GP M52 + EI,1,40,5,45,30,20,1.0,7,0.35,2.7041310588349052,0.3046486296787947,10.907331181418146,5.018449455020382,-2.56353400966038,0
14,gp_m52_ei,GP M52 + EI,2,40,10,50,25,20,1.0,7,0.35,2.400896318610868,0.2424006701502721,10.907331181418146,4.488647257198926,-2.080431741890993,0
14,gp_m52_ei,GP M52 + EI,3,40,15,55,20,20,1.0,6,0.3,2.7025103495619405,0.2649866342968483,10.907331181418146,5.023241046877708,-2.445231034214369,0
14,gp_m52_ei,GP M52 + EI,4,40,20,60,15,20,1.0,5,0.25,1.297364554515385,0.1536395399890242,10.793454842740768,3.113453593692455,-1.040916205656942,0
14,gp_m52_ei,GP M52 + EI,5,40,25,65,10,20,1.0,5,0.25,1.36434884472246,0.3016660626914342,10.793454842740768,3.132588095367564,-1.0919694047636122,0
14,gp_m52_ei,GP M52 + EI,6,40,30,70,5,20,1.0,5,0.25,1.887884058938857,0.4663746349193518,10.833878408789063,3.956871562657182,-1.6197752003776031,0
14,gp_m52_ei,GP M52 + EI,7,40,35,75,0,20,1.0,5,0.25,1.8999932072254944,0.5088375301131762,10.833878408789063,3.959272241024458,-1.639086798148345,0
14,pi_random_exploration,GP M52 PI + Random Exploration,0,40,0,40,35,20,1.0,6,0.3,2.3493575503231474,0.417492765449321,10.907331181418146,4.630026930680322,-2.2472038896097053,0
14,pi_random_exploration,GP M52 PI + Random Exploration,1,40,5,45,30,20,1.0,5,0.25,1.821219555498201,0.2517197959157222,10.833878408789063,3.94775782904752,-1.6983292693974223,0
14,pi_random_exploration,GP M52 PI + Random Exploration,2,40,10,50,25,20,1.0,6,0.3,2.739562601553311,0.2521338756098723,10.907331181418146,5.023667450227122,-2.439447446206116,0
14,pi_random_exploration,GP M52 PI + Random Exploration,3,40,15,55,20,20,1.0,6,0.3,2.726132632743055,0.3323211621709001,10.907331181418146,5.02206004420098,-2.4611876542400153,0
14,pi_random_exploration,GP M52 PI + Random Exploration,4,40,20,60,15,20,1.0,6,0.3,2.680024447001707,0.2569275437852658,10.907331181418146,5.017227692806851,-2.460801456212348,0
14,pi_random_exploration,GP M52 PI + Random Exploration,5,40,25,65,10,20,1.0,5,0.25,0.9733318925581008,0.1694987075418561,8.423761246623686,2.164141244304271,-0.7617916857137683,0
14,pi_random_exploration,GP M52 PI + Random Exploration,6,40,30,70,5,20,1.0,5,0.25,1.368062298935889,0.2987466266672003,10.793454842740768,3.138533440391516,-1.1154488852714928,0
14,pi_random_exploration,GP M52 PI + Random Exploration,7,40,35,75,0,20,1.0,5,0.25,1.8999932072254944,0.5088375301131762,10.833878408789063,3.959272241024458,-1.639086798148345,0
14,pi_uncertainty,PI + Uncertainty,0,40,0,40,35,20,1.0,6,0.3,2.3493575503231474,0.417492765449321,10.907331181418146,4.630026930680322,-2.2472038896097053,0
14,pi_uncertainty,PI + Uncertainty,1,40,5,45,30,20,1.0,6,0.3,2.7052106302062735,0.3857255270086153,10.907331181418146,5.016614412883266,-2.598225282559766,0
14,pi_uncertainty,PI + Uncertainty,2,40,10,50,25,20,1.0,6,0.3,2.755147730017504,0.3810048015864113,10.907331181418146,5.027898389778522,-2.45863545685675,0
14,pi_uncertainty,PI + Uncertainty,3,40,15,55,20,20,1.0,6,0.3,2.70311779484719,0.2510216700052137,10.907331181418146,5.020856116554528,-2.435299926783806,0
14,pi_uncertainty,PI + Uncertainty,4,40,20,60,15,20,1.0,6,0.3,2.663819539664018,0.2381256488272773,10.907331181418146,5.015503362860361,-2.478145664913482,0
14,pi_uncertainty,PI + Uncertainty,5,40,25,65,10,20,1.0,5,0.25,1.827596755097646,0.2339853607381403,10.833878408789063,3.9480702567507686,-1.5666338351797031,0
14,pi_uncertainty,PI + Uncertainty,6,40,30,70,5,20,1.0,5,0.25,1.841906856273676,0.3595813239798788,10.833878408789063,3.9517451300184994,-1.5961811846270266,0
14,pi_uncertainty,PI + Uncertainty,7,40,35,75,0,20,1.0,5,0.25,1.8999932072254944,0.5088375301131762,10.833878408789063,3.959272241024458,-1.639086798148345,0
14,imperfection_aware,Imperfection-aware,0,40,0,40,35,20,1.0,6,0.3,2.3493575503231474,0.417492765449321,10.907331181418146,4.630026930680322,-2.2472038896097053,0
14,imperfection_aware,Imperfection-aware,1,40,5,45,30,20,1.0,6,0.3,2.7052106302062735,0.3857255270086153,10.907331181418146,5.016614412883266,-2.598225282559766,0
14,imperfection_aware,Imperfection-aware,2,40,10,50,25,20,1.0,6,0.3,2.731184108090253,0.2122292572110895,10.907331181418146,5.024001645610661,-2.4468830924607277,0
14,imperfection_aware,Imperfection-aware,3,40,15,55,20,20,1.0,6,0.3,2.7134590793271656,0.3194056640447771,10.907331181418146,5.020925669395146,-2.4543617337601686,0
14,imperfection_aware,Imperfection-aware,4,40,20,60,15,20,1.0,6,0.3,2.7007123735745457,0.264349743799559,10.907331181418146,5.020645564815299,-2.4472363371088335,0
14,imperfection_aware,Imperfection-aware,5,40,25,65,10,20,1.0,6,0.3,2.7217422862813043,0.3444286660942968,10.907331181418146,5.022685886813749,-2.4495421884230866,0
14,imperfection_aware,Imperfection-aware,6,40,30,70,5,20,1.0,5,0.25,1.367591854306477,0.303973290683488,10.793454842740768,3.137835493798057,-1.1143518725091472,1
14,imperfection_aware,Imperfection-aware,7,40,35,75,0,20,1.0,5,0.25,1.8999932072254944,0.5088375301131762,10.833878408789063,3.959272241024458,-1.639086798148345,2
15,random,Random,0,40,0,40,35,20,1.0,4,0.2,0.8397025364797954,0.4088694488910178,8.09346227450118,1.9197143548139768,0.3118173590987164,0
15,random,Random,1,40,5,45,30,20,1.0,3,0.15,0.7816101510057043,0.3202625157539476,7.785305182539862,1.842814715181293,0.3160930706090384,0
15,random,Random,2,40,10,50,25,20,1.0,2,0.1,0.6834316358964841,0.274220767838508,7.29505641646263,1.7027018753136252,0.2991481097619413,0
15,random,Random,3,40,15,55,20,20,1.0,1,0.05,0.2883931084369637,0.1042018449676689,1.6242551295042675,0.4923614816365003,-0.0246880282604986,0
15,random,Random,4,40,20,60,15,20,1.0,1,0.05,0.2924885823179596,0.1722433001271301,1.6087130120761524,0.4721664589903608,0.0352409923565811,0
15,random,Random,5,40,25,65,10,20,1.0,1,0.05,0.3026309124296866,0.1337754375537869,1.6027489242833033,0.4936487820734399,-0.0097649729854583,0
15,random,Random,6,40,30,70,5,20,1.0,1,0.05,0.2818561871487343,0.1180981776980258,1.8772499640144575,0.5090504903543163,0.0695581942206208,0
15,random,Random,7,40,35,75,0,20,1.0,1,0.05,0.3048969741149648,0.1886049041336477,2.004803886347898,0.5375806359285054,0.0623598858539745,0
15,gp_m52_pi,GP M52 + PI,0,40,0,40,35,20,1.0,4,0.2,0.8397025364797954,0.4088694488910178,8.09346227450118,1.9197143548139768,0.3118173590987164,0
15,gp_m52_pi,GP M52 + PI,1,40,5,45,30,20,1.0,2,0.1,0.7013321258976044,0.345888599193298,7.358193752733032,1.7191027474550338,0.3624494434659032,0
15,gp_m52_pi,GP M52 + PI,2,40,10,50,25,20,1.0,1,0.05,0.3202241698843381,0.1982344263221547,1.530457442318801,0.5017473649783133,-0.0891270507022216,0
15,gp_m52_pi,GP M52 + PI,3,40,15,55,20,20,1.0,1,0.05,0.2708751334511178,0.0763893218064177,1.5847887771594469,0.468009485583287,0.028459053642485,0
15,gp_m52_pi,GP M52 + PI,4,40,20,60,15,20,1.0,2,0.1,0.3359376464478268,0.1091011555961927,1.6422277352570918,0.5569316692328653,-0.038252901582119,0
15,gp_m52_pi,GP M52 + PI,5,40,25,65,10,20,1.0,1,0.05,0.3055255534204242,0.204247728041901,1.5920410845325916,0.4949349760823342,0.0200328244458729,0
15,gp_m52_pi,GP M52 + PI,6,40,30,70,5,20,1.0,1,0.05,0.3031547928687461,0.1961481567776584,1.7972996496036702,0.506776498171021,0.067764179363534,0
15,gp_m52_pi,GP M52 + PI,7,40,35,75,0,20,1.0,1,0.05,0.3048969741149648,0.1886049041336477,2.004803886347898,0.5375806359285054,0.0623598858539745,0
15,gp_m52_ei,GP M52 + EI,0,40,0,40,35,20,1.0,4,0.2,0.8397025364797954,0.4088694488910178,8.09346227450118,1.9197143548139768,0.3118173590987164,0
15,gp_m52_ei,GP M52 + EI,1,40,5,45,30,20,1.0,2,0.1,0.3353927494822822,0.2830891191531259,1.412223395310856,0.5004790048829547,-0.0101404891314363,0
15,gp_m52_ei,GP M52 + EI,2,40,10,50,25,20,1.0,2,0.1,0.3344123424867986,0.088251905896735,1.899725283797644,0.5937677679243674,-0.0284332651541395,0
15,gp_m52_ei,GP M52 + EI,3,40,15,55,20,20,1.0,2,0.1,0.3298401069774417,0.0863292257717756,1.8876184663448763,0.6018634493650472,-0.0139350663337257,0
15,gp_m52_ei,GP M52 + EI,4,40,20,60,15,20,1.0,1,0.05,0.3267189840396959,0.1745246068525308,1.8053145259315777,0.5333896261220342,0.0274043305382944,0
15,gp_m52_ei,GP M52 + EI,5,40,25,65,10,20,1.0,1,0.05,0.3266017086069075,0.1766745560996758,1.7292157365644425,0.5236087458037959,0.0176436622541511,0
15,gp_m52_ei,GP M52 + EI,6,40,30,70,5,20,1.0,1,0.05,0.3004693371318304,0.1891988711441463,1.8826682334761695,0.5219089344055697,0.049554248126136,0
15,gp_m52_ei,GP M52 + EI,7,40,35,75,0,20,1.0,1,0.05,0.3048969741149648,0.1886049041336477,2.004803886347898,0.5375806359285054,0.0623598858539745,0
15,pi_random_exploration,GP M52 PI + Random Exploration,0,40,0,40,35,20,1.0,4,0.2,0.8397025364797954,0.4088694488910178,8.09346227450118,1.9197143548139768,0.3118173590987164,0
15,pi_random_exploration,GP M52 PI + Random Exploration,1,40,5,45,30,20,1.0,2,0.1,0.7213833855783116,0.3877371816232768,7.820439515262181,1.8152354940147992,0.3984433439435239,0
15,pi_random_exploration,GP M52 PI + Random Exploration,2,40,10,50,25,20,1.0,1,0.05,0.3269442149611444,0.1851261846104366,1.733321464682482,0.5262715958631037,-0.037674306956697,0
15,pi_random_exploration,GP M52 PI + Random Exploration,3,40,15,55,20,20,1.0,2,0.1,0.3565257814501871,0.1603138028644712,1.8861909143536917,0.5948167639120117,-0.0042886065769701,0
15,pi_random_exploration,GP M52 PI + Random Exploration,4,40,20,60,15,20,1.0,2,0.1,0.3463904786498016,0.2034935902912646,2.180253685681772,0.6075708786228875,0.0469969446277099,0
15,pi_random_exploration,GP M52 PI + Random Exploration,5,40,25,65,10,20,1.0,1,0.05,0.3087426220537802,0.1892044700793365,2.1581455610677756,0.5645248113416031,0.0818604214340329,0
15,pi_random_exploration,GP M52 PI + Random Exploration,6,40,30,70,5,20,1.0,1,0.05,0.2911914858393513,0.1568392075665512,2.128662944805453,0.548852182083379,0.0904250950992678,0
15,pi_random_exploration,GP M52 PI + Random Exploration,7,40,35,75,0,20,1.0,1,0.05,0.3048969741149648,0.1886049041336477,2.004803886347898,0.5375806359285054,0.0623598858539745,0
15,pi_uncertainty,PI + Uncertainty,0,40,0,40,35,20,1.0,4,0.2,0.8397025364797954,0.4088694488910178,8.09346227450118,1.9197143548139768,0.3118173590987164,0
15,pi_uncertainty,PI + Uncertainty,1,40,5,45,30,20,1.0,4,0.2,0.7654670706513478,0.3300668270206932,7.75491027202143,1.8250832949317937,0.3202371229689543,0
15,pi_uncertainty,PI + Uncertainty,2,40,10,50,25,20,1.0,1,0.05,0.3153611925672611,0.2124561471389094,1.7357512887566644,0.5216270449862627,-0.0180189758735871,0
15,pi_uncertainty,PI + Uncertainty,3,40,15,55,20,20,1.0,2,0.1,0.3382910129919985,0.1884001797552574,1.8080511568262407,0.5646231088438531,0.0172844260256975,0
15,pi_uncertainty,PI + Uncertainty,4,40,20,60,15,20,1.0,1,0.05,0.2977873121448487,0.1487556357824528,1.958869293697819,0.5300989995046078,0.0387947497827293,0
15,pi_uncertainty,PI + Uncertainty,5,40,25,65,10,20,1.0,1,0.05,0.301427781974909,0.1831395802797821,1.733833497463766,0.5024241832972873,0.0402809147207808,0
15,pi_uncertainty,PI + Uncertainty,6,40,30,70,5,20,1.0,1,0.05,0.3102128867288484,0.2160514599488561,1.8086450868787416,0.5144724431727833,0.0612793607537908,0
15,pi_uncertainty,PI + Uncertainty,7,40,35,75,0,20,1.0,1,0.05,0.3048969741149648,0.1886049041336477,2.004803886347898,0.5375806359285054,0.0623598858539745,0
15,imperfection_aware,Imperfection-aware,0,40,0,40,35,20,1.0,4,0.2,0.8397025364797954,0.4088694488910178,8.09346227450118,1.9197143548139768,0.3118173590987164,0
15,imperfection_aware,Imperfection-aware,1,40,5,45,30,20,1.0,4,0.2,0.7654670706513478,0.3300668270206932,7.75491027202143,1.8250832949317937,0.3202371229689543,0
15,imperfection_aware,Imperfection-aware,2,40,10,50,25,20,1.0,1,0.05,0.3233555311597305,0.1851114873991104,1.893962832407694,0.5453020385049857,0.0463972959833399,0
15,imperfection_aware,Imperfection-aware,3,40,15,55,20,20,1.0,1,0.05,0.308173523737587,0.2376505605128427,1.8817856208857744,0.5180154368515185,0.0716947972997105,0
15,imperfection_aware,Imperfection-aware,4,40,20,60,15,20,1.0,1,0.05,0.2963090995202386,0.1617876895442078,1.7984999858418975,0.5040166662450886,0.0448344810522853,0
15,imperfection_aware,Imperfection-aware,5,40,25,65,10,20,1.0,1,0.05,0.2954868857091481,0.2485805423037854,1.8739181084221483,0.5062244313662889,0.0844457012870383,0
15,imperfection_aware,Imperfection-aware,6,40,30,70,5,20,1.0,1,0.05,0.325824335740592,0.1877996945066078,2.1095981671593433,0.5724668095585573,0.0418500438356941,0
15,imperfection_aware,Imperfection-aware,7,40,35,75,0,20,1.0,1,0.05,0.3048969741149648,0.1886049041336477,2.004803886347898,0.5375806359285054,0.0623598858539745,1
16,random,Random,0,40,0,40,35,20,1.0,8,0.4,2.3245698775762618,0.4628622227507915,10.856476588192956,4.1979122601177545,-1.0511058456900768,0
16,random,Random,1,40,5,45,30,20,1.0,7,0.35,2.209418576873168,0.4792568435798827,10.856476588192956,4.165826212926352,-0.9768511352224872,0
16,random,Random,2,40,10,50,25,20,1.0,5,0.25,2.181299508396288,0.4131254572472338,10.856476588192956,4.179711557008517,-0.8882369853793286,0
16,random,Random,3,40,15,55,20,20,1.0,6,0.3,2.169107074784291,0.6034321603050077,10.856476588192956,4.1024441183546525,-1.011017141916032,0
16,random,Random,4,40,20,60,15,20,1.0,8,0.4,2.279928097523666,0.4349617275983748,10.856476588192956,4.179681060131071,-0.9053728140002774,0
16,random,Random,5,40,25,65,10,20,1.0,7,0.35,2.2192239809887098,0.4293549901327695,10.856476588192956,4.156622866013294,-0.9138959999066424,0
16,random,Random,6,40,30,70,5,20,1.0,8,0.4,2.241045104104066,0.3515052645794805,10.856476588192956,4.175225269928606,-0.973900004310394,0
16,random,Random,7,40,35,75,0,20,1.0,7,0.35,2.186876163099837,0.4102827994062092,10.856476588192956,4.165702653812608,-0.8872270241538122,0
16,gp_m52_pi,GP M52 + PI,0,40,0,40,35,20,1.0,8,0.4,2.3245698775762618,0.4628622227507915,10.856476588192956,4.1979122601177545,-1.0511058456900768,0
16,gp_m52_pi,GP M52 + PI,1,40,5,45,30,20,1.0,7,0.35,2.271731606988211,0.5442450430321486,10.856476588192956,4.15539551521848,-1.0892870533695749,0
16,gp_m52_pi,GP M52 + PI,2,40,10,50,25,20,1.0,8,0.4,2.3927103281274125,0.4261514837105196,10.856476588192956,4.2355318877539,-1.057889385826055,0
16,gp_m52_pi,GP M52 + PI,3,40,15,55,20,20,1.0,8,0.4,2.2860740613547548,0.4285689969338238,10.856476588192956,4.169993970265323,-1.0147246596357835,0
16,gp_m52_pi,GP M52 + PI,4,40,20,60,15,20,1.0,8,0.4,2.205190473117889,0.4222952816446081,10.856476588192956,4.122368761872751,-0.9509222659866527,0
16,gp_m52_pi,GP M52 + PI,5,40,25,65,10,20,1.0,8,0.4,2.2714880365669985,0.4125497618111557,10.856476588192956,4.158581544300409,-1.0455505544503256,0
16,gp_m52_pi,GP M52 + PI,6,40,30,70,5,20,1.0,6,0.3,2.1531726043489985,0.3259113850694133,10.856476588192956,4.149292495873837,-0.8829369200312589,0
16,gp_m52_pi,GP M52 + PI,7,40,35,75,0,20,1.0,7,0.35,2.186876163099837,0.4102827994062092,10.856476588192956,4.165702653812608,-0.8872270241538122,0
16,gp_m52_ei,GP M52 + EI,0,40,0,40,35,20,1.0,8,0.4,2.3245698775762618,0.4628622227507915,10.856476588192956,4.1979122601177545,-1.0511058456900768,0
16,gp_m52_ei,GP M52 + EI,1,40,5,45,30,20,1.0,7,0.35,2.3206802652062075,0.4372328025362728,10.856476588192956,4.221545705583972,-1.0383905662162356,0
16,gp_m52_ei,GP M52 + EI,2,40,10,50,25,20,1.0,8,0.4,2.2973752724775984,0.4623634409990229,10.856476588192956,4.200744293594833,-1.0387852725175426,0
16,gp_m52_ei,GP M52 + EI,3,40,15,55,20,20,1.0,8,0.4,2.2989120256663034,0.4753471549340338,10.856476588192956,4.175549946846182,-1.0295488188675117,0
16,gp_m52_ei,GP M52 + EI,4,40,20,60,15,20,1.0,6,0.3,2.1561099651953723,0.4751232819210713,10.856476588192956,4.111435857890573,-0.9173309194140032,0
16,gp_m52_ei,GP M52 + EI,5,40,25,65,10,20,1.0,7,0.35,1.8361545796915304,0.1208613941222491,10.856476588192956,3.761909475378384,-1.3717152737134792,0
16,gp_m52_ei,GP M52 + EI,6,40,30,70,5,20,1.0,8,0.4,2.193235789135921,0.3637318395989073,10.856476588192956,4.133878614386317,-0.954162661166638,0
16,gp_m52_ei,GP M52 + EI,7,40,35,75,0,20,1.0,7,0.35,2.186876163099837,0.4102827994062092,10.856476588192956,4.165702653812608,-0.8872270241538122,0
16,pi_random_exploration,GP M52 PI + Random Exploration,0,40,0,40,35,20,1.0,8,0.4,2.3245698775762618,0.4628622227507915,10.856476588192956,4.1979122601177545,-1.0511058456900768,0
16,pi_random_exploration,GP M52 PI + Random Exploration,1,40,5,45,30,20,1.0,7,0.35,2.252854708138082,0.5420176930066356,10.856476588192956,4.14733001845533,-1.075155816736556,0
16,pi_random_exploration,GP M52 PI + Random Exploration,2,40,10,50,25,20,1.0,8,0.4,2.2586541625008256,0.4279259312826173,10.856476588192956,4.167793698028034,-0.960773476366828,0
16,pi_random_exploration,GP M52 PI + Random Exploration,3,40,15,55,20,20,1.0,8,0.4,2.2687564719066105,0.4329067066533998,10.856476588192956,4.147943589903799,-1.0265620543796854,0
16,pi_random_exploration,GP M52 PI + Random Exploration,4,40,20,60,15,20,1.0,8,0.4,2.225719152024031,0.424184415104472,10.856476588192956,4.128476571873893,-1.0112208723420175,0
16,pi_random_exploration,GP M52 PI + Random Exploration,5,40,25,65,10,20,1.0,7,0.35,1.9006106955785944,0.1756363896277788,10.856476588192956,3.7882301539929295,-1.3848004470902289,0
16,pi_random_exploration,GP M52 PI + Random Exploration,6,40,30,70,5,20,1.0,8,0.4,2.212828664513315,0.3604089545292277,10.856476588192956,4.1432440848781615,-0.9903408604987852,0
16,pi_random_exploration,GP M52 PI + Random Exploration,7,40,35,75,0,20,1.0,7,0.35,2.186876163099837,0.4102827994062092,10.856476588192956,4.165702653812608,-0.8872270241538122,0
16,pi_uncertainty,PI + Uncertainty,0,40,0,40,35,20,1.0,8,0.4,2.3245698775762618,0.4628622227507915,10.856476588192956,4.1979122601177545,-1.0511058456900768,0
16,pi_uncertainty,PI + Uncertainty,1,40,5,45,30,20,1.0,7,0.35,2.28981554869465,0.4377159136033119,10.856476588192956,4.182504756702786,-1.0674920592784074,0
16,pi_uncertainty,PI + Uncertainty,2,40,10,50,25,20,1.0,7,0.35,2.256536027954877,0.4238804872318695,10.856476588192956,4.188180408048429,-1.034012334886218,0
16,pi_uncertainty,PI + Uncertainty,3,40,15,55,20,20,1.0,7,0.35,2.190153772436156,0.3740478022223308,10.856476588192956,4.161845666588581,-0.9935190685014976,0
16,pi_uncertainty,PI + Uncertainty,4,40,20,60,15,20,1.0,7,0.35,2.1902246944468353,0.3958851891629606,10.856476588192956,4.109514443511676,-0.9343441104130136,0
16,pi_uncertainty,PI + Uncertainty,5,40,25,65,10,20,1.0,6,0.3,2.131172815140899,0.4224702437059902,10.856476588192956,4.100592454516201,-0.9269794230690688,0
16,pi_uncertainty,PI + Uncertainty,6,40,30,70,5,20,1.0,8,0.4,2.250100881301402,0.3899396959928412,10.856476588192956,4.154367063721161,-0.9853146485369446,0
16,pi_uncertainty,PI + Uncertainty,7,40,35,75,0,20,1.0,7,0.35,2.186876163099837,0.4102827994062092,10.856476588192956,4.165702653812608,-0.8872270241538122,0
16,imperfection_aware,Imperfection-aware,0,40,0,40,35,20,1.0,8,0.4,2.3245698775762618,0.4628622227507915,10.856476588192956,4.1979122601177545,-1.0511058456900768,0
16,imperfection_aware,Imperfection-aware,1,40,5,45,30,20,1.0,8,0.4,2.648483582733896,0.4292916657638228,10.856476588192956,4.5643073850196645,-1.4761790613230608,0
16,imperfection_aware,Imperfection-aware,2,40,10,50,25,20,1.0,7,0.35,2.2911771258185945,0.4355756973379057,10.856476588192956,4.2030701433090965,-1.0469737060737898,0
16,imperfection_aware,Imperfection-aware,3,40,15,55,20,20,1.0,8,0.4,2.324671252381341,0.4051577395155865,10.856476588192956,4.2000142337924835,-1.0402054162232264,0
16,imperfection_aware,Imperfection-aware,4,40,20,60,15,20,1.0,8,0.4,2.29230544685225,0.4229564499565406,10.856476588192956,4.1955277221168865,-0.993853686433268,0
16,imperfection_aware,Imperfection-aware,5,40,25,65,10,20,1.0,7,0.35,2.183758815064887,0.3853671901415643,10.856476588192956,4.161601447437262,-0.8989016462257025,0
16,imperfection_aware,Imperfection-aware,6,40,30,70,5,20,1.0,6,0.3,2.1959173553749585,0.3914442553609554,10.856476588192956,4.175220339843366,-0.8664891332711051,0
16,imperfection_aware,Imperfection-aware,7,40,35,75,0,20,1.0,7,0.35,2.186876163099837,0.4102827994062092,10.856476588192956,4.165702653812608,-0.8872270241538122,1
17,random,Random,0,40,0,40,35,20,1.0,4,0.2,1.2165923999941692,0.2342663904374866,10.10385365616035,2.722967891320437,0.3280347849791167,0
17,random,Random,1,40,5,45,30,20,1.0,2,0.1,0.5917122223422704,0.0389040122983477,5.303304908059076,1.3974338650784,-0.2076917765030454,0
17,random,Random,2,40,10,50,25,20,1.0,4,0.2,0.7186341814413032,0.1971780377974052,5.303304908059076,1.4591598764856488,-0.3329868332107633,0
17,random,Random,3,40,15,55,20,20,1.0,4,0.2,0.6811594018397288,0.1448386247968676,5.303304908059076,1.4717396854796994,-0.2608452923379539,0
17,random,Random,4,40,20,60,15,20,1.0,3,0.15,0.6260818584473192,0.0823781647281514,5.303304908059076,1.4443894175366152,-0.0953744812352468,0
17,random,Random,5,40,25,65,10,20,1.0,4,0.2,0.6530326905702648,0.1246628485531253,5.303304908059076,1.431998486419499,-0.1690508143227648,0
17,random,Random,6,40,30,70,5,20,1.0,4,0.2,0.6505145722382484,0.1122337554531887,5.303304908059076,1.4456320297492995,-0.1942642172020722,0
17,random,Random,7,40,35,75,0,20,1.0,4,0.2,0.6192150744390389,0.0772350949744842,5.303304908059076,1.4305394568633614,-0.1452614542688252,0
17,gp_m52_pi,GP M52 + PI,0,40,0,40,35,20,1.0,4,0.2,1.2165923999941692,0.2342663904374866,10.10385365616035,2.722967891320437,0.3280347849791167,0
17,gp_m52_pi,GP M52 + PI,1,40,5,45,30,20,1.0,4,0.2,1.1686031776984922,0.249841310457028,10.194588773033564,2.724296145571703,0.4184547978754431,0
17,gp_m52_pi,GP M52 + PI,2,40,10,50,25,20,1.0,4,0.2,1.1471534285343057,0.1810913901652435,9.978409479053388,2.6779542662674056,0.4426952000341191,0
17,gp_m52_pi,GP M52 + PI,3,40,15,55,20,20,1.0,3,0.15,1.0739755928825694,0.2896374787576707,8.648747631156539,2.402727763521337,0.3454241937257692,0
17,gp_m52_pi,GP M52 + PI,4,40,20,60,15,20,1.0,4,0.2,1.0706475719905426,0.2090154740135936,7.763446388727362,2.2743292462074294,0.1890267725230339,0
17,gp_m52_pi,GP M52 + PI,5,40,25,65,10,20,1.0,5,0.25,1.0761609154230212,0.0970327182328478,8.618666160346871,2.4111002408608737,0.2598569020585932,0
17,gp_m52_pi,GP M52 + PI,6,40,30,70,5,20,1.0,4,0.2,0.6777401312918112,0.1084888322033181,5.303304908059076,1.431354349331722,-0.242227904788284,0
17,gp_m52_pi,GP M52 + PI,7,40,35,75,0,20,1.0,4,0.2,0.6192150744390389,0.0772350949744842,5.303304908059076,1.4305394568633614,-0.1452614542688252,0
17,gp_m52_ei,GP M52 + EI,0,40,0,40,35,20,1.0,4,0.2,1.2165923999941692,0.2342663904374866,10.10385365616035,2.722967891320437,0.3280347849791167,0
17,gp_m52_ei,GP M52 + EI,1,40,5,45,30,20,1.0,4,0.2,1.1651548431664034,0.2022395952307913,10.037493832383865,2.7064836823617235,0.46799724550978,0
17,gp_m52_ei,GP M52 + EI,2,40,10,50,25,20,1.0,4,0.2,1.154018188461098,0.2679410973428808,8.924922401177469,2.521987164134109,0.2968841072782086,0
17,gp_m52_ei,GP M52 + EI,3,40,15,55,20,20,1.0,4,0.2,1.0670631266680382,0.1628526933347229,8.295049140435111,2.374928241215044,0.2609256033503402,0
17,gp_m52_ei,GP M52 + EI,4,40,20,60,15,20,1.0,4,0.2,0.6793952532061075,0.090176071705458,5.303304908059076,1.4918876833129275,-0.1934913441069973,0
17,gp_m52_ei,GP M52 + EI,5,40,25,65,10,20,1.0,4,0.2,0.6892939071362447,0.0159510050301623,5.303304908059076,1.457091958922771,-0.2527645004851911,0
17,gp_m52_ei,GP M52 + EI,6,40,30,70,5,20,1.0,4,0.2,0.6627351898758507,0.073605922628948,5.303304908059076,1.4959043486793422,-0.1549275370404105,0
17,gp_m52_ei,GP M52 + EI,7,40,35,75,0,20,1.0,4,0.2,0.6192150744390389,0.0772350949744842,5.303304908059076,1.4305394568633614,-0.1452614542688252,0
17,pi_random_exploration,GP M52 PI + Random Exploration,0,40,0,40,35,20,1.0,4,0.2,1.2165923999941692,0.2342663904374866,10.10385365616035,2.722967891320437,0.3280347849791167,0
17,pi_random_exploration,GP M52 PI + Random Exploration,1,40,5,45,30,20,1.0,4,0.2,1.2061427688043491,0.2714838521650007,10.367693155666892,2.772413684792723,0.4797458925174996,0
17,pi_random_exploration,GP M52 PI + Random Exploration,2,40,10,50,25,20,1.0,3,0.15,1.1649343600065656,0.2070349738688035,10.33423046782856,2.7369190933465948,0.4842866144835295,0
17,pi_random_exploration,GP M52 PI + Random Exploration,3,40,15,55,20,20,1.0,3,0.15,1.0508263227434227,0.1267873761280853,9.152075463844207,2.4764016876370145,0.4110079455148093,0
17,pi_random_exploration,GP M52 PI + Random Exploration,4,40,20,60,15,20,1.0,4,0.2,0.5688559207551969,0.090400505268267,5.303304908059076,1.3330141778150046,-0.2988386671021372,0
17,pi_random_exploration,GP M52 PI + Random Exploration,5,40,25,65,10,20,1.0,4,0.2,0.5909364465479789,0.040828214614291,5.303304908059076,1.365234149179342,-0.2808920167129841,0
17,pi_random_exploration,GP M52 PI + Random Exploration,6,40,30,70,5,20,1.0,4,0.2,0.5698492642318941,0.0469401506038318,5.303304908059076,1.3387675743951886,-0.2385648892597515,0
17,pi_random_exploration,GP M52 PI + Random Exploration,7,40,35,75,0,20,1.0,4,0.2,0.6192150744390389,0.0772350949744842,5.303304908059076,1.4305394568633614,-0.1452614542688252,0
17,pi_uncertainty,PI + Uncertainty,0,40,0,40,35,20,1.0,4,0.2,1.2165923999941692,0.2342663904374866,10.10385365616035,2.722967891320437,0.3280347849791167,0
17,pi_uncertainty,PI + Uncertainty,1,40,5,45,30,20,1.0,4,0.2,1.241527148426502,0.2522291270743952,10.242706014825366,2.7678747610257624,0.3047417274164039,0
17,pi_uncertainty,PI + Uncertainty,2,40,10,50,25,20,1.0,3,0.15,1.1483498122696996,0.1721967544363103,10.297891713284868,2.735949491451766,0.4243958427705291,0
17,pi_uncertainty,PI + Uncertainty,3,40,15,55,20,20,1.0,4,0.2,1.1269742913043534,0.2995649443594397,8.815221555922163,2.4647505466197925,0.2393283941012848,0
17,pi_uncertainty,PI + Uncertainty,4,40,20,60,15,20,1.0,4,0.2,1.0504316223657564,0.0809383743442646,8.30844552038576,2.3800211390914088,0.2991896942413102,0
17,pi_uncertainty,PI + Uncertainty,5,40,25,65,10,20,1.0,4,0.2,0.6630652220775088,0.0597044028823861,5.303304908059076,1.4869423943711353,-0.1898725143534831,0
17,pi_uncertainty,PI + Uncertainty,6,40,30,70,5,20,1.0,4,0.2,0.6627351898758507,0.073605922628948,5.303304908059076,1.4959043486793422,-0.1549275370404105,0
17,pi_uncertainty,PI + Uncertainty,7,40,35,75,0,20,1.0,4,0.2,0.6192150744390389,0.0772350949744842,5.303304908059076,1.4305394568633614,-0.1452614542688252,0
17,imperfection_aware,Imperfection-aware,0,40,0,40,35,20,1.0,4,0.2,1.2165923999941692,0.2342663904374866,10.10385365616035,2.722967891320437,0.3280347849791167,0
17,imperfection_aware,Imperfection-aware,1,40,5,45,30,20,1.0,3,0.15,0.740922244852075,0.2152287084523596,5.303304908059076,1.537818404047394,-0.0712825288343776,0
17,imperfection_aware,Imperfection-aware,2,40,10,50,25,20,1.0,3,0.15,1.1463179121393043,0.4152043269624093,9.006141236662911,2.5181755048934455,0.443156722086459,0
17,imperfection_aware,Imperfection-aware,3,40,15,55,20,20,1.0,3,0.15,1.042002935745121,0.0999133145628299,8.411388132519262,2.3874428014541573,0.2935095723006318,0
17,imperfection_aware,Imperfection-aware,4,40,20,60,15,20,1.0,4,0.2,1.0706475719905426,0.2090154740135936,7.763446388727362,2.2743292462074294,0.1890267725230339,0
17,imperfection_aware,Imperfection-aware,5,40,25,65,10,20,1.0,5,0.25,1.036227779927604,0.0802750193725376,7.81156848934518,2.282569893149837,0.2114473128771633,0
17,imperfection_aware,Imperfection-aware,6,40,30,70,5,20,1.0,4,0.2,0.6609890713888573,0.0919910066807672,5.303304908059076,1.473345095705047,-0.2369675822185895,0
17,imperfection_aware,Imperfection-aware,7,40,35,75,0,20,1.0,4,0.2,0.6192150744390389,0.0772350949744842,5.303304908059076,1.4305394568633614,-0.1452614542688252,1
18,random,Random,0,40,0,40,35,20,1.0,4,0.2,1.8416973745174272,0.1824383910079321,10.856476588192956,3.9020883269141704,-0.4750795370032364,0
18,random,Random,1,40,5,45,30,20,1.0,5,0.25,1.593645331115122,0.1472368485541526,10.856476588192956,3.541561413710278,-0.9962540381034608,0
18,random,Random,2,40,10,50,25,20,1.0,7,0.35,1.9575722181219273,0.2421846303813035,10.856476588192956,3.910755890475252,-0.5214108246842295,0
18,random,Random,3,40,15,55,20,20,1.0,6,0.3,1.8800852388997669,0.1399049632463969,10.856476588192956,3.8995576646026313,-0.3743642005184104,0
18,random,Random,4,40,20,60,15,20,1.0,6,0.3,1.8801708655801408,0.2382053364854162,10.856476588192956,3.910487237141491,-0.410573745838253,0
18,random,Random,5,40,25,65,10,20,1.0,5,0.25,1.4218539327418422,0.108729073461018,10.380994213509265,3.083955690547657,-0.0070734910255315,0
18,random,Random,6,40,30,70,5,20,1.0,5,0.25,1.771641052825834,0.1354421817934428,10.856476588192956,3.8044646712261785,-0.3896460596717089,0
18,random,Random,7,40,35,75,0,20,1.0,5,0.25,1.804187643883311,0.1172276950976121,10.856476588192956,3.832329120011608,-0.3765295074307818,0
18,gp_m52_pi,GP M52 + PI,0,40,0,40,35,20,1.0,4,0.2,1.8416973745174272,0.1824383910079321,10.856476588192956,3.9020883269141704,-0.4750795370032364,0
18,gp_m52_pi,GP M52 + PI,1,40,5,45,30,20,1.0,5,0.25,1.874329508399161,0.3587111067657123,10.856476588192956,3.909866456152806,-0.4920746242789439,0
18,gp_m52_pi,GP M52 + PI,2,40,10,50,25,20,1.0,4,0.2,1.8043420213168488,0.309656318398801,10.856476588192956,3.8535678265087783,-0.4414468031823412,0
18,gp_m52_pi,GP M52 + PI,3,40,15,55,20,20,1.0,4,0.2,1.783342331250391,0.173661905724745,10.856476588192956,3.8201607625657816,-0.4912792999769791,0
18,gp_m52_pi,GP M52 + PI,4,40,20,60,15,20,1.0,4,0.2,1.8008006931017344,0.25283217600031,10.856476588192956,3.870036097384374,-0.3735128222685494,0
18,gp_m52_pi,GP M52 + PI,5,40,25,65,10,20,1.0,5,0.25,1.8389322162388453,0.2997982450613312,10.856476588192956,3.890191837109872,-0.3885394655022902,0
18,gp_m52_pi,GP M52 + PI,6,40,30,70,5,20,1.0,5,0.25,1.8048284012619848,0.1970718413046617,10.856476588192956,3.8201870830689497,-0.3583330471691699,0
18,gp_m52_pi,GP M52 + PI,7,40,35,75,0,20,1.0,5,0.25,1.804187643883311,0.1172276950976121,10.856476588192956,3.832329120011608,-0.3765295074307818,0
18,gp_m52_ei,GP M52 + EI,0,40,0,40,35,20,1.0,4,0.2,1.8416973745174272,0.1824383910079321,10.856476588192956,3.9020883269141704,-0.4750795370032364,0
18,gp_m52_ei,GP M52 + EI,1,40,5,45,30,20,1.0,5,0.25,1.900812399302363,0.3932529618494707,10.856476588192956,3.9331748900895858,-0.5332848073522957,0
18,gp_m52_ei,GP M52 + EI,2,40,10,50,25,20,1.0,5,0.25,1.9007158920061185,0.2937203713655147,10.856476588192956,3.95998935237384,-0.3383262102119162,0
18,gp_m52_ei,GP M52 + EI,3,40,15,55,20,20,1.0,5,0.25,1.823536777024748,0.1767991269915274,10.856476588192956,3.857005705974636,-0.4029830822238455,0
18,gp_m52_ei,GP M52 + EI,4,40,20,60,15,20,1.0,5,0.25,1.8241469834910145,0.1533189254038633,10.856476588192956,3.879187555578741,-0.3433800228528375,0
18,gp_m52_ei,GP M52 + EI,5,40,25,65,10,20,1.0,5,0.25,1.8282098817405337,0.2766289304353471,10.856476588192956,3.8577092373127577,-0.3957980070343449,0
18,gp_m52_ei,GP M52 + EI,6,40,30,70,5,20,1.0,5,0.25,1.8154690411159635,0.1989818907510425,10.856476588192956,3.835940380309028,-0.3945782897786538,0
18,gp_m52_ei,GP M52 + EI,7,40,35,75,0,20,1.0,5,0.25,1.804187643883311,0.1172276950976121,10.856476588192956,3.832329120011608,-0.3765295074307818,0
18,pi_random_exploration,GP M52 PI + Random Exploration,0,40,0,40,35,20,1.0,4,0.2,1.8416973745174272,0.1824383910079321,10.856476588192956,3.9020883269141704,-0.4750795370032364,0
18,pi_random_exploration,GP M52 PI + Random Exploration,1,40,5,45,30,20,1.0,5,0.25,1.5258128893934535,0.3484994090269238,10.856476588192956,3.4851106984895543,-0.9697957429004106,0
18,pi_random_exploration,GP M52 PI + Random Exploration,2,40,10,50,25,20,1.0,7,0.35,1.9078698425753216,0.3809805291015058,10.856476588192956,3.8559335107215778,-0.5946205970091828,0
18,pi_random_exploration,GP M52 PI + Random Exploration,3,40,15,55,20,20,1.0,6,0.3,1.5423378496612106,0.2070611083100875,10.856476588192956,3.492456616886505,-0.9041691835155478,0
18,pi_random_exploration,GP M52 PI + Random Exploration,4,40,20,60,15,20,1.0,5,0.25,1.8356361103426455,0.1706295855019153,10.856476588192956,3.873408387046873,-0.3659225741523431,0
18,pi_random_exploration,GP M52 PI + Random Exploration,5,40,25,65,10,20,1.0,5,0.25,1.820938938273402,0.1194843402474905,10.856476588192956,3.815999940283653,-0.4310134409428314,0
18,pi_random_exploration,GP M52 PI + Random Exploration,6,40,30,70,5,20,1.0,5,0.25,1.8147269966650708,0.0868755009585129,10.856476588192956,3.8311010322153902,-0.3941108896661203,0
18,pi_random_exploration,GP M52 PI + Random Exploration,7,40,35,75,0,20,1.0,5,0.25,1.804187643883311,0.1172276950976121,10.856476588192956,3.832329120011608,-0.3765295074307818,0
18,pi_uncertainty,PI + Uncertainty,0,40,0,40,35,20,1.0,4,0.2,1.8416973745174272,0.1824383910079321,10.856476588192956,3.9020883269141704,-0.4750795370032364,0
18,pi_uncertainty,PI + Uncertainty,1,40,5,45,30,20,1.0,5,0.25,1.930787044809642,0.3878032153001163,10.856476588192956,3.9174902620524774,-0.5396295932457683,0
18,pi_uncertainty,PI + Uncertainty,2,40,10,50,25,20,1.0,5,0.25,1.82904239220195,0.2855532633082216,10.856476588192956,3.851356042791098,-0.4163204313719976,0
18,pi_uncertainty,PI + Uncertainty,3,40,15,55,20,20,1.0,4,0.2,1.840384464109755,0.3067669348071504,10.856476588192956,3.8566130959871914,-0.4420194469479088,0
18,pi_uncertainty,PI + Uncertainty,4,40,20,60,15,20,1.0,6,0.3,1.8325141698868328,0.1648719932554279,10.856476588192956,3.849131462397183,-0.3615364713128716,0
18,pi_uncertainty,PI + Uncertainty,5,40,25,65,10,20,1.0,5,0.25,1.4543545601370809,0.0783685009127124,10.856476588192956,3.4699684361211034,-0.7377655345076308,0
18,pi_uncertainty,PI + Uncertainty,6,40,30,70,5,20,1.0,5,0.25,1.8097982978632317,0.1620658048647554,10.856476588192956,3.8389771517381535,-0.34962209645828,0
18,pi_uncertainty,PI + Uncertainty,7,40,35,75,0,20,1.0,5,0.25,1.804187643883311,0.1172276950976121,10.856476588192956,3.832329120011608,-0.3765295074307818,0
18,imperfection_aware,Imperfection-aware,0,40,0,40,35,20,1.0,4,0.2,1.8416973745174272,0.1824383910079321,10.856476588192956,3.9020883269141704,-0.4750795370032364,0
18,imperfection_aware,Imperfection-aware,1,40,5,45,30,20,1.0,5,0.25,1.912172530363645,0.4267743198937515,10.856476588192956,3.8983781388900014,-0.525478418917338,0
18,imperfection_aware,Imperfection-aware,2,40,10,50,25,20,1.0,4,0.2,1.8269149202352597,0.3912774804216266,10.856476588192956,3.848329203443169,-0.4613941338315171,0
18,imperfection_aware,Imperfection-aware,3,40,15,55,20,20,1.0,5,0.25,1.8930498473682271,0.2994233708719296,10.856476588192956,3.8603176971187088,-0.3783312423634227,0
18,imperfection_aware,Imperfection-aware,4,40,20,60,15,20,1.0,5,0.25,1.8501394190758211,0.1896216132354728,10.856476588192956,3.885783829012889,-0.3571099280494392,0
18,imperfection_aware,Imperfection-aware,5,40,25,65,10,20,1.0,5,0.25,1.4422696740718393,0.2772698479810227,10.380994213509265,3.0570419726797935,0.0484980310189795,0
18,imperfection_aware,Imperfection-aware,6,40,30,70,5,20,1.0,5,0.25,1.4294616369991415,0.1298734965593286,10.380994213509265,3.08628435616269,0.0640717361768065,0
18,imperfection_aware,Imperfection-aware,7,40,35,75,0,20,1.0,5,0.25,1.804187643883311,0.1172276950976121,10.856476588192956,3.832329120011608,-0.3765295074307818,1
19,random,Random,0,40,0,40,35,20,1.0,7,0.35,3.1989833413694773,0.2499356625869424,12.051008215026558,5.638502743799978,-3.1204154690938157,0
19,random,Random,1,40,5,45,30,20,1.0,7,0.35,2.2531610313235384,0.2128997655143214,11.580901819979324,4.40938634797268,-2.1376030222277853,0
19,random,Random,2,40,10,50,25,20,1.0,6,0.3,2.7000441234865895,0.3608432000056787,11.580901819979324,4.979539802832666,-2.5856434782973965,0
19,random,Random,3,40,15,55,20,20,1.0,6,0.3,1.7190740596992522,0.3130470715735463,11.580901819979324,3.5916374848905295,-1.599964904800114,0
19,random,Random,4,40,20,60,15,20,1.0,5,0.25,1.6166375698161688,0.1773403205991943,11.580901819979324,3.5573215197523376,-1.490802622891544,0
19,random,Random,5,40,25,65,10,20,1.0,5,0.25,0.8625276077249027,0.1690010627351217,8.100464891029363,1.9806466775274203,-0.6179261280349369,0
19,random,Random,6,40,30,70,5,20,1.0,3,0.15,0.3653597252094942,0.2340414024995603,1.2999846564780777,0.5654042915281424,-0.1163880877720617,0
19,random,Random,7,40,35,75,0,20,1.0,2,0.1,0.2757344833753156,0.1106288575630518,1.557301193693883,0.4844434845454875,0.0053004917997562,0
19,gp_m52_pi,GP M52 + PI,0,40,0,40,35,20,1.0,7,0.35,3.1989833413694773,0.2499356625869424,12.051008215026558,5.638502743799978,-3.1204154690938157,0
19,gp_m52_pi,GP M52 + PI,1,40,5,45,30,20,1.0,7,0.35,3.177635054452254,0.2456583003624395,12.051008215026558,5.636328793059345,-3.1135772732095233,0
19,gp_m52_pi,GP M52 + PI,2,40,10,50,25,20,1.0,5,0.25,0.8068750572133254,0.1819010794253222,8.100464891029363,1.9213600678720943,-0.6066446509681912,0
19,gp_m52_pi,GP M52 + PI,3,40,15,55,20,20,1.0,4,0.2,0.8336268254299206,0.2141065169705909,8.100464891029363,1.9555025564207864,-0.6656326734711093,0
19,gp_m52_pi,GP M52 + PI,4,40,20,60,15,20,1.0,3,0.15,0.7201535550288412,0.1776059750607892,8.100464891029363,1.8857907188646212,-0.4273028291332262,0
19,gp_m52_pi,GP M52 + PI,5,40,25,65,10,20,1.0,4,0.2,0.7653251669863994,0.2236922454337628,8.100464891029363,1.9049613622379185,-0.4219419459143985,0
19,gp_m52_pi,GP M52 + PI,6,40,30,70,5,20,1.0,2,0.1,0.6847656145670229,0.2010785018437912,8.100464891029363,1.8690027869075745,-0.3936324164777888,0
19,gp_m52_pi,GP M52 + PI,7,40,35,75,0,20,1.0,2,0.1,0.2757344833753156,0.1106288575630518,1.557301193693883,0.4844434845454875,0.0053004917997562,0
19,gp_m52_ei,GP M52 + EI,0,40,0,40,35,20,1.0,7,0.35,3.1989833413694773,0.2499356625869424,12.051008215026558,5.638502743799978,-3.1204154690938157,0
19,gp_m52_ei,GP M52 + EI,1,40,5,45,30,20,1.0,7,0.35,2.7787350583113057,0.2398783552062608,12.051008215026558,5.146411637482947,-2.701618757566421,0
19,gp_m52_ei,GP M52 + EI,2,40,10,50,25,20,1.0,6,0.3,2.229983742374524,0.237086465448467,12.051008215026558,4.457948483204834,-2.161715514289253,0
19,gp_m52_ei,GP M52 + EI,3,40,15,55,20,20,1.0,5,0.25,1.1161054746299277,0.1713674441704018,8.100464891029363,2.457806375848385,-0.9948745222718056,0
19,gp_m52_ei,GP M52 + EI,4,40,20,60,15,20,1.0,5,0.25,0.8630764537784976,0.2592361590027296,8.100464891029363,1.954735642904164,-0.5170142196018135,0
19,gp_m52_ei,GP M52 + EI,5,40,25,65,10,20,1.0,2,0.1,0.7023894524285282,0.2248053270487524,8.100464891029363,1.8756502806959228,-0.3760372012279148,0
19,gp_m52_ei,GP M52 + EI,6,40,30,70,5,20,1.0,2,0.1,0.6847656145670229,0.2010785018437912,8.100464891029363,1.8690027869075745,-0.3936324164777888,0
19,gp_m52_ei,GP M52 + EI,7,40,35,75,0,20,1.0,2,0.1,0.2757344833753156,0.1106288575630518,1.557301193693883,0.4844434845454875,0.0053004917997562,0
19,pi_random_exploration,GP M52 PI + Random Exploration,0,40,0,40,35,20,1.0,7,0.35,3.1989833413694773,0.2499356625869424,12.051008215026558,5.638502743799978,-3.1204154690938157,0
19,pi_random_exploration,GP M52 PI + Random Exploration,1,40,5,45,30,20,1.0,7,0.35,2.2741032737080573,0.2523874939345996,11.580901819979324,4.417396770110617,-2.2017994491759985,0
19,pi_random_exploration,GP M52 PI + Random Exploration,2,40,10,50,25,20,1.0,4,0.2,0.786097187983246,0.2005158751088798,8.100464891029363,1.9100553076577664,-0.5525504762095558,0
19,pi_random_exploration,GP M52 PI + Random Exploration,3,40,15,55,20,20,1.0,4,0.2,0.7959676155774443,0.1994825401637889,8.100464891029363,1.919944460753642,-0.4878579948382159,0
19,pi_random_exploration,GP M52 PI + Random Exploration,4,40,20,60,15,20,1.0,3,0.15,1.0011771334696915,0.1934431339415327,8.100464891029363,2.4023975683307466,-0.9031704461471624,0
19,pi_random_exploration,GP M52 PI + Random Exploration,5,40,25,65,10,20,1.0,3,0.15,0.7177584821122355,0.195662169654045,8.100464891029363,1.8862285334063664,-0.4572009272632219,0
19,pi_random_exploration,GP M52 PI + Random Exploration,6,40,30,70,5,20,1.0,1,0.05,0.2800368211024109,0.1236787408216928,1.5101610657298892,0.4624509910218926,-0.0075125588720004,0
19,pi_random_exploration,GP M52 PI + Random Exploration,7,40,35,75,0,20,1.0,2,0.1,0.2757344833753156,0.1106288575630518,1.557301193693883,0.4844434845454875,0.0053004917997562,0
19,pi_uncertainty,PI + Uncertainty,0,40,0,40,35,20,1.0,7,0.35,3.1989833413694773,0.2499356625869424,12.051008215026558,5.638502743799978,-3.1204154690938157,0
19,pi_uncertainty,PI + Uncertainty,1,40,5,45,30,20,1.0,6,0.3,3.1885604494400583,0.2695768421325546,12.051008215026558,5.636363687575153,-3.115590043321773,0
19,pi_uncertainty,PI + Uncertainty,2,40,10,50,25,20,1.0,5,0.25,0.8908992394451438,0.178512933920051,8.100464891029363,1.9965648698002985,-0.7014984107009468,0
19,pi_uncertainty,PI + Uncertainty,3,40,15,55,20,20,1.0,5,0.25,1.2846108836953358,0.2026586141971451,8.100464891029363,2.595587930697006,-1.2049158589632634,0
19,pi_uncertainty,PI + Uncertainty,4,40,20,60,15,20,1.0,3,0.15,0.7296115321523085,0.1843413639862046,8.100464891029363,1.887810309298236,-0.4680199183070335,0
19,pi_uncertainty,PI + Uncertainty,5,40,25,65,10,20,1.0,2,0.1,0.7333682829115068,0.2189764463641612,8.100464891029363,1.893167048855964,-0.3856479418573206,0
19,pi_uncertainty,PI + Uncertainty,6,40,30,70,5,20,1.0,2,0.1,0.6670388665198507,0.156599682753006,8.100464891029363,1.8718713771518287,-0.3518293023887423,0
19,pi_uncertainty,PI + Uncertainty,7,40,35,75,0,20,1.0,2,0.1,0.2757344833753156,0.1106288575630518,1.557301193693883,0.4844434845454875,0.0053004917997562,0
19,imperfection_aware,Imperfection-aware,0,40,0,40,35,20,1.0,7,0.35,3.1989833413694773,0.2499356625869424,12.051008215026558,5.638502743799978,-3.1204154690938157,0
19,imperfection_aware,Imperfection-aware,1,40,5,45,30,20,1.0,7,0.35,3.187055389361343,0.2429880355440046,12.051008215026558,5.637474189884538,-3.122522804899405,0
19,imperfection_aware,Imperfection-aware,2,40,10,50,25,20,1.0,7,0.35,1.760636279961518,0.1811515876222076,11.452049561585223,3.594498348293699,-1.6468631241923646,0
19,imperfection_aware,Imperfection-aware,3,40,15,55,20,20,1.0,4,0.2,0.7909226516587377,0.2632844768240385,8.100464891029363,1.920683582207972,-0.4768766639039173,0
19,imperfection_aware,Imperfection-aware,4,40,20,60,15,20,1.0,4,0.2,0.7422689779829674,0.1932841426437166,8.100464891029363,1.8967566999804848,-0.3949752783497423,0
19,imperfection_aware,Imperfection-aware,5,40,25,65,10,20,1.0,2,0.1,0.3504602711784265,0.2018824478494281,1.6011658064407683,0.5599181827140525,0.017903392041134,0
19,imperfection_aware,Imperfection-aware,6,40,30,70,5,20,1.0,2,0.1,0.3352129542832612,0.1926865731753553,1.832672992740182,0.5592411102289644,0.0229789553561655,0
19,imperfection_aware,Imperfection-aware,7,40,35,75,0,20,1.0,2,0.1,0.2757344833753156,0.1106288575630518,1.557301193693883,0.4844434845454875,0.0053004917997562,1
2,random,Random,0,40,0,40,35,20,1.0,9,0.45,2.0590723241109727,0.6550170148548045,10.856476588192956,3.823533301653652,-1.9025976354317349,0
2,random,Random,1,40,5,45,30,20,1.0,8,0.4,1.8453588147939797,0.1885430971704425,10.856476588192956,3.738017901974814,-1.6511243983769153,0
2,random,Random,2,40,10,50,25,20,1.0,8,0.4,1.3785116311087926,0.1822986680831624,10.856476588192956,2.87039383983227,-1.2000710485703536,0
2,random,Random,3,40,15,55,20,20,1.0,8,0.4,2.1815445179112265,0.3835235023036727,10.856476588192956,4.047885283780009,-2.1375199595275216,0
2,random,Random,4,40,20,60,15,20,1.0,8,0.4,2.1320225271068094,0.4609733549256285,10.856476588192956,4.023095198139642,-2.1117747799611504,0
2,random,Random,5,40,25,65,10,20,1.0,7,0.35,2.9908313148467807,0.4645591063526861,10.856476588192956,5.1667550434222695,-2.9714120912919704,0
2,random,Random,6,40,30,70,5,20,1.0,6,0.3,1.6163687939423503,0.4425930789654373,10.856476588192956,3.207158977263867,-1.583930417476124,0
2,random,Random,7,40,35,75,0,20,1.0,5,0.25,1.533549881847558,0.2991036855828453,10.856476588192956,3.1772586821690507,-1.48623660770601,0
2,gp_m52_pi,GP M52 + PI,0,40,0,40,35,20,1.0,9,0.45,2.0590723241109727,0.6550170148548045,10.856476588192956,3.823533301653652,-1.9025976354317349,0
2,gp_m52_pi,GP M52 + PI,1,40,5,45,30,20,1.0,8,0.4,1.954449620274152,0.4192874341501307,10.856476588192956,3.7847621090350527,-1.73755750197739,0
2,gp_m52_pi,GP M52 + PI,2,40,10,50,25,20,1.0,8,0.4,1.93775938425946,0.3968519499667113,10.856476588192956,3.77573709488514,-1.7382162894542774,0
2,gp_m52_pi,GP M52 + PI,3,40,15,55,20,20,1.0,9,0.45,2.3707082243290984,0.5055107388013891,10.856476588192956,4.364175791737937,-2.1277489181383142,0
2,gp_m52_pi,GP M52 + PI,4,40,20,60,15,20,1.0,7,0.35,2.217901367916213,0.5426546629947726,10.856476588192956,4.023649941599063,-2.1981346640991144,0
2,gp_m52_pi,GP M52 + PI,5,40,25,65,10,20,1.0,6,0.3,2.524106552847736,0.4817359931839124,10.856476588192956,4.620670533392808,-2.4778963502853424,0
2,gp_m52_pi,GP M52 + PI,6,40,30,70,5,20,1.0,6,0.3,2.4698174867980316,0.2450777096078118,10.856476588192956,4.6115072931532035,-2.427359849455363,0
2,gp_m52_pi,GP M52 + PI,7,40,35,75,0,20,1.0,5,0.25,1.533549881847558,0.2991036855828453,10.856476588192956,3.1772586821690507,-1.48623660770601,0
2,gp_m52_ei,GP M52 + EI,0,40,0,40,35,20,1.0,9,0.45,2.0590723241109727,0.6550170148548045,10.856476588192956,3.823533301653652,-1.9025976354317349,0
2,gp_m52_ei,GP M52 + EI,1,40,5,45,30,20,1.0,8,0.4,2.8807362766983835,0.4193429802580839,10.856476588192956,5.018981031592813,-2.680970034673361,0
2,gp_m52_ei,GP M52 + EI,2,40,10,50,25,20,1.0,8,0.4,2.3220225221447817,0.3675497799736389,10.856476588192956,4.352818206724459,-2.0755515149037995,0
2,gp_m52_ei,GP M52 + EI,3,40,15,55,20,20,1.0,8,0.4,2.3226838423956315,0.4650884434389422,10.856476588192956,4.347917656512082,-2.0722794479503706,0
2,gp_m52_ei,GP M52 + EI,4,40,20,60,15,20,1.0,8,0.4,2.2574342677263624,0.2395728805741681,10.856476588192956,4.333299603420871,-1.9957691573480687,0
2,gp_m52_ei,GP M52 + EI,5,40,25,65,10,20,1.0,8,0.4,1.6677959618899476,0.3931737267965802,10.856476588192956,3.2363455195317856,-1.6482324517983171,0
2,gp_m52_ei,GP M52 + EI,6,40,30,70,5,20,1.0,6,0.3,1.609344601343794,0.258460244626157,10.856476588192956,3.2253514770201237,-1.564570334146143,0
2,gp_m52_ei,GP M52 + EI,7,40,35,75,0,20,1.0,5,0.25,1.533549881847558,0.2991036855828453,10.856476588192956,3.1772586821690507,-1.48623660770601,0
2,pi_random_exploration,GP M52 PI + Random Exploration,0,40,0,40,35,20,1.0,9,0.45,2.0590723241109727,0.6550170148548045,10.856476588192956,3.823533301653652,-1.9025976354317349,0
2,pi_random_exploration,GP M52 PI + Random Exploration,1,40,5,45,30,20,1.0,8,0.4,1.7867834510069065,0.7589925474644117,10.856476588192956,3.2787708285710013,-1.7867834510069065,0
2,pi_random_exploration,GP M52 PI + Random Exploration,2,40,10,50,25,20,1.0,8,0.4,2.1350621789344486,0.6011931153738246,11.00730294820242,4.037021494157671,-2.133034143540422,0
2,pi_random_exploration,GP M52 PI + Random Exploration,3,40,15,55,20,20,1.0,8,0.4,2.1498191684850756,0.4780749619677049,11.00730294820242,4.04278742538838,-2.1292268032050155,0
2,pi_random_exploration,GP M52 PI + Random Exploration,4,40,20,60,15,20,1.0,7,0.35,2.133175789065706,0.3543466148478416,10.856476588192956,4.032466772990732,-2.0836027795143344,0
2,pi_random_exploration,GP M52 PI + Random Exploration,5,40,25,65,10,20,1.0,6,0.3,2.536458159323956,0.4731751958721704,10.856476588192956,4.628701939791771,-2.5161950705718303,0
2,pi_random_exploration,GP M52 PI + Random Exploration,6,40,30,70,5,20,1.0,6,0.3,2.048269223136146,0.2918355422147165,10.856476588192956,4.005553707927197,-2.0168181036490047,0
2,pi_random_exploration,GP M52 PI + Random Exploration,7,40,35,75,0,20,1.0,5,0.25,1.533549881847558,0.2991036855828453,10.856476588192956,3.1772586821690507,-1.48623660770601,0
2,pi_uncertainty,PI + Uncertainty,0,40,0,40,35,20,1.0,9,0.45,2.0590723241109727,0.6550170148548045,10.856476588192956,3.823533301653652,-1.9025976354317349,0
2,pi_uncertainty,PI + Uncertainty,1,40,5,45,30,20,1.0,8,0.4,2.8807362766983835,0.4193429802580839,10.856476588192956,5.018981031592813,-2.680970034673361,0
2,pi_uncertainty,PI + Uncertainty,2,40,10,50,25,20,1.0,9,0.45,2.199531779423677,0.5303768091714183,11.00730294820242,4.057149265725427,-2.1797222604219475,0
2,pi_uncertainty,PI + Uncertainty,3,40,15,55,20,20,1.0,8,0.4,1.7690554275761337,0.4185949565682403,10.856476588192956,3.288359289576825,-1.7191777075816457,0
2,pi_uncertainty,PI + Uncertainty,4,40,20,60,15,20,1.0,8,0.4,2.200285814474672,0.2987246627110291,10.856476588192956,4.00640864579134,-2.148654734229639,0
2,pi_uncertainty,PI + Uncertainty,5,40,25,65,10,20,1.0,8,0.4,2.151918622194495,0.3436119100833217,10.856476588192956,4.0328270016843355,-2.118324475872047,0
2,pi_uncertainty,PI + Uncertainty,6,40,30,70,5,20,1.0,6,0.3,2.063945679080341,0.2753985980769871,10.856476588192956,4.006429078923648,-2.014513575418339,0
2,pi_uncertainty,PI + Uncertainty,7,40,35,75,0,20,1.0,5,0.25,1.533549881847558,0.2991036855828453,10.856476588192956,3.1772586821690507,-1.48623660770601,0
2,imperfection_aware,Imperfection-aware,0,40,0,40,35,20,1.0,9,0.45,2.0590723241109727,0.6550170148548045,10.856476588192956,3.823533301653652,-1.9025976354317349,0
2,imperfection_aware,Imperfection-aware,1,40,5,45,30,20,1.0,8,0.4,1.9172571934160905,0.4196684345395303,10.856476588192956,3.7686573490210495,-1.7257126491802466,0
2,imperfection_aware,Imperfection-aware,2,40,10,50,25,20,1.0,8,0.4,1.4396449325353804,0.3522204808597546,10.856476588192956,2.8923403218170685,-1.217532801397088,0
2,imperfection_aware,Imperfection-aware,3,40,15,55,20,20,1.0,7,0.35,1.8663397758389813,0.4236683215810028,10.856476588192956,3.743962675429613,-1.6541776779117754,0
2,imperfection_aware,Imperfection-aware,4,40,20,60,15,20,1.0,6,0.3,1.8494100990288165,0.4866282622192175,10.856476588192956,3.7347195870809218,-1.6098146197545808,0
2,imperfection_aware,Imperfection-aware,5,40,25,65,10,20,1.0,7,0.35,2.1277406575888262,0.3968575127346279,10.856476588192956,4.033607485624301,-2.0960392321207175,0
2,imperfection_aware,Imperfection-aware,6,40,30,70,5,20,1.0,6,0.3,1.8151698956406972,0.4525201648944916,10.856476588192956,3.733079307880357,-1.680500643694502,0
2,imperfection_aware,Imperfection-aware,7,40,35,75,0,20,1.0,5,0.25,1.533549881847558,0.2991036855828453,10.856476588192956,3.1772586821690507,-1.48623660770601,1
3,random,Random,0,40,0,40,35,20,1.0,9,0.45,2.4610416998214215,0.6974652929962266,10.793454842740768,4.335910128208324,-2.265616117922365,0
3,random,Random,1,40,5,45,30,20,1.0,9,0.45,1.9757788307272504,0.7459994851935905,10.660501153424487,3.5225331214281037,-1.03997837120305,0
3,random,Random,2,40,10,50,25,20,1.0,9,0.45,1.5561732458875377,0.8370431490764156,7.716460800176355,2.6365069546003204,-0.6520744104199467,0
3,random,Random,3,40,15,55,20,20,1.0,9,0.45,1.999529267930226,0.809214275185572,10.660501153424487,3.542443397025075,-1.0798543069926971,0
3,random,Random,4,40,20,60,15,20,1.0,8,0.4,1.0992937084391248,0.7515021600201859,7.716460800176355,1.997621842015244,-0.8491341403339309,0
3,random,Random,5,40,25,65,10,20,1.0,8,0.4,1.1558985558949069,0.7855470659095953,7.716460800176355,2.054262329787691,-0.9203364330568888,0
3,random,Random,6,40,30,70,5,20,1.0,9,0.45,1.537175656406021,0.7606740787256125,8.100464891029363,2.7452753741076465,-1.3569199453174847,0
3,random,Random,7,40,35,75,0,20,1.0,8,0.4,1.1291892838173687,0.6433226920346757,7.716460800176355,2.0343124267010766,-0.9610849918413352,0
3,gp_m52_pi,GP M52 + PI,0,40,0,40,35,20,1.0,9,0.45,2.4610416998214215,0.6974652929962266,10.793454842740768,4.335910128208324,-2.265616117922365,0
3,gp_m52_pi,GP M52 + PI,1,40,5,45,30,20,1.0,9,0.45,2.449528505257144,0.6543290244186402,10.793454842740768,4.333403565548719,-2.250465854903804,0
3,gp_m52_pi,GP M52 + PI,2,40,10,50,25,20,1.0,8,0.4,2.0113642866513173,0.4017697170604686,10.793454842740768,3.9206987654152985,-1.8183903380070203,0
3,gp_m52_pi,GP M52 + PI,3,40,15,55,20,20,1.0,8,0.4,1.9204447556609805,0.6511681918628476,10.660501153424487,3.5091189013921427,-0.9395399702157884,0
3,gp_m52_pi,GP M52 + PI,4,40,20,60,15,20,1.0,9,0.45,1.9941914915701375,0.6940299400566907,10.660501153424487,3.620939529741501,-1.7894012900690712,0
3,gp_m52_pi,GP M52 + PI,5,40,25,65,10,20,1.0,9,0.45,2.365124715369208,0.6845379773417513,10.793454842740768,4.2921660033790205,-2.1945338701454005,0
3,gp_m52_pi,GP M52 + PI,6,40,30,70,5,20,1.0,9,0.45,2.0312501907073455,0.7668908963520504,10.660501153424487,3.632891629631099,-1.846209218505928,0
3,gp_m52_pi,GP M52 + PI,7,40,35,75,0,20,1.0,8,0.4,1.1291892838173687,0.6433226920346757,7.716460800176355,2.0343124267010766,-0.9610849918413352,0
3,gp_m52_ei,GP M52 + EI,0,40,0,40,35,20,1.0,9,0.45,2.4610416998214215,0.6974652929962266,10.793454842740768,4.335910128208324,-2.265616117922365,0
3,gp_m52_ei,GP M52 + EI,1,40,5,45,30,20,1.0,9,0.45,2.449528505257144,0.6543290244186402,10.793454842740768,4.333403565548719,-2.250465854903804,0
3,gp_m52_ei,GP M52 + EI,2,40,10,50,25,20,1.0,8,0.4,1.1942337069371824,0.5723371810338049,7.716460800176355,2.1049318730510307,-0.9928115542235992,0
3,gp_m52_ei,GP M52 + EI,3,40,15,55,20,20,1.0,7,0.35,1.571169667886625,0.4191612100468207,10.660501153424487,3.1291509514789304,-1.3466171896411538,0
3,gp_m52_ei,GP M52 + EI,4,40,20,60,15,20,1.0,8,0.4,1.9896342990327245,0.7613664265714144,10.660501153424487,3.61721205071472,-1.8094740037778732,0
3,gp_m52_ei,GP M52 + EI,5,40,25,65,10,20,1.0,8,0.4,1.9540444589858963,0.7166890820897649,10.660501153424487,3.5970982462335552,-1.7593995353446246,0
3,gp_m52_ei,GP M52 + EI,6,40,30,70,5,20,1.0,9,0.45,2.419068154646259,0.8304031480480258,10.793454842740768,4.3058252488007085,-2.2683998294652588,0
3,gp_m52_ei,GP M52 + EI,7,40,35,75,0,20,1.0,8,0.4,1.1291892838173687,0.6433226920346757,7.716460800176355,2.0343124267010766,-0.9610849918413352,0
3,pi_random_exploration,GP M52 PI + Random Exploration,0,40,0,40,35,20,1.0,9,0.45,2.4610416998214215,0.6974652929962266,10.793454842740768,4.335910128208324,-2.265616117922365,0
3,pi_random_exploration,GP M52 PI + Random Exploration,1,40,5,45,30,20,1.0,9,0.45,2.4632059203208745,0.675675047649194,10.793454842740768,4.344539258208007,-2.2908644793205615,0
3,pi_random_exploration,GP M52 PI + Random Exploration,2,40,10,50,25,20,1.0,9,0.45,2.362160415393404,0.754699832853472,10.793454842740768,4.2248462604467685,-1.4362829277589175,0
3,pi_random_exploration,GP M52 PI + Random Exploration,3,40,15,55,20,20,1.0,9,0.45,2.4431329127224695,0.7191392851536831,10.793454842740768,4.321508726287315,-2.2264832945526125,0
3,pi_random_exploration,GP M52 PI + Random Exploration,4,40,20,60,15,20,1.0,8,0.4,1.9958714411571885,0.5855868622761298,10.793454842740768,3.898951926166576,-1.8299865683049688,0
3,pi_random_exploration,GP M52 PI + Random Exploration,5,40,25,65,10,20,1.0,9,0.45,1.9986677117101372,0.8088229245204825,10.660501153424487,3.617151052593564,-1.8483673686505355,0
3,pi_random_exploration,GP M52 PI + Random Exploration,6,40,30,70,5,20,1.0,9,0.45,2.403864504841999,0.7896380212274572,10.793454842740768,4.306145695374448,-2.2160193216363013,0
3,pi_random_exploration,GP M52 PI + Random Exploration,7,40,35,75,0,20,1.0,8,0.4,1.1291892838173687,0.6433226920346757,7.716460800176355,2.0343124267010766,-0.9610849918413352,0
3,pi_uncertainty,PI + Uncertainty,0,40,0,40,35,20,1.0,9,0.45,2.4610416998214215,0.6974652929962266,10.793454842740768,4.335910128208324,-2.265616117922365,0
3,pi_uncertainty,PI + Uncertainty,1,40,5,45,30,20,1.0,9,0.45,2.4756405203845206,0.6693265358598346,10.793454842740768,4.345065747026112,-2.297482652396737,0
3,pi_uncertainty,PI + Uncertainty,2,40,10,50,25,20,1.0,8,0.4,2.075532796214428,0.4990137662699982,10.793454842740768,3.9459598335040384,-1.9046901764936048,0
3,pi_uncertainty,PI + Uncertainty,3,40,15,55,20,20,1.0,7,0.35,1.989367946409928,0.4196062244865599,10.793454842740768,3.912857023673962,-1.7658205452330311,0
3,pi_uncertainty,PI + Uncertainty,4,40,20,60,15,20,1.0,9,0.45,2.4300051127386384,0.7320715074023179,10.793454842740768,4.316415382230883,-2.23498896803735,0
3,pi_uncertainty,PI + Uncertainty,5,40,25,65,10,20,1.0,9,0.45,2.3806276748693325,0.7261165530190352,10.793454842740768,4.29619650193759,-2.181746108679639,0
3,pi_uncertainty,PI + Uncertainty,6,40,30,70,5,20,1.0,9,0.45,2.0312501907073455,0.7668908963520504,10.660501153424487,3.632891629631099,-1.846209218505928,0
3,pi_uncertainty,PI + Uncertainty,7,40,35,75,0,20,1.0,8,0.4,1.1291892838173687,0.6433226920346757,7.716460800176355,2.0343124267010766,-0.9610849918413352,0
3,imperfection_aware,Imperfection-aware,0,40,0,40,35,20,1.0,9,0.45,2.4610416998214215,0.6974652929962266,10.793454842740768,4.335910128208324,-2.265616117922365,0
3,imperfection_aware,Imperfection-aware,1,40,5,45,30,20,1.0,9,0.45,2.4756405203845206,0.6693265358598346,10.793454842740768,4.345065747026112,-2.297482652396737,0
3,imperfection_aware,Imperfection-aware,2,40,10,50,25,20,1.0,8,0.4,1.6104572701521125,0.4911947393436113,10.660501153424487,3.1426403652285475,-1.3890402002311195,0
3,imperfection_aware,Imperfection-aware,3,40,15,55,20,20,1.0,7,0.35,1.1490428662708283,0.4213922581951461,7.716460800176355,2.085540841055049,-0.914278580434056,0
3,imperfection_aware,Imperfection-aware,4,40,20,60,15,20,1.0,7,0.35,1.5486692766987864,0.4169542948296678,10.660501153424487,3.1180603024400892,-1.321378346802666,0
3,imperfection_aware,Imperfection-aware,5,40,25,65,10,20,1.0,8,0.4,1.9528952685344472,0.4730749245469496,10.793454842740768,3.8844459561497025,-1.7770442077734585,0
3,imperfection_aware,Imperfection-aware,6,40,30,70,5,20,1.0,9,0.45,1.4630408524929652,0.7418570160944107,8.100464891029363,2.69360895535312,-1.305039897404054,1
3,imperfection_aware,Imperfection-aware,7,40,35,75,0,20,1.0,8,0.4,1.1291892838173687,0.6433226920346757,7.716460800176355,2.0343124267010766,-0.9610849918413352,2
4,random,Random,0,40,0,40,35,20,1.0,11,0.55,2.650368935442265,1.1334825417152086,10.380994213509265,3.950784142942239,-1.0384936107254032,0
4,random,Random,1,40,5,45,30,20,1.0,9,0.45,2.426100673523146,0.8802817600816839,10.380994213509265,3.86882010564173,-0.8133375371236274,0
4,random,Random,2,40,10,50,25,20,1.0,8,0.4,1.8510884964402965,0.5344956933963516,10.380994213509265,3.36788478648313,-0.9701520013697904,0
4,random,Random,3,40,15,55,20,20,1.0,9,0.45,2.1960124412062054,0.6758535463960866,10.380994213509265,3.784314151313074,-0.5275542883600753,0
4,random,Random,4,40,20,60,15,20,1.0,11,0.55,2.3637411186333868,1.350751515840444,10.380994213509265,3.8900490687601414,-0.6036989416197283,0
4,random,Random,5,40,25,65,10,20,1.0,9,0.45,2.243981707031777,0.7734803165490023,10.380994213509265,3.843548934492489,-0.4900522739407309,0
4,random,Random,6,40,30,70,5,20,1.0,6,0.3,2.022232835934226,0.5525872426790732,10.380994213509265,3.8432791774514152,-0.1746604203406087,0
4,random,Random,7,40,35,75,0,20,1.0,5,0.25,1.975898105369695,0.2759886267792302,10.64742289992818,3.971454849152912,-0.9743078898059948,0
4,gp_m52_pi,GP M52 + PI,0,40,0,40,35,20,1.0,11,0.55,2.650368935442265,1.1334825417152086,10.380994213509265,3.950784142942239,-1.0384936107254032,0
4,gp_m52_pi,GP M52 + PI,1,40,5,45,30,20,1.0,9,0.45,2.4534968331584377,0.8791752603584921,10.380994213509265,3.9119153499534423,-0.6964854536984779,0
4,gp_m52_pi,GP M52 + PI,2,40,10,50,25,20,1.0,8,0.4,2.105499321147705,0.7086056762673092,10.380994213509265,3.782936512744657,-0.2230017462863361,0
4,gp_m52_pi,GP M52 + PI,3,40,15,55,20,20,1.0,6,0.3,1.981799150248128,0.4814473016700278,10.380994213509265,3.739356238544563,-0.1151312914145154,0
4,gp_m52_pi,GP M52 + PI,4,40,20,60,15,20,1.0,5,0.25,1.941555835394824,0.5071494493133315,10.380994213509265,3.706408241256506,-0.1452844966901572,0
4,gp_m52_pi,GP M52 + PI,5,40,25,65,10,20,1.0,3,0.15,1.6268887330131698,0.2886674720447111,10.64742289992818,3.5694465513997296,-1.355796555883403,0
4,gp_m52_pi,GP M52 + PI,6,40,30,70,5,20,1.0,6,0.3,2.037018467652996,0.4657352476100413,10.64742289992818,3.994583983523985,-1.0195209560663812,0
4,gp_m52_pi,GP M52 + PI,7,40,35,75,0,20,1.0,5,0.25,1.975898105369695,0.2759886267792302,10.64742289992818,3.971454849152912,-0.9743078898059948,0
4,gp_m52_ei,GP M52 + EI,0,40,0,40,35,20,1.0,11,0.55,2.650368935442265,1.1334825417152086,10.380994213509265,3.950784142942239,-1.0384936107254032,0
4,gp_m52_ei,GP M52 + EI,1,40,5,45,30,20,1.0,9,0.45,2.306527714968475,0.7463770846686826,10.380994213509265,3.83574387314738,-0.6550080172272585,0
4,gp_m52_ei,GP M52 + EI,2,40,10,50,25,20,1.0,9,0.45,2.204509023440123,0.6827025800069624,10.380994213509265,3.76013809492153,-0.5358126311552338,0
4,gp_m52_ei,GP M52 + EI,3,40,15,55,20,20,1.0,6,0.3,1.9325850173554433,0.310185030459805,10.380994213509265,3.771986127984975,-0.1072357765185821,0
4,gp_m52_ei,GP M52 + EI,4,40,20,60,15,20,1.0,6,0.3,1.98497191156178,0.5070531245174026,10.380994213509265,3.7248953037817727,-0.1653786064593331,0
4,gp_m52_ei,GP M52 + EI,5,40,25,65,10,20,1.0,4,0.2,1.6164026298076462,0.2430641401829163,10.64742289992818,3.5734898851577506,-1.393204667269856,0
4,gp_m52_ei,GP M52 + EI,6,40,30,70,5,20,1.0,4,0.2,1.991438036104704,0.3996797975288464,10.64742289992818,3.9803418890307145,-0.9766030692400852,0
4,gp_m52_ei,GP M52 + EI,7,40,35,75,0,20,1.0,5,0.25,1.975898105369695,0.2759886267792302,10.64742289992818,3.971454849152912,-0.9743078898059948,0
4,pi_random_exploration,GP M52 PI + Random Exploration,0,40,0,40,35,20,1.0,11,0.55,2.650368935442265,1.1334825417152086,10.380994213509265,3.950784142942239,-1.0384936107254032,0
4,pi_random_exploration,GP M52 PI + Random Exploration,1,40,5,45,30,20,1.0,9,0.45,2.38311027203419,0.8671051583367193,10.380994213509265,3.8548251911811704,-0.5948027112733103,0
4,pi_random_exploration,GP M52 PI + Random Exploration,2,40,10,50,25,20,1.0,6,0.3,2.0503774597520676,0.6246714669583122,10.380994213509265,3.7627260994626024,-0.136915637999911,0
4,pi_random_exploration,GP M52 PI + Random Exploration,3,40,15,55,20,20,1.0,6,0.3,2.001061408223958,0.5134477147285601,10.380994213509265,3.7431520231351425,-0.0743180337721864,0
4,pi_random_exploration,GP M52 PI + Random Exploration,4,40,20,60,15,20,1.0,6,0.3,1.9669189384795829,0.4322312641159094,10.380994213509265,3.790516797194032,-0.0280515357072286,0
4,pi_random_exploration,GP M52 PI + Random Exploration,5,40,25,65,10,20,1.0,5,0.25,1.9855186473528073,0.4327106072470954,10.64742289992818,3.9285252041030567,-1.044796457639102,0
4,pi_random_exploration,GP M52 PI + Random Exploration,6,40,30,70,5,20,1.0,4,0.2,1.9679756733521132,0.3350919453776066,10.64742289992818,3.971348745447384,-1.0376272392665409,0
4,pi_random_exploration,GP M52 PI + Random Exploration,7,40,35,75,0,20,1.0,5,0.25,1.975898105369695,0.2759886267792302,10.64742289992818,3.971454849152912,-0.9743078898059948,0
4,pi_uncertainty,PI + Uncertainty,0,40,0,40,35,20,1.0,11,0.55,2.650368935442265,1.1334825417152086,10.380994213509265,3.950784142942239,-1.0384936107254032,0
4,pi_uncertainty,PI + Uncertainty,1,40,5,45,30,20,1.0,9,0.45,2.434077018449005,0.8580996089407424,10.380994213509265,3.9025920202349536,-0.6843760503631643,0
4,pi_uncertainty,PI + Uncertainty,2,40,10,50,25,20,1.0,7,0.35,2.085708703276877,0.553934586395088,10.380994213509265,3.765694434511348,-0.2893275967948215,0
4,pi_uncertainty,PI + Uncertainty,3,40,15,55,20,20,1.0,5,0.25,1.975548012171463,0.493713306807205,10.380994213509265,3.7532892784048393,-0.1014665271911524,0
4,pi_uncertainty,PI + Uncertainty,4,40,20,60,15,20,1.0,5,0.25,1.9799811904918947,0.3213571748278374,10.64742289992818,3.951831948658591,-0.9912927517766204,0
4,pi_uncertainty,PI + Uncertainty,5,40,25,65,10,20,1.0,4,0.2,1.616360914278823,0.3386842590432621,10.64742289992818,3.570380797384628,-1.3415400202566148,0
4,pi_uncertainty,PI + Uncertainty,6,40,30,70,5,20,1.0,4,0.2,1.991438036104704,0.3996797975288464,10.64742289992818,3.9803418890307145,-0.9766030692400852,0
4,pi_uncertainty,PI + Uncertainty,7,40,35,75,0,20,1.0,5,0.25,1.975898105369695,0.2759886267792302,10.64742289992818,3.971454849152912,-0.9743078898059948,0
4,imperfection_aware,Imperfection-aware,0,40,0,40,35,20,1.0,11,0.55,2.650368935442265,1.1334825417152086,10.380994213509265,3.950784142942239,-1.0384936107254032,0
4,imperfection_aware,Imperfection-aware,1,40,5,45,30,20,1.0,9,0.45,2.434077018449005,0.8580996089407424,10.380994213509265,3.9025920202349536,-0.6843760503631643,0
4,imperfection_aware,Imperfection-aware,2,40,10,50,25,20,1.0,7,0.35,2.085708703276877,0.553934586395088,10.380994213509265,3.765694434511348,-0.2893275967948215,0
4,imperfection_aware,Imperfection-aware,3,40,15,55,20,20,1.0,6,0.3,2.02850957487286,0.4258254075026846,10.64742289992818,3.968017706890784,-1.1222676564824188,0
4,imperfection_aware,Imperfection-aware,4,40,20,60,15,20,1.0,4,0.2,1.997358858489101,0.5837266720365548,10.64742289992818,3.9093614590187697,-1.0695223935213778,0
4,imperfection_aware,Imperfection-aware,5,40,25,65,10,20,1.0,5,0.25,1.98567113294257,0.2881683524599348,10.64742289992818,3.961278256971791,-0.9101063487535864,0
4,imperfection_aware,Imperfection-aware,6,40,30,70,5,20,1.0,5,0.25,2.001948975347649,0.3626301175703244,10.64742289992818,3.980852033813845,-0.9669483606525358,0
4,imperfection_aware,Imperfection-aware,7,40,35,75,0,20,1.0,5,0.25,1.975898105369695,0.2759886267792302,10.64742289992818,3.971454849152912,-0.9743078898059948,1
5,random,Random,0,40,0,40,35,20,1.0,8,0.4,2.3805634497292716,0.8535804420898625,10.380994213509265,3.897358188487214,-1.3958994107095362,0
5,random,Random,1,40,5,45,30,20,1.0,9,0.45,2.4371204168207674,0.849378656129689,10.380994213509265,3.896716873715645,-1.455279376170846,0
5,random,Random,2,40,10,50,25,20,1.0,12,0.6,2.8335141807099244,1.136441421663358,10.380994213509265,4.277743976344361,-2.8335141807099244,0
5,random,Random,3,40,15,55,20,20,1.0,11,0.55,2.665401133607775,1.0889589067809595,10.380994213509265,4.216409866066032,-2.665401133607775,0
5,random,Random,4,40,20,60,15,20,1.0,8,0.4,2.5060364547029796,0.60629883957224,10.380994213509265,4.174792005938479,-2.5060364547029796,0
5,random,Random,5,40,25,65,10,20,1.0,9,0.45,2.5610898521635184,0.5785451001292365,10.380994213509265,4.20321815756267,-2.5281445821295434,0
5,random,Random,6,40,30,70,5,20,1.0,8,0.4,2.2900981559516667,0.4965244686035173,10.380994213509265,3.9301045190627866,-2.190594351384404,0
5,random,Random,7,40,35,75,0,20,1.0,8,0.4,2.291432097294126,0.585551628329755,10.380994213509265,3.929773618000296,-2.17353896694313,0
5,gp_m52_pi,GP M52 + PI,0,40,0,40,35,20,1.0,8,0.4,2.3805634497292716,0.8535804420898625,10.380994213509265,3.897358188487214,-1.3958994107095362,0
5,gp_m52_pi,GP M52 + PI,1,40,5,45,30,20,1.0,9,0.45,2.3222380130810873,0.7875143574507124,10.380994213509265,3.875021511922851,-1.3979611546933426,0
5,gp_m52_pi,GP M52 + PI,2,40,10,50,25,20,1.0,9,0.45,2.2730622839088,0.8288643488917806,10.380994213509265,3.892156318980003,-1.2180645162783807,0
5,gp_m52_pi,GP M52 + PI,3,40,15,55,20,20,1.0,7,0.35,2.1443755793411405,0.5069751070424493,10.380994213509265,3.83426190228901,-1.1959067474991998,0
5,gp_m52_pi,GP M52 + PI,4,40,20,60,15,20,1.0,9,0.45,2.577144187852487,0.6587834354534623,10.380994213509265,4.2008548234367495,-2.5388143312233704,0
5,gp_m52_pi,GP M52 + PI,5,40,25,65,10,20,1.0,9,0.45,2.624554747238263,0.6362368218005985,10.380994213509265,4.231573427985657,-2.605470758174178,0
5,gp_m52_pi,GP M52 + PI,6,40,30,70,5,20,1.0,9,0.45,2.6261733872268773,0.6940842254302835,10.380994213509265,4.222996501165445,-2.5787131918061323,0
5,gp_m52_pi,GP M52 + PI,7,40,35,75,0,20,1.0,8,0.4,2.291432097294126,0.585551628329755,10.380994213509265,3.929773618000296,-2.17353896694313,0
5,gp_m52_ei,GP M52 + EI,0,40,0,40,35,20,1.0,8,0.4,2.3805634497292716,0.8535804420898625,10.380994213509265,3.897358188487214,-1.3958994107095362,0
5,gp_m52_ei,GP M52 + EI,1,40,5,45,30,20,1.0,6,0.3,2.17178795233983,0.714951170424273,10.380994213509265,3.8036668881865,-2.076812493937054,0
5,gp_m52_ei,GP M52 + EI,2,40,10,50,25,20,1.0,7,0.35,2.2207503400801314,0.6703029621294387,10.380994213509265,3.837858805410375,-1.219222791460264,0
5,gp_m52_ei,GP M52 + EI,3,40,15,55,20,20,1.0,6,0.3,2.103959381739353,0.4596725336020926,10.380994213509265,3.800220012801416,-1.150196231139844,0
5,gp_m52_ei,GP M52 + EI,4,40,20,60,15,20,1.0,9,0.45,2.566683488043936,0.5732903816998274,10.380994213509265,4.203260399376557,-2.511600402802121,0
5,gp_m52_ei,GP M52 + EI,5,40,25,65,10,20,1.0,9,0.45,2.6131792715960436,0.6741278011203091,10.380994213509265,4.2118013803823775,-2.5443970319265334,0
5,gp_m52_ei,GP M52 + EI,6,40,30,70,5,20,1.0,9,0.45,2.59254439145943,0.6768905455570611,10.380994213509265,4.207345538886306,-2.546094544540305,0
5,gp_m52_ei,GP M52 + EI,7,40,35,75,0,20,1.0,8,0.4,2.291432097294126,0.585551628329755,10.380994213509265,3.929773618000296,-2.17353896694313,0
5,pi_random_exploration,GP M52 PI + Random Exploration,0,40,0,40,35,20,1.0,8,0.4,2.3805634497292716,0.8535804420898625,10.380994213509265,3.897358188487214,-1.3958994107095362,0
5,pi_random_exploration,GP M52 PI + Random Exploration,1,40,5,45,30,20,1.0,8,0.4,2.295072010564415,0.7311377532968377,10.380994213509265,3.85141184864584,-2.202150282047609,0
5,pi_random_exploration,GP M52 PI + Random Exploration,2,40,10,50,25,20,1.0,9,0.45,2.6867536387715885,0.8703953927159631,10.380994213509265,4.246129145628877,-2.6743813180986056,0
5,pi_random_exploration,GP M52 PI + Random Exploration,3,40,15,55,20,20,1.0,9,0.45,2.6253126517789096,0.6423698709182935,10.380994213509265,4.233038678863825,-2.5790409615571894,0
5,pi_random_exploration,GP M52 PI + Random Exploration,4,40,20,60,15,20,1.0,9,0.45,2.5602285656122667,0.5781642122414326,10.380994213509265,4.197454680349326,-2.4830538137697196,0
5,pi_random_exploration,GP M52 PI + Random Exploration,5,40,25,65,10,20,1.0,9,0.45,2.6146954708030545,0.665131977348234,10.380994213509265,4.214912920422064,-2.5444092297861074,0
5,pi_random_exploration,GP M52 PI + Random Exploration,6,40,30,70,5,20,1.0,9,0.45,2.583662745669503,0.6349337139552382,10.380994213509265,4.207242012913183,-2.553516588820231,0
5,pi_random_exploration,GP M52 PI + Random Exploration,7,40,35,75,0,20,1.0,8,0.4,2.291432097294126,0.585551628329755,10.380994213509265,3.929773618000296,-2.17353896694313,0
5,pi_uncertainty,PI + Uncertainty,0,40,0,40,35,20,1.0,8,0.4,2.3805634497292716,0.8535804420898625,10.380994213509265,3.897358188487214,-1.3958994107095362,0
5,pi_uncertainty,PI + Uncertainty,1,40,5,45,30,20,1.0,9,0.45,2.3222380130810873,0.7875143574507124,10.380994213509265,3.875021511922851,-1.3979611546933426,0
5,pi_uncertainty,PI + Uncertainty,2,40,10,50,25,20,1.0,8,0.4,2.2206092751505375,0.731147411712687,10.380994213509265,3.865994640335307,-1.1744482443836592,0
5,pi_uncertainty,PI + Uncertainty,3,40,15,55,20,20,1.0,7,0.35,2.174070176231769,0.5693421083488035,10.380994213509265,3.8483191632310794,-1.1852046509266692,0
5,pi_uncertainty,PI + Uncertainty,4,40,20,60,15,20,1.0,9,0.45,2.577144187852487,0.6587834354534623,10.380994213509265,4.2008548234367495,-2.5388143312233704,0
5,pi_uncertainty,PI + Uncertainty,5,40,25,65,10,20,1.0,9,0.45,2.6312850887726187,0.6288902283003015,10.380994213509265,4.228563145124651,-2.589408020054977,0
5,pi_uncertainty,PI + Uncertainty,6,40,30,70,5,20,1.0,9,0.45,2.59254439145943,0.6768905455570611,10.380994213509265,4.207345538886306,-2.546094544540305,0
5,pi_uncertainty,PI + Uncertainty,7,40,35,75,0,20,1.0,8,0.4,2.291432097294126,0.585551628329755,10.380994213509265,3.929773618000296,-2.17353896694313,0
5,imperfection_aware,Imperfection-aware,0,40,0,40,35,20,1.0,8,0.4,2.3805634497292716,0.8535804420898625,10.380994213509265,3.897358188487214,-1.3958994107095362,0
5,imperfection_aware,Imperfection-aware,1,40,5,45,30,20,1.0,9,0.45,2.3222380130810873,0.7875143574507124,10.380994213509265,3.875021511922851,-1.3979611546933426,0
5,imperfection_aware,Imperfection-aware,2,40,10,50,25,20,1.0,8,0.4,2.5272903418458244,0.7768220455328869,10.380994213509265,4.177759884391313,-2.4997664624650286,0
5,imperfection_aware,Imperfection-aware,3,40,15,55,20,20,1.0,7,0.35,2.17450892096607,0.5427374304075148,10.380994213509265,3.8585975069252823,-1.1712938007998284,0
5,imperfection_aware,Imperfection-aware,4,40,20,60,15,20,1.0,9,0.45,2.5918664373081883,0.609689235675102,10.380994213509265,4.2151700902901466,-2.5869825467472656,0
5,imperfection_aware,Imperfection-aware,5,40,25,65,10,20,1.0,9,0.45,2.626121750593192,0.6412023815469983,10.380994213509265,4.2280592366522445,-2.599666107410289,0
5,imperfection_aware,Imperfection-aware,6,40,30,70,5,20,1.0,9,0.45,2.569467988154334,0.692248192061931,10.380994213509265,4.199611260347852,-2.5483719921225796,1
5,imperfection_aware,Imperfection-aware,7,40,35,75,0,20,1.0,8,0.4,2.291432097294126,0.585551628329755,10.380994213509265,3.929773618000296,-2.17353896694313,2
6,random,Random,0,40,0,40,35,20,1.0,7,0.35,2.716704328567016,0.3256560726283961,10.856476588192956,4.695855598057804,-2.5918333797563604,0
6,random,Random,1,40,5,45,30,20,1.0,7,0.35,2.7338986690741818,0.3986619460532425,10.856476588192956,4.694767127092185,-2.582918344944129,0
6,random,Random,2,40,10,50,25,20,1.0,7,0.35,2.729873175227439,0.4301480939288762,10.856476588192956,4.693792034635855,-2.585905116221748,0
6,random,Random,3,40,15,55,20,20,1.0,7,0.35,2.663241289210595,0.3783045147638493,10.856476588192956,4.6726498749539305,-2.485470068751154,0
6,random,Random,4,40,20,60,15,20,1.0,6,0.3,2.279319692780862,0.3299889824333917,10.856476588192956,4.330042411726698,-2.1393109310469005,0
6,random,Random,5,40,25,65,10,20,1.0,7,0.35,2.6496229704727097,0.35153211057938,10.856476588192956,4.670966942159666,-2.509737404573088,0
6,random,Random,6,40,30,70,5,20,1.0,7,0.35,2.6953820749642015,0.3463106830706213,10.856476588192956,4.6798854043717615,-2.590748037561603,0
6,random,Random,7,40,35,75,0,20,1.0,7,0.35,2.7234935627685943,0.4609884441271399,10.856476588192956,4.6877688816285605,-2.60026682994047,0
6,gp_m52_pi,GP M52 + PI,0,40,0,40,35,20,1.0,7,0.35,2.716704328567016,0.3256560726283961,10.856476588192956,4.695855598057804,-2.5918333797563604,0
6,gp_m52_pi,GP M52 + PI,1,40,5,45,30,20,1.0,7,0.35,2.714097917406619,0.305255985372006,10.856476588192956,4.690754568476702,-2.5679156035517483,0
6,gp_m52_pi,GP M52 + PI,2,40,10,50,25,20,1.0,7,0.35,3.112235473496445,0.2527463568553401,10.856476588192956,5.217079585335798,-2.976110906067058,0
6,gp_m52_pi,GP M52 + PI,3,40,15,55,20,20,1.0,7,0.35,2.7296068062724315,0.5391486721516712,10.856476588192956,4.691608581099992,-2.600640197122083,0
6,gp_m52_pi,GP M52 + PI,4,40,20,60,15,20,1.0,7,0.35,2.7157148836906178,0.4940002711387077,10.856476588192956,4.685654156115969,-2.5783746294689527,0
6,gp_m52_pi,GP M52 + PI,5,40,25,65,10,20,1.0,6,0.3,2.3164342817134314,0.2795002075054817,10.856476588192956,4.339786788412887,-2.197630848877896,0
6,gp_m52_pi,GP M52 + PI,6,40,30,70,5,20,1.0,6,0.3,2.341019842863415,0.3351477385325569,10.856476588192956,4.349968662995382,-2.2386192554947204,0
6,gp_m52_pi,GP M52 + PI,7,40,35,75,0,20,1.0,7,0.35,2.7234935627685943,0.4609884441271399,10.856476588192956,4.6877688816285605,-2.60026682994047,0
6,gp_m52_ei,GP M52 + EI,0,40,0,40,35,20,1.0,7,0.35,2.716704328567016,0.3256560726283961,10.856476588192956,4.695855598057804,-2.5918333797563604,0
6,gp_m52_ei,GP M52 + EI,1,40,5,45,30,20,1.0,7,0.35,2.688860942287481,0.3349448209633072,10.856476588192956,4.675302562830997,-2.547958753845506,0
6,gp_m52_ei,GP M52 + EI,2,40,10,50,25,20,1.0,7,0.35,3.1282797083483165,0.3370940653029262,10.856476588192956,5.217889054304104,-2.964447212896039,0
6,gp_m52_ei,GP M52 + EI,3,40,15,55,20,20,1.0,7,0.35,2.707202564979366,0.2913879083953441,10.856476588192956,4.688203961026784,-2.5935002353355694,0
6,gp_m52_ei,GP M52 + EI,4,40,20,60,15,20,1.0,7,0.35,3.166450473049646,0.5701409124645167,10.856476588192956,5.221118464423997,-3.0127218142807815,0
6,gp_m52_ei,GP M52 + EI,5,40,25,65,10,20,1.0,7,0.35,3.1542274184629706,0.4685326669446628,10.856476588192956,5.220952641291736,-3.025363989685526,0
6,gp_m52_ei,GP M52 + EI,6,40,30,70,5,20,1.0,7,0.35,3.1465556880664365,0.4907105951009951,10.856476588192956,5.22019444170701,-3.012137146157591,0
6,gp_m52_ei,GP M52 + EI,7,40,35,75,0,20,1.0,7,0.35,2.7234935627685943,0.4609884441271399,10.856476588192956,4.6877688816285605,-2.60026682994047,0
6,pi_random_exploration,GP M52 PI + Random Exploration,0,40,0,40,35,20,1.0,7,0.35,2.716704328567016,0.3256560726283961,10.856476588192956,4.695855598057804,-2.5918333797563604,0
6,pi_random_exploration,GP M52 PI + Random Exploration,1,40,5,45,30,20,1.0,7,0.35,2.7265761492384906,0.3876834418300339,10.856476588192956,4.6905943972225135,-2.546556966056556,0
6,pi_random_exploration,GP M52 PI + Random Exploration,2,40,10,50,25,20,1.0,7,0.35,3.155877888601915,0.4308449970754999,10.856476588192956,5.219208311033717,-3.012693250300902,0
6,pi_random_exploration,GP M52 PI + Random Exploration,3,40,15,55,20,20,1.0,7,0.35,3.1711218450256213,0.4794756279806291,10.856476588192956,5.219949463610123,-3.0021745353302176,0
6,pi_random_exploration,GP M52 PI + Random Exploration,4,40,20,60,15,20,1.0,7,0.35,2.929740691604343,0.563331732499817,10.856476588192956,5.049521177109977,-2.6345417087464194,0
6,pi_random_exploration,GP M52 PI + Random Exploration,5,40,25,65,10,20,1.0,7,0.35,2.930473573345449,0.4668327316178811,10.856476588192956,5.052907755061616,-2.62184993053122,0
6,pi_random_exploration,GP M52 PI + Random Exploration,6,40,30,70,5,20,1.0,7,0.35,2.7271634493599306,0.4763261628173429,10.856476588192956,4.691093930800639,-2.5956909902643157,0
6,pi_random_exploration,GP M52 PI + Random Exploration,7,40,35,75,0,20,1.0,7,0.35,2.7234935627685943,0.4609884441271399,10.856476588192956,4.6877688816285605,-2.60026682994047,0
6,pi_uncertainty,PI + Uncertainty,0,40,0,40,35,20,1.0,7,0.35,2.716704328567016,0.3256560726283961,10.856476588192956,4.695855598057804,-2.5918333797563604,0
6,pi_uncertainty,PI + Uncertainty,1,40,5,45,30,20,1.0,7,0.35,2.6969614560775317,0.3642240167937522,10.856476588192956,4.681625693069154,-2.5269306052808256,0
6,pi_uncertainty,PI + Uncertainty,2,40,10,50,25,20,1.0,7,0.35,3.1282797083483165,0.3370940653029262,10.856476588192956,5.217889054304104,-2.964447212896039,0
6,pi_uncertainty,PI + Uncertainty,3,40,15,55,20,20,1.0,7,0.35,2.721319922482358,0.5196703908967084,10.856476588192956,4.68595111347537,-2.5794070546555963,0
6,pi_uncertainty,PI + Uncertainty,4,40,20,60,15,20,1.0,7,0.35,2.707371564501104,0.4613349002625302,10.856476588192956,4.682452534155247,-2.582287472726838,0
6,pi_uncertainty,PI + Uncertainty,5,40,25,65,10,20,1.0,6,0.3,2.3202334087663283,0.3082292215223017,10.856476588192956,4.340725411689653,-2.1951723267455883,0
6,pi_uncertainty,PI + Uncertainty,6,40,30,70,5,20,1.0,6,0.3,2.369527353951002,0.3158881079504807,10.856476588192956,4.355644497912413,-2.2188525917225705,0
6,pi_uncertainty,PI + Uncertainty,7,40,35,75,0,20,1.0,7,0.35,2.7234935627685943,0.4609884441271399,10.856476588192956,4.6877688816285605,-2.60026682994047,0
6,imperfection_aware,Imperfection-aware,0,40,0,40,35,20,1.0,7,0.35,2.716704328567016,0.3256560726283961,10.856476588192956,4.695855598057804,-2.5918333797563604,0
6,imperfection_aware,Imperfection-aware,1,40,5,45,30,20,1.0,7,0.35,3.1306877048696955,0.3299498443228517,10.856476588192956,5.217714702334988,-2.964441768149415,0
6,imperfection_aware,Imperfection-aware,2,40,10,50,25,20,1.0,7,0.35,2.7001526869802936,0.3777165483919376,10.856476588192956,4.679512863511068,-2.529152469843698,0
6,imperfection_aware,Imperfection-aware,3,40,15,55,20,20,1.0,7,0.35,2.704739792664893,0.4441289348149917,10.856476588192956,4.681230315504006,-2.5695111569944067,0
6,imperfection_aware,Imperfection-aware,4,40,20,60,15,20,1.0,7,0.35,2.728129708763005,0.4543038973285052,10.856476588192956,4.690319766772007,-2.608007644447027,0
6,imperfection_aware,Imperfection-aware,5,40,25,65,10,20,1.0,7,0.35,2.717372867582113,0.4511812545046227,10.856476588192956,4.684871538364791,-2.5995900249576818,0
6,imperfection_aware,Imperfection-aware,6,40,30,70,5,20,1.0,7,0.35,2.707538453596544,0.4427160790792674,10.856476588192956,4.682194076051603,-2.5887270550580443,1
6,imperfection_aware,Imperfection-aware,7,40,35,75,0,20,1.0,7,0.35,2.7234935627685943,0.4609884441271399,10.856476588192956,4.6877688816285605,-2.60026682994047,2
7,random,Random,0,40,0,40,35,20,1.0,14,0.7,5.3998032906117945,4.69976487773914,11.580901819979324,7.00452359162775,-5.0462915337189065,0
7,random,Random,1,40,5,45,30,20,1.0,14,0.7,5.046889012410375,2.836812993147558,11.580901819979324,6.841838962998164,-4.566850749214712,0
7,random,Random,2,40,10,50,25,20,1.0,14,0.7,4.228493258756986,1.9847964939774656,11.580901819979324,5.96064783367985,-3.701082156152736,0
7,random,Random,3,40,15,55,20,20,1.0,13,0.65,2.931608001938334,1.6971438689639182,10.96348028065585,4.578469420368425,-2.17451609568424,0
7,random,Random,4,40,20,60,15,20,1.0,11,0.55,2.087724576337707,1.1716680001269522,10.380994213509265,3.3826374618354644,-1.541380338197009,0
7,random,Random,5,40,25,65,10,20,1.0,9,0.45,1.7032707710575887,0.6299845108357527,10.380994213509265,3.0964332010566045,-0.8940054541870449,0
7,random,Random,6,40,30,70,5,20,1.0,7,0.35,1.6678661636062464,0.6518583047132154,10.380994213509265,3.1084644606897194,-0.7357117049472646,0
7,random,Random,7,40,35,75,0,20,1.0,9,0.45,1.8598494284029343,0.7183988161043553,10.380994213509265,3.3387973553866765,-1.3602448426124631,0
7,gp_m52_pi,GP M52 + PI,0,40,0,40,35,20,1.0,14,0.7,5.3998032906117945,4.69976487773914,11.580901819979324,7.00452359162775,-5.0462915337189065,0
7,gp_m52_pi,GP M52 + PI,1,40,5,45,30,20,1.0,13,0.65,3.618314078195773,1.8325282361372732,10.96348028065585,5.40307181612077,-3.1008721447256473,0
7,gp_m52_pi,GP M52 + PI,2,40,10,50,25,20,1.0,9,0.45,2.5510212893301736,0.836901443013681,10.380994213509265,4.225369758618541,-1.8875242095458256,0
7,gp_m52_pi,GP M52 + PI,3,40,15,55,20,20,1.0,11,0.55,1.8080247627767203,1.1302304621760122,10.380994213509265,3.1715489201036235,-0.9238815679544302,0
7,gp_m52_pi,GP M52 + PI,4,40,20,60,15,20,1.0,12,0.6,1.9159450988077371,1.272295613852175,10.380994213509265,3.2183086831432286,-0.9456423799275536,0
7,gp_m52_pi,GP M52 + PI,5,40,25,65,10,20,1.0,11,0.55,2.3221258926636605,1.4711138316819925,10.380994213509265,3.9051915903225662,-1.4621277971947364,0
7,gp_m52_pi,GP M52 + PI,6,40,30,70,5,20,1.0,9,0.45,1.7113119180581216,0.6602030772002667,10.380994213509265,3.146209522784883,-0.7256210333570938,0
7,gp_m52_pi,GP M52 + PI,7,40,35,75,0,20,1.0,9,0.45,1.8598494284029343,0.7183988161043553,10.380994213509265,3.3387973553866765,-1.3602448426124631,0
7,gp_m52_ei,GP M52 + EI,0,40,0,40,35,20,1.0,14,0.7,5.3998032906117945,4.69976487773914,11.580901819979324,7.00452359162775,-5.0462915337189065,0
7,gp_m52_ei,GP M52 + EI,1,40,5,45,30,20,1.0,13,0.65,4.787646507331802,2.8349835784119497,10.96348028065585,6.457268566097693,-4.432990523705918,0
7,gp_m52_ei,GP M52 + EI,2,40,10,50,25,20,1.0,15,0.75,4.81941677704965,2.7517449653451944,10.96348028065585,6.450473993216814,-4.468511194982444,0
7,gp_m52_ei,GP M52 + EI,3,40,15,55,20,20,1.0,11,0.55,2.3459453667202124,1.1152404200869457,10.380994213509265,3.949512071938806,-1.5948487797087636,0
7,gp_m52_ei,GP M52 + EI,4,40,20,60,15,20,1.0,11,0.55,1.8745633453868635,1.189845538242987,10.380994213509265,3.2007658424686443,-0.9203939855356108,0
7,gp_m52_ei,GP M52 + EI,5,40,25,65,10,20,1.0,11,0.55,2.3221258926636605,1.4711138316819925,10.380994213509265,3.9051915903225662,-1.4621277971947364,0
7,gp_m52_ei,GP M52 + EI,6,40,30,70,5,20,1.0,9,0.45,1.7113119180581216,0.6602030772002667,10.380994213509265,3.146209522784883,-0.7256210333570938,0
7,gp_m52_ei,GP M52 + EI,7,40,35,75,0,20,1.0,9,0.45,1.8598494284029343,0.7183988161043553,10.380994213509265,3.3387973553866765,-1.3602448426124631,0
7,pi_random_exploration,GP M52 PI + Random Exploration,0,40,0,40,35,20,1.0,14,0.7,5.3998032906117945,4.69976487773914,11.580901819979324,7.00452359162775,-5.0462915337189065,0
7,pi_random_exploration,GP M52 PI + Random Exploration,1,40,5,45,30,20,1.0,12,0.6,2.629238832699311,1.471563366449284,10.96348028065585,4.222662131214908,-2.146191431108721,0
7,pi_random_exploration,GP M52 PI + Random Exploration,2,40,10,50,25,20,1.0,10,0.5,4.15395128944046,1.3180709831424735,10.96348028065585,6.050340710621486,-3.7862970558641686,0
7,pi_random_exploration,GP M52 PI + Random Exploration,3,40,15,55,20,20,1.0,9,0.45,1.8209622922582576,0.7980098593010441,10.380994213509265,3.1916380992273696,-0.9818874962635782,0
7,pi_random_exploration,GP M52 PI + Random Exploration,4,40,20,60,15,20,1.0,8,0.4,1.6805496283140464,0.6932665518821954,10.380994213509265,3.1238484403490947,-0.7009202827756477,0
7,pi_random_exploration,GP M52 PI + Random Exploration,5,40,25,65,10,20,1.0,9,0.45,1.7089593395961955,0.5543871709696253,10.380994213509265,3.139928989837925,-0.7876764864798709,0
7,pi_random_exploration,GP M52 PI + Random Exploration,6,40,30,70,5,20,1.0,10,0.5,1.7522358429257463,1.0517583726626825,10.380994213509265,3.148521723853403,-0.8210635382492899,0
7,pi_random_exploration,GP M52 PI + Random Exploration,7,40,35,75,0,20,1.0,9,0.45,1.8598494284029343,0.7183988161043553,10.380994213509265,3.3387973553866765,-1.3602448426124631,0
7,pi_uncertainty,PI + Uncertainty,0,40,0,40,35,20,1.0,14,0.7,5.3998032906117945,4.69976487773914,11.580901819979324,7.00452359162775,-5.0462915337189065,0
7,pi_uncertainty,PI + Uncertainty,1,40,5,45,30,20,1.0,13,0.65,4.787646507331802,2.8349835784119497,10.96348028065585,6.457268566097693,-4.432990523705918,0
7,pi_uncertainty,PI + Uncertainty,2,40,10,50,25,20,1.0,13,0.65,2.882239695048492,1.2411994519899938,10.96348028065585,4.6401306758368595,-2.1493835992819523,0
7,pi_uncertainty,PI + Uncertainty,3,40,15,55,20,20,1.0,11,0.55,1.901657507425389,1.3303546825018977,10.380994213509265,3.214781555863031,-1.1959227047132814,0
7,pi_uncertainty,PI + Uncertainty,4,40,20,60,15,20,1.0,11,0.55,2.176504942610648,1.6206315548148682,10.380994213509265,3.4872145878486034,-1.4879451933168195,0
7,pi_uncertainty,PI + Uncertainty,5,40,25,65,10,20,1.0,11,0.55,1.8998844788756704,1.452901354934606,10.380994213509265,3.1946865783229144,-1.0362896645774151,0
7,pi_uncertainty,PI + Uncertainty,6,40,30,70,5,20,1.0,9,0.45,1.7113119180581216,0.6602030772002667,10.380994213509265,3.146209522784883,-0.7256210333570938,0
7,pi_uncertainty,PI + Uncertainty,7,40,35,75,0,20,1.0,9,0.45,1.8598494284029343,0.7183988161043553,10.380994213509265,3.3387973553866765,-1.3602448426124631,0
7,imperfection_aware,Imperfection-aware,0,40,0,40,35,20,1.0,14,0.7,5.3998032906117945,4.69976487773914,11.580901819979324,7.00452359162775,-5.0462915337189065,0
7,imperfection_aware,Imperfection-aware,1,40,5,45,30,20,1.0,13,0.65,4.565942569749746,1.9997100920457331,11.580901819979324,6.472730322186842,-4.0389010432699255,0
7,imperfection_aware,Imperfection-aware,2,40,10,50,25,20,1.0,13,0.65,2.4091369376515344,1.27897493190701,10.380994213509265,3.960532981303986,-1.6497821802242725,0
7,imperfection_aware,Imperfection-aware,3,40,15,55,20,20,1.0,10,0.5,1.8290353952711136,0.9731382437997248,10.380994213509265,3.168895640567216,-1.056874342049421,0
7,imperfection_aware,Imperfection-aware,4,40,20,60,15,20,1.0,9,0.45,1.7519680767891308,0.5260665830878137,10.380994213509265,3.168421417477163,-0.8187050416484837,0
7,imperfection_aware,Imperfection-aware,5,40,25,65,10,20,1.0,9,0.45,2.7364711833818567,0.6955270836730136,10.833878408789063,4.429080174529065,-2.20699247050095,1
7,imperfection_aware,Imperfection-aware,6,40,30,70,5,20,1.0,10,0.5,3.565811771113315,0.8088482668617969,10.96348028065585,5.565593178510191,-3.091376949360604,2
7,imperfection_aware,Imperfection-aware,7,40,35,75,0,20,1.0,9,0.45,1.8598494284029343,0.7183988161043553,10.380994213509265,3.3387973553866765,-1.3602448426124631,3
8,random,Random,0,40,0,40,35,20,1.0,4,0.2,0.5130520226445078,0.326964754641958,2.2255180859788304,0.7751692328110541,0.1906150321542489,0
8,random,Random,1,40,5,45,30,20,1.0,5,0.25,0.5449773694291312,0.2574846141859366,2.3083081990840384,0.8334150953851649,0.1855637832134776,0
8,random,Random,2,40,10,50,25,20,1.0,4,0.2,0.5063084154537948,0.3120956537249419,2.0942322796812327,0.7378477769118816,0.2103358111349597,0
8,random,Random,3,40,15,55,20,20,1.0,5,0.25,0.5247730395883605,0.2039414897987921,2.5595006806067477,0.8696281950218214,0.250293959951405,0
8,random,Random,4,40,20,60,15,20,1.0,5,0.25,0.8322163875705806,0.2537689541490397,6.773080375655535,1.7877955642303436,-0.0759452346381653,0
8,random,Random,5,40,25,65,10,20,1.0,5,0.25,0.5834610049916125,0.1814383682946694,3.678449979792296,1.0656566281259316,0.3490073429615768,0
8,random,Random,6,40,30,70,5,20,1.0,5,0.25,1.2045491991897903,0.3269787963939476,8.100464891029363,2.518623858904752,-0.6132642991048762,0
8,random,Random,7,40,35,75,0,20,1.0,5,0.25,1.199403783681272,0.3892170291574226,8.100464891029363,2.508036968814911,-0.6712793283598381,0
8,gp_m52_pi,GP M52 + PI,0,40,0,40,35,20,1.0,4,0.2,0.5130520226445078,0.326964754641958,2.2255180859788304,0.7751692328110541,0.1906150321542489,0
8,gp_m52_pi,GP M52 + PI,1,40,5,45,30,20,1.0,4,0.2,0.4823110695546466,0.1088065206467101,2.339000039735824,0.7908327770013682,0.1984989182562902,0
8,gp_m52_pi,GP M52 + PI,2,40,10,50,25,20,1.0,3,0.15,0.6729038869811903,0.2982252220193162,6.115892125483034,1.4723329855564034,-0.2884756075186321,0
8,gp_m52_pi,GP M52 + PI,3,40,15,55,20,20,1.0,4,0.2,0.7722683747267236,0.1648687461584206,6.773080375655535,1.7339362481511131,-0.2069936923153164,0
8,gp_m52_pi,GP M52 + PI,4,40,20,60,15,20,1.0,4,0.2,0.8868557953901611,0.2152142674808468,8.100464891029363,2.0251017063388805,-0.2329201722863039,0
8,gp_m52_pi,GP M52 + PI,5,40,25,65,10,20,1.0,5,0.25,0.9135920856615084,0.1923661671067558,8.100464891029363,2.052580771469114,-0.165048101255398,0
8,gp_m52_pi,GP M52 + PI,6,40,30,70,5,20,1.0,5,0.25,1.1237048617004863,0.1597305346178963,8.100464891029363,2.4701127046389613,-0.610484200715238,0
8,gp_m52_pi,GP M52 + PI,7,40,35,75,0,20,1.0,5,0.25,1.199403783681272,0.3892170291574226,8.100464891029363,2.508036968814911,-0.6712793283598381,0
8,gp_m52_ei,GP M52 + EI,0,40,0,40,35,20,1.0,4,0.2,0.5130520226445078,0.326964754641958,2.2255180859788304,0.7751692328110541,0.1906150321542489,0
8,gp_m52_ei,GP M52 + EI,1,40,5,45,30,20,1.0,4,0.2,0.6628258448088353,0.2572077919669242,6.115892125483034,1.473043206644232,-0.2434260447088753,0
8,gp_m52_ei,GP M52 + EI,2,40,10,50,25,20,1.0,3,0.15,0.4433984395526913,0.1667958120415642,1.8804251063137112,0.6911134213400002,0.1382701006625958,0
8,gp_m52_ei,GP M52 + EI,3,40,15,55,20,20,1.0,3,0.15,0.4547287873144642,0.2003100017134533,1.9726696797931993,0.7124746431653362,0.1436338820045664,0
8,gp_m52_ei,GP M52 + EI,4,40,20,60,15,20,1.0,5,0.25,0.8467114459874073,0.1154612222084443,8.100464891029363,1.9628441767805869,-0.2303582229486215,0
8,gp_m52_ei,GP M52 + EI,5,40,25,65,10,20,1.0,5,0.25,0.8413638814441559,0.1745061290007585,8.100464891029363,1.9669884848802712,-0.2156955573356597,0
8,gp_m52_ei,GP M52 + EI,6,40,30,70,5,20,1.0,4,0.2,0.5156887962179303,0.1916468796866421,3.2708355637989115,0.920152617867326,0.1940244777915367,0
8,gp_m52_ei,GP M52 + EI,7,40,35,75,0,20,1.0,5,0.25,1.199403783681272,0.3892170291574226,8.100464891029363,2.508036968814911,-0.6712793283598381,0
8,pi_random_exploration,GP M52 PI + Random Exploration,0,40,0,40,35,20,1.0,4,0.2,0.5130520226445078,0.326964754641958,2.2255180859788304,0.7751692328110541,0.1906150321542489,0
8,pi_random_exploration,GP M52 PI + Random Exploration,1,40,5,45,30,20,1.0,4,0.2,0.4866534206295291,0.2372799539035508,2.0067758978633723,0.7481049849388891,0.222803102311011,0
8,pi_random_exploration,GP M52 PI + Random Exploration,2,40,10,50,25,20,1.0,3,0.15,0.3877279274056198,0.1397753138850719,1.616477096801353,0.622185115798669,0.1177612140130184,0
8,pi_random_exploration,GP M52 PI + Random Exploration,3,40,15,55,20,20,1.0,5,0.25,1.137889240455484,0.1611719911096267,8.100464891029363,2.4894360739196997,-0.6263551537094975,0
8,pi_random_exploration,GP M52 PI + Random Exploration,4,40,20,60,15,20,1.0,4,0.2,0.7848462836091217,0.1782518927676273,6.773080375655535,1.758996619307119,-0.2239231157995173,0
8,pi_random_exploration,GP M52 PI + Random Exploration,5,40,25,65,10,20,1.0,4,0.2,0.5712609783869691,0.2377609585899014,4.0341820300937705,1.088457306743165,0.2291043206390764,0
8,pi_random_exploration,GP M52 PI + Random Exploration,6,40,30,70,5,20,1.0,4,0.2,0.5248526474947217,0.1373323959603274,3.841467892517583,1.0379153951597484,0.2665803658668238,0
8,pi_random_exploration,GP M52 PI + Random Exploration,7,40,35,75,0,20,1.0,5,0.25,1.199403783681272,0.3892170291574226,8.100464891029363,2.508036968814911,-0.6712793283598381,0
8,pi_uncertainty,PI + Uncertainty,0,40,0,40,35,20,1.0,4,0.2,0.5130520226445078,0.326964754641958,2.2255180859788304,0.7751692328110541,0.1906150321542489,0
8,pi_uncertainty,PI + Uncertainty,1,40,5,45,30,20,1.0,4,0.2,0.4561806072421012,0.2238192875731472,1.7910233631955528,0.6991043165211887,0.2015602717952511,0
8,pi_uncertainty,PI + Uncertainty,2,40,10,50,25,20,1.0,3,0.15,0.4467960478517031,0.1380297343101304,2.0076657095786157,0.7163912565236186,0.1745032567308587,0
8,pi_uncertainty,PI + Uncertainty,3,40,15,55,20,20,1.0,5,0.25,1.1644518729899185,0.1731619846502905,8.100464891029363,2.509784570571334,-0.6230854031800777,0
8,pi_uncertainty,PI + Uncertainty,4,40,20,60,15,20,1.0,5,0.25,0.8935636754456467,0.1737061293238992,8.100464891029363,2.0312426411973563,-0.2103302794283113,0
8,pi_uncertainty,PI + Uncertainty,5,40,25,65,10,20,1.0,5,0.25,0.949115307066533,0.1428418102459687,8.100464891029363,2.111808463625144,-0.1246063817971896,0
8,pi_uncertainty,PI + Uncertainty,6,40,30,70,5,20,1.0,5,0.25,1.1628915219138762,0.3265795664721143,8.100464891029363,2.4701936655945107,-0.6566359423840508,0
8,pi_uncertainty,PI + Uncertainty,7,40,35,75,0,20,1.0,5,0.25,1.199403783681272,0.3892170291574226,8.100464891029363,2.508036968814911,-0.6712793283598381,0
8,imperfection_aware,Imperfection-aware,0,40,0,40,35,20,1.0,4,0.2,0.5130520226445078,0.326964754641958,2.2255180859788304,0.7751692328110541,0.1906150321542489,0
8,imperfection_aware,Imperfection-aware,1,40,5,45,30,20,1.0,4,0.2,0.4561806072421012,0.2238192875731472,1.7910233631955528,0.6991043165211887,0.2015602717952511,0
8,imperfection_aware,Imperfection-aware,2,40,10,50,25,20,1.0,3,0.15,0.468743148355319,0.1833496715115901,2.690082533828285,0.7959643150520318,0.190544408927203,0
8,imperfection_aware,Imperfection-aware,3,40,15,55,20,20,1.0,4,0.2,0.5200636504162143,0.1662261725967662,3.219405485897532,0.9253542716784202,0.2304511288587303,0
8,imperfection_aware,Imperfection-aware,4,40,20,60,15,20,1.0,4,0.2,0.519517113320642,0.1163545431380246,3.1678845645663305,0.9215496989222174,0.268059704803249,0
8,imperfection_aware,Imperfection-aware,5,40,25,65,10,20,1.0,5,0.25,1.109800442377567,0.0891846090013812,8.100464891029363,2.4641496693479557,-0.6451316448710857,0
8,imperfection_aware,Imperfection-aware,6,40,30,70,5,20,1.0,5,0.25,1.154769345615533,0.1719931888042261,8.100464891029363,2.509787037218411,-0.5927016700819946,0
8,imperfection_aware,Imperfection-aware,7,40,35,75,0,20,1.0,5,0.25,1.199403783681272,0.3892170291574226,8.100464891029363,2.508036968814911,-0.6712793283598381,1
9,random,Random,0,40,0,40,35,20,1.0,10,0.5,2.4781719715260673,1.0736832485875754,11.317324120829042,4.16958765356431,-2.2111849128668446,0
9,random,Random,1,40,5,45,30,20,1.0,10,0.5,1.967621895402408,0.9578501013245476,8.423761246623686,3.34531024870451,-1.702193202215625,0
9,random,Random,2,40,10,50,25,20,1.0,10,0.5,1.880266341407013,0.8228631672630291,8.423761246623686,3.3069845998463796,-1.564016035623703,0
9,random,Random,3,40,15,55,20,20,1.0,9,0.45,1.4399634867742948,0.2461003838434212,8.423761246623686,2.7331938395754425,-1.044881767180811,0
9,random,Random,4,40,20,60,15,20,1.0,9,0.45,1.4255119126562403,0.3519475565849443,8.423761246623686,2.730367345156736,-1.0243988511661757,0
9,random,Random,5,40,25,65,10,20,1.0,10,0.5,1.8816735411868928,0.8951437281400185,8.423761246623686,3.29828939793278,-1.5474347590043056,0
9,random,Random,6,40,30,70,5,20,1.0,10,0.5,1.8408600934727624,0.8224493909848922,8.423761246623686,3.278016586602426,-1.4800668632761014,0
9,random,Random,7,40,35,75,0,20,1.0,10,0.5,1.7601058822089848,0.6717687088543203,8.423761246623686,3.248628319989062,-1.3948580575280949,0
9,gp_m52_pi,GP M52 + PI,0,40,0,40,35,20,1.0,10,0.5,2.4781719715260673,1.0736832485875754,11.317324120829042,4.16958765356431,-2.2111849128668446,0
9,gp_m52_pi,GP M52 + PI,1,40,5,45,30,20,1.0,9,0.45,2.795421897247336,0.6064155413567263,11.317324120829042,4.774046940068378,-2.583673568538951,0
9,gp_m52_pi,GP M52 + PI,2,40,10,50,25,20,1.0,9,0.45,1.8792996370612571,0.5828556981048076,8.423761246623686,3.310170475938854,-1.602828107797339,0
9,gp_m52_pi,GP M52 + PI,3,40,15,55,20,20,1.0,10,0.5,1.925293014461979,0.6868057442734394,8.423761246623686,3.340849524833118,-1.6628236073150495,0
9,gp_m52_pi,GP M52 + PI,4,40,20,60,15,20,1.0,9,0.45,1.842131574244334,0.403469449037237,8.423761246623686,3.3032029390810744,-1.559511209804608,0
9,gp_m52_pi,GP M52 + PI,5,40,25,65,10,20,1.0,9,0.45,1.8829273436104077,0.4699047752545358,8.423761246623686,3.3286514132762504,-1.5795033818970576,0
9,gp_m52_pi,GP M52 + PI,6,40,30,70,5,20,1.0,9,0.45,1.7680676698045863,0.5436758223552616,8.423761246623686,3.250984891209914,-1.416710883792859,0
9,gp_m52_pi,GP M52 + PI,7,40,35,75,0,20,1.0,10,0.5,1.7601058822089848,0.6717687088543203,8.423761246623686,3.248628319989062,-1.3948580575280949,0
9,gp_m52_ei,GP M52 + EI,0,40,0,40,35,20,1.0,10,0.5,2.4781719715260673,1.0736832485875754,11.317324120829042,4.16958765356431,-2.2111849128668446,0
9,gp_m52_ei,GP M52 + EI,1,40,5,45,30,20,1.0,10,0.5,2.815145224683156,0.8796648807726526,11.317324120829042,4.765175035303544,-2.5862610067046745,0
9,gp_m52_ei,GP M52 + EI,2,40,10,50,25,20,1.0,9,0.45,2.749277938967569,0.6661481117201018,11.317324120829042,4.760915653715547,-2.5230490331868705,0
9,gp_m52_ei,GP M52 + EI,3,40,15,55,20,20,1.0,9,0.45,1.827532345962446,0.6211004618934703,8.423761246623686,3.287570367215704,-1.543666124772313,0
9,gp_m52_ei,GP M52 + EI,4,40,20,60,15,20,1.0,9,0.45,1.811548002337154,0.377589130181672,8.423761246623686,3.2881717681235823,-1.5325504119362463,0
9,gp_m52_ei,GP M52 + EI,5,40,25,65,10,20,1.0,9,0.45,1.858639042762792,0.6251946995611846,8.423761246623686,3.3020699248373853,-1.5674040238857176,0
9,gp_m52_ei,GP M52 + EI,6,40,30,70,5,20,1.0,10,0.5,1.8123613497275268,0.6338386835077481,8.423761246623686,3.2714177794057777,-1.4781133951705183,0
9,gp_m52_ei,GP M52 + EI,7,40,35,75,0,20,1.0,10,0.5,1.7601058822089848,0.6717687088543203,8.423761246623686,3.248628319989062,-1.3948580575280949,0
9,pi_random_exploration,GP M52 PI + Random Exploration,0,40,0,40,35,20,1.0,10,0.5,2.4781719715260673,1.0736832485875754,11.317324120829042,4.16958765356431,-2.2111849128668446,0
9,pi_random_exploration,GP M52 PI + Random Exploration,1,40,5,45,30,20,1.0,10,0.5,2.3688624147582313,0.6944523635304432,11.317324120829042,4.154470303909339,-2.1452310810260853,0
9,pi_random_exploration,GP M52 PI + Random Exploration,2,40,10,50,25,20,1.0,10,0.5,2.3327819802244782,0.7139348026929002,11.317324120829042,4.139071063085692,-2.0353397216538753,0
9,pi_random_exploration,GP M52 PI + Random Exploration,3,40,15,55,20,20,1.0,10,0.5,1.8349982766731596,0.6291817465708389,8.423761246623686,3.3011122694237134,-1.5710400040928612,0
9,pi_random_exploration,GP M52 PI + Random Exploration,4,40,20,60,15,20,1.0,10,0.5,1.7570471977395803,0.7081429284416081,8.423761246623686,3.246368238549305,-1.466616521887735,0
9,pi_random_exploration,GP M52 PI + Random Exploration,5,40,25,65,10,20,1.0,9,0.45,1.8095553942766125,0.5957901512703137,8.423761246623686,3.278706228149712,-1.5008065634895824,0
9,pi_random_exploration,GP M52 PI + Random Exploration,6,40,30,70,5,20,1.0,9,0.45,1.7026551522286346,0.2991344323706766,8.423761246623686,3.2286627962572796,-1.38699825540023,0
9,pi_random_exploration,GP M52 PI + Random Exploration,7,40,35,75,0,20,1.0,10,0.5,1.7601058822089848,0.6717687088543203,8.423761246623686,3.248628319989062,-1.3948580575280949,0
9,pi_uncertainty,PI + Uncertainty,0,40,0,40,35,20,1.0,10,0.5,2.4781719715260673,1.0736832485875754,11.317324120829042,4.16958765356431,-2.2111849128668446,0
9,pi_uncertainty,PI + Uncertainty,1,40,5,45,30,20,1.0,10,0.5,2.340511707323176,0.6814636702954848,11.317324120829042,4.139649848234656,-2.095881417814087,0
9,pi_uncertainty,PI + Uncertainty,2,40,10,50,25,20,1.0,10,0.5,2.327272322523114,0.7126025946420969,11.317324120829042,4.139959331911518,-2.050578761177783,0
9,pi_uncertainty,PI + Uncertainty,3,40,15,55,20,20,1.0,10,0.5,2.284317240599174,0.6152742199192125,11.317324120829042,4.13198198854065,-2.0545965949613096,0
9,pi_uncertainty,PI + Uncertainty,4,40,20,60,15,20,1.0,10,0.5,1.8708341878219852,0.6367653486251532,8.423761246623686,3.3180176955471485,-1.5769325133596308,0
9,pi_uncertainty,PI + Uncertainty,5,40,25,65,10,20,1.0,9,0.45,1.839536935220923,0.5683357108786566,8.423761246623686,3.2946329521849376,-1.5626725753665938,0
9,pi_uncertainty,PI + Uncertainty,6,40,30,70,5,20,1.0,9,0.45,1.7645748124427576,0.5618660083917817,8.423761246623686,3.247030628455871,-1.4257375820816394,0
9,pi_uncertainty,PI + Uncertainty,7,40,35,75,0,20,1.0,10,0.5,1.7601058822089848,0.6717687088543203,8.423761246623686,3.248628319989062,-1.3948580575280949,0
9,imperfection_aware,Imperfection-aware,0,40,0,40,35,20,1.0,10,0.5,2.4781719715260673,1.0736832485875754,11.317324120829042,4.16958765356431,-2.2111849128668446,0
9,imperfection_aware,Imperfection-aware,1,40,5,45,30,20,1.0,10,0.5,2.340511707323176,0.6814636702954848,11.317324120829042,4.139649848234656,-2.095881417814087,0
9,imperfection_aware,Imperfection-aware,2,40,10,50,25,20,1.0,9,0.45,2.2956535640233997,0.5045064969260675,11.317324120829042,4.13138640924143,-2.0134918246237494,0
9,imperfection_aware,Imperfection-aware,3,40,15,55,20,20,1.0,9,0.45,2.26219317297155,0.4801818596781024,11.317324120829042,4.11307148400567,-2.0357462384117846,0
9,imperfection_aware,Imperfection-aware,4,40,20,60,15,20,1.0,8,0.4,1.8354944272563265,0.5273403510403192,8.423761246623686,3.3121875237440928,-1.600420549371767,0
9,imperfection_aware,Imperfection-aware,5,40,25,65,10,20,1.0,8,0.4,1.7337464765966577,0.5242613616757374,8.423761246623686,3.236454672788886,-1.4474552086548953,0
9,imperfection_aware,Imperfection-aware,6,40,30,70,5,20,1.0,10,0.5,1.761961077705728,0.6721927954016085,8.423761246623686,3.246072430702682,-1.3903468784015525,1
9,imperfection_aware,Imperfection-aware,7,40,35,75,0,20,1.0,10,0.5,1.7601058822089848,0.6717687088543203,8.423761246623686,3.248628319989062,-1.3948580575280949,2
