method,family,run,iteration,configured_batch_size,configured_budget,configured_exploration,n_experiments,batch_size_added,best_q,best_pool_idx,simple_regret,normalized_regret,best_rank_percentile,hit_top1pct,hit_top0_1pct,success_fraction_selected,mean_q_selected,last_batch_best_q,mean_pairwise_batch_distance,fit_seconds,acq_seconds,cum_seconds,status,pool_oracle_best_q,full_grid_best_q,surrogate_rmse_raw,surrogate_mae_raw,surrogate_spearman_raw,surrogate_crps,surrogate_nll,surrogate_coverage95,surrogate_mean_sd,n_acq_candidates,n_trustworthy_candidates,n_suspicious_candidates,selected_trustworthy,selected_suspicious,requested_trustworthy,requested_suspicious,gate_fallback,fallback_slots,selected_suspicious_fraction
GP_Matern52_PI,Acquisition Ablation,0,0,4,150,1,3,3,0.0,2370341,247107.0,1.0,93.70319341923158,0.0,0.0,0.0,0.0,0.0,1.0123451313576954,0.0,0.0,0.0,initial,247107.0,247107.0,,,,,,,,0,,,0,3,,,False,,1.0
GP_Matern52_PI,Acquisition Ablation,0,1,4,150,1,7,4,45710.0,1041565,201397.0,0.8150194045494462,99.1430826732962,1.0,0.0,0.14285714285714285,6530.0,45710.0,0.9344054223820989,0.00014191700029186904,0.00881820799986599,0.00896012500015786,constant_target_fallback,247107.0,247107.0,8794.15225607335,1574.217,0.0,0.8138185086950146,3.9690805000534337,0.9332,1.0,15000,3347.0,11653.0,1,3,,,False,,0.75
GP_Matern52_PI,Acquisition Ablation,0,2,4,150,1,11,4,65281.0,871546,181826.0,0.7358188962676088,99.64885435126234,1.0,0.0,0.45454545454545453,23195.545454545456,65281.0,0.3007470483054851,0.01781825000216486,0.007322541998291854,0.03410091700061457,ok,247107.0,247107.0,10803.02166753662,3393.3025508384226,0.34748363581539254,1.9012618035847688,4.730972954409093,0.811,1.9673324147032265,15000,3346.0,11654.0,4,0,,,False,,0.0
GP_Matern52_PI,Acquisition Ablation,0,3,4,150,1,15,4,110444.0,779641,136663.0,0.5530519167809896,99.94609232455666,1.0,1.0,0.5333333333333333,30979.2,110444.0,0.34083665737391633,0.01407916700190981,0.00886270899718511,0.05704279299970949,ok,247107.0,247107.0,13336.264587036583,4162.668406376494,0.34421151542946765,1.9914794764285355,7.196264317123448,0.7798,1.7671816523460417,15000,3351.0,11649.0,4,0,,,False,,0.0
GP_Matern52_PI,Acquisition Ablation,0,4,4,150,1,19,4,116904.0,693735,130203.0,0.5269093955250155,99.96387579304435,1.0,1.0,0.5789473684210527,33841.36842105263,116904.0,0.47263802312602327,0.01767399999880581,0.010375624999142019,0.08509241799765732,ok,247107.0,247107.0,7479.551912655038,1459.104438567527,0.41072396500044694,1.338739007110896,3.1685590159230435,0.922,2.798584261915841,15000,3350.0,11650.0,4,0,,,False,,0.0
GP_Matern52_PI,Acquisition Ablation,0,5,4,150,1,23,4,116904.0,693735,130203.0,0.5269093955250155,99.96387579304435,1.0,1.0,0.5652173913043478,30297.869565217392,49248.0,0.43447102840412216,0.016772832997958176,0.00986995900166221,0.1117352099972777,ok,247107.0,247107.0,14542.618552119526,2477.87215570024,0.3397515951799939,2.4814051627350473,2.9791978404215196,0.9518,4.708593440403382,15000,3324.0,11676.0,3,1,,,False,,0.25
GP_Matern52_PI,Acquisition Ablation,0,6,4,150,1,27,4,116904.0,693735,130203.0,0.5269093955250155,99.96387579304435,1.0,1.0,0.48148148148148145,25809.296296296296,0.0,0.6104460911358621,0.011613290997047443,0.010091041000123369,0.13343954199444852,ok,247107.0,247107.0,14677.53561085428,2777.3976228781644,0.12493230630993006,3.5756158934574835,4.88176597660643,0.9848,5.129958076096731,15000,3342.0,11658.0,2,2,,,False,,0.5
GP_Matern52_PI,Acquisition Ablation,0,7,4,150,1,31,4,116904.0,693735,130203.0,0.5269093955250155,99.96387579304435,1.0,1.0,0.4838709677419355,25265.774193548386,46060.0,0.6291620333881207,0.024149417000444373,0.010978166999848327,0.16856712599474122,ok,247107.0,247107.0,12538.087211650321,2103.727076795013,0.1785541003679782,2.0999310639401103,3.357584757261543,0.9706,4.36976807182037,15000,3271.0,11729.0,2,2,,,False,,0.5
GP_Matern52_PI,Acquisition Ablation,0,8,4,150,1,35,4,116904.0,693735,130203.0,0.5269093955250155,99.96387579304435,1.0,1.0,0.5428571428571428,26499.571428571428,46146.0,0.6228439261502426,0.02686549999998533,0.014946625000447966,0.21037925099517452,ok,247107.0,247107.0,7814.896967670585,1445.769361321757,0.253652459372341,2.1781115403741373,2.759334512794918,0.9958,4.617627283939873,15000,3379.0,11621.0,4,0,,,False,,0.0
GP_Matern52_PI,Acquisition Ablation,0,9,4,150,1,39,4,116904.0,693735,130203.0,0.5269093955250155,99.96387579304435,1.0,1.0,0.5897435897435898,30065.666666666668,101737.0,0.617747323805576,0.0424245840004005,0.016209750003326917,0.26901358499890193,ok,247107.0,247107.0,7474.218195020604,1407.9075050410322,0.2459812080056802,2.270971914696675,2.792612425080051,0.9954,4.72366428171961,15000,3286.0,11714.0,4,0,,,False,,0.0
GP_Matern52_PI,Acquisition Ablation,0,10,4,150,1,43,4,116904.0,693735,130203.0,0.5269093955250155,99.96387579304435,1.0,1.0,0.627906976744186,37314.04651162791,111596.0,0.16107193813281653,0.02546937499937485,0.016505874998983927,0.3109888349972607,ok,247107.0,247107.0,7238.470939197483,1390.941034883055,0.25140260529369,2.3216441327010577,2.8160097150830232,0.994,4.863730953598368,15000,3408.0,11592.0,4,0,,,False,,0.0
GP_Matern52_PI,Acquisition Ablation,0,11,4,150,1,47,4,137829.0,606291,109278.0,0.44222947953720454,99.98657634959316,1.0,1.0,0.6595744680851063,41576.0,137829.0,0.4887422858077845,0.03551958300158731,0.015880917002505157,0.3623893350013532,ok,247107.0,247107.0,6679.6011168626,1648.6881637957044,0.1303680993328586,3.049538384836012,3.050165845699092,0.9916,5.392335395410453,15000,3296.0,11704.0,4,0,,,False,,0.0
GP_Matern52_PI,Acquisition Ablation,0,12,4,150,1,51,4,140032.0,777895,107075.0,0.4333143132327291,99.98752698661832,1.0,1.0,0.6862745098039216,46586.313725490196,140032.0,0.42754430460155324,0.04555379200246534,0.01801504099785234,0.42595816800167086,ok,247107.0,247107.0,6824.9602564081115,1344.6378300299955,0.2866028668674901,2.2947753474447983,2.8510437469211283,0.993,5.441767671217274,15000,3407.0,11593.0,4,0,,,False,,0.0
GP_Matern52_PI,Acquisition Ablation,0,13,4,150,1,55,4,192221.0,690918,54886.0,0.22211430675780128,99.99814789683032,1.0,1.0,0.7090909090909091,48358.43636363636,192221.0,0.2997882794161174,0.11252979199707625,0.018249834000016563,0.5567377939987637,ok,247107.0,247107.0,6791.727592687074,1336.6824409005133,0.29362468153655374,2.2733575217743343,2.8527314975772717,0.9912,5.467693200754496,15000,3355.0,11645.0,4,0,,,False,,0.0
GP_Matern52_PI,Acquisition Ablation,0,14,4,150,1,59,4,192221.0,690918,54886.0,0.22211430675780128,99.99814789683032,1.0,1.0,0.7288135593220338,49839.30508474576,111387.0,0.36047667515696036,0.05747358399821678,0.018931917002191767,0.6331432949991722,ok,247107.0,247107.0,7554.0529129711,2087.7088378972157,0.1462469599215772,3.3127477328783295,3.1188409200944327,0.9916,5.859766371157878,15000,3374.0,11626.0,4,0,,,False,,0.0
GP_Matern52_PI,Acquisition Ablation,0,15,4,150,1,63,4,192221.0,690918,54886.0,0.22211430675780128,99.99814789683032,1.0,1.0,0.7142857142857143,48349.65079365079,102062.0,1.2474597867620394,0.05955312500009313,0.018389875000139,0.7110862949994043,ok,247107.0,247107.0,6829.358427141212,1361.061793248352,0.27422135228616307,2.308196056652153,2.8647199059449004,0.9908,5.502363460393523,15000,3291.0,11709.0,2,2,,,False,,0.5
GP_Matern52_PI,Acquisition Ablation,0,16,4,150,1,67,4,192221.0,690918,54886.0,0.22211430675780128,99.99814789683032,1.0,1.0,0.7014925373134329,47291.55223880597,64350.0,1.0028745349427457,0.05041854199953377,0.02260062500135973,0.7841054620002978,ok,247107.0,247107.0,6919.8267746580195,1307.2820924769733,0.2772689335653236,2.1111518354942893,2.809739026500853,0.9906,5.3312376138267386,15000,3414.0,11586.0,2,2,,,False,,0.5
GP_Matern52_PI,Acquisition Ablation,0,17,4,150,1,71,4,192221.0,690918,54886.0,0.22211430675780128,99.99814789683032,1.0,1.0,0.7183098591549296,46916.295774647886,55396.0,0.5660543927028774,0.10488195899961283,0.020472500000323635,0.9094599210002343,ok,247107.0,247107.0,6407.7995881031065,1402.0970401248333,0.19777480461868277,2.6860976272200956,2.9422369367918777,0.9912,5.3974088534683125,15000,3397.0,11603.0,4,0,,,False,,0.0
GP_Matern52_PI,Acquisition Ablation,0,18,4,150,1,75,4,192221.0,690918,54886.0,0.22211430675780128,99.99814789683032,1.0,1.0,0.7333333333333333,48054.4,92477.0,0.5675062397497358,0.08737829199890257,0.02119204200062086,1.0180302549997577,ok,247107.0,247107.0,6485.160542603291,1230.3808797339532,0.38197619844022307,1.8525289063285857,2.7757565806339937,0.9848,5.364177272740814,15000,3317.0,11683.0,4,0,,,False,,0.0
GP_Matern52_PI,Acquisition Ablation,0,19,4,150,1,79,4,192221.0,690918,54886.0,0.22211430675780128,99.99814789683032,1.0,1.0,0.7468354430379747,47763.20253164557,67048.0,0.37366921267841,0.15135004200055846,0.019858291998389177,1.1892385889987054,ok,247107.0,247107.0,6564.080195484498,1236.7783720506068,0.38460183924349556,1.881216891713637,2.7592628378701316,0.9844,5.1986193978216475,15000,3365.0,11635.0,4,0,,,False,,0.0
GP_Matern52_PI,Acquisition Ablation,0,20,4,150,1,83,4,192221.0,690918,54886.0,0.22211430675780128,99.99814789683032,1.0,1.0,0.7590361445783133,49055.80722891566,142970.0,0.4307684037916126,0.07997687500028405,0.020483834003243828,1.2896992980022333,ok,247107.0,247107.0,6348.005854306307,1199.6146175256192,0.38063570949975645,1.9770283336959895,2.7691180165157614,0.9846,5.141628507229194,15000,3413.0,11587.0,4,0,,,False,,0.0
GP_Matern52_PI,Acquisition Ablation,0,21,4,150,1,87,4,220567.0,604003,26540.0,0.10740286596494636,99.99970497471634,1.0,1.0,0.7701149425287356,51290.63218390805,220567.0,0.626863890983912,0.10736720799832256,0.019448208000540035,1.4165147140010959,ok,247107.0,247107.0,6331.931919074117,1195.3329979564487,0.3840760199987679,1.942748119411386,2.7637071897663166,0.9816,5.068954407383651,15000,3302.0,11698.0,4,0,,,False,,0.0
GP_Matern52_PI,Acquisition Ablation,0,22,4,150,1,91,4,220567.0,604003,26540.0,0.10740286596494636,99.99970497471634,1.0,1.0,0.7362637362637363,49036.0989010989,0.0,0.502241422895744,0.16022633299871814,0.02350299999670824,1.6002440469965222,ok,247107.0,247107.0,6275.441141660145,1186.7699951797879,0.38591977124062704,1.9256391951920895,2.7673093738517665,0.981,5.068039470816389,15000,3367.0,11633.0,0,4,,,False,,1.0
GP_Matern52_PI,Acquisition Ablation,0,23,4,150,1,95,4,220567.0,604003,26540.0,0.10740286596494636,99.99970497471634,1.0,1.0,0.7263157894736842,48162.84210526316,56643.0,1.0662331958834812,0.08245220800017705,0.02447333399686613,1.7071695889935654,ok,247107.0,247107.0,6297.557728311606,1176.7379767917735,0.40184156672500554,1.748656567363296,2.7082603411289674,0.9804,4.865154831090863,15000,3335.0,11665.0,3,1,,,False,,0.25
GP_Matern52_PI,Acquisition Ablation,0,24,4,150,1,99,4,220567.0,604003,26540.0,0.10740286596494636,99.99970497471634,1.0,1.0,0.7272727272727273,48475.93939393939,197094.0,0.8677892356814115,0.1505532500013942,0.02180216699707671,1.8795250059920363,ok,247107.0,247107.0,6199.631287633889,1143.7625684539546,0.4087446221140624,1.6270643809083791,2.66476065530171,0.9788,4.726400676727461,15000,3399.0,11601.0,3,1,,,False,,0.25
GP_Matern52_PI,Acquisition Ablation,0,25,4,150,1,103,4,220567.0,604003,26540.0,0.10740286596494636,99.99970497471634,1.0,1.0,0.7184466019417476,47565.34951456311,50691.0,0.8514017749778722,0.1837671670000418,0.026695541997469263,2.0899877149895474,ok,247107.0,247107.0,6110.627343367173,1123.0213741601963,0.4183818760222848,1.5776401742293458,2.6460371144621195,0.9774,4.625951647244312,15000,3352.0,11648.0,2,2,,,False,,0.5
GP_Matern52_PI,Acquisition Ablation,0,26,4,150,1,107,4,220567.0,604003,26540.0,0.10740286596494636,99.99970497471634,1.0,1.0,0.719626168224299,46609.97196261682,58143.0,0.8555125064193686,0.15120899999965332,0.02653683300013654,2.2677335479893372,ok,247107.0,247107.0,6091.079391224542,1111.0403540107638,0.4205858316577216,1.5298303490091347,2.6254462050169614,0.9746,4.508549965970119,15000,3279.0,11721.0,3,1,,,False,,0.25
GP_Matern52_PI,Acquisition Ablation,0,27,4,150,1,111,4,220567.0,604003,26540.0,0.10740286596494636,99.99970497471634,1.0,1.0,0.7297297297297297,45792.99099099099,42875.0,0.5789428225421905,0.13889674999882118,0.025814500000706175,2.4324447979888646,ok,247107.0,247107.0,5982.0273321005625,1109.159326286675,0.41052333490498816,1.5081943500676713,2.6247526154099226,0.9728,4.508277506007708,15000,3376.0,11624.0,4,0,,,False,,0.0
GP_Matern52_PI,Acquisition Ablation,0,28,4,150,1,115,4,220567.0,604003,26540.0,0.10740286596494636,99.99970497471634,1.0,1.0,0.7304347826086957,44838.42608695652,45096.0,0.8007677791708029,0.1328772500019113,0.026617875002557412,2.5919399229933333,ok,247107.0,247107.0,5909.742236840798,1094.4252330248423,0.41630362200519183,1.5116174792442432,2.627389277274425,0.9748,4.542896399209107,15000,3348.0,11652.0,3,1,,,False,,0.25
GP_Matern52_PI,Acquisition Ablation,0,29,4,150,1,119,4,220567.0,604003,26540.0,0.10740286596494636,99.99970497471634,1.0,1.0,0.7394957983193278,46109.78151260504,119844.0,0.5817206923512114,0.1935938749993511,0.026786833001096966,2.8123206309937814,ok,247107.0,247107.0,5715.265660422114,1041.574741138965,0.4197162221534111,1.4779431355975423,2.5942411218538526,0.985,4.656935766222055,15000,3363.0,11637.0,4,0,,,False,,0.0
GP_Matern52_PI,Acquisition Ablation,0,30,4,150,1,123,4,220567.0,604003,26540.0,0.10740286596494636,99.99970497471634,1.0,1.0,0.7479674796747967,47341.29268292683,147353.0,0.41939510125359286,0.19699100000070757,0.027100875002361136,3.03641250599685,ok,247107.0,247107.0,4680.989391665516,1000.1640539402705,0.34340461066973077,2.2910593833080157,2.819485405257836,0.9824,5.100609968083535,15000,3292.0,11708.0,4,0,,,False,,0.0
GP_Matern52_PI,Acquisition Ablation,0,31,4,150,1,127,4,220567.0,604003,26540.0,0.10740286596494636,99.99970497471634,1.0,1.0,0.7559055118110236,49156.8031496063,201133.0,0.5742005614836352,0.1661540410023008,0.03610479199778638,3.2386713389969373,ok,247107.0,247107.0,5367.225254324229,987.6276734719148,0.41985428103639655,1.4805170998288786,2.607843861886227,0.9816,4.629714590023381,15000,3330.0,11670.0,4,0,,,False,,0.0
GP_Matern52_PI,Acquisition Ablation,0,32,4,150,1,131,4,220567.0,604003,26540.0,0.10740286596494636,99.99970497471634,1.0,1.0,0.7557251908396947,49585.42748091603,145023.0,0.8726627554938986,0.13647387499804609,0.030733040999621153,3.4058782549946045,ok,247107.0,247107.0,4689.73691932961,1030.5051834690198,0.3297562579757191,2.2793368168136134,2.8283929706526085,0.9718,5.057000873575278,15000,3339.0,11661.0,3,1,,,False,,0.25
GP_Matern52_PI,Acquisition Ablation,0,33,4,150,1,135,4,220567.0,604003,26540.0,0.10740286596494636,99.99970497471634,1.0,1.0,0.7555555555555555,49227.21481481481,64624.0,0.3920391230536173,0.522691375001159,0.02955916700011585,3.9581287969958794,ok,247107.0,247107.0,5083.942925621791,953.6464400633445,0.4208445847052852,1.4700903604945514,2.6058743280567134,0.9804,4.591481330903037,15000,3343.0,11657.0,4,0,,,False,,0.0
GP_Matern52_PI,Acquisition Ablation,0,34,4,150,1,139,4,220567.0,604003,26540.0,0.10740286596494636,99.99970497471634,1.0,1.0,0.762589928057554,49202.8345323741,57964.0,0.2405402834623699,0.41311708399734925,0.03285495800082572,4.404100838994054,ok,247107.0,247107.0,4738.3635396923055,930.298899673865,0.3385964655418742,2.167368105893378,2.8045604208795725,0.9808,5.193725680840182,15000,3271.0,11729.0,4,0,,,False,,0.0
GP_Matern52_PI,Acquisition Ablation,0,35,4,150,1,143,4,220567.0,604003,26540.0,0.10740286596494636,99.99970497471634,1.0,1.0,0.7692307692307693,50510.07692307692,219933.0,0.38842652171991077,0.2951002919980965,0.03883325000060722,4.738034380992758,ok,247107.0,247107.0,4934.110467996021,921.7359637619745,0.41653050834897715,1.5250325589468239,2.643017293232919,0.975,4.679872682625482,15000,3279.0,11721.0,4,0,,,False,,0.0
GP_Matern52_PI,Acquisition Ablation,0,36,4,150,1,147,4,220567.0,604003,26540.0,0.10740286596494636,99.99970497471634,1.0,1.0,0.7482993197278912,49135.65306122449,0.0,0.6545994253474394,0.4186394169992127,0.052013624997925945,5.208687422989897,ok,247107.0,247107.0,4546.436790270214,906.1181097078089,0.34276680668095133,2.115314411832985,2.8092405053064438,0.976,5.1712762808686765,15000,3440.0,11560.0,0,4,,,False,,1.0
GP_Matern52_PI,Acquisition Ablation,0,37,4,150,1,150,3,220567.0,604003,26540.0,0.10740286596494636,99.99970497471634,1.0,1.0,0.7533333333333333,48835.7,55292.0,0.44002259333417615,0.39240704199983156,0.034838375002436806,5.635932839992165,ok,247107.0,247107.0,5089.448692851722,941.1961782252869,0.41700762941266434,1.4637612765550967,2.6121499332749543,0.974,4.491572450820329,15000,3370.0,11630.0,3,0,,,False,,0.0
GP_Matern52_PI,Acquisition Ablation,1,0,4,150,1,3,3,0.0,6047398,247107.0,1.0,93.70319341923158,0.0,0.0,0.0,0.0,0.0,1.0430113993225636,0.0,0.0,0.0,initial,247107.0,247107.0,,,,,,,,0,,,1,2,,,False,,0.6666666666666666
GP_Matern52_PI,Acquisition Ablation,1,1,4,150,1,7,4,0.0,6047398,247107.0,1.0,93.70319341923158,0.0,0.0,0.0,0.0,0.0,0.8939385069881807,6.299999949987978e-05,0.00614829099868075,0.00621129099818063,constant_target_fallback,247107.0,247107.0,7917.9183090633105,1413.8866,0.0,0.7939908874887035,3.8456615956198963,0.935,1.0,15000,3400.0,11600.0,1,3,,,False,,0.75
GP_Matern52_PI,Acquisition Ablation,1,2,4,150,1,11,4,0.0,6047398,247107.0,1.0,93.70319341923158,0.0,0.0,0.0,0.0,0.0,1.0303195288537201,5.145899922354147e-05,0.0060734999970009085,0.01233624999440508,constant_target_fallback,247107.0,247107.0,7917.9183090633105,1413.8866,0.0,0.7939908874887035,3.8456615956198963,0.935,1.0,15000,3412.0,11588.0,0,4,,,False,,1.0
GP_Matern52_PI,Acquisition Ablation,1,3,4,150,1,15,4,0.0,6047398,247107.0,1.0,93.70319341923158,0.0,0.0,0.0,0.0,0.0,0.9548810245569807,8.458299998892471e-05,0.007061542000883492,0.019482374995277496,constant_target_fallback,247107.0,247107.0,7917.9183090633105,1413.8866,0.0,0.7939908874887035,3.8456615956198963,0.935,1.0,15000,3372.0,11628.0,0,4,,,False,,1.0
GP_Matern52_PI,Acquisition Ablation,1,4,4,150,1,19,4,0.0,6047398,247107.0,1.0,93.70319341923158,0.0,0.0,0.0,0.0,0.0,1.1968903485616311,8.254099884652533e-05,0.00800037500084727,0.027565290994971292,constant_target_fallback,247107.0,247107.0,7917.9183090633105,1413.8866,0.0,0.7939908874887035,3.8456615956198963,0.935,1.0,15000,3396.0,11604.0,1,3,,,False,,0.75
GP_Matern52_PI,Acquisition Ablation,1,5,4,150,1,23,4,0.0,6047398,247107.0,1.0,93.70319341923158,0.0,0.0,0.0,0.0,0.0,0.8538734225755379,6.812500214437023e-05,0.006033249999745749,0.03366666599686141,constant_target_fallback,247107.0,247107.0,7917.9183090633105,1413.8866,0.0,0.7939908874887035,3.8456615956198963,0.935,1.0,15000,3258.0,11742.0,1,3,,,False,,0.75
GP_Matern52_PI,Acquisition Ablation,1,6,4,150,1,27,4,0.0,6047398,247107.0,1.0,93.70319341923158,0.0,0.0,0.0,0.0,0.0,0.855965837813594,7.412500053760596e-05,0.004916582998703234,0.03865737399610225,constant_target_fallback,247107.0,247107.0,7917.9183090633105,1413.8866,0.0,0.7939908874887035,3.8456615956198963,0.935,1.0,15000,3391.0,11609.0,3,1,,,False,,0.25
GP_Matern52_PI,Acquisition Ablation,1,7,4,150,1,31,4,0.0,6047398,247107.0,1.0,93.70319341923158,0.0,0.0,0.0,0.0,0.0,0.9710805857513392,6.362500062095933e-05,0.006321291002677754,0.045042289999400964,constant_target_fallback,247107.0,247107.0,7917.9183090633105,1413.8866,0.0,0.7939908874887035,3.8456615956198963,0.935,1.0,15000,3348.0,11652.0,2,2,,,False,,0.5
GP_Matern52_PI,Acquisition Ablation,1,8,4,150,1,35,4,8805.0,1738575,238302.0,0.964367662591509,96.18358571107322,0.0,0.0,0.02857142857142857,251.57142857142858,8805.0,0.9273412593330036,5.462500121211633e-05,0.0050555829984659795,0.05015249799907906,constant_target_fallback,247107.0,247107.0,7917.9183090633105,1413.8866,0.0,0.7939908874887035,3.8456615956198963,0.935,1.0,15000,3382.0,11618.0,1,3,,,False,,0.75
GP_Matern52_PI,Acquisition Ablation,1,9,4,150,1,39,4,44543.0,1129276,202564.0,0.8197420550611678,99.09283003331163,1.0,0.0,0.07692307692307693,1481.4615384615386,44543.0,0.32001312030640505,0.04157154200220248,0.015174957999988692,0.10689899800127023,ok,247107.0,247107.0,7932.370147878601,1478.4031411131364,-0.00956864044111469,0.9337496048782432,24.432263994471043,0.9096,1.038916849036996,15000,3270.0,11730.0,2,2,,,False,,0.5
GP_Matern52_PI,Acquisition Ablation,1,10,4,150,1,43,4,44543.0,1129276,202564.0,0.8197420550611678,99.09283003331163,1.0,0.0,0.11627906976744186,2413.3953488372094,37546.0,0.4414065331417009,0.022924124998098705,0.01434562500071479,0.14416874800008372,ok,247107.0,247107.0,8643.623422925215,1755.8669052215637,0.11491142069658035,1.1104404777621653,39.01986071610863,0.9178,1.9115089718558906,15000,3378.0,11622.0,2,2,,,False,,0.5
GP_Matern52_PI,Acquisition Ablation,1,11,4,150,1,47,4,44543.0,1129276,202564.0,0.8197420550611678,99.09283003331163,1.0,0.0,0.1702127659574468,3696.2127659574467,27589.0,0.5359582876446288,0.027434040999651188,0.015452625000762055,0.18705541400049697,ok,247107.0,247107.0,7972.813860553746,1431.1744246616922,0.11774964174289095,1.155701863769848,2.59523961763271,0.9336,2.49860840429073,15000,3363.0,11637.0,4,0,,,False,,0.0
GP_Matern52_PI,Acquisition Ablation,1,12,4,150,1,51,4,44543.0,1129276,202564.0,0.8197420550611678,99.09283003331163,1.0,0.0,0.23529411764705882,4774.333333333333,31582.0,0.545755526642077,0.06523929199829581,0.016798291999293724,0.2690929979980865,ok,247107.0,247107.0,7613.20481085016,1318.9093125511813,0.3688978742907909,0.8845737843678904,2.044026717649656,0.9634,2.474902438926182,15000,3408.0,11592.0,4,0,,,False,,0.0
GP_Matern52_PI,Acquisition Ablation,1,13,4,150,1,55,4,57225.0,1301758,189882.0,0.7684201580691765,99.5146834083681,1.0,0.0,0.2909090909090909,6693.418181818181,57225.0,0.5057373156969576,0.05754729100226541,0.019258749998698477,0.3458990389990504,ok,247107.0,247107.0,7201.076063638957,1220.4580070654376,0.3566715755185331,1.0247974258880772,2.156197763134593,0.975,2.791152365168054,15000,3286.0,11714.0,4,0,,,False,,0.0
GP_Matern52_PI,Acquisition Ablation,1,14,4,150,1,59,4,57225.0,1301758,189882.0,0.7684201580691765,99.5146834083681,1.0,0.0,0.3389830508474576,7292.627118644068,18292.0,0.4029979272692394,0.056612666998262284,0.018592000000353437,0.4211037059976661,ok,247107.0,247107.0,7302.7627442770945,1244.8877410063665,0.35537736026311595,1.1073363202594528,2.215440633685291,0.976,2.924000412601153,15000,3353.0,11647.0,4,0,,,False,,0.0
GP_Matern52_PI,Acquisition Ablation,1,15,4,150,1,63,4,96245.0,1299495,150862.0,0.6105128547552275,99.87838402195513,1.0,0.0,0.38095238095238093,10033.111111111111,96245.0,0.6486713972510199,0.053042749997985084,0.018396791998384288,0.4925432479940355,ok,247107.0,247107.0,7131.385572418025,1195.0168538042776,0.3538931012198998,1.1869108018199694,2.25417371663558,0.979,3.03411750394957,15000,3343.0,11657.0,4,0,,,False,,0.0
GP_Matern52_PI,Acquisition Ablation,1,16,4,150,1,67,4,117232.0,1213543,129875.0,0.5255820353126378,99.96461335625352,1.0,1.0,0.417910447761194,13442.044776119403,117232.0,0.30984348679403084,0.08289387499826262,0.02066637499956414,0.5961034979918622,ok,247107.0,247107.0,6918.075062745023,1144.2887241952362,0.3509185322030308,1.1670538010712113,2.251558023063175,0.9806,3.092643911991475,15000,3347.0,11653.0,4,0,,,False,,0.0
GP_Matern52_PI,Acquisition Ablation,1,17,4,150,1,71,4,117232.0,1213543,129875.0,0.5255820353126378,99.96461335625352,1.0,1.0,0.4507042253521127,16006.971830985916,71074.0,0.344893168311351,0.10818595900127548,0.020895499998005107,0.7251849569911428,ok,247107.0,247107.0,7593.351242113854,1198.4104375050604,0.34315976720131147,1.1331872622705699,2.2491532436195363,0.976,3.0767391185100363,15000,3428.0,11572.0,4,0,,,False,,0.0
GP_Matern52_PI,Acquisition Ablation,1,18,4,150,1,75,4,119193.0,1130408,127914.0,0.5176462018477825,99.9684486849412,1.0,1.0,0.48,18417.52,119193.0,0.34567111019645885,0.1089332919982553,0.021402916001534322,0.8555211649909324,ok,247107.0,247107.0,6814.784213411368,1143.0412880245317,0.3462963262129341,1.1948863337724855,2.2872211275258203,0.9772,3.217814714087903,15000,3371.0,11629.0,4,0,,,False,,0.0
GP_Matern52_PI,Acquisition Ablation,1,19,4,150,1,79,4,119193.0,1130408,127914.0,0.5176462018477825,99.9684486849412,1.0,1.0,0.5063291139240507,21383.0,94905.0,0.34106365233680025,0.17561033299716655,0.02113229099995806,1.052263788988057,ok,247107.0,247107.0,6654.279926830608,1099.2773000910336,0.35195212138907894,1.191134110627612,2.2845572982829494,0.9764,3.2077567666601694,15000,3406.0,11594.0,4,0,,,False,,0.0
GP_Matern52_PI,Acquisition Ablation,1,20,4,150,1,83,4,119659.0,1215811,127448.0,0.5157603791070265,99.96918624815035,1.0,1.0,0.5301204819277109,24540.506024096387,119659.0,0.45436432205847654,0.09378341699994053,0.021529667003051145,1.1675768729910487,ok,247107.0,247107.0,6222.429442729657,1011.8203285707202,0.36508104896154375,1.1878947495147258,2.288703417473184,0.9696,3.184185402569146,15000,3308.0,11692.0,4,0,,,False,,0.0
GP_Matern52_PI,Acquisition Ablation,1,21,4,150,1,87,4,119659.0,1215811,127448.0,0.5157603791070265,99.96918624815035,1.0,1.0,0.5517241379310345,26451.793103448275,83305.0,0.3580927667842524,0.10740383300071699,0.024345665999135235,1.299326371990901,ok,247107.0,247107.0,6219.780508286325,1010.5521530007277,0.36499196712950693,1.1897880540489076,2.2980419455279613,0.9684,3.1834371376635606,15000,3339.0,11661.0,4,0,,,False,,0.0
GP_Matern52_PI,Acquisition Ablation,1,22,4,150,1,91,4,168524.0,1129652,78583.0,0.31801203527216954,99.99634496454124,1.0,1.0,0.5714285714285714,29952.714285714286,168524.0,0.364941583955026,0.10335275000034017,0.022344124998198822,1.42502324698944,ok,247107.0,247107.0,6081.849620826792,986.8342534484502,0.36937088219985303,1.1784542020403184,2.301187417382989,0.965,3.1608896444102306,15000,3325.0,11675.0,4,0,,,False,,0.0
GP_Matern52_PI,Acquisition Ablation,1,23,4,150,1,95,4,168524.0,1129652,78583.0,0.31801203527216954,99.99634496454124,1.0,1.0,0.5789473684210527,30209.35789473684,105279.0,0.9224465672830311,0.09563600000183214,0.0233461250027176,1.5440053719939897,ok,247107.0,247107.0,6172.662027273975,1003.9948316918477,0.36758806610620315,1.1789957620300946,2.3178849998321245,0.9632,3.168410261523497,15000,3394.0,11606.0,3,1,,,False,,0.25
GP_Matern52_PI,Acquisition Ablation,1,24,4,150,1,99,4,168524.0,1129652,78583.0,0.31801203527216954,99.99634496454124,1.0,1.0,0.5555555555555556,28988.777777777777,0.0,0.5607122158986054,0.08407062499827589,0.02285870799823897,1.6509347049905045,ok,247107.0,247107.0,6138.453294544083,995.6725667780128,0.37216414818597726,1.121446262343619,2.2990694400307485,0.9618,3.1322161944547915,15000,3339.0,11661.0,0,4,,,False,,1.0
GP_Matern52_PI,Acquisition Ablation,1,25,4,150,1,103,4,168524.0,1129652,78583.0,0.31801203527216954,99.99634496454124,1.0,1.0,0.5631067961165048,29319.29126213592,83459.0,0.8907752265161785,0.10132420899753924,0.023261082998942584,1.7755199969869864,ok,247107.0,247107.0,6132.300135769446,992.7754104865096,0.37489642028108017,1.0808251554889414,2.2700995991288355,0.9616,3.0381043044366614,15000,3320.0,11680.0,3,1,,,False,,0.25
GP_Matern52_PI,Acquisition Ablation,1,26,4,150,1,107,4,168524.0,1129652,78583.0,0.31801203527216954,99.99634496454124,1.0,1.0,0.5794392523364486,29186.953271028036,70004.0,0.33301350097570565,0.14592850000190083,0.025071583997487323,1.9465200809863745,ok,247107.0,247107.0,6132.6912935971295,992.3328612511418,0.37837206279458574,1.0316524627509642,2.259995106752433,0.9588,2.9672273422331368,15000,3343.0,11657.0,4,0,,,False,,0.0
GP_Matern52_PI,Acquisition Ablation,1,27,4,150,1,111,4,168524.0,1129652,78583.0,0.31801203527216954,99.99634496454124,1.0,1.0,0.5765765765765766,28796.774774774774,69538.0,1.0733800009269665,0.14436050000222167,0.025668416001281003,2.116548996989877,ok,247107.0,247107.0,6086.870166353436,982.7348759004944,0.3790786086710861,1.02594887833939,2.282556042317033,0.9564,2.9342250722308076,15000,3273.0,11727.0,2,2,,,False,,0.5
GP_Matern52_PI,Acquisition Ablation,1,28,4,150,1,115,4,168524.0,1129652,78583.0,0.31801203527216954,99.99634496454124,1.0,1.0,0.5565217391304348,27795.147826086955,0.0,0.46351221370695034,0.1362922910011548,0.024875250001059612,2.2777165379920916,ok,247107.0,247107.0,6103.471401859924,985.0069776518226,0.3811505876412011,1.0122689046848612,2.273966181909247,0.9554,2.88509386035393,15000,3438.0,11562.0,0,4,,,False,,1.0
GP_Matern52_PI,Acquisition Ablation,1,29,4,150,1,119,4,168524.0,1129652,78583.0,0.31801203527216954,99.99634496454124,1.0,1.0,0.5462184873949579,27815.73949579832,113631.0,0.8969835146898234,0.10017708400118863,0.026698458001192193,2.4045920799944724,ok,247107.0,247107.0,6102.772141242441,983.6329047375966,0.38321780398044825,0.9846495748729379,2.250288585126621,0.9546,2.806022721947,15000,3399.0,11601.0,2,2,,,False,,0.5
GP_Matern52_PI,Acquisition Ablation,1,30,4,150,1,123,4,168524.0,1129652,78583.0,0.31801203527216954,99.99634496454124,1.0,1.0,0.5609756097560976,30492.219512195123,142804.0,0.2729944053336819,0.14902074999918113,0.0283876670000609,2.5820004969937145,ok,247107.0,247107.0,6075.8636787760315,980.3232262910765,0.38580533383857135,0.9562923087725766,2.2276863485267087,0.9544,2.728545840836026,15000,3415.0,11585.0,4,0,,,False,,0.0
GP_Matern52_PI,Acquisition Ablation,1,31,4,150,1,127,4,168524.0,1129652,78583.0,0.31801203527216954,99.99634496454124,1.0,1.0,0.5748031496062992,32250.425196850392,153359.0,0.35662034790530767,0.11550879200149211,0.02779487499719835,2.725304163992405,ok,247107.0,247107.0,5718.081487057656,931.5382707750219,0.3815594085993809,0.966661029083767,2.242201062754226,0.9544,2.7737936401030003,15000,3370.0,11630.0,4,0,,,False,,0.0
GP_Matern52_PI,Acquisition Ablation,1,32,4,150,1,131,4,168524.0,1129652,78583.0,0.31801203527216954,99.99634496454124,1.0,1.0,0.5877862595419847,34000.908396946565,122100.0,0.3635653968980154,0.22025966599903768,0.028671416999713983,2.9742352469911566,ok,247107.0,247107.0,5541.309089887817,897.8264115717855,0.38221479070709163,0.9733320363020892,2.238283720368569,0.956,2.810519859022805,15000,3273.0,11727.0,4,0,,,False,,0.0
GP_Matern52_PI,Acquisition Ablation,1,33,4,150,1,135,4,168524.0,1129652,78583.0,0.31801203527216954,99.99634496454124,1.0,1.0,0.6,33960.21481481481,54052.0,0.7265295190806822,0.3007043329998851,0.028296250002313172,3.303235829993355,ok,247107.0,247107.0,5447.184825487249,874.0278620738451,0.3832802228752477,0.9792233389592718,2.242048431996996,0.9564,2.8402874716088076,15000,3377.0,11623.0,4,0,,,False,,0.0
GP_Matern52_PI,Acquisition Ablation,1,34,4,150,1,139,4,168524.0,1129652,78583.0,0.31801203527216954,99.99634496454124,1.0,1.0,0.60431654676259,34870.85611510791,151318.0,0.8464311706228016,0.16441649999978836,0.032907458997215144,3.5005597889903584,ok,247107.0,247107.0,5415.434348540391,875.0251410170966,0.38560076390868037,0.9826485214316494,2.2473119394319685,0.9558,2.8518618117866477,15000,3296.0,11704.0,3,1,,,False,,0.25
GP_Matern52_PI,Acquisition Ablation,1,35,4,150,1,143,4,168524.0,1129652,78583.0,0.31801203527216954,99.99634496454124,1.0,1.0,0.5874125874125874,33895.44755244755,0.0,0.8932287839505092,0.3018289999999979,0.03260308300014003,3.8349918719904963,ok,247107.0,247107.0,5369.956915260577,872.6325704456901,0.3827154069129841,0.9774230200504891,2.251798247637482,0.9538,2.82742242842021,15000,3334.0,11666.0,0,4,,,False,,1.0
GP_Matern52_PI,Acquisition Ablation,1,36,4,150,1,147,4,168524.0,1129652,78583.0,0.31801203527216954,99.99634496454124,1.0,1.0,0.5850340136054422,34055.44217687075,98390.0,1.208354017087079,0.20927037500223378,0.030474499999399995,4.07473674699213,ok,247107.0,247107.0,5369.895330070708,872.1038631130673,0.38544579806151097,0.9349039161406204,2.2181852202932086,0.9528,2.7257130135587113,15000,3290.0,11710.0,2,2,,,False,,0.5
GP_Matern52_PI,Acquisition Ablation,1,37,4,150,1,150,3,168524.0,1129652,78583.0,0.31801203527216954,99.99634496454124,1.0,1.0,0.5866666666666667,34045.613333333335,79992.0,0.63113846263773,0.2579512499978591,0.03050891699967906,4.363196913989668,ok,247107.0,247107.0,5317.182518841525,855.0498586735331,0.3856673460476094,0.923085559935936,2.213240205794933,0.952,2.694856996981514,15000,3369.0,11631.0,3,0,,,False,,0.0
GP_Matern52_PI,Acquisition Ablation,2,0,4,150,1,3,3,0.0,2729609,247107.0,1.0,93.70319341923158,0.0,0.0,0.0,0.0,0.0,0.47049671902245843,0.0,0.0,0.0,initial,247107.0,247107.0,,,,,,,,0,,,0,3,,,False,,1.0
GP_Matern52_PI,Acquisition Ablation,2,1,4,150,1,7,4,17589.0,1471759,229518.0,0.9288203086112494,97.57458075268161,0.0,0.0,0.14285714285714285,2512.714285714286,17589.0,1.1705893687413325,7.32910011720378e-05,0.007139582998206606,0.007212873999378644,constant_target_fallback,247107.0,247107.0,7992.336081909969,1363.7274,0.0,0.8102606103318564,3.884107341202348,0.9316,1.0,15000,3295.0,11705.0,2,2,,,False,,0.5
GP_Matern52_PI,Acquisition Ablation,2,2,4,150,1,11,4,17589.0,1471759,229518.0,0.9288203086112494,97.57458075268161,0.0,0.0,0.2727272727272727,2835.909090909091,12390.0,0.5988303358574374,0.012706124998658197,0.010780042000988033,0.030699040999024874,ok,247107.0,247107.0,9087.650330485008,2584.5123727738383,0.002325186446253244,1.843839664938215,47.77459321985863,0.8676,2.524723903979114,15000,3419.0,11581.0,1,3,,,False,,0.75
GP_Matern52_PI,Acquisition Ablation,2,3,4,150,1,15,4,44581.0,1471541,202526.0,0.819588275524368,99.09468213648131,1.0,0.0,0.4666666666666667,10318.933333333332,44581.0,0.482207491827173,0.011349833999702241,0.012325207997491816,0.05437408299621893,ok,247107.0,247107.0,7703.749540181032,1413.2195516385068,0.30965279322015515,1.3685769942198245,2.8495300104752523,0.9052,2.609722043544888,15000,3300.0,11700.0,4,0,,,False,,0.0
GP_Matern52_PI,Acquisition Ablation,2,4,4,150,1,19,4,44581.0,1471541,202526.0,0.819588275524368,99.09468213648131,1.0,0.0,0.47368421052631576,9466.263157894737,17991.0,0.33066413513230036,0.023892249999335036,0.012603374998434447,0.09086970799398841,ok,247107.0,247107.0,11860.744501357329,2794.0689578241213,0.12404513488999121,2.0844223125330603,13.451450793440053,0.753,1.8150606682968151,15000,3329.0,11671.0,2,2,,,False,,0.5
GP_Matern52_PI,Acquisition Ablation,2,5,4,150,1,23,4,201550.0,690413,45557.0,0.18436143047343864,99.99857404446227,1.0,1.0,0.5217391304347826,20522.08695652174,201550.0,0.27723175447082377,0.019140666001476347,0.011935416998312576,0.12194579099377734,ok,247107.0,247107.0,9576.940664529648,1672.443242530857,0.16489175398575825,1.9398461623043928,2.7840838407745907,0.9232,3.6142986530655277,15000,3372.0,11628.0,4,0,,,False,,0.0
GP_Matern52_PI,Acquisition Ablation,2,6,4,150,1,27,4,201550.0,690413,45557.0,0.18436143047343864,99.99857404446227,1.0,1.0,0.5925925925925926,24163.40740740741,56572.0,0.3593732718370442,0.016284541998174973,0.013653916998009663,0.15188424998996197,ok,247107.0,247107.0,6455.922458732508,1310.72665155916,0.3163415791321403,2.2085315817598885,2.8279134782239717,0.954,4.273960213631027,15000,3445.0,11555.0,4,0,,,False,,0.0
GP_Matern52_PI,Acquisition Ablation,2,7,4,150,1,31,4,201550.0,690413,45557.0,0.18436143047343864,99.99857404446227,1.0,1.0,0.6451612903225806,31771.322580645163,138905.0,0.2326024530348745,0.018139832998713246,0.012208874999487307,0.18223295798816252,ok,247107.0,247107.0,5418.99518358535,1078.3336294033586,0.3776419719085267,2.11127386602102,2.772604255509336,0.9794,4.633995112041251,15000,3285.0,11715.0,4,0,,,False,,0.0
GP_Matern52_PI,Acquisition Ablation,2,8,4,150,1,35,4,201550.0,690413,45557.0,0.18436143047343864,99.99857404446227,1.0,1.0,0.6857142857142857,34203.77142857143,107042.0,0.4017370176999684,0.026962625001033302,0.014576333000150044,0.22377191598934587,ok,247107.0,247107.0,9117.966928619217,2299.4347114723632,0.31659560531834885,2.41684596553547,3.2073404907121015,0.9118,4.507858015917271,15000,3300.0,11700.0,4,0,,,False,,0.0
GP_Matern52_PI,Acquisition Ablation,2,9,4,150,1,39,4,201550.0,690413,45557.0,0.18436143047343864,99.99857404446227,1.0,1.0,0.6923076923076923,33481.05128205128,70591.0,0.3807404337730382,0.06359883299955982,0.016043540999817196,0.3034142899887229,ok,247107.0,247107.0,5923.554851665699,1172.5539980419305,0.32153550214047205,2.2216803566100407,2.8708014139684512,0.9644,4.650258890344983,15000,3381.0,11619.0,3,1,,,False,,0.25
GP_Matern52_PI,Acquisition Ablation,2,10,4,150,1,43,4,201550.0,690413,45557.0,0.18436143047343864,99.99857404446227,1.0,1.0,0.7209302325581395,35863.86046511628,83881.0,0.5025415447425825,0.05341899999984889,0.016161957999429433,0.3729952479880012,ok,247107.0,247107.0,6695.040022499341,1232.3132674411368,0.3216930187457103,2.3254465786424277,2.9622651855217197,0.969,5.505416939062092,15000,3281.0,11719.0,4,0,,,False,,0.0
GP_Matern52_PI,Acquisition Ablation,2,11,4,150,1,47,4,201550.0,690413,45557.0,0.18436143047343864,99.99857404446227,1.0,1.0,0.7446808510638298,37992.87234042553,117509.0,0.49092134932879095,0.056264124999870546,0.015644166996935382,0.44490353998480714,ok,247107.0,247107.0,7315.535274965319,1377.4539229446534,0.30793649140492385,2.371125560313206,2.928134146527795,0.9698,5.155179596800297,15000,3285.0,11715.0,4,0,,,False,,0.0
GP_Matern52_PI,Acquisition Ablation,2,12,4,150,1,51,4,201550.0,690413,45557.0,0.18436143047343864,99.99857404446227,1.0,1.0,0.7647058823529411,35476.03921568627,8323.0,0.30029312466455854,0.10365675000139163,0.02050066700030584,0.5690609569865046,ok,247107.0,247107.0,6346.445927223662,1177.4268140511992,0.34336939801813354,2.1028585066191243,2.89291947119181,0.9682,5.4424292362069915,15000,3355.0,11645.0,4,0,,,False,,0.0
GP_Matern52_PI,Acquisition Ablation,2,13,4,150,1,55,4,201550.0,690413,45557.0,0.18436143047343864,99.99857404446227,1.0,1.0,0.7090909090909091,32895.96363636364,0.0,0.8002322921813977,0.05858100000114064,0.01852554200013401,0.6461674989877793,ok,247107.0,247107.0,6068.716560024308,1131.4349758229102,0.33297101949331487,2.133967946499659,2.898900446133429,0.9652,5.316548331566347,15000,3359.0,11641.0,0,4,,,False,,1.0
GP_Matern52_PI,Acquisition Ablation,2,14,4,150,1,59,4,204212.0,689910,42895.0,0.1735887692376177,99.99870516681058,1.0,1.0,0.6779661016949152,34126.94915254237,204212.0,1.1367267892623372,0.05678629099929822,0.018862125001760432,0.7218159149888379,ok,247107.0,247107.0,6036.472623258622,1055.1508174022113,0.3679936946819427,1.8624198607720384,2.8047215095581577,0.9654,4.85660579448182,15000,3333.0,11667.0,2,2,,,False,,0.5
GP_Matern52_PI,Acquisition Ablation,2,15,4,150,1,63,4,204212.0,689910,42895.0,0.1735887692376177,99.99870516681058,1.0,1.0,0.6825396825396826,36189.22222222222,108167.0,0.9063270508984075,0.08864974999960396,0.02103666599941789,0.8315023309878598,ok,247107.0,247107.0,5921.570437804433,1040.5262975130736,0.3190322344257733,1.894751556811546,2.7961150127533254,0.9694,4.922765848293085,15000,3308.0,11692.0,3,1,,,False,,0.25
GP_Matern52_PI,Acquisition Ablation,2,16,4,150,1,67,4,204212.0,689910,42895.0,0.1735887692376177,99.99870516681058,1.0,1.0,0.6567164179104478,34956.253731343284,62148.0,0.7680793360487934,0.06094283399943379,0.023568166001496138,0.9160133309887897,ok,247107.0,247107.0,6126.1515890596165,1060.500635336983,0.3500739631123445,1.7373803348518915,2.7663641636935483,0.9678,4.867498284105654,15000,3388.0,11612.0,1,3,,,False,,0.75
GP_Matern52_PI,Acquisition Ablation,2,17,4,150,1,71,4,204212.0,689910,42895.0,0.1735887692376177,99.99870516681058,1.0,1.0,0.6619718309859155,35826.35211267605,79963.0,0.8973020224824356,0.08970833300190861,0.023624083001777763,1.029345746992476,ok,247107.0,247107.0,6111.9390362869835,1050.4291970884608,0.36852825476419593,1.5610719722505837,2.694477361218355,0.9668,4.5695133461515445,15000,3341.0,11659.0,3,1,,,False,,0.25
GP_Matern52_PI,Acquisition Ablation,2,18,4,150,1,75,4,204212.0,689910,42895.0,0.1735887692376177,99.99870516681058,1.0,1.0,0.68,38027.82666666667,93789.0,0.23934116537937525,0.11130037499970058,0.017603124997549457,1.158249246989726,ok,247107.0,247107.0,6004.82878297614,1046.9185388056494,0.3589444927287616,1.5411166459150125,2.708809507247149,0.9612,4.441029870597828,15000,3315.0,11685.0,4,0,,,False,,0.0
GP_Matern52_PI,Acquisition Ablation,2,19,4,150,1,79,4,204212.0,689910,42895.0,0.1735887692376177,99.99870516681058,1.0,1.0,0.6835443037974683,38398.82278481012,97421.0,0.7443694609167922,0.10956458400323754,0.030603125000197906,1.2984169559931615,ok,247107.0,247107.0,5931.997648501002,1030.2202115136856,0.3615777074114162,1.5198514201866704,2.726647801148356,0.9564,4.439527662842955,15000,3324.0,11676.0,3,1,,,False,,0.25
GP_Matern52_PI,Acquisition Ablation,2,20,4,150,1,83,4,204212.0,689910,42895.0,0.1735887692376177,99.99870516681058,1.0,1.0,0.6506024096385542,36548.27710843374,0.0,0.5485516718682028,0.14275658300175564,0.02058670900078141,1.4617602479956986,ok,247107.0,247107.0,5898.534443918276,1016.3531198350095,0.37727803453141784,1.529034715492122,2.695920298649076,0.964,4.537952309722055,15000,3323.0,11677.0,0,4,,,False,,1.0
GP_Matern52_PI,Acquisition Ablation,2,21,4,150,1,87,4,204212.0,689910,42895.0,0.1735887692376177,99.99870516681058,1.0,1.0,0.632183908045977,36107.85057471264,107876.0,1.0045308414610339,0.09737887500159559,0.020753291999426438,1.5798924149967206,ok,247107.0,247107.0,5874.876504664932,1014.4940380697213,0.3799810529816049,1.475198363450013,2.653601475344174,0.9632,4.29031433155892,15000,3336.0,11664.0,1,3,,,False,,0.75
GP_Matern52_PI,Acquisition Ablation,2,22,4,150,1,91,4,204212.0,689910,42895.0,0.1735887692376177,99.99870516681058,1.0,1.0,0.6153846153846154,35510.395604395606,90063.0,0.9115424720993893,0.12257325000246055,0.0212792089987488,1.72374487399793,ok,247107.0,247107.0,5400.840778204956,928.2316277103997,0.37403258176473314,1.6825467277721065,2.669990600726149,0.9712,4.382242257959007,15000,3347.0,11653.0,1,3,,,False,,0.75
GP_Matern52_PI,Acquisition Ablation,2,23,4,150,1,95,4,204212.0,689910,42895.0,0.1735887692376177,99.99870516681058,1.0,1.0,0.631578947368421,36588.31578947369,85244.0,0.4083639644752566,0.2262166670006991,0.022780957999202656,1.9727424989978317,ok,247107.0,247107.0,5548.373402793027,953.1999917050542,0.38454843287335,1.606808393826068,2.631435998752214,0.9726,4.200366174276744,15000,3354.0,11646.0,4,0,,,False,,0.0
GP_Matern52_PI,Acquisition Ablation,2,24,4,150,1,99,4,204212.0,689910,42895.0,0.1735887692376177,99.99870516681058,1.0,1.0,0.6363636363636364,35163.64646464647,2580.0,0.6261292004240279,0.13005137499931152,0.024228083002526546,2.12702195699967,ok,247107.0,247107.0,5325.5625935332055,910.8173950077543,0.37922193325274206,1.607741837871642,2.656461233866807,0.967,4.321082131020211,15000,3359.0,11641.0,3,1,,,False,,0.25
GP_Matern52_PI,Acquisition Ablation,2,25,4,150,1,103,4,204212.0,689910,42895.0,0.1735887692376177,99.99870516681058,1.0,1.0,0.6504854368932039,36178.17475728155,91792.0,0.6165588378810108,0.1070989580002788,0.02367545800007065,2.2577963730000192,ok,247107.0,247107.0,4939.680361333411,854.7088754266704,0.3743397555493738,1.6791237851579983,2.722347122345207,0.964,4.413711009797239,15000,3321.0,11679.0,4,0,,,False,,0.0
GP_Matern52_PI,Acquisition Ablation,2,26,4,150,1,107,4,204212.0,689910,42895.0,0.1735887692376177,99.99870516681058,1.0,1.0,0.6355140186915887,35351.121495327105,56218.0,0.7824053604210787,0.13057179200040991,0.025067791000765283,2.4134359560011944,ok,247107.0,247107.0,5028.826420070915,876.6289387945577,0.3779658313693932,1.6692080091877113,2.702849731938188,0.9664,4.362401493393375,15000,3340.0,11660.0,1,3,,,False,,0.75
GP_Matern52_PI,Acquisition Ablation,2,27,4,150,1,111,4,204212.0,689910,42895.0,0.1735887692376177,99.99870516681058,1.0,1.0,0.6306306306306306,35851.14414414414,110719.0,0.7893470476893691,0.1370552080006746,0.027034165999793913,2.577525330001663,ok,247107.0,247107.0,5090.992214204376,875.4669762387492,0.38363448815950235,1.5651595145799375,2.6632677895494794,0.9652,4.213231310782482,15000,3396.0,11604.0,3,1,,,False,,0.25
GP_Matern52_PI,Acquisition Ablation,2,28,4,150,1,115,4,204212.0,689910,42895.0,0.1735887692376177,99.99870516681058,1.0,1.0,0.6173913043478261,35438.70434782609,95974.0,0.7569574054246698,0.1867487079980492,0.02685087500140071,2.791124913001113,ok,247107.0,247107.0,4870.687201767251,843.9254677696265,0.39174210830102446,1.4467880693513153,2.6348007865971255,0.9636,4.1046613426643175,15000,3326.0,11674.0,1,3,,,False,,0.75
GP_Matern52_PI,Acquisition Ablation,2,29,4,150,1,119,4,204212.0,689910,42895.0,0.1735887692376177,99.99870516681058,1.0,1.0,0.6302521008403361,36865.21008403361,106907.0,0.40547342726583785,0.1252627499998198,0.0269374159979634,2.943325078998896,ok,247107.0,247107.0,4594.567202351778,810.4647793196151,0.3942919145664788,1.4045558585932536,2.61533830412311,0.962,3.9783295813767108,15000,3369.0,11631.0,4,0,,,False,,0.0
GP_Matern52_PI,Acquisition Ablation,2,30,4,150,1,123,4,204212.0,689910,42895.0,0.1735887692376177,99.99870516681058,1.0,1.0,0.6422764227642277,38278.14634146341,97246.0,0.5439626366974099,0.18929508400105988,0.02829350000320119,3.160913663003157,ok,247107.0,247107.0,4750.081527105842,832.5285786696026,0.3926622257081039,1.3911672512670779,2.636582100204047,0.9644,4.138478334674081,15000,3339.0,11661.0,4,0,,,False,,0.0
GP_Matern52_PI,Acquisition Ablation,2,31,4,150,1,127,4,204212.0,689910,42895.0,0.1735887692376177,99.99870516681058,1.0,1.0,0.6456692913385826,39215.06299212598,116185.0,0.8443697978478334,0.23818691699852934,0.026752042002044618,3.425852622003731,ok,247107.0,247107.0,4580.575702698089,804.2704800406983,0.39525114328463,1.3755318219239119,2.651922159298489,0.9618,4.148679005013372,15000,3338.0,11662.0,3,1,,,False,,0.25
GP_Matern52_PI,Acquisition Ablation,2,32,4,150,1,131,4,204212.0,689910,42895.0,0.1735887692376177,99.99870516681058,1.0,1.0,0.6335877862595419,38758.3358778626,97029.0,0.9003068517400293,0.14810283399856417,0.029587707998871338,3.6035431640011666,ok,247107.0,247107.0,4532.2471322534675,796.0342045297294,0.40044622431052695,1.3115188089626801,2.6274623299541893,0.9608,4.039767670859311,15000,3362.0,11638.0,1,3,,,False,,0.75
GP_Matern52_PI,Acquisition Ablation,2,33,4,150,1,135,4,204212.0,689910,42895.0,0.1735887692376177,99.99870516681058,1.0,1.0,0.6444444444444445,40831.32592592593,125726.0,0.34847212484513324,0.32048554200082435,0.02819245800128556,3.9522211640032765,ok,247107.0,247107.0,4531.797414283038,796.8951909711006,0.4018661381279087,1.2777121872225292,2.6073698594011674,0.9596,3.930286645863464,15000,3319.0,11681.0,4,0,,,False,,0.0
GP_Matern52_PI,Acquisition Ablation,2,34,4,150,1,139,4,204212.0,689910,42895.0,0.1735887692376177,99.99870516681058,1.0,1.0,0.6546762589928058,42305.402877697845,155026.0,0.3511802399617309,0.26343233300212887,0.029880582998885075,4.2455340800042904,ok,247107.0,247107.0,4347.353036680653,770.5461263364108,0.4079890725833145,1.2499160287943067,2.5754896119666255,0.957,3.8823154229933237,15000,3293.0,11707.0,4,0,,,False,,0.0
GP_Matern52_PI,Acquisition Ablation,2,35,4,150,1,143,4,204212.0,689910,42895.0,0.1735887692376177,99.99870516681058,1.0,1.0,0.6643356643356644,43663.20279720279,130317.0,0.37872217564504823,0.28657120800198754,0.030787874999077758,4.562893163005356,ok,247107.0,247107.0,4379.234611695401,780.7211546867484,0.4029118919396912,1.2964693951432835,2.647672993066097,0.9568,3.9860480296714407,15000,3260.0,11740.0,4,0,,,False,,0.0
GP_Matern52_PI,Acquisition Ablation,2,36,4,150,1,147,4,204212.0,689910,42895.0,0.1735887692376177,99.99870516681058,1.0,1.0,0.6530612244897959,43238.78911564626,112264.0,0.6304841497733977,0.3678067500004545,0.03212320800230373,4.962823121008114,ok,247107.0,247107.0,4272.209945946279,771.8109964227983,0.4089723014540849,1.270397306348162,2.616128714384583,0.951,3.8464393589362023,15000,3449.0,11551.0,4,0,,,False,,0.0
GP_Matern52_PI,Acquisition Ablation,2,37,4,150,1,150,3,204212.0,689910,42895.0,0.1735887692376177,99.99870516681058,1.0,1.0,0.66,44084.113333333335,126346.0,0.39495001301719185,0.2363684169977205,0.030891583999618888,5.230083122005453,ok,247107.0,247107.0,4331.500694238659,777.4689805946321,0.4076054321247337,1.2546891045496977,2.6498816165127437,0.954,3.8996244751537184,15000,3364.0,11636.0,3,0,,,False,,0.0
GP_Matern52_PI,Acquisition Ablation,3,0,4,150,1,3,3,0.0,409668,247107.0,1.0,93.70319341923158,0.0,0.0,0.0,0.0,0.0,1.0055793833043412,0.0,0.0,0.0,initial,247107.0,247107.0,,,,,,,,0,,,0,3,,,False,,1.0
GP_Matern52_PI,Acquisition Ablation,3,1,4,150,1,7,4,33849.0,1653487,213258.0,0.8630188541805777,98.58587825421084,0.0,0.0,0.2857142857142857,6505.571428571428,33849.0,1.0140980148604901,6.612499782931991e-05,0.006685332999040838,0.006751457996870158,constant_target_fallback,247107.0,247107.0,7909.099054228617,1427.68,0.0,0.8171530915714472,3.9560373352279044,0.932,1.0,15000,3394.0,11606.0,2,2,,,False,,0.5
GP_Matern52_PI,Acquisition Ablation,3,2,4,150,1,11,4,33849.0,1653487,213258.0,0.8630188541805777,98.58587825421084,0.0,0.0,0.5454545454545454,11878.181818181818,31084.0,0.25814057462403306,0.008872499998688,0.008216082998842467,0.023840040994400624,ok,247107.0,247107.0,11596.623623286412,4123.566696806678,0.3446203120852849,2.5931286052812497,15.251248899011907,0.6616,1.4495222070032696,15000,3363.0,11637.0,4,0,,,False,,0.0
GP_Matern52_PI,Acquisition Ablation,3,3,4,150,1,15,4,42419.0,1477571,204688.0,0.8283375218022961,98.9974713055131,0.0,0.0,0.6666666666666666,17493.133333333335,42419.0,0.2509237291324495,0.022345749999658437,0.03392012499898556,0.08010591599304462,ok,247107.0,247107.0,12642.771953111034,4204.368535705905,0.39682077788563935,2.459900638463339,10.56388650494215,0.6832,1.5929173866276702,15000,3295.0,11705.0,4,0,,,False,,0.0
GP_Matern52_PI,Acquisition Ablation,3,4,4,150,1,19,4,56903.0,1563328,190204.0,0.7697232373020594,99.507783094789,1.0,0.0,0.5789473684210527,16805.263157894737,56903.0,0.24098157044624222,0.019273249999969266,0.014052708000235725,0.11343187399324961,ok,247107.0,247107.0,7299.06012068716,1940.216818136172,0.40295624323009754,2.342426714298148,8.509468514463517,0.6768,1.6381175931510108,15000,3293.0,11707.0,2,2,,,False,,0.5
GP_Matern52_PI,Acquisition Ablation,3,5,4,150,1,23,4,73192.0,878925,173915.0,0.7038044248038299,99.72921596047448,1.0,0.0,0.6521739130434783,19911.956521739132,73192.0,0.2538547541389344,0.015957999999955064,0.011750250003387919,0.1411401239965926,ok,247107.0,247107.0,21988.12817942764,3433.506669656773,0.3381728068243886,2.3494724701669787,3.054047845870997,0.9088,4.276959132001921,15000,3212.0,11788.0,4,0,,,False,,0.0
GP_Matern52_PI,Acquisition Ablation,3,6,4,150,1,27,4,73192.0,878925,173915.0,0.7038044248038299,99.72921596047448,1.0,0.0,0.6296296296296297,19328.074074074073,58652.0,0.3021648873882054,0.01766266699996777,0.013678499999514315,0.17248129099607468,ok,247107.0,247107.0,8707.023451177649,2059.5107299087795,0.33986394619765076,2.4569771538031766,3.1726706322831073,0.9098,4.288737754541003,15000,3299.0,11701.0,4,0,,,False,,0.0
GP_Matern52_PI,Acquisition Ablation,3,7,4,150,1,31,4,73192.0,878925,173915.0,0.7038044248038299,99.72921596047448,1.0,0.0,0.5483870967741935,16834.129032258064,0.0,0.4390024977585865,0.027751833000365878,0.013980083000205923,0.21421320699664648,ok,247107.0,247107.0,26623.208512625406,4722.784442294165,0.1266725460244588,3.4232774448319883,3.4914730329534773,0.9078,4.951256236721209,15000,3395.0,11605.0,3,1,,,False,,0.25
GP_Matern52_PI,Acquisition Ablation,3,8,4,150,1,35,4,73192.0,878925,173915.0,0.7038044248038299,99.72921596047448,1.0,0.0,0.5142857142857142,15370.4,16106.0,0.45326813046494935,0.020234750001691282,0.014998416998423636,0.2494463739967614,ok,247107.0,247107.0,14573.013474660973,3424.088967099317,0.2921673479935388,2.8372748262248333,4.392212472559561,0.8762,3.91407480966768,15000,3344.0,11656.0,3,1,,,False,,0.25
GP_Matern52_PI,Acquisition Ablation,3,9,4,150,1,39,4,73192.0,878925,173915.0,0.7038044248038299,99.72921596047448,1.0,0.0,0.5128205128205128,14596.307692307691,19945.0,0.4604871046305279,0.06772808399909991,0.015085082999576116,0.3322595409954374,ok,247107.0,247107.0,7881.235013533071,1617.6771460134457,0.16933887987025986,3.0794564844941514,3.0572890297109576,0.996,4.926897585844838,15000,3365.0,11635.0,3,1,,,False,,0.25
GP_Matern52_PI,Acquisition Ablation,3,10,4,150,1,43,4,73192.0,878925,173915.0,0.7038044248038299,99.72921596047448,1.0,0.0,0.5581395348837209,16095.116279069767,56108.0,0.5423671837137268,0.04145658400011598,0.014711167001223657,0.38842729199677706,ok,247107.0,247107.0,7373.180852470121,1612.635547451655,0.2714638906018949,2.6398089209789477,2.9591500374476527,0.9686,4.772288826907982,15000,3273.0,11727.0,4,0,,,False,,0.0
GP_Matern52_PI,Acquisition Ablation,3,11,4,150,1,47,4,73192.0,878925,173915.0,0.7038044248038299,99.72921596047448,1.0,0.0,0.5957446808510638,15833.595744680852,23347.0,0.6963041179644414,0.06416262499988079,0.01795299999866984,0.4705429169953277,ok,247107.0,247107.0,7267.540818124796,1725.8340101816316,0.264063578111085,2.7850465202131147,3.0285494143082374,0.962,4.813075449363669,15000,3378.0,11622.0,4,0,,,False,,0.0
GP_Matern52_PI,Acquisition Ablation,3,12,4,150,1,51,4,75423.0,1128388,171684.0,0.6947759472617125,99.7463929881013,1.0,0.0,0.6274509803921569,18183.313725490196,75423.0,0.5379591152907163,0.06262158299796283,0.0175157500016212,0.5506802499949117,ok,247107.0,247107.0,7279.094382380526,1823.392651872266,0.2589290166690515,2.804885664902082,3.0401963068142686,0.957,4.824213787852859,15000,3253.0,11747.0,4,0,,,False,,0.0
GP_Matern52_PI,Acquisition Ablation,3,13,4,150,1,55,4,75423.0,1128388,171684.0,0.6947759472617125,99.7463929881013,1.0,0.0,0.6363636363636364,18700.18181818182,39300.0,0.3931073966380878,0.11329208400275093,0.018023707998509053,0.6819960419961717,ok,247107.0,247107.0,7512.878110725201,1956.4449020420304,0.25779689535683914,2.9133979763301787,3.084967320395885,0.954,4.8025209773050275,15000,3311.0,11689.0,4,0,,,False,,0.0
GP_Matern52_PI,Acquisition Ablation,3,14,4,150,1,59,4,75423.0,1128388,171684.0,0.6947759472617125,99.7463929881013,1.0,0.0,0.6610169491525424,20047.271186440677,52503.0,0.33231989917914134,0.0793643750002957,0.02113029199972516,0.7824907089961926,ok,247107.0,247107.0,7365.377160447918,1798.476190550492,0.23571391493084615,3.119765585892681,3.08372634843433,0.9806,5.118445494616076,15000,3354.0,11646.0,4,0,,,False,,0.0
GP_Matern52_PI,Acquisition Ablation,3,15,4,150,1,63,4,88446.0,1041923,158661.0,0.6420740812684383,99.83193393007113,1.0,0.0,0.6825396825396826,21822.06349206349,88446.0,0.35423870472823643,0.09641004200238967,0.02077400000052876,0.899674750999111,ok,247107.0,247107.0,7269.999573538975,1838.3521035264314,0.23653956739949597,3.119596013918036,3.091447194341349,0.9768,5.133272446029335,15000,3348.0,11652.0,4,0,,,False,,0.0
GP_Matern52_PI,Acquisition Ablation,3,16,4,150,1,67,4,96700.0,869826,150407.0,0.6086715471435451,99.88061310187616,1.0,0.0,0.7014925373134329,24695.5223880597,96700.0,0.2745286883231989,0.04311495799993281,0.0217943749994447,0.9645840839984885,ok,247107.0,247107.0,7120.988791462877,1865.3897192956558,0.2403459155533505,3.112829484044638,3.09829504740599,0.9714,5.119551067791093,15000,3338.0,11662.0,4,0,,,False,,0.0
GP_Matern52_PI,Acquisition Ablation,3,17,4,150,1,71,4,106552.0,878387,140555.0,0.5688021788132267,99.93034125246756,1.0,1.0,0.7183098591549296,26838.563380281692,106552.0,0.2771376354913377,0.12786833299833233,0.019436416998360073,1.111888833995181,ok,247107.0,247107.0,7072.628820306723,1931.6970329897895,0.23678369797242615,3.1289176118280912,3.107641750100387,0.9692,5.138027450898928,15000,3353.0,11647.0,4,0,,,False,,0.0
GP_Matern52_PI,Acquisition Ablation,3,18,4,150,1,75,4,106552.0,878387,140555.0,0.5688021788132267,99.93034125246756,1.0,1.0,0.72,26356.68,36110.0,0.2349514629766536,0.10134054100126377,0.02029450000190991,1.2335238749983546,ok,247107.0,247107.0,7036.52056297378,2021.2617949360736,0.23558394988504197,3.1047369522689716,3.111235151737455,0.9634,5.157428963881747,15000,3335.0,11665.0,4,0,,,False,,0.0
GP_Matern52_PI,Acquisition Ablation,3,19,4,150,1,79,4,106552.0,878387,140555.0,0.5688021788132267,99.93034125246756,1.0,1.0,0.7341772151898734,29283.632911392404,103326.0,0.3189006655464861,0.16752249999990454,0.019705999999132473,1.4207523749973916,ok,247107.0,247107.0,11910.582117554774,2083.6713371178835,0.31834053599037454,2.7109054086002504,2.991309049582472,0.9752,5.287742422944402,15000,3304.0,11696.0,4,0,,,False,,0.0
GP_Matern52_PI,Acquisition Ablation,3,20,4,150,1,83,4,143395.0,603771,103712.0,0.41970482422594263,99.98910045479786,1.0,1.0,0.7469879518072289,31869.722891566264,143395.0,0.34066418774527296,0.2048406249996333,0.021339541002816986,1.6469325409998419,ok,247107.0,247107.0,11478.463542276799,2004.4639495034583,0.32288083268366097,2.756617276888339,3.002426959701584,0.9766,5.305367434417177,15000,3443.0,11557.0,4,0,,,False,,0.0
GP_Matern52_PI,Acquisition Ablation,3,21,4,150,1,87,4,143395.0,603771,103712.0,0.41970482422594263,99.98910045479786,1.0,1.0,0.7471264367816092,31226.850574712644,48878.0,0.39026539604942206,0.10989283399976557,0.022151375000248663,1.778976749999856,ok,247107.0,247107.0,10015.27698282125,2055.365065380364,0.3213767588284083,2.801483955584628,3.0269682900094717,0.9726,5.295063358169261,15000,3343.0,11657.0,4,0,,,False,,0.0
GP_Matern52_PI,Acquisition Ablation,3,22,4,150,1,91,4,143395.0,603771,103712.0,0.41970482422594263,99.98910045479786,1.0,1.0,0.7582417582417582,31452.428571428572,70166.0,0.3659235448233751,0.1928924999992887,0.0218487920028565,1.9937180420020013,ok,247107.0,247107.0,7710.179473109576,1595.0127790556155,0.32423605649098997,2.6832619783490608,2.970831464657797,0.9832,5.315127760214282,15000,3347.0,11653.0,4,0,,,False,,0.0
GP_Matern52_PI,Acquisition Ablation,3,23,4,150,1,95,4,143395.0,603771,103712.0,0.41970482422594263,99.98910045479786,1.0,1.0,0.7684210526315789,31657.8,101804.0,0.42602343178350727,0.19774450000113575,0.025458541997068096,2.216921084000205,ok,247107.0,247107.0,7531.386408677435,1516.912780908926,0.3239930725801472,2.586997167050314,2.95087591148641,0.983,5.366357725502088,15000,3268.0,11732.0,4,0,,,False,,0.0
GP_Matern52_PI,Acquisition Ablation,3,24,4,150,1,99,4,143395.0,603771,103712.0,0.41970482422594263,99.98910045479786,1.0,1.0,0.7676767676767676,32335.030303030304,80348.0,0.5691454202335662,0.16781687500042608,0.02715945899763028,2.4118974179982615,ok,247107.0,247107.0,7052.3199252076065,1552.557538598018,0.3124849246099958,2.7069084394330734,2.979993555513504,0.9824,5.288213463902437,15000,3407.0,11593.0,4,0,,,False,,0.0
GP_Matern52_PI,Acquisition Ablation,3,25,4,150,1,103,4,143395.0,603771,103712.0,0.41970482422594263,99.98910045479786,1.0,1.0,0.7766990291262136,32450.81553398058,59296.0,0.2272302494594851,0.18117991699909908,0.02620204099730472,2.6192793759946653,ok,247107.0,247107.0,7689.385299050825,1470.0940427544385,0.2950546669977725,2.494943232092401,2.925655055881315,0.987,5.475853664533764,15000,3260.0,11740.0,4,0,,,False,,0.0
GP_Matern52_PI,Acquisition Ablation,3,26,4,150,1,107,4,143395.0,603771,103712.0,0.41970482422594263,99.98910045479786,1.0,1.0,0.7850467289719626,34636.47663551402,120091.0,0.3111256494235086,0.18495650000113528,0.024115500000334578,2.828351375996135,ok,247107.0,247107.0,7066.150913658976,1501.8026204381417,0.2859625316461022,2.5705712338956364,2.953811250437548,0.9828,5.398219625873435,15000,3395.0,11605.0,4,0,,,False,,0.0
GP_Matern52_PI,Acquisition Ablation,3,27,4,150,1,111,4,143395.0,603771,103712.0,0.41970482422594263,99.98910045479786,1.0,1.0,0.7927927927927928,34988.747747747744,83646.0,0.48138734526536703,0.26060449999931734,0.025428249999094987,3.1143841259945475,ok,247107.0,247107.0,7087.17937135144,1503.6163468137545,0.28530295555466306,2.516422404770062,2.9512936539173382,0.9806,5.45792130469005,15000,3303.0,11697.0,4,0,,,False,,0.0
GP_Matern52_PI,Acquisition Ablation,3,28,4,150,1,115,4,143395.0,603771,103712.0,0.41970482422594263,99.98910045479786,1.0,1.0,0.8,35419.48695652174,65409.0,0.21264443499108684,0.22467862499979674,0.025264583000534913,3.364327333994879,ok,247107.0,247107.0,7161.6741704135065,1448.6239221151047,0.3002929747957519,2.403217677136186,2.9075931440162623,0.9852,5.52360710769099,15000,3302.0,11698.0,4,0,,,False,,0.0
GP_Matern52_PI,Acquisition Ablation,3,29,4,150,1,119,4,220440.0,604506,26667.0,0.10791681336425112,99.99965580383572,1.0,1.0,0.8067226890756303,37364.68907563025,220440.0,0.29949043024705,0.41355975000260514,0.02746470800047973,3.805351791997964,ok,247107.0,247107.0,6776.6143924581365,1483.4719801145263,0.2836781690342422,2.5941025920582628,2.9660218929453013,0.9828,5.546191706594893,15000,3420.0,11580.0,4,0,,,False,,0.0
GP_Matern52_PI,Acquisition Ablation,3,30,4,150,1,123,4,220440.0,604506,26667.0,0.10791681336425112,99.99965580383572,1.0,1.0,0.8130081300813008,37311.081300813006,112018.0,0.5586893567760999,0.2980878329981351,0.030753209000977222,4.134192833997076,ok,247107.0,247107.0,6687.233304975817,1373.7855806987816,0.29907572705003627,2.4024192026645252,2.9104595424407265,0.9852,5.559795223474255,15000,3396.0,11604.0,4,0,,,False,,0.0
GP_Matern52_PI,Acquisition Ablation,3,31,4,150,1,127,4,220440.0,604506,26667.0,0.10791681336425112,99.99965580383572,1.0,1.0,0.8188976377952756,38926.83464566929,190274.0,0.34610530710013965,0.1534366250016319,0.027171207999344915,4.314800666998053,ok,247107.0,247107.0,4607.938461014963,921.2959253577615,0.381318899577902,1.8209354401653357,2.7267827790817063,0.9688,4.659325387652068,15000,3391.0,11609.0,4,0,,,False,,0.0
GP_Matern52_PI,Acquisition Ablation,3,32,4,150,1,131,4,220440.0,604506,26667.0,0.10791681336425112,99.99965580383572,1.0,1.0,0.8244274809160306,39442.87022900763,186637.0,0.7535934837997785,0.33690916699924855,0.028416416000254685,4.680126249997556,ok,247107.0,247107.0,6403.282153564455,1339.3557558315208,0.30511780515433307,2.3866450279326057,2.904383721486524,0.9858,5.55719480992771,15000,3333.0,11667.0,4,0,,,False,,0.0
GP_Matern52_PI,Acquisition Ablation,3,33,4,150,1,135,4,220440.0,604506,26667.0,0.10791681336425112,99.99965580383572,1.0,1.0,0.8296296296296296,41062.75555555556,108469.0,0.26861192955330965,0.6891360000008717,0.028417665998858865,5.397679915997287,ok,247107.0,247107.0,6312.708645611716,1360.5799935234998,0.3023482420219598,2.46281661794402,2.938118539256103,0.9848,5.644639354664621,15000,3266.0,11734.0,4,0,,,False,,0.0
GP_Matern52_PI,Acquisition Ablation,3,34,4,150,1,139,4,220440.0,604506,26667.0,0.10791681336425112,99.99965580383572,1.0,1.0,0.8273381294964028,41269.87050359712,69875.0,0.3945666623619796,0.6430506670003524,0.03294679100145004,6.0736773739990895,ok,247107.0,247107.0,5729.485432522482,1172.2456936604424,0.3070361638970783,2.2736163546778467,2.874082859413916,0.9854,5.603624258789337,15000,3382.0,11618.0,3,1,,,False,,0.25
GP_Matern52_PI,Acquisition Ablation,3,35,4,150,1,143,4,220440.0,604506,26667.0,0.10791681336425112,99.99965580383572,1.0,1.0,0.8321678321678322,42198.04895104895,107943.0,0.32051096733957335,0.6604350419984257,0.029826165999111254,6.7639385819966265,ok,247107.0,247107.0,5644.402982291741,1104.4200283358164,0.3283643166344078,2.1430739462824158,2.8396413238529714,0.9848,5.5272564077650665,15000,3364.0,11636.0,4,0,,,False,,0.0
GP_Matern52_PI,Acquisition Ablation,3,36,4,150,1,147,4,220440.0,604506,26667.0,0.10791681336425112,99.99965580383572,1.0,1.0,0.8299319727891157,41124.80272108843,4692.0,0.3130164527052899,0.6757179579981312,0.03175241599819856,7.471408955992956,ok,247107.0,247107.0,281956.3712622563,7467.921284278345,0.274010351899101,3.347807510279771,3.184069519601709,0.9802,5.728916226985587,15000,3371.0,11629.0,4,0,,,False,,0.0
GP_Matern52_PI,Acquisition Ablation,3,37,4,150,1,150,3,220440.0,604506,26667.0,0.10791681336425112,99.99965580383572,1.0,1.0,0.82,40414.40666666667,16815.0,0.15837898300970418,0.848258292000537,0.030825374997220933,8.350492622990714,ok,247107.0,247107.0,8892.55564929765,1905.622873638896,0.34316961922740324,2.5833503815716505,2.9657441393727675,0.9814,5.552393473128218,15000,3362.0,11638.0,3,0,,,False,,0.0
GP_Matern52_PI,Acquisition Ablation,4,0,4,150,1,3,3,0.0,3806703,247107.0,1.0,93.70319341923158,0.0,0.0,0.0,0.0,0.0,0.8989998979021484,0.0,0.0,0.0,initial,247107.0,247107.0,,,,,,,,0,,,1,2,,,False,,0.6666666666666666
GP_Matern52_PI,Acquisition Ablation,4,1,4,150,1,7,4,0.0,3806703,247107.0,1.0,93.70319341923158,0.0,0.0,0.0,0.0,0.0,0.7290825690282109,6.93340007273946e-05,0.006626458001846913,0.006695792002574308,constant_target_fallback,247107.0,247107.0,8775.797842190761,1529.645,0.0,0.8104050858432441,3.93666540770458,0.9332,1.0,15000,3299.0,11701.0,1,3,,,False,,0.75
GP_Matern52_PI,Acquisition Ablation,4,2,4,150,1,11,4,0.0,3806703,247107.0,1.0,93.70319341923158,0.0,0.0,0.0,0.0,0.0,0.8386617666265686,6.083300104364753e-05,0.00761712500025169,0.014373750003869645,constant_target_fallback,247107.0,247107.0,8775.797842190761,1529.645,0.0,0.8104050858432441,3.93666540770458,0.9332,1.0,15000,3362.0,11638.0,1,3,,,False,,0.75
GP_Matern52_PI,Acquisition Ablation,4,3,4,150,1,15,4,0.0,3806703,247107.0,1.0,93.70319341923158,0.0,0.0,0.0,0.0,0.0,0.997943431935914,4.933300078846514e-05,0.007398874997306848,0.02182195800196496,constant_target_fallback,247107.0,247107.0,8775.797842190761,1529.645,0.0,0.8104050858432441,3.93666540770458,0.9332,1.0,15000,3314.0,11686.0,1,3,,,False,,0.75
GP_Matern52_PI,Acquisition Ablation,4,4,4,150,1,19,4,0.0,3806703,247107.0,1.0,93.70319341923158,0.0,0.0,0.0,0.0,0.0,1.0629452121956666,5.570799839915708e-05,0.005835667001520051,0.027713333001884166,constant_target_fallback,247107.0,247107.0,8775.797842190761,1529.645,0.0,0.8104050858432441,3.93666540770458,0.9332,1.0,15000,3348.0,11652.0,1,3,,,False,,0.75
GP_Matern52_PI,Acquisition Ablation,4,5,4,150,1,23,4,0.0,3806703,247107.0,1.0,93.70319341923158,0.0,0.0,0.0,0.0,0.0,0.8722700046200064,6.387500252458267e-05,0.005353083000954939,0.03313029100536369,constant_target_fallback,247107.0,247107.0,8775.797842190761,1529.645,0.0,0.8104050858432441,3.93666540770458,0.9332,1.0,15000,3304.0,11696.0,2,2,,,False,,0.5
GP_Matern52_PI,Acquisition Ablation,4,6,4,150,1,27,4,0.0,3806703,247107.0,1.0,93.70319341923158,0.0,0.0,0.0,0.0,0.0,0.838860305819015,5.4667001677444205e-05,0.006610583001020132,0.039795541008061264,constant_target_fallback,247107.0,247107.0,8775.797842190761,1529.645,0.0,0.8104050858432441,3.93666540770458,0.9332,1.0,15000,3317.0,11683.0,0,4,,,False,,1.0
GP_Matern52_PI,Acquisition Ablation,4,7,4,150,1,31,4,0.0,3806703,247107.0,1.0,93.70319341923158,0.0,0.0,0.0,0.0,0.0,1.009408143813461,5.950000195298344e-05,0.006906957998580765,0.04676199900859501,constant_target_fallback,247107.0,247107.0,8775.797842190761,1529.645,0.0,0.8104050858432441,3.93666540770458,0.9332,1.0,15000,3370.0,11630.0,2,2,,,False,,0.5
GP_Matern52_PI,Acquisition Ablation,4,8,4,150,1,35,4,0.0,3806703,247107.0,1.0,93.70319341923158,0.0,0.0,0.0,0.0,0.0,0.8986679076460883,6.129199755378067e-05,0.007238165999297053,0.054061457005445845,constant_target_fallback,247107.0,247107.0,8775.797842190761,1529.645,0.0,0.8104050858432441,3.93666540770458,0.9332,1.0,15000,3303.0,11697.0,0,4,,,False,,1.0
GP_Matern52_PI,Acquisition Ablation,4,9,4,150,1,39,4,0.0,3806703,247107.0,1.0,93.70319341923158,0.0,0.0,0.0,0.0,0.0,1.0217096404437147,4.991600144421682e-05,0.00692479099961929,0.06103616400650935,constant_target_fallback,247107.0,247107.0,8775.797842190761,1529.645,0.0,0.8104050858432441,3.93666540770458,0.9332,1.0,15000,3363.0,11637.0,1,3,,,False,,0.75
GP_Matern52_PI,Acquisition Ablation,4,10,4,150,1,43,4,0.0,3806703,247107.0,1.0,93.70319341923158,0.0,0.0,0.0,0.0,0.0,0.8300800279372712,5.908400271437131e-05,0.0044936249978491105,0.06558887300707283,constant_target_fallback,247107.0,247107.0,8775.797842190761,1529.645,0.0,0.8104050858432441,3.93666540770458,0.9332,1.0,15000,3327.0,11673.0,1,3,,,False,,0.75
GP_Matern52_PI,Acquisition Ablation,4,11,4,150,1,47,4,0.0,3806703,247107.0,1.0,93.70319341923158,0.0,0.0,0.0,0.0,0.0,0.953797416863898,5.137499829288572e-05,0.006783291999454377,0.0724235400048201,constant_target_fallback,247107.0,247107.0,8775.797842190761,1529.645,0.0,0.8104050858432441,3.93666540770458,0.9332,1.0,15000,3367.0,11633.0,0,4,,,False,,1.0
GP_Matern52_PI,Acquisition Ablation,4,12,4,150,1,51,4,0.0,3806703,247107.0,1.0,93.70319341923158,0.0,0.0,0.0,0.0,0.0,0.8401511728750283,6.54579998808913e-05,0.006659499998932006,0.079148498003633,constant_target_fallback,247107.0,247107.0,8775.797842190761,1529.645,0.0,0.8104050858432441,3.93666540770458,0.9332,1.0,15000,3387.0,11613.0,0,4,,,False,,1.0
GP_Matern52_PI,Acquisition Ablation,4,13,4,150,1,55,4,0.0,3806703,247107.0,1.0,93.70319341923158,0.0,0.0,0.0,0.0,0.0,1.0749814690413402,6.125000072643161e-05,0.009938167000655085,0.08914791500501451,constant_target_fallback,247107.0,247107.0,8775.797842190761,1529.645,0.0,0.8104050858432441,3.93666540770458,0.9332,1.0,15000,3357.0,11643.0,0,4,,,False,,1.0
GP_Matern52_PI,Acquisition Ablation,4,14,4,150,1,59,4,0.0,3806703,247107.0,1.0,93.70319341923158,0.0,0.0,0.0,0.0,0.0,0.976414798023351,6.89999978931155e-05,0.004765834000863833,0.09398274900377146,constant_target_fallback,247107.0,247107.0,8775.797842190761,1529.645,0.0,0.8104050858432441,3.93666540770458,0.9332,1.0,15000,3277.0,11723.0,0,4,,,False,,1.0
GP_Matern52_PI,Acquisition Ablation,4,15,4,150,1,63,4,4192.0,2235974,242915.0,0.9830356889930273,95.00587755926239,0.0,0.0,0.015873015873015872,66.53968253968254,4192.0,0.7083114979573154,4.645899753086269e-05,0.006840834001195617,0.10087004200249794,constant_target_fallback,247107.0,247107.0,8775.797842190761,1529.645,0.0,0.8104050858432441,3.93666540770458,0.9332,1.0,15000,3336.0,11664.0,4,0,,,False,,0.0
GP_Matern52_PI,Acquisition Ablation,4,16,4,150,1,67,4,9553.0,2149139,237554.0,0.9613406338145014,96.3558640864411,0.0,0.0,0.029850746268656716,205.1492537313433,9553.0,0.6739417498952353,0.05759391700121341,0.022295124999800464,0.18075908400351182,ok,247107.0,247107.0,8766.101048592256,1538.326599064422,0.0024830541392382535,0.8094240449452371,45.2594868468955,0.9138,0.6909215704652332,15000,3371.0,11629.0,2,2,,,False,,0.5
GP_Matern52_PI,Acquisition Ablation,4,17,4,150,1,71,4,9553.0,2149139,237554.0,0.9613406338145014,96.3558640864411,0.0,0.0,0.028169014084507043,193.59154929577466,0.0,0.6541761139926082,0.07638820800275425,0.022403124999982538,0.2795504170062486,ok,247107.0,247107.0,8763.643514452426,1532.9443374406815,0.13044931589084846,0.7969260410491259,53.10030430200656,0.915,0.7860266632659428,15000,3401.0,11599.0,1,3,,,False,,0.75
GP_Matern52_PI,Acquisition Ablation,4,18,4,150,1,75,4,9853.0,2149581,237254.0,0.9601265848397658,96.4221464335049,0.0,0.0,0.06666666666666667,477.52,9853.0,0.5456380990093462,0.15946016700036125,0.02693458300200291,0.46594516700861277,ok,247107.0,247107.0,8772.272463521685,1525.493961079273,0.22906722524400208,0.791496567598312,7.147574887312984,0.9316,0.9898203606844872,15000,3378.0,11622.0,3,1,,,False,,0.25
GP_Matern52_PI,Acquisition Ablation,4,19,4,150,1,79,4,9853.0,2149581,237254.0,0.9601265848397658,96.4221464335049,0.0,0.0,0.11392405063291139,790.8101265822785,9429.0,0.37079310702446205,0.09200541600148426,0.020836708001297666,0.5787872910113947,ok,247107.0,247107.0,8773.331046931055,1526.8740244039393,0.30113735085197824,0.8316030448569927,2.55318863993412,0.9316,1.3008263384594347,15000,3378.0,11622.0,4,0,,,False,,0.0
GP_Matern52_PI,Acquisition Ablation,4,20,4,150,1,83,4,9853.0,2149581,237254.0,0.9601265848397658,96.4221464335049,0.0,0.0,0.1566265060240964,1135.6626506024097,9585.0,0.1822463098771693,0.1310949590006203,0.021556040999712422,0.7314382910117274,ok,247107.0,247107.0,8768.86216656888,1526.9106266175493,0.21053822397472136,0.8777738213365123,2.475180737110556,0.928,1.46201654582946,15000,3404.0,11596.0,4,0,,,False,,0.0
GP_Matern52_PI,Acquisition Ablation,4,21,4,150,1,87,4,9853.0,2149581,237254.0,0.9601265848397658,96.4221464335049,0.0,0.0,0.19540229885057472,1415.7931034482758,9200.0,0.22988920163300644,0.10895816600168473,0.020609333001630148,0.8610057900150423,ok,247107.0,247107.0,8764.988998977758,1523.8291796725518,0.20446144082427953,0.8879270391541333,2.5128865254337716,0.9278,1.5037391686361448,15000,3383.0,11617.0,4,0,,,False,,0.0
GP_Matern52_PI,Acquisition Ablation,4,22,4,150,1,91,4,11838.0,1719215,235269.0,0.9520936274569316,96.79969684513074,0.0,0.0,0.23076923076923078,1732.8461538461538,11838.0,0.3671032761190291,0.14628233300027205,0.02175537500079372,1.029043498016108,ok,247107.0,247107.0,8756.131258716598,1517.5004339448985,0.22484564286999442,0.8961181747224626,2.492279920529924,0.9284,1.5930884542274517,15000,3358.0,11642.0,4,0,,,False,,0.0
GP_Matern52_PI,Acquisition Ablation,4,23,4,150,1,95,4,14288.0,1637298,232819.0,0.9421788941632572,97.17600159444775,0.0,0.0,0.2631578947368421,2110.084210526316,14288.0,0.4090142320197976,0.11147754199919291,0.021380917001806665,1.1619019570171076,ok,247107.0,247107.0,8749.279164203565,1514.7996158043022,0.19761694613837094,0.8914512649921217,2.677593081945597,0.927,1.5516926556399735,15000,3312.0,11688.0,4,0,,,False,,0.0
GP_Matern52_PI,Acquisition Ablation,4,24,4,150,1,99,4,14288.0,1637298,232819.0,0.9421788941632572,97.17600159444775,0.0,0.0,0.29292929292929293,2434.4848484848485,14168.0,0.5100844492620326,0.12177366700052517,0.02408054199986509,1.307756166017498,ok,247107.0,247107.0,8737.487535910488,1511.8723819001389,0.1917214645336432,0.8966721382462424,2.7635546534855,0.9236,1.5429086941866448,15000,3355.0,11645.0,4,0,,,False,,0.0
GP_Matern52_PI,Acquisition Ablation,4,25,4,150,1,103,4,30988.0,1377218,216119.0,0.8745968345696399,98.46899907099817,0.0,0.0,0.32038834951456313,3121.330097087379,30988.0,0.22184078010571895,0.10221987499971874,0.025095791002968326,1.435071832020185,ok,247107.0,247107.0,8734.017794127549,1511.348878087607,0.1940800505628766,0.8991844574008122,2.8000961870167114,0.9232,1.550720444526911,15000,3396.0,11604.0,4,0,,,False,,0.0
GP_Matern52_PI,Acquisition Ablation,4,26,4,150,1,107,4,50830.0,777499,196277.0,0.7942996353806245,99.34020873366626,1.0,0.0,0.34579439252336447,4392.271028037383,50830.0,0.27809378918437583,0.07762524999998277,0.02335504199800198,1.5360521240181697,ok,247107.0,247107.0,8696.357751900834,1497.421410133038,0.22352358734853608,0.8959184306941054,2.7139666823368525,0.9216,1.5141015466323264,15000,3351.0,11649.0,4,0,,,False,,0.0
GP_Matern52_PI,Acquisition Ablation,4,27,4,150,1,111,4,50830.0,777499,196277.0,0.7942996353806245,99.34020873366626,1.0,0.0,0.36036036036036034,5226.09009009009,47062.0,0.28565561216022434,0.11171708300025784,0.024114916999678826,1.6718841240181064,ok,247107.0,247107.0,8655.91375952964,1488.7917868691318,0.2204397763931532,0.9137779375476938,2.791697930341452,0.9184,1.5300663892765083,15000,3351.0,11649.0,4,0,,,False,,0.0
GP_Matern52_PI,Acquisition Ablation,4,28,4,150,1,115,4,50830.0,777499,196277.0,0.7942996353806245,99.34020873366626,1.0,0.0,0.3826086956521739,5730.408695652174,38351.0,0.3682323545225892,0.11662612500003888,0.024396584001806332,1.8129068330199516,ok,247107.0,247107.0,8687.287304147156,1500.4784383163806,0.2785808550295431,0.9548495488128559,2.3457588789402477,0.9292,2.0131118788505495,15000,3345.0,11655.0,3,1,,,False,,0.25
GP_Matern52_PI,Acquisition Ablation,4,29,4,150,1,119,4,50830.0,777499,196277.0,0.7942996353806245,99.34020873366626,1.0,0.0,0.40336134453781514,6731.941176470588,45465.0,0.30856730562668155,0.15756279200286372,0.027366166999854613,1.99783579202267,ok,247107.0,247107.0,8692.892504655518,1499.2282139300723,0.26325545949039897,0.9790981531362846,2.3700862049892484,0.9276,2.044289285485637,15000,3335.0,11665.0,4,0,,,False,,0.0
GP_Matern52_PI,Acquisition Ablation,4,30,4,150,1,123,4,50830.0,777499,196277.0,0.7942996353806245,99.34020873366626,1.0,0.0,0.42276422764227645,7954.634146341464,49764.0,0.37858320956053193,0.10318950000146287,0.027289249999739695,2.1283145420238725,ok,247107.0,247107.0,8654.226799765876,1489.7096523993675,0.27594771202943136,0.9854893892109854,2.370217053021945,0.9264,2.082255067826783,15000,3322.0,11678.0,4,0,,,False,,0.0
GP_Matern52_PI,Acquisition Ablation,4,31,4,150,1,127,4,50830.0,777499,196277.0,0.7942996353806245,99.34020873366626,1.0,0.0,0.4409448818897638,8837.740157480315,49565.0,0.39958945350318026,0.2034763749979902,0.027790124997409293,2.359581042019272,ok,247107.0,247107.0,8600.547853492606,1476.3903409925992,0.26992173096695454,1.0012192257786916,2.3953678099844042,0.9238,2.105087118302096,15000,3308.0,11692.0,4,0,,,False,,0.0
GP_Matern52_PI,Acquisition Ablation,4,32,4,150,1,131,4,50830.0,777499,196277.0,0.7942996353806245,99.34020873366626,1.0,0.0,0.4580152671755725,9633.908396946565,45251.0,0.3491631765856811,0.11179487499975949,0.029268584003148135,2.5006445010221796,ok,247107.0,247107.0,8528.206177999138,1451.3380530586403,0.33835653681718336,0.9779852621223927,2.293277000886901,0.9316,2.2734669822355538,15000,3331.0,11669.0,4,0,,,False,,0.0
GP_Matern52_PI,Acquisition Ablation,4,33,4,150,1,135,4,60193.0,861408,186914.0,0.7564091668791252,99.57154133664811,1.0,0.0,0.4740740740740741,11023.488888888889,60193.0,0.2070440315040298,0.27055995800037635,0.02842008299921872,2.7996245420217747,ok,247107.0,247107.0,8437.940205254481,1429.1325374454711,0.34071788088318816,1.0087221415274774,2.3254824298277414,0.9282,2.291875503635147,15000,3295.0,11705.0,4,0,,,False,,0.0
GP_Matern52_PI,Acquisition Ablation,4,34,4,150,1,139,4,60193.0,861408,186914.0,0.7564091668791252,99.57154133664811,1.0,0.0,0.4892086330935252,11285.172661870503,27692.0,0.3943348728622314,0.3321617910005443,0.028997624998737592,3.1607839580210566,ok,247107.0,247107.0,7839.100847459516,1326.7210652864728,0.39436028113490607,0.911506377522152,2.2188795569344753,0.9342,2.208186819567823,15000,3273.0,11727.0,4,0,,,False,,0.0
GP_Matern52_PI,Acquisition Ablation,4,35,4,150,1,143,4,60193.0,861408,186914.0,0.7564091668791252,99.57154133664811,1.0,0.0,0.5034965034965035,12306.524475524475,51738.0,0.26988107944994505,0.3775859590023174,0.032407957998657366,3.5707778750220314,ok,247107.0,247107.0,8351.87129302305,1400.0096095791102,0.34556928187111513,1.0075487684570144,2.340881645703187,0.9278,2.3299161486517392,15000,3408.0,11592.0,4,0,,,False,,0.0
GP_Matern52_PI,Acquisition Ablation,4,36,4,150,1,147,4,78541.0,783544,168566.0,0.6821579315842935,99.76845432320216,1.0,0.0,0.5170068027210885,13540.319727891156,78541.0,0.24671075520116803,0.2400792080006795,0.03227275000244845,3.8431298330251593,ok,247107.0,247107.0,8305.4486858527,1394.742806796408,0.34602744226374066,1.0173172390161216,2.3705255189775873,0.9262,2.326969447537445,15000,3344.0,11656.0,4,0,,,False,,0.0
GP_Matern52_PI,Acquisition Ablation,4,37,4,150,1,150,3,78541.0,783544,168566.0,0.6821579315842935,99.76845432320216,1.0,0.0,0.5266666666666666,13995.74,37474.0,0.06783807285269387,0.32931420900058583,0.02972474999842234,4.2021687920241675,ok,247107.0,247107.0,8283.66797921116,1391.4298837085998,0.3392169012197568,1.0345085796736355,2.41048986134565,0.922,2.334854438491448,15000,3409.0,11591.0,3,0,,,False,,0.0
GP_Matern52_PI_GATE_3T1S,Imperfection-aware,0,0,4,150,1,3,3,0.0,2370341,247107.0,1.0,93.70319341923158,0.0,0.0,0.0,0.0,0.0,1.0123451313576954,0.0,0.0,0.0,initial,247107.0,247107.0,,,,,,,,0,,,0,3,,,False,,1.0
GP_Matern52_PI_GATE_3T1S,Imperfection-aware,0,1,4,150,1,7,4,45710.0,1041565,201397.0,0.8150194045494462,99.1430826732962,1.0,0.0,0.14285714285714285,6530.0,45710.0,1.0734701186856663,6.533399937325157e-05,0.0032912079986999743,0.003356541998073226,constant_target_fallback,247107.0,247107.0,8794.15225607335,1574.217,0.0,0.8138185086950146,3.9690805000534337,0.9332,1.0,15000,3347.0,11653.0,3,1,3.0,1.0,False,,0.25
GP_Matern52_PI_GATE_3T1S,Imperfection-aware,0,2,4,150,1,11,4,81155.0,1042656,165952.0,0.6715795181844302,99.78509047114227,1.0,0.0,0.36363636363636365,19191.272727272728,81155.0,0.5801570401822419,0.011629041997366585,0.007409041998471366,0.022394625993911177,ok,247107.0,247107.0,7835.007885461433,1402.561666497964,0.39934099182080807,1.2263306782342607,2.3016869147851207,0.9792,3.2893722541960635,15000,3329.0,11671.0,3,1,3.0,1.0,False,,0.25
GP_Matern52_PI_GATE_3T1S,Imperfection-aware,0,3,4,150,1,15,4,81155.0,1042656,165952.0,0.6715795181844302,99.78509047114227,1.0,0.0,0.4,15390.6,15502.0,0.42577933417874386,0.017335041000478668,0.007660207997105317,0.04738987499149516,ok,247107.0,247107.0,12077.815364568507,2767.380830045699,0.11051457561059765,2.1554269686988787,5.534584822240449,0.9378,3.417991717173761,15000,3370.0,11630.0,3,1,3.0,1.0,False,,0.25
GP_Matern52_PI_GATE_3T1S,Imperfection-aware,0,4,4,150,1,19,4,81155.0,1042656,165952.0,0.6715795181844302,99.78509047114227,1.0,0.0,0.3157894736842105,12150.473684210527,0.0,0.582885766063132,0.018148250001104316,0.009559374997479608,0.07509749999007909,ok,247107.0,247107.0,8834.324656889556,1751.189043235841,0.20728460912420055,2.3885863219798082,2.9251435018335115,0.9776,4.372504239181342,15000,3360.0,11640.0,3,1,3.0,1.0,False,,0.25
GP_Matern52_PI_GATE_3T1S,Imperfection-aware,0,5,4,150,1,23,4,109807.0,1044965,137300.0,0.555629747437345,99.94356821935196,1.0,1.0,0.391304347826087,23429.434782608696,109807.0,0.5661167641035793,0.017446458998165326,0.010779625001305249,0.10332358398954966,ok,247107.0,247107.0,7706.236218549292,1437.0869799086072,0.30812513805359515,1.5527546883086942,2.608901080530703,0.9388,3.624482613144489,15000,3339.0,11661.0,3,1,3.0,1.0,False,,0.25
GP_Matern52_PI_GATE_3T1S,Imperfection-aware,0,6,4,150,1,27,4,109807.0,1044965,137300.0,0.555629747437345,99.94356821935196,1.0,1.0,0.37037037037037035,22794.222222222223,76567.0,0.2827681120844394,0.023100166999938665,0.011942000000999542,0.13836575099048787,ok,247107.0,247107.0,8856.414200466936,1729.4817061541405,0.1326165667405365,2.0901805855614266,3.2687187681425054,0.9566,4.028135644480307,15000,3349.0,11651.0,3,1,3.0,1.0,False,,0.25
GP_Matern52_PI_GATE_3T1S,Imperfection-aware,0,7,4,150,1,31,4,109807.0,1044965,137300.0,0.555629747437345,99.94356821935196,1.0,1.0,0.45161290322580644,28679.612903225807,109481.0,0.6865727241169709,0.0223818750018836,0.01095675000033225,0.17170437599270372,ok,247107.0,247107.0,9165.935049613527,1502.452574844037,0.2585327577499465,2.260542479052055,2.7920030231972244,0.9962,4.695558721762744,15000,3285.0,11715.0,3,1,3.0,1.0,False,,0.25
GP_Matern52_PI_GATE_3T1S,Imperfection-aware,0,8,4,150,1,35,4,109807.0,1044965,137300.0,0.555629747437345,99.94356821935196,1.0,1.0,0.4857142857142857,32677.914285714287,107841.0,0.6290947385653876,0.02020595900103217,0.011218499999813503,0.2031288349935494,ok,247107.0,247107.0,7923.928585178573,1449.478078081463,0.30617975147090915,2.524469754500911,2.8755350927350087,0.997,4.843451999685999,15000,3412.0,11588.0,3,1,3.0,1.0,False,,0.25
GP_Matern52_PI_GATE_3T1S,Imperfection-aware,0,9,4,150,1,39,4,109807.0,1044965,137300.0,0.555629747437345,99.94356821935196,1.0,1.0,0.5384615384615384,32446.76923076923,63452.0,0.6472349679019048,0.05003141699853586,0.0120410420022381,0.26520129399432335,ok,247107.0,247107.0,9723.582947764095,1632.9797179149061,0.2873574085223839,2.6935029194042364,2.996583989001819,0.9964,5.29832051351926,15000,3307.0,11693.0,3,1,3.0,1.0,False,,0.25
GP_Matern52_PI_GATE_3T1S,Imperfection-aware,0,10,4,150,1,43,4,109807.0,1044965,137300.0,0.555629747437345,99.94356821935196,1.0,1.0,0.5581395348837209,34595.06976744186,108524.0,0.5943382967109648,0.04898400000092806,0.014615916999900946,0.32880121099515236,ok,247107.0,247107.0,7997.951987352462,1624.1713620453459,0.08057744093977573,3.2157768128269373,3.0951673314271604,0.9966,5.19236307362092,15000,3377.0,11623.0,3,1,3.0,1.0,False,,0.25
GP_Matern52_PI_GATE_3T1S,Imperfection-aware,0,11,4,150,1,47,4,109807.0,1044965,137300.0,0.555629747437345,99.94356821935196,1.0,1.0,0.574468085106383,37830.744680851065,102108.0,0.5515468383865335,0.053422875000251224,0.013818167000863468,0.39604225299626705,ok,247107.0,247107.0,7885.442599699436,1558.1283403024215,0.17745317444827172,2.8909743574304754,3.0434523236860236,0.996,5.506130637632876,15000,3295.0,11705.0,3,1,3.0,1.0,False,,0.25
GP_Matern52_PI_GATE_3T1S,Imperfection-aware,0,12,4,150,1,51,4,114404.0,1127637,132703.0,0.5370264703144791,99.958188361187,1.0,1.0,0.5882352941176471,38584.529411764706,114404.0,0.7560703627599185,0.0820960000019113,0.01560266600063187,0.49374091899881023,ok,247107.0,247107.0,7836.211129488097,1582.6441130542453,0.14882868163993804,2.8632186985240353,3.028969817100147,0.996,5.718212135826083,15000,3435.0,11565.0,3,1,3.0,1.0,False,,0.25
GP_Matern52_PI_GATE_3T1S,Imperfection-aware,0,13,4,150,1,55,4,129746.0,778652,117361.0,0.4749400057464985,99.9802660865814,1.0,1.0,0.6,40980.98181818182,129746.0,1.072267411404593,0.10047570800088579,0.017283290999330347,0.6114999179990264,ok,247107.0,247107.0,7770.617363449622,1580.2697127601,0.14310660233574027,2.86332450128206,3.0471703575079148,0.9952,5.933447383225224,15000,3365.0,11635.0,3,1,3.0,1.0,False,,0.25
GP_Matern52_PI_GATE_3T1S,Imperfection-aware,0,14,4,150,1,59,4,139313.0,1035390,107794.0,0.4362239839421789,99.98733030309587,1.0,1.0,0.6101694915254238,44106.898305084746,139313.0,0.9319242715300485,0.058848458000284154,0.01729233299920452,0.687640708998515,ok,247107.0,247107.0,7539.597628274254,1510.2055135684357,0.154192042594257,2.7801404513647294,3.0421831753511617,0.994,6.076462732881634,15000,3348.0,11652.0,3,1,3.0,1.0,False,,0.25
GP_Matern52_PI_GATE_3T1S,Imperfection-aware,0,15,4,150,1,63,4,139313.0,1035390,107794.0,0.4362239839421789,99.98733030309587,1.0,1.0,0.6190476190476191,44350.666666666664,86319.0,0.8962913006561156,0.08286237499851268,0.01738291699803085,0.7878860009950586,ok,247107.0,247107.0,7599.198168357901,1489.819001442177,0.16061664071136597,2.689819773280462,3.0335820170609207,0.9932,6.166087240886448,15000,3338.0,11662.0,3,1,3.0,1.0,False,,0.25
GP_Matern52_PI_GATE_3T1S,Imperfection-aware,0,16,4,150,1,67,4,139313.0,1035390,107794.0,0.4362239839421789,99.98733030309587,1.0,1.0,0.6268656716417911,44266.77611940299,97581.0,0.9168351202766543,0.08166395800071768,0.01775154200004181,0.8873015009958181,ok,247107.0,247107.0,7636.304467218707,1460.2748149061727,0.16512301116667805,2.6162141495898195,2.994404622371771,0.994,6.200986800020122,15000,3397.0,11603.0,3,1,3.0,1.0,False,,0.25
GP_Matern52_PI_GATE_3T1S,Imperfection-aware,0,17,4,150,1,71,4,139313.0,1035390,107794.0,0.4362239839421789,99.98733030309587,1.0,1.0,0.6338028169014085,43208.028169014084,48522.0,0.9407645661674787,0.07592558300166274,0.01597458299875143,0.9792016669962322,ok,247107.0,247107.0,7612.568763410689,1446.7701731942009,0.1628115588631925,2.5736532377018646,2.989501669394096,0.9936,6.235741829834802,15000,3422.0,11578.0,3,1,3.0,1.0,False,,0.25
GP_Matern52_PI_GATE_3T1S,Imperfection-aware,0,18,4,150,1,75,4,139313.0,1035390,107794.0,0.4362239839421789,99.98733030309587,1.0,1.0,0.64,42599.32,49881.0,0.8850784285649927,0.09031291599967517,0.01876608300153748,1.0882806659974449,ok,247107.0,247107.0,7551.265943495575,1393.2777203312894,0.20527738719738536,2.4564867997759525,2.963168449906595,0.9932,6.199099486022275,15000,3365.0,11635.0,3,1,3.0,1.0,False,,0.25
GP_Matern52_PI_GATE_3T1S,Imperfection-aware,0,19,4,150,1,79,4,156864.0,1036167,90243.0,0.36519807209022814,99.99427978755557,1.0,1.0,0.6455696202531646,44876.379746835446,156864.0,0.9241169133677558,0.13763733399900957,0.018533292000938673,1.2444512919973931,ok,247107.0,247107.0,7418.794056190217,1339.2727268450747,0.22091957145430527,2.3251816355791033,2.9234025899192804,0.9926,6.113131144378228,15000,3390.0,11610.0,3,1,3.0,1.0,False,,0.25
GP_Matern52_PI_GATE_3T1S,Imperfection-aware,0,20,4,150,1,83,4,159041.0,957549,88066.0,0.3563881233635631,99.99509930223243,1.0,1.0,0.6385542168674698,45102.77108433735,159041.0,0.9652303451069596,0.1041002079982718,0.01951208399987081,1.3680635839955357,ok,247107.0,247107.0,7328.73121745527,1283.0669305268073,0.24339410651855276,2.1273284180026306,2.8851811783779353,0.992,6.125012007123835,15000,3444.0,11556.0,3,1,3.0,1.0,False,,0.25
GP_Matern52_PI_GATE_3T1S,Imperfection-aware,0,21,4,150,1,87,4,159041.0,957549,88066.0,0.3563881233635631,99.99509930223243,1.0,1.0,0.6436781609195402,46325.75862068965,141423.0,0.921659154119819,0.1299427089979872,0.020676792002632283,1.5186830849961552,ok,247107.0,247107.0,7131.5074216357,1239.3646642963317,0.2641672249129095,2.0161535095592678,2.845855512233758,0.9916,5.952281015195667,15000,3297.0,11703.0,3,1,3.0,1.0,False,,0.25
GP_Matern52_PI_GATE_3T1S,Imperfection-aware,0,22,4,150,1,91,4,159041.0,957549,88066.0,0.3563881233635631,99.99509930223243,1.0,1.0,0.6483516483516484,48138.01098901099,144795.0,0.7943160545476539,0.20461687499846448,0.02042295800129068,1.7437229179959104,ok,247107.0,247107.0,7144.789087717411,1230.6205322869741,0.2734311184102653,1.9161138407762082,2.8292133952891754,0.9908,5.950590485317929,15000,3392.0,11608.0,3,1,3.0,1.0,False,,0.25
GP_Matern52_PI_GATE_3T1S,Imperfection-aware,0,23,4,150,1,95,4,159041.0,957549,88066.0,0.3563881233635631,99.99509930223243,1.0,1.0,0.6526315789473685,47984.88421052632,108861.0,0.8276511432301549,0.1217020420008339,0.021355166998546338,1.8867801269952906,ok,247107.0,247107.0,7113.793379107883,1221.9812808591723,0.2740213764314521,1.8586551994848894,2.8175778860680576,0.99,5.925613482184998,15000,3300.0,11700.0,3,1,3.0,1.0,False,,0.25
GP_Matern52_PI_GATE_3T1S,Imperfection-aware,0,24,4,150,1,99,4,159041.0,957549,88066.0,0.3563881233635631,99.99509930223243,1.0,1.0,0.6262626262626263,46046.10101010101,0.0,0.5011125070668742,0.1663292920020467,0.02231266699891421,2.0754220859962516,ok,247107.0,247107.0,7132.497327404439,1227.1511685610217,0.2677121498272906,1.8380583168258313,2.8101802398127793,0.9892,5.904809377165399,15000,3401.0,11599.0,3,1,3.0,1.0,False,,0.25
GP_Matern52_PI_GATE_3T1S,Imperfection-aware,0,25,4,150,1,103,4,159977.0,957801,87130.0,0.35260029056238795,99.99555823045146,1.0,1.0,0.6213592233009708,45931.70873786408,159977.0,1.058415578623802,0.167883416001132,0.022340957999404054,2.2656464599967876,ok,247107.0,247107.0,7127.103698307705,1222.399807658993,0.29015677192653144,1.6994481143770708,2.74112172956637,0.9884,5.51307518745528,15000,3361.0,11639.0,3,1,3.0,1.0,False,,0.25
GP_Matern52_PI_GATE_3T1S,Imperfection-aware,0,26,4,150,1,107,4,159977.0,957801,87130.0,0.35260029056238795,99.99555823045146,1.0,1.0,0.6261682242990654,47305.56074766355,135765.0,0.6024163262541321,0.1734060410017264,0.02261891699890839,2.4616714179974224,ok,247107.0,247107.0,7098.201639301657,1215.5883860365818,0.3019158492467979,1.65599852153516,2.7165685126344035,0.9882,5.363868928541157,15000,3279.0,11721.0,3,1,3.0,1.0,False,,0.25
GP_Matern52_PI_GATE_3T1S,Imperfection-aware,0,27,4,150,1,111,4,159977.0,957801,87130.0,0.35260029056238795,99.99555823045146,1.0,1.0,0.6306306306306306,48111.24324324324,100568.0,0.7573503351644365,0.1349055419996148,0.024075624998658895,2.620652584995696,ok,247107.0,247107.0,6941.244928295335,1194.0049353062975,0.3113369103590674,1.5959361765995428,2.698520084366365,0.9872,5.316102377837115,15000,3327.0,11673.0,3,1,3.0,1.0,False,,0.25
GP_Matern52_PI_GATE_3T1S,Imperfection-aware,0,28,4,150,1,115,4,159977.0,957801,87130.0,0.35260029056238795,99.99555823045146,1.0,1.0,0.6260869565217392,47109.40869565217,42858.0,1.0489477988251679,0.14069458299854887,0.024179000000003725,2.7855261679942487,ok,247107.0,247107.0,6967.041867840871,1193.1774548337053,0.3162819804561266,1.5589375761447315,2.687359423224399,0.9856,5.275295796196704,15000,3314.0,11686.0,3,1,3.0,1.0,False,,0.25
GP_Matern52_PI_GATE_3T1S,Imperfection-aware,0,29,4,150,1,119,4,159977.0,957801,87130.0,0.35260029056238795,99.99555823045146,1.0,1.0,0.6218487394957983,47174.93277310924,105462.0,0.7607157553684166,0.3064323750004405,0.02487733299858519,3.1168358759932744,ok,247107.0,247107.0,6922.187191515177,1180.9249126101279,0.34258881316009715,1.4795092190547878,2.6517466820999576,0.984,5.112079063872384,15000,3431.0,11569.0,3,1,3.0,1.0,False,,0.25
GP_Matern52_PI_GATE_3T1S,Imperfection-aware,0,30,4,150,1,123,4,159977.0,957801,87130.0,0.35260029056238795,99.99555823045146,1.0,1.0,0.6260162601626016,47220.73170731707,116383.0,0.674387742169189,0.24808979199951864,0.029360249998717336,3.3942859179915104,ok,247107.0,247107.0,6865.177408061286,1171.113771795352,0.35319121745959475,1.4217482722033075,2.620923962830352,0.9838,4.9587292293827,15000,3399.0,11601.0,3,1,3.0,1.0,False,,0.25
GP_Matern52_PI_GATE_3T1S,Imperfection-aware,0,31,4,150,1,127,4,159977.0,957801,87130.0,0.35260029056238795,99.99555823045146,1.0,1.0,0.6299212598425197,47027.44094488189,94519.0,0.9194987069409746,0.195402916000603,0.025378250000358094,3.6150670839924715,ok,247107.0,247107.0,6770.773063057166,1140.308672185257,0.3792799840364594,1.4004425149554627,2.6008229843974884,0.9864,4.895209115328913,15000,3267.0,11733.0,3,1,3.0,1.0,False,,0.25
GP_Matern52_PI_GATE_3T1S,Imperfection-aware,0,32,4,150,1,131,4,159977.0,957801,87130.0,0.35260029056238795,99.99555823045146,1.0,1.0,0.6335877862595419,48151.13740458015,115605.0,0.5757173149509986,0.15639020800153958,0.02706137499990291,3.798518666993914,ok,247107.0,247107.0,6767.768065765693,1141.3665908171988,0.38009416729383266,1.3797135455111982,2.5906265674969866,0.9846,4.824291648914145,15000,3359.0,11641.0,3,1,3.0,1.0,False,,0.25
GP_Matern52_PI_GATE_3T1S,Imperfection-aware,0,33,4,150,1,135,4,159977.0,957801,87130.0,0.35260029056238795,99.99555823045146,1.0,1.0,0.6370370370370371,48245.044444444444,123132.0,1.0300853404204333,0.3136839590006275,0.02807224999924074,4.140274875993782,ok,247107.0,247107.0,6674.465495002802,1124.287147028642,0.38349308938523097,1.3686753483539962,2.5808050885770273,0.9846,4.78647428902277,15000,3164.0,11836.0,3,1,3.0,1.0,False,,0.25
GP_Matern52_PI_GATE_3T1S,Imperfection-aware,0,34,4,150,1,139,4,159977.0,957801,87130.0,0.35260029056238795,99.99555823045146,1.0,1.0,0.6402877697841727,48365.06474820144,89800.0,0.5748474956808599,0.32127937499899417,0.029492834000848234,4.491047084993625,ok,247107.0,247107.0,6632.72103414538,1113.1152640221062,0.39202607219499874,1.3570238010358275,2.57718816291457,0.9856,4.7649439301563445,15000,3344.0,11656.0,3,1,3.0,1.0,False,,0.25
GP_Matern52_PI_GATE_3T1S,Imperfection-aware,0,35,4,150,1,143,4,159977.0,957801,87130.0,0.35260029056238795,99.99555823045146,1.0,1.0,0.6433566433566433,49211.86013986014,133874.0,0.5906430335794016,0.2361124999988533,0.027575083997362526,4.75473466898984,ok,247107.0,247107.0,6375.534076248741,1064.6195651072112,0.4082487867039528,1.3146017846701257,2.5545136915954476,0.9836,4.635294333847821,15000,3273.0,11727.0,3,1,3.0,1.0,False,,0.25
GP_Matern52_PI_GATE_3T1S,Imperfection-aware,0,36,4,150,1,147,4,159977.0,957801,87130.0,0.35260029056238795,99.99555823045146,1.0,1.0,0.6462585034013606,49070.91836734694,72967.0,0.7488778428788713,0.42217041599724325,0.029025583000475308,5.205930667987559,ok,247107.0,247107.0,6289.219774106773,1049.968229958882,0.3849654544728011,1.3259078161925288,2.5702822130709873,0.9818,4.674913933090364,15000,3423.0,11577.0,3,1,3.0,1.0,False,,0.25
GP_Matern52_PI_GATE_3T1S,Imperfection-aware,0,37,4,150,1,150,3,159977.0,957801,87130.0,0.35260029056238795,99.99555823045146,1.0,1.0,0.6466666666666666,49780.66,155982.0,0.730883670516454,0.43982320800205343,0.0284654999995837,5.674219375989196,ok,247107.0,247107.0,6281.948631803979,1049.2718578125946,0.3884042914606115,1.304273149860032,2.5692924125533114,0.9802,4.606415115084978,15000,3308.0,11692.0,2,1,2.0,1.0,False,,0.3333333333333333
GP_Matern52_PI_GATE_3T1S,Imperfection-aware,1,0,4,150,1,3,3,0.0,6047398,247107.0,1.0,93.70319341923158,0.0,0.0,0.0,0.0,0.0,1.0430113993225636,0.0,0.0,0.0,initial,247107.0,247107.0,,,,,,,,0,,,1,2,,,False,,0.6666666666666666
GP_Matern52_PI_GATE_3T1S,Imperfection-aware,1,1,4,150,1,7,4,0.0,6047398,247107.0,1.0,93.70319341923158,0.0,0.0,0.0,0.0,0.0,0.8931438578590406,6.045900227036327e-05,0.005454666003060993,0.005515125005331356,constant_target_fallback,247107.0,247107.0,7917.9183090633105,1413.8866,0.0,0.7939908874887035,3.8456615956198963,0.935,1.0,15000,3400.0,11600.0,3,1,3.0,1.0,False,,0.25
GP_Matern52_PI_GATE_3T1S,Imperfection-aware,1,2,4,150,1,11,4,0.0,6047398,247107.0,1.0,93.70319341923158,0.0,0.0,0.0,0.0,0.0,0.8860697038328805,5.162500019650906e-05,0.00506116600081441,0.010627916006342275,constant_target_fallback,247107.0,247107.0,7917.9183090633105,1413.8866,0.0,0.7939908874887035,3.8456615956198963,0.935,1.0,15000,3412.0,11588.0,3,1,3.0,1.0,False,,0.25
GP_Matern52_PI_GATE_3T1S,Imperfection-aware,1,3,4,150,1,15,4,1626.0,635230,245481.0,0.9934198545569328,94.19914731136902,0.0,0.0,0.06666666666666667,108.4,1626.0,0.9098678580816797,6.0500002291519195e-05,0.005573791997449007,0.0162622080060828,constant_target_fallback,247107.0,247107.0,7917.9183090633105,1413.8866,0.0,0.7939908874887035,3.8456615956198963,0.935,1.0,15000,3370.0,11630.0,3,1,3.0,1.0,False,,0.25
GP_Matern52_PI_GATE_3T1S,Imperfection-aware,1,4,4,150,1,19,4,1626.0,635230,245481.0,0.9934198545569328,94.19914731136902,0.0,0.0,0.05263157894736842,85.57894736842105,0.0,0.588235177149425,0.011881832997460151,0.008108000001811888,0.03625204100535484,ok,247107.0,247107.0,7895.457291246283,1471.5883171350888,-0.1083740996623699,1.0914540976825837,167.42037944572112,0.892,0.9718431507700949,15000,3415.0,11585.0,3,1,3.0,1.0,False,,0.25
GP_Matern52_PI_GATE_3T1S,Imperfection-aware,1,5,4,150,1,23,4,2419.0,618036,244688.0,0.990210718433715,94.63191662192116,0.0,0.0,0.08695652173913043,175.8695652173913,2419.0,0.6173246159814981,0.015160082999500446,0.009602540998457698,0.061014665003312984,ok,247107.0,247107.0,7894.518809130026,1422.600678613874,0.03510117461641061,0.9221219768792315,35.42756469894514,0.9044,1.2652912827515967,15000,3306.0,11694.0,3,1,3.0,1.0,False,,0.25
GP_Matern52_PI_GATE_3T1S,Imperfection-aware,1,6,4,150,1,27,4,30959.0,532370,216148.0,0.8747141926371976,98.46801565338595,0.0,0.0,0.1111111111111111,1296.4444444444443,30959.0,0.5304383440276123,0.008023540998692624,0.01996829099880415,0.08900649700080976,ok,247107.0,247107.0,7915.605363393757,1415.754773777442,0.13195438742027082,1.0241003834240394,2.345095457743859,0.9224,2.0223828581445336,15000,3398.0,11602.0,3,1,3.0,1.0,False,,0.25
GP_Matern52_PI_GATE_3T1S,Imperfection-aware,1,7,4,150,1,31,4,34202.0,520778,212905.0,0.8615903232203054,98.6008589825037,0.0,0.0,0.16129032258064516,2581.935483870968,34202.0,0.5665982920300437,0.012086750000889879,0.010221791999356356,0.111315039001056,ok,247107.0,247107.0,7960.177267386245,1451.6745437826874,0.0283292619976216,1.1833522850910665,4.9832089698149575,0.9292,2.6163249059415423,15000,3402.0,11598.0,3,1,3.0,1.0,False,,0.25
GP_Matern52_PI_GATE_3T1S,Imperfection-aware,1,8,4,150,1,35,4,34202.0,520778,212905.0,0.8615903232203054,98.6008589825037,0.0,0.0,0.14285714285714285,2286.8571428571427,0.0,0.7271677481916567,0.014495082999928854,0.010736334003013326,0.13654645600399817,ok,247107.0,247107.0,7947.236035403703,1440.4128898522683,-0.01130996666724885,1.3781380676761332,3.211158325618495,0.941,3.324556134838733,15000,3258.0,11742.0,3,1,3.0,1.0,False,,0.25
GP_Matern52_PI_GATE_3T1S,Imperfection-aware,1,9,4,150,1,39,4,67945.0,528678,179162.0,0.7250381413719563,99.67916000401235,1.0,0.0,0.1794871794871795,4050.7179487179487,67945.0,0.5438296514248159,0.014866083998640534,0.0126546249994135,0.1640671650020522,ok,247107.0,247107.0,7942.065353866401,1438.53747077335,-0.00024328323528747498,1.3110429027638237,4.434782788783227,0.941,3.196939163822728,15000,3268.0,11732.0,3,1,3.0,1.0,False,,0.25
GP_Matern52_PI_GATE_3T1S,Imperfection-aware,1,10,4,150,1,43,4,67945.0,528678,179162.0,0.7250381413719563,99.67916000401235,1.0,0.0,0.23255813953488372,7054.953488372093,58265.0,0.6287592114346746,0.04573283299760078,0.012708166999800596,0.22250816499945358,ok,247107.0,247107.0,8112.896825317827,1595.9584272978825,0.12044328204862294,1.4155379031775908,3.3252585694810515,0.9228,2.9867617619090896,15000,3347.0,11653.0,3,1,3.0,1.0,False,,0.25
GP_Matern52_PI_GATE_3T1S,Imperfection-aware,1,11,4,150,1,47,4,79595.0,958242,167512.0,0.6778925728530556,99.77489570856223,1.0,0.0,0.2765957446808511,8866.531914893618,79595.0,0.3226307102358786,0.06078970799717354,0.017484125000919448,0.30078199799754657,ok,247107.0,247107.0,7846.214052629797,1417.032375601816,0.11007531232641077,1.443241700620637,2.5325982389795993,0.9566,3.211314590645332,15000,3307.0,11693.0,3,1,3.0,1.0,False,,0.25
GP_Matern52_PI_GATE_3T1S,Imperfection-aware,1,12,4,150,1,51,4,79595.0,958242,167512.0,0.6778925728530556,99.77489570856223,1.0,0.0,0.27450980392156865,8223.313725490196,2662.0,0.4768793783354241,0.057938624999223975,0.014859625000099186,0.37358024799686973,ok,247107.0,247107.0,7868.043090528356,1418.771794483819,0.06853596614730313,1.6231810440993544,2.547100021976857,0.9634,3.4262367190632603,15000,3405.0,11595.0,3,1,3.0,1.0,False,,0.25
GP_Matern52_PI_GATE_3T1S,Imperfection-aware,1,13,4,150,1,55,4,120925.0,605767,126182.0,0.5106370924336421,99.97113669308126,1.0,1.0,0.3090909090909091,10601.781818181818,120925.0,0.6117280697489329,0.04097179200107348,0.015828542000235757,0.43038058199817897,ok,247107.0,247107.0,7832.830109807094,1397.0666202420855,0.30348492490140666,1.6502735253744352,2.5270007434882564,0.9922,3.789135808125224,15000,3400.0,11600.0,3,1,3.0,1.0,False,,0.25
GP_Matern52_PI_GATE_3T1S,Imperfection-aware,1,14,4,150,1,59,4,120925.0,605767,126182.0,0.5106370924336421,99.97113669308126,1.0,1.0,0.3389830508474576,11252.084745762711,46540.0,0.5564718014323812,0.061370249997708015,0.015788958000484854,0.5075397899963718,ok,247107.0,247107.0,7790.8248429561445,1393.7879247142246,0.28945670941336116,1.7888026331004534,2.590147234157302,0.997,3.975722165321509,15000,3425.0,11575.0,3,1,3.0,1.0,False,,0.25
GP_Matern52_PI_GATE_3T1S,Imperfection-aware,1,15,4,150,1,63,4,120925.0,605767,126182.0,0.5106370924336421,99.97113669308126,1.0,1.0,0.36507936507936506,13714.650793650793,96477.0,0.6187565069526048,0.06759762500223587,0.018773375002638204,0.5939107900012459,ok,247107.0,247107.0,7786.906601867926,1398.5778269727905,0.2855962928523492,1.89672214964953,2.6326045021457625,0.997,4.057219195225653,15000,3281.0,11719.0,3,1,3.0,1.0,False,,0.25
GP_Matern52_PI_GATE_3T1S,Imperfection-aware,1,16,4,150,1,67,4,120925.0,605767,126182.0,0.5106370924336421,99.97113669308126,1.0,1.0,0.40298507462686567,15182.074626865671,70135.0,0.7044218848438727,0.10407937499985565,0.019768958001805004,0.7177591230029066,ok,247107.0,247107.0,7738.587719515125,1394.0383150896912,0.2597687983963638,2.0033250516588343,2.6787601542542805,0.9966,4.193499657671135,15000,3384.0,11616.0,3,1,3.0,1.0,False,,0.25
GP_Matern52_PI_GATE_3T1S,Imperfection-aware,1,17,4,150,1,71,4,120925.0,605767,126182.0,0.5106370924336421,99.97113669308126,1.0,1.0,0.43661971830985913,18636.87323943662,112196.0,0.6741830963981971,0.16184987499946146,0.017238666998309782,0.8968476650006778,ok,247107.0,247107.0,7696.048848058489,1395.0087771238116,0.2517317146329308,2.1250290992188337,2.7245732922868293,0.9968,4.2904977627560354,15000,3365.0,11635.0,3,1,3.0,1.0,False,,0.25
GP_Matern52_PI_GATE_3T1S,Imperfection-aware,1,18,4,150,1,75,4,120925.0,605767,126182.0,0.5106370924336421,99.97113669308126,1.0,1.0,0.4533333333333333,19489.226666666666,69638.0,0.24382096043992352,0.14025995900010457,0.017277625000133412,1.0543852490009158,ok,247107.0,247107.0,7715.9368839821245,1411.287932985124,0.13810356347648783,1.8336130535783766,2.657970872626793,0.985,4.4023788631447385,15000,3408.0,11592.0,3,1,3.0,1.0,False,,0.25
GP_Matern52_PI_GATE_3T1S,Imperfection-aware,1,19,4,150,1,79,4,120925.0,605767,126182.0,0.5106370924336421,99.97113669308126,1.0,1.0,0.45569620253164556,18748.974683544304,17613.0,0.8825268319599008,0.13011283299783827,0.01907504200062249,1.2035731239993765,ok,247107.0,247107.0,8191.349253966521,1604.8208755336632,0.16877597642184586,2.5914694922481005,3.040092502580192,0.9858,4.853926913869771,15000,3287.0,11713.0,3,1,3.0,1.0,False,,0.25
GP_Matern52_PI_GATE_3T1S,Imperfection-aware,1,20,4,150,1,83,4,144186.0,1035409,102921.0,0.4165037817625563,99.98960855389751,1.0,1.0,0.46987951807228917,21380.578313253012,144186.0,0.512790697789384,0.18964995900023496,0.019178624999767635,1.4124017079993791,ok,247107.0,247107.0,7461.520962255414,1354.3651855424248,0.2742987966253984,2.2187049929111278,2.7665111253198895,0.9956,4.483368139801086,15000,3381.0,11619.0,3,1,3.0,1.0,False,,0.25
GP_Matern52_PI_GATE_3T1S,Imperfection-aware,1,21,4,150,1,87,4,144186.0,1035409,102921.0,0.4165037817625563,99.98960855389751,1.0,1.0,0.4827586206896552,22021.333333333332,65251.0,0.43203956535844096,0.14397549999921466,0.020062874998984626,1.5764400829975784,ok,247107.0,247107.0,7443.340780839222,1353.6191186418962,0.25869345893605683,2.247125042774225,2.7793352198698464,0.9942,4.530959481921164,15000,3342.0,11658.0,3,1,3.0,1.0,False,,0.25
GP_Matern52_PI_GATE_3T1S,Imperfection-aware,1,22,4,150,1,91,4,144186.0,1035409,102921.0,0.4165037817625563,99.98960855389751,1.0,1.0,0.4945054945054945,22804.24175824176,83808.0,0.680276810119059,0.23147787500056438,0.024042416000156663,1.8319603739982995,ok,247107.0,247107.0,7454.016424912705,1360.750302609156,0.19297164812160678,2.2552479031090615,2.787898050609337,0.9934,4.5998999980817095,15000,3354.0,11646.0,3,1,3.0,1.0,False,,0.25
GP_Matern52_PI_GATE_3T1S,Imperfection-aware,1,23,4,150,1,95,4,144186.0,1035409,102921.0,0.4165037817625563,99.98960855389751,1.0,1.0,0.5052631578947369,23264.78947368421,58142.0,0.564124102444557,0.14981529099895852,0.021891583000979153,2.003667247998237,ok,247107.0,247107.0,7467.709287840623,1371.9867242473865,0.1793547307798475,2.2998548632905367,2.8022106232890542,0.992,4.608307737410956,15000,3327.0,11673.0,3,1,3.0,1.0,False,,0.25
GP_Matern52_PI_GATE_3T1S,Imperfection-aware,1,24,4,150,1,99,4,144186.0,1035409,102921.0,0.4165037817625563,99.98960855389751,1.0,1.0,0.5151515151515151,25206.343434343435,112532.0,0.7608340272380013,0.15788870899996255,0.022038957999029662,2.1835949149972294,ok,247107.0,247107.0,7474.9916821292445,1375.2880012394644,0.17361920885519525,2.3034834649517415,2.8067194436696323,0.992,4.6542295061863355,15000,3365.0,11635.0,3,1,3.0,1.0,False,,0.25
GP_Matern52_PI_GATE_3T1S,Imperfection-aware,1,25,4,150,1,103,4,219207.0,776363,27900.0,0.1129065546504146,99.99955746207449,1.0,1.0,0.5242718446601942,29638.009708737864,219207.0,0.712781251281645,0.11484120800014352,0.022256750002270564,2.3206928729996434,ok,247107.0,247107.0,17489.247339281952,1702.0919169293632,0.37606929117410165,1.3018304654013135,2.4388596579581043,0.981,4.0147002168696595,15000,3319.0,11681.0,3,1,3.0,1.0,False,,0.25
GP_Matern52_PI_GATE_3T1S,Imperfection-aware,1,26,4,150,1,107,4,219207.0,776363,27900.0,0.1129065546504146,99.99955746207449,1.0,1.0,0.5327102803738317,31752.30841121495,182368.0,0.7223974633489298,0.12623979199997848,0.02251208300003782,2.4694447479996597,ok,247107.0,247107.0,7242.311940561325,1336.746977896184,0.16875624496089228,2.3736974483738633,2.844408542490789,0.993,4.877556390876611,15000,3389.0,11611.0,3,1,3.0,1.0,False,,0.25
GP_Matern52_PI_GATE_3T1S,Imperfection-aware,1,27,4,150,1,111,4,219207.0,776363,27900.0,0.1129065546504146,99.99955746207449,1.0,1.0,0.5405405405405406,31264.162162162163,30972.0,0.8901178436651985,0.20837254200159805,0.026989416997821536,2.7048067069990793,ok,247107.0,247107.0,7299.80671900761,1347.8740870963345,0.15772888928147646,2.3717570672277697,2.851394743144326,0.9924,4.971821990397345,15000,3317.0,11683.0,3,1,3.0,1.0,False,,0.25
GP_Matern52_PI_GATE_3T1S,Imperfection-aware,1,28,4,150,1,115,4,219207.0,776363,27900.0,0.1129065546504146,99.99955746207449,1.0,1.0,0.5478260869565217,32634.15652173913,156174.0,0.39103771482098165,0.24283016700064763,0.024844207997375634,2.9724810819971026,ok,247107.0,247107.0,7062.637308168545,1322.2970325923175,0.17524036183104205,2.2977233045509458,2.827994778805792,0.9904,4.924585378220199,15000,3432.0,11568.0,3,1,3.0,1.0,False,,0.25
GP_Matern52_PI_GATE_3T1S,Imperfection-aware,1,29,4,150,1,119,4,219207.0,776363,27900.0,0.1129065546504146,99.99955746207449,1.0,1.0,0.5546218487394958,33649.76470588235,109022.0,0.9224543190723212,0.2845163339989085,0.025985416999901645,3.2829828329959128,ok,247107.0,247107.0,7002.918853025039,1301.7005786931775,0.12115017131441462,2.271467670352461,2.8261682361779514,0.9886,4.95256051620606,15000,3356.0,11644.0,3,1,3.0,1.0,False,,0.25
GP_Matern52_PI_GATE_3T1S,Imperfection-aware,1,30,4,150,1,123,4,219207.0,776363,27900.0,0.1129065546504146,99.99955746207449,1.0,1.0,0.5609756097560976,33214.59349593496,44868.0,0.7743694876054464,0.1407497920008609,0.02550866700039478,3.4492412919971684,ok,247107.0,247107.0,6779.332150260767,1395.7843946777587,0.09313050523360715,2.9996675686350573,3.043264828053623,0.9918,5.412414623658776,15000,3424.0,11576.0,3,1,3.0,1.0,False,,0.25
GP_Matern52_PI_GATE_3T1S,Imperfection-aware,1,31,4,150,1,127,4,219207.0,776363,27900.0,0.1129065546504146,99.99955746207449,1.0,1.0,0.5669291338582677,34024.33858267716,104857.0,0.8449543363756543,0.21954029200060177,0.03299874999720487,3.701780333994975,ok,247107.0,247107.0,6856.358622406865,1271.885429359116,0.14345502026099974,2.2430844762789164,2.8233901863923063,0.9878,4.971873062501062,15000,3368.0,11632.0,3,1,3.0,1.0,False,,0.25
GP_Matern52_PI_GATE_3T1S,Imperfection-aware,1,32,4,150,1,131,4,219207.0,776363,27900.0,0.1129065546504146,99.99955746207449,1.0,1.0,0.5725190839694656,35469.900763358775,110904.0,0.5860097300095592,0.3911207499986631,0.029112000000168337,4.1220130839938065,ok,247107.0,247107.0,6729.605671812279,1249.3051868719722,0.14437323839585425,2.2430996861509884,2.8242637641184234,0.988,4.982793071250242,15000,3273.0,11727.0,3,1,3.0,1.0,False,,0.25
GP_Matern52_PI_GATE_3T1S,Imperfection-aware,1,33,4,150,1,135,4,219207.0,776363,27900.0,0.1129065546504146,99.99955746207449,1.0,1.0,0.5777777777777777,36368.99259259259,110339.0,0.7387316933764424,0.40001466700050514,0.026511166997806868,4.5485389179921185,ok,247107.0,247107.0,6728.257359966302,1248.0233277047503,0.1418661853059632,2.2289970651144584,2.826501624348222,0.9886,5.035744311550047,15000,3350.0,11650.0,3,1,3.0,1.0,False,,0.25
GP_Matern52_PI_GATE_3T1S,Imperfection-aware,1,34,4,150,1,139,4,219207.0,776363,27900.0,0.1129065546504146,99.99955746207449,1.0,1.0,0.5827338129496403,37596.63309352518,134129.0,1.0447060596217834,0.3722625420014083,0.028137624998635147,4.948939084992162,ok,247107.0,247107.0,6828.863311423797,1264.8054103620264,0.14414990224680893,2.206246958504745,2.824421125508757,0.9888,5.057620687270521,15000,3317.0,11683.0,3,1,3.0,1.0,False,,0.25
GP_Matern52_PI_GATE_3T1S,Imperfection-aware,1,35,4,150,1,143,4,219207.0,776363,27900.0,0.1129065546504146,99.99955746207449,1.0,1.0,0.5874125874125874,37142.90909090909,50185.0,1.111490429409726,0.3830032910009322,0.031498334003117634,5.363440709996212,ok,247107.0,247107.0,6714.21736184309,1246.8206279009505,0.145439096964321,2.1947747632772416,2.828456304031616,0.9886,5.121935272946108,15000,3377.0,11623.0,3,1,3.0,1.0,False,,0.25
GP_Matern52_PI_GATE_3T1S,Imperfection-aware,1,36,4,150,1,147,4,219207.0,776363,27900.0,0.1129065546504146,99.99955746207449,1.0,1.0,0.5918367346938775,38030.857142857145,109110.0,0.7448247669938688,0.5020709579985123,0.0327069590020983,5.898218626996822,ok,247107.0,247107.0,6680.1739939413355,1227.7034872483584,0.1620300758212095,2.124491624576662,2.8091989708710456,0.9878,5.09113527652305,15000,3362.0,11638.0,3,1,3.0,1.0,False,,0.25
GP_Matern52_PI_GATE_3T1S,Imperfection-aware,1,37,4,150,1,150,3,219207.0,776363,27900.0,0.1129065546504146,99.99955746207449,1.0,1.0,0.5933333333333334,38070.2,103291.0,1.061782694858789,0.37746195799991256,0.03336525000122492,6.30904583499796,ok,247107.0,247107.0,6565.156500921215,1184.6737348357801,0.20612273379514956,1.9729960437982754,2.7702090157192507,0.9876,5.05866702599182,15000,3359.0,11641.0,2,1,2.0,1.0,False,,0.3333333333333333
GP_Matern52_PI_GATE_3T1S,Imperfection-aware,2,0,4,150,1,3,3,0.0,2729609,247107.0,1.0,93.70319341923158,0.0,0.0,0.0,0.0,0.0,0.47049671902245843,0.0,0.0,0.0,initial,247107.0,247107.0,,,,,,,,0,,,0,3,,,False,,1.0
GP_Matern52_PI_GATE_3T1S,Imperfection-aware,2,1,4,150,1,7,4,17589.0,1471759,229518.0,0.9288203086112494,97.57458075268161,0.0,0.0,0.2857142857142857,4479.142857142857,17589.0,1.0836888778308789,8.887500007404014e-05,0.004435458002262749,0.004524333002336789,constant_target_fallback,247107.0,247107.0,7992.336081909969,1363.7274,0.0,0.8102606103318564,3.884107341202348,0.9316,1.0,15000,3295.0,11705.0,3,1,3.0,1.0,False,,0.25
GP_Matern52_PI_GATE_3T1S,Imperfection-aware,2,2,4,150,1,11,4,22267.0,1549619,224840.0,0.909889238265205,98.01977390573484,0.0,0.0,0.36363636363636365,5722.818181818182,22267.0,0.6065915941888508,0.015051750000566244,0.00886829199953354,0.028444375002436573,ok,247107.0,247107.0,9791.319338381318,3639.6058247214914,0.010529016240822715,2.8255827477647015,55.27708453285105,0.8142,2.769330334806296,15000,3419.0,11581.0,3,1,3.0,1.0,False,,0.25
GP_Matern52_PI_GATE_3T1S,Imperfection-aware,2,3,4,150,1,15,4,22267.0,1549619,224840.0,0.909889238265205,98.01977390573484,0.0,0.0,0.4666666666666667,7872.866666666667,22002.0,0.401681725770183,0.01936816700253985,0.00880995799889206,0.05662250000386848,ok,247107.0,247107.0,11758.711183964948,2881.44681934622,0.34087590780212695,1.7915146662297783,4.677051646917425,0.8202,2.20239063661258,15000,3314.0,11686.0,3,1,3.0,1.0,False,,0.25
GP_Matern52_PI_GATE_3T1S,Imperfection-aware,2,4,4,150,1,19,4,22267.0,1549619,224840.0,0.909889238265205,98.01977390573484,0.0,0.0,0.47368421052631576,6465.631578947368,2810.0,0.6038481964829513,0.008015915998839773,0.008948916001827456,0.07358733200453571,ok,247107.0,247107.0,8107.029381838072,1578.2439735887724,0.06813038160245517,2.745461552617079,4.410002777261041,0.9906,4.725756288269443,15000,3300.0,11700.0,3,1,3.0,1.0,False,,0.25
GP_Matern52_PI_GATE_3T1S,Imperfection-aware,2,5,4,150,1,23,4,36992.0,871248,210115.0,0.8502996677552639,98.72935888383412,0.0,0.0,0.5217391304347826,9036.04347826087,36992.0,0.21876765962355024,0.015606790999299847,0.009947833001206163,0.09914195600504172,ok,247107.0,247107.0,11244.394600210857,1661.2681139172846,0.34568212867958414,2.1733300093566816,2.7699961217649305,0.9796,4.328467837335314,15000,3371.0,11629.0,3,1,3.0,1.0,False,,0.25
GP_Matern52_PI_GATE_3T1S,Imperfection-aware,2,6,4,150,1,27,4,43270.0,1044333,203837.0,0.8248936695439627,99.03472644272281,1.0,0.0,0.5555555555555556,11676.777777777777,43270.0,0.3687344206214334,0.025365166999108624,0.013832750002620742,0.13833987300677109,ok,247107.0,247107.0,7785.032649959667,1361.6040320414684,0.20032194769848272,2.5782295464832665,2.885079383943723,0.9926,4.470597027847254,15000,3414.0,11586.0,3,1,3.0,1.0,False,,0.25
GP_Matern52_PI_GATE_3T1S,Imperfection-aware,2,7,4,150,1,31,4,56100.0,1210873,191007.0,0.7729728417244351,99.48783610755441,1.0,0.0,0.5806451612903226,15315.612903225807,56100.0,0.4343028927775536,0.01898020800217637,0.010528333998081507,0.16784841500702896,ok,247107.0,247107.0,7323.449535481409,1196.0965541479788,0.3989942974556989,1.7601216844954957,2.7121823192868413,0.9732,4.601642730766719,15000,3287.0,11713.0,3,1,3.0,1.0,False,,0.25
GP_Matern52_PI_GATE_3T1S,Imperfection-aware,2,8,4,150,1,35,4,56100.0,1210873,191007.0,0.7729728417244351,99.48783610755441,1.0,0.0,0.6,16391.085714285713,50823.0,0.2654422275119562,0.04379933300151606,0.014914875002432382,0.2265626230109774,ok,247107.0,247107.0,7008.483238622499,1290.1458971075358,0.26474829311236636,2.7407031217557263,2.95664438529414,0.9924,4.888255076744287,15000,3287.0,11713.0,3,1,3.0,1.0,False,,0.25
GP_Matern52_PI_GATE_3T1S,Imperfection-aware,2,9,4,150,1,39,4,101200.0,1128893,145907.0,0.5904608125225105,99.90528049364941,1.0,1.0,0.6153846153846154,20703.846153846152,101200.0,0.5411713358188587,0.040691375001188135,0.017284917001234135,0.2845389150133997,ok,247107.0,247107.0,6672.25918569631,1188.5556678323856,0.26272434309495435,2.6544822878069523,2.9252591457484263,0.9934,4.979306301157921,15000,3357.0,11643.0,3,1,3.0,1.0,False,,0.25
GP_Matern52_PI_GATE_3T1S,Imperfection-aware,2,10,4,150,1,43,4,101200.0,1128893,145907.0,0.5904608125225105,99.90528049364941,1.0,1.0,0.6511627906976745,21073.39534883721,50653.0,0.5958870828662962,0.03372079200198641,0.014351083002111409,0.3326107900174975,ok,247107.0,247107.0,7116.546331533456,1294.3189597703613,0.17739212975275767,2.750262883208795,2.9735594953461573,0.9918,5.199044444522571,15000,3292.0,11708.0,3,1,3.0,1.0,False,,0.25
GP_Matern52_PI_GATE_3T1S,Imperfection-aware,2,11,4,150,1,47,4,101200.0,1128893,145907.0,0.5904608125225105,99.90528049364941,1.0,1.0,0.6595744680851063,20039.14893617021,14475.0,0.959498216962723,0.03538283300076728,0.013197750002291286,0.38119137302055606,ok,247107.0,247107.0,7033.536853454927,1265.0140658883531,0.19862413686904326,2.5650161743533264,2.940430879844469,0.9866,5.361531412469015,15000,3273.0,11727.0,3,1,3.0,1.0,False,,0.25
GP_Matern52_PI_GATE_3T1S,Imperfection-aware,2,12,4,150,1,51,4,128918.0,949234,118189.0,0.47829078091676885,99.97946296219808,1.0,1.0,0.6666666666666666,23959.882352941175,128918.0,0.9151875681907117,0.05804841599820065,0.015949333002936328,0.45518912202169304,ok,247107.0,247107.0,6978.062870798104,1197.1200086861552,0.22101965579927688,2.386506047640425,2.904198671050922,0.9842,5.383794101224991,15000,3374.0,11626.0,3,1,3.0,1.0,False,,0.25
GP_Matern52_PI_GATE_3T1S,Imperfection-aware,2,13,4,150,1,55,4,128918.0,949234,118189.0,0.47829078091676885,99.97946296219808,1.0,1.0,0.6727272727272727,26368.30909090909,111433.0,0.8020874349837408,0.04769216700151446,0.01670087499951478,0.5195821640227223,ok,247107.0,247107.0,6517.599458502859,1080.363241909077,0.2523073962515424,2.269530560222928,2.879031880396679,0.9838,5.432780650030082,15000,3370.0,11630.0,3,1,3.0,1.0,False,,0.25
GP_Matern52_PI_GATE_3T1S,Imperfection-aware,2,14,4,150,1,59,4,128918.0,949234,118189.0,0.47829078091676885,99.97946296219808,1.0,1.0,0.6779661016949152,29700.474576271186,109696.0,0.9065409594452053,0.05093312499957392,0.01688441700025578,0.587399706022552,ok,247107.0,247107.0,6404.712631034443,1048.0400619344364,0.2683312336830396,2.1666310966548337,2.865999879508084,0.9826,5.4835554392971435,15000,3365.0,11635.0,3,1,3.0,1.0,False,,0.25
GP_Matern52_PI_GATE_3T1S,Imperfection-aware,2,15,4,150,1,63,4,128918.0,949234,118189.0,0.47829078091676885,99.97946296219808,1.0,1.0,0.6825396825396826,30731.396825396827,100786.0,0.8885827564711987,0.0827777500016964,0.017595790999621386,0.6877732470238698,ok,247107.0,247107.0,6380.014887283434,1037.804790486033,0.2791168633952631,2.108021479977136,2.8592853945844503,0.9818,5.498732502379884,15000,3285.0,11715.0,3,1,3.0,1.0,False,,0.25
GP_Matern52_PI_GATE_3T1S,Imperfection-aware,2,16,4,150,1,67,4,128918.0,949234,118189.0,0.47829078091676885,99.97946296219808,1.0,1.0,0.6865671641791045,32342.79104477612,113777.0,0.9313708603215821,0.07928112499939743,0.018934249997982988,0.7859886220212502,ok,247107.0,247107.0,6321.377481528434,1010.6556057199231,0.30254299174217575,1.9707614020830042,2.8304535083542506,0.9808,5.422487385736959,15000,3437.0,11563.0,3,1,3.0,1.0,False,,0.25
GP_Matern52_PI_GATE_3T1S,Imperfection-aware,2,17,4,150,1,71,4,128918.0,949234,118189.0,0.47829078091676885,99.97946296219808,1.0,1.0,0.6901408450704225,35074.042253521126,115505.0,0.9271498976389596,0.07591712499925052,0.01767733399901772,0.8795830810195184,ok,247107.0,247107.0,6193.4622686453595,968.3007601965394,0.33149761880040246,1.8044645996560649,2.8081910411271958,0.9774,5.440539398597358,15000,3318.0,11682.0,3,1,3.0,1.0,False,,0.25
GP_Matern52_PI_GATE_3T1S,Imperfection-aware,2,18,4,150,1,75,4,153445.0,784678,93662.0,0.3790341835722986,99.99329636994335,1.0,1.0,0.6666666666666666,35249.36,153445.0,1.141151889888237,0.11865833400224801,0.018579583000246203,1.0168209980220126,ok,247107.0,247107.0,6052.244402143151,946.5080335501623,0.3427808928772133,1.7682098135463338,2.8128321677798085,0.9748,5.4604990989450055,15000,3260.0,11740.0,3,1,3.0,1.0,False,,0.25
GP_Matern52_PI_GATE_3T1S,Imperfection-aware,2,19,4,150,1,79,4,153445.0,784678,93662.0,0.3790341835722986,99.99329636994335,1.0,1.0,0.6708860759493671,35710.26582278481,65070.0,0.8278731849377102,0.08397779200095101,0.020375457999762148,1.1211742480227258,ok,247107.0,247107.0,6085.54491804183,946.2868933062364,0.3509090101599929,1.6741868953841432,2.76581927107014,0.9752,5.215517546455228,15000,3289.0,11711.0,3,1,3.0,1.0,False,,0.25
GP_Matern52_PI_GATE_3T1S,Imperfection-aware,2,20,4,150,1,83,4,153445.0,784678,93662.0,0.3790341835722986,99.99329636994335,1.0,1.0,0.6626506024096386,34359.25301204819,18989.0,1.0236920096701365,0.10026795800149557,0.01879449999978533,1.2402367060240067,ok,247107.0,247107.0,6075.424992349704,940.2915464697004,0.35859665088536646,1.617644311770149,2.75826257080864,0.9732,5.167130082519847,15000,3344.0,11656.0,3,1,3.0,1.0,False,,0.25
GP_Matern52_PI_GATE_3T1S,Imperfection-aware,2,21,4,150,1,87,4,153445.0,784678,93662.0,0.3790341835722986,99.99329636994335,1.0,1.0,0.632183908045977,32779.51724137931,0.0,0.5108529441902382,0.08031304199903389,0.019892958000127692,1.3404427060231683,ok,247107.0,247107.0,6060.566477908425,936.8214331145861,0.36360710571664173,1.5502450864735322,2.7326867986866747,0.968,4.943880097082035,15000,3364.0,11636.0,3,1,3.0,1.0,False,,0.25
GP_Matern52_PI_GATE_3T1S,Imperfection-aware,2,22,4,150,1,91,4,153445.0,784678,93662.0,0.3790341835722986,99.99329636994335,1.0,1.0,0.6373626373626373,33182.02197802198,57904.0,0.6360460239131878,0.11045300000114366,0.024932249998528278,1.4758279560228402,ok,247107.0,247107.0,6062.299566416758,936.0390971999899,0.36634517753513196,1.4761898015963772,2.6821999043906812,0.9662,4.642696502128767,15000,3337.0,11663.0,3,1,3.0,1.0,False,,0.25
GP_Matern52_PI_GATE_3T1S,Imperfection-aware,2,23,4,150,1,95,4,153445.0,784678,93662.0,0.3790341835722986,99.99329636994335,1.0,1.0,0.6421052631578947,34436.347368421055,105404.0,0.5495417408012857,0.13079975000073318,0.021698707998439204,1.6283264140220126,ok,247107.0,247107.0,5811.583334052424,908.0592235468091,0.37041788439693096,1.4562970162279885,2.69085364754905,0.964,4.567625124855207,15000,3318.0,11682.0,3,1,3.0,1.0,False,,0.25
GP_Matern52_PI_GATE_3T1S,Imperfection-aware,2,24,4,150,1,99,4,153445.0,784678,93662.0,0.3790341835722986,99.99329636994335,1.0,1.0,0.6464646464646465,34969.07070707071,126742.0,0.4872903171399419,0.1517861249994894,0.028235207999387057,1.808347747020889,ok,247107.0,247107.0,5838.3345876173835,927.1300600853417,0.3729321453258354,1.4530632353498196,2.708329886927178,0.9608,4.532271237284038,15000,3319.0,11681.0,3,1,3.0,1.0,False,,0.25
GP_Matern52_PI_GATE_3T1S,Imperfection-aware,2,25,4,150,1,103,4,153445.0,784678,93662.0,0.3790341835722986,99.99329636994335,1.0,1.0,0.6504854368932039,36308.038834951454,108915.0,0.7836254897451536,0.20528312500027823,0.030871832997945603,2.044502705019113,ok,247107.0,247107.0,5926.230964289808,933.310077491891,0.3695737323717321,1.477662122646078,2.705429146419093,0.9656,4.773825900600217,15000,3361.0,11639.0,3,1,3.0,1.0,False,,0.25
GP_Matern52_PI_GATE_3T1S,Imperfection-aware,2,26,4,150,1,107,4,153445.0,784678,93662.0,0.3790341835722986,99.99329636994335,1.0,1.0,0.6542056074766355,37659.897196261685,101212.0,0.7367514309431624,0.19083825000052457,0.025496291000308702,2.260837246019946,ok,247107.0,247107.0,5820.105629640132,909.3972851774943,0.37320898907610844,1.4207130826713545,2.676330934360962,0.9658,4.616789665959838,15000,3416.0,11584.0,3,1,3.0,1.0,False,,0.25
GP_Matern52_PI_GATE_3T1S,Imperfection-aware,2,27,4,150,1,111,4,153445.0,784678,93662.0,0.3790341835722986,99.99329636994335,1.0,1.0,0.6576576576576577,38335.21621621621,125571.0,0.9936500778144185,0.19254116599768167,0.02451075000135461,2.4778891620189825,ok,247107.0,247107.0,5691.925428069829,891.5759952644839,0.3755166720446256,1.4243177455042684,2.6880149464493313,0.9632,4.573516234624824,15000,3298.0,11702.0,3,1,3.0,1.0,False,,0.25
GP_Matern52_PI_GATE_3T1S,Imperfection-aware,2,28,4,150,1,115,4,153445.0,784678,93662.0,0.3790341835722986,99.99329636994335,1.0,1.0,0.6521739130434783,38573.80869565217,113164.0,0.8391490754472076,0.15089441699819872,0.024815958000544924,2.653599537017726,ok,247107.0,247107.0,5681.248729925805,890.6287110369608,0.37707777263159753,1.4086658720953542,2.689949807933493,0.9618,4.496126243772705,15000,3288.0,11712.0,3,1,3.0,1.0,False,,0.25
GP_Matern52_PI_GATE_3T1S,Imperfection-aware,2,29,4,150,1,119,4,153445.0,784678,93662.0,0.3790341835722986,99.99329636994335,1.0,1.0,0.6554621848739496,39017.80672268908,110419.0,0.9826069420367132,0.1618027090007672,0.028172207999887178,2.8435744540183805,ok,247107.0,247107.0,5752.101433421724,896.4926718835112,0.378165009513076,1.381884973480902,2.674310547204633,0.9608,4.393878656407204,15000,3427.0,11573.0,3,1,3.0,1.0,False,,0.25
GP_Matern52_PI_GATE_3T1S,Imperfection-aware,2,30,4,150,1,123,4,153445.0,784678,93662.0,0.3790341835722986,99.99329636994335,1.0,1.0,0.6585365853658537,40329.16260162602,116964.0,0.7689513471581667,0.30859479200080386,0.03174433399908594,3.1839135800182703,ok,247107.0,247107.0,5700.501556971858,887.8480385940436,0.3800189460542492,1.357181678616776,2.6653227414679117,0.96,4.30971927816914,15000,3342.0,11658.0,3,1,3.0,1.0,False,,0.25
GP_Matern52_PI_GATE_3T1S,Imperfection-aware,2,31,4,150,1,127,4,153445.0,784678,93662.0,0.3790341835722986,99.99329636994335,1.0,1.0,0.6614173228346457,41506.38582677166,110885.0,0.5782180398893525,0.2227950829983456,0.043042582998168655,3.4497512460147846,ok,247107.0,247107.0,5677.310735976582,884.1343438485716,0.3816998947131688,1.3480452565513874,2.6624191116625946,0.9584,4.238653148672412,15000,3364.0,11636.0,3,1,3.0,1.0,False,,0.25
GP_Matern52_PI_GATE_3T1S,Imperfection-aware,2,32,4,150,1,131,4,153445.0,784678,93662.0,0.3790341835722986,99.99329636994335,1.0,1.0,0.6641221374045801,41902.435114503816,95765.0,0.8050201971976622,0.15578691699920455,0.03073295899957884,3.636271122013568,ok,247107.0,247107.0,5673.4423018361385,883.600842102541,0.3828193401030893,1.3304640980696725,2.6510820751584254,0.9582,4.160194585163447,15000,3327.0,11673.0,3,1,3.0,1.0,False,,0.25
GP_Matern52_PI_GATE_3T1S,Imperfection-aware,2,33,4,150,1,135,4,153445.0,784678,93662.0,0.3790341835722986,99.99329636994335,1.0,1.0,0.6666666666666666,42420.955555555556,88307.0,0.9406298035922592,0.21940854199783644,0.02835274999961257,3.884032414011017,ok,247107.0,247107.0,5608.0608336955265,882.3591164991835,0.383052828781415,1.3232674452021747,2.649206520241757,0.9574,4.087404379192227,15000,3337.0,11663.0,3,1,3.0,1.0,False,,0.25
GP_Matern52_PI_GATE_3T1S,Imperfection-aware,2,34,4,150,1,139,4,153445.0,784678,93662.0,0.3790341835722986,99.99329636994335,1.0,1.0,0.6690647482014388,43847.94964028777,137357.0,0.5707194509242294,0.26285579199975473,0.027788500003225636,4.174676706013997,ok,247107.0,247107.0,5548.6887883552345,877.7603026497891,0.38371074466373,1.309923675778575,2.6355431571498733,0.9576,4.045411750678615,15000,3354.0,11646.0,3,1,3.0,1.0,False,,0.25
GP_Matern52_PI_GATE_3T1S,Imperfection-aware,2,35,4,150,1,143,4,153445.0,784678,93662.0,0.3790341835722986,99.99329636994335,1.0,1.0,0.6713286713286714,44184.88811188811,107438.0,0.8652872670449803,0.3081137500012119,0.029985458000737708,4.512775914015947,ok,247107.0,247107.0,5558.29064742309,878.8476864848394,0.3849331699220227,1.3012732062955985,2.630085792902289,0.9572,3.9988859241266734,15000,3306.0,11694.0,3,1,3.0,1.0,False,,0.25
GP_Matern52_PI_GATE_3T1S,Imperfection-aware,2,36,4,150,1,147,4,153445.0,784678,93662.0,0.3790341835722986,99.99329636994335,1.0,1.0,0.673469387755102,44881.23809523809,145761.0,0.9886341662540595,0.35811220799951116,0.03825829199922737,4.909146414014685,ok,247107.0,247107.0,5547.464893485837,877.2477319244739,0.3851955901724693,1.3005175317364173,2.634100442664902,0.9552,3.9268745956900615,15000,3419.0,11581.0,3,1,3.0,1.0,False,,0.25
GP_Matern52_PI_GATE_3T1S,Imperfection-aware,2,37,4,150,1,150,3,153445.0,784678,93662.0,0.3790341835722986,99.99329636994335,1.0,1.0,0.6733333333333333,44628.54666666667,55173.0,0.9620109301039461,0.41082099999766797,0.03344700000161538,5.353414414013969,ok,247107.0,247107.0,5544.957067540282,884.2650474127275,0.38650809048389523,1.3013263036526252,2.6194285227560608,0.9542,3.8907239920459817,15000,3361.0,11639.0,2,1,2.0,1.0,False,,0.3333333333333333
GP_Matern52_PI_GATE_3T1S,Imperfection-aware,3,0,4,150,1,3,3,0.0,409668,247107.0,1.0,93.70319341923158,0.0,0.0,0.0,0.0,0.0,1.0055793833043412,0.0,0.0,0.0,initial,247107.0,247107.0,,,,,,,,0,,,0,3,,,False,,1.0
GP_Matern52_PI_GATE_3T1S,Imperfection-aware,3,1,4,150,1,7,4,33849.0,1653487,213258.0,0.8630188541805777,98.58587825421084,0.0,0.0,0.42857142857142855,6707.714285714285,33849.0,0.6676521617012243,8.024999988265336e-05,0.006450249999033986,0.006530499998916639,constant_target_fallback,247107.0,247107.0,7909.099054228617,1427.68,0.0,0.8171530915714472,3.9560373352279044,0.932,1.0,15000,3394.0,11606.0,3,1,3.0,1.0,False,,0.25
GP_Matern52_PI_GATE_3T1S,Imperfection-aware,3,2,4,150,1,11,4,56588.0,1567872,190519.0,0.7709979887255318,99.50004687623951,1.0,0.0,0.5454545454545454,17910.363636363636,56588.0,0.5137877431042012,0.01070337499913876,0.007129041998268804,0.024362916996324202,ok,247107.0,247107.0,7507.105918128286,2377.2289378819337,0.40399748763968524,2.7328146378113978,7.132842873249689,0.7274,2.405729104803697,15000,3338.0,11662.0,3,1,3.0,1.0,False,,0.25
GP_Matern52_PI_GATE_3T1S,Imperfection-aware,3,3,4,150,1,15,4,57641.0,1384417,189466.0,0.7667366768242098,99.52364889893286,1.0,0.0,0.5333333333333333,17541.266666666666,57641.0,0.327919713189085,0.016055791998951463,0.008924292000301648,0.04934300099557731,ok,247107.0,247107.0,29110.820191722843,8313.45120527241,0.33941861949008106,2.2942975528926093,25.882968073933924,0.6702,1.3941012444246277,15000,3305.0,11695.0,3,1,3.0,1.0,False,,0.25
GP_Matern52_PI_GATE_3T1S,Imperfection-aware,3,4,4,150,1,19,4,57641.0,1384417,189466.0,0.7667366768242098,99.52364889893286,1.0,0.0,0.5789473684210527,19374.157894736843,51262.0,0.46369496780875624,0.01335237500097719,0.012811750002583722,0.07550712599913822,ok,247107.0,247107.0,10886.501524707,3139.002877523883,0.3288783068976611,2.204689478678467,8.851086002562143,0.8224,3.0470282418753434,15000,3324.0,11676.0,3,1,3.0,1.0,False,,0.25
GP_Matern52_PI_GATE_3T1S,Imperfection-aware,3,5,4,150,1,23,4,57641.0,1384417,189466.0,0.7667366768242098,99.52364889893286,1.0,0.0,0.6086956521739131,21909.08695652174,50322.0,0.7163509275768968,0.013977333001093939,0.008318083997437498,0.09780254299766966,ok,247107.0,247107.0,7680.00823011064,1350.7103134325616,0.3379950696911879,1.5390070520512007,2.883200354606292,0.9346,4.041567298518104,15000,3223.0,11777.0,3,1,3.0,1.0,False,,0.25
GP_Matern52_PI_GATE_3T1S,Imperfection-aware,3,6,4,150,1,27,4,57641.0,1384417,189466.0,0.7667366768242098,99.52364889893286,1.0,0.0,0.6296296296296297,24029.962962962964,54452.0,0.9843608926858808,0.017562541001097998,0.010742791997472523,0.12610787599624018,ok,247107.0,247107.0,7575.902168207885,1385.8130141390482,0.2707645397999142,2.045270156257393,2.9854508694066766,0.9476,4.611939866679731,15000,3293.0,11707.0,3,1,3.0,1.0,False,,0.25
GP_Matern52_PI_GATE_3T1S,Imperfection-aware,3,7,4,150,1,31,4,57641.0,1384417,189466.0,0.7667366768242098,99.52364889893286,1.0,0.0,0.6451612903225806,23058.032258064515,23607.0,0.9008937492531249,0.025352791999466717,0.018393667000054847,0.16985433499576175,ok,247107.0,247107.0,7479.359298806674,1329.3491938388738,0.33235653315805513,1.7601508868768774,2.9329647792583966,0.9474,4.602575373062128,15000,3390.0,11610.0,3,1,3.0,1.0,False,,0.25
GP_Matern52_PI_GATE_3T1S,Imperfection-aware,3,8,4,150,1,35,4,57641.0,1384417,189466.0,0.7667366768242098,99.52364889893286,1.0,0.0,0.6571428571428571,24324.4,57143.0,0.5612384630579763,0.016048541998316068,0.012138207999669248,0.19804108499374706,ok,247107.0,247107.0,7400.599427882681,1315.4131420446274,0.3520546193397749,1.7616388403879508,2.7411676581780067,0.9728,4.739454193993966,15000,3394.0,11606.0,3,1,3.0,1.0,False,,0.25
GP_Matern52_PI_GATE_3T1S,Imperfection-aware,3,9,4,150,1,39,4,57641.0,1384417,189466.0,0.7667366768242098,99.52364889893286,1.0,0.0,0.6666666666666666,23452.30769230769,48812.0,0.4781679467983891,0.03157574999931967,0.013787292002234608,0.24340412699530134,ok,247107.0,247107.0,7557.731335158571,1582.5475269078222,0.15010085420649397,2.8815200209430594,3.0523081618396137,0.9808,5.147317887710777,15000,3416.0,11584.0,3,1,3.0,1.0,False,,0.25
GP_Matern52_PI_GATE_3T1S,Imperfection-aware,3,10,4,150,1,43,4,57641.0,1384417,189466.0,0.7667366768242098,99.52364889893286,1.0,0.0,0.6744186046511628,22607.279069767443,31347.0,0.7533823167559787,0.03319600000031642,0.013690332998521626,0.2902904599941394,ok,247107.0,247107.0,7537.503002709435,1534.7169023832005,0.10149824688453778,2.9179022122911245,3.0578338156558478,0.9836,5.179973369917039,15000,3324.0,11676.0,3,1,3.0,1.0,False,,0.25
GP_Matern52_PI_GATE_3T1S,Imperfection-aware,3,11,4,150,1,47,4,57641.0,1384417,189466.0,0.7667366768242098,99.52364889893286,1.0,0.0,0.6808510638297872,21406.702127659573,14268.0,0.5624337346512606,0.05553991600027075,0.015684166002756683,0.3615145419971668,ok,247107.0,247107.0,8227.01606488943,1417.6024302937842,0.3010516810070557,2.279794322112078,2.9343825095567997,0.977,5.537294794879063,15000,3310.0,11690.0,3,1,3.0,1.0,False,,0.25
GP_Matern52_PI_GATE_3T1S,Imperfection-aware,3,12,4,150,1,51,4,57641.0,1384417,189466.0,0.7667366768242098,99.52364889893286,1.0,0.0,0.7058823529411765,20891.29411764706,30089.0,0.579255789631127,0.09374433300035889,0.015585750003083376,0.4708446250006091,ok,247107.0,247107.0,7434.653827602639,1328.3911525728713,0.2521745812599601,2.1916670912753577,2.9514891625191395,0.9788,6.017703568815719,15000,3340.0,11660.0,3,1,3.0,1.0,False,,0.25
GP_Matern52_PI_GATE_3T1S,Imperfection-aware,3,13,4,150,1,55,4,57641.0,1384417,189466.0,0.7667366768242098,99.52364889893286,1.0,0.0,0.7090909090909091,21618.454545454544,49479.0,0.5041555422370622,0.05762454100113246,0.018305292000150075,0.5467744580018916,ok,247107.0,247107.0,7382.382918566131,1635.247370550918,0.07120450431351147,3.2100627808914886,3.1177496443827177,0.9888,5.520448423551952,15000,3391.0,11609.0,3,1,3.0,1.0,False,,0.25
GP_Matern52_PI_GATE_3T1S,Imperfection-aware,3,14,4,150,1,59,4,66124.0,1224402,180983.0,0.7324074186486016,99.65908189442946,1.0,0.0,0.711864406779661,22863.508474576272,66124.0,0.8897108774227859,0.05355129200324882,0.017426500002329703,0.6177522500074701,ok,247107.0,247107.0,7293.330232849413,1631.9189898705895,0.08806361366468646,3.211887097794992,3.109275184869368,0.9908,5.65095587588232,15000,3396.0,11604.0,3,1,3.0,1.0,False,,0.25
GP_Matern52_PI_GATE_3T1S,Imperfection-aware,3,15,4,150,1,63,4,66124.0,1224402,180983.0,0.7324074186486016,99.65908189442946,1.0,0.0,0.7142857142857143,23898.380952380954,55983.0,0.8794711947002508,0.08890041599806864,0.021533416998863686,0.7281860830044025,ok,247107.0,247107.0,7331.654065656295,1287.3341195704836,0.2720200154447628,2.1812383321645417,2.9315567515960383,0.9824,6.049821446921277,15000,3315.0,11685.0,3,1,3.0,1.0,False,,0.25
GP_Matern52_PI_GATE_3T1S,Imperfection-aware,3,16,4,150,1,67,4,66124.0,1224402,180983.0,0.7324074186486016,99.65908189442946,1.0,0.0,0.7164179104477612,24789.014925373136,53950.0,0.6369005392959072,0.07867549999718904,0.020665542000642745,0.8275271250022342,ok,247107.0,247107.0,6932.717478135557,1268.1841828474453,0.36780281694263683,1.8962670735222382,2.8606546768824983,0.968,5.258912532919705,15000,3342.0,11658.0,3,1,3.0,1.0,False,,0.25
GP_Matern52_PI_GATE_3T1S,Imperfection-aware,3,17,4,150,1,71,4,66124.0,1224402,180983.0,0.7324074186486016,99.65908189442946,1.0,0.0,0.7183098591549296,23700.098591549297,8417.0,0.7613992331235374,0.08885216600174317,0.01868191700123134,0.9350612080052088,ok,247107.0,247107.0,7237.144009582895,1321.3422495840732,0.30833769884063983,2.414968081393794,2.993964718254386,0.984,6.324538419402719,15000,3397.0,11603.0,3,1,3.0,1.0,False,,0.25
GP_Matern52_PI_GATE_3T1S,Imperfection-aware,3,18,4,150,1,75,4,135758.0,1136959,111349.0,0.4506104642927962,99.98519956493604,1.0,1.0,0.72,26755.426666666666,135758.0,0.5326244285887146,0.14123233300051652,0.02086974999838276,1.097163291004108,ok,247107.0,247107.0,7239.797425933914,1479.834060573655,0.13368425676869414,2.9152386525247134,3.0726963687436872,0.9858,6.096391043851848,15000,3283.0,11717.0,3,1,3.0,1.0,False,,0.25
GP_Matern52_PI_GATE_3T1S,Imperfection-aware,3,19,4,150,1,79,4,142764.0,1051031,104343.0,0.42225837390280324,99.98878903922066,1.0,1.0,0.7215189873417721,28498.556962025315,142764.0,0.606172219083828,0.06856333399991854,0.017300792002060916,1.1830274170060875,ok,247107.0,247107.0,7260.629806157726,1846.4263482806073,0.04544228308856231,3.4657509112849247,3.2075185956107037,0.9868,5.957312700839647,15000,3295.0,11705.0,3,1,3.0,1.0,False,,0.25
GP_Matern52_PI_GATE_3T1S,Imperfection-aware,3,20,4,150,1,83,4,144548.0,1052016,102559.0,0.415038829333042,99.98988718888764,1.0,1.0,0.7228915662650602,30556.13253012048,144548.0,0.6476344147751628,0.1623952920017473,0.023085624998202547,1.3685083340060373,ok,247107.0,247107.0,7175.797476319624,1880.937625332705,0.0808746120230383,3.5436215770361583,3.228998990065985,0.9868,5.915542793628614,15000,3410.0,11590.0,3,1,3.0,1.0,False,,0.25
GP_Matern52_PI_GATE_3T1S,Imperfection-aware,3,21,4,150,1,87,4,144548.0,1052016,102559.0,0.415038829333042,99.98988718888764,1.0,1.0,0.7126436781609196,30834.22988505747,102303.0,0.9537844778073835,0.1648155000002589,0.02266583399978117,1.5559896680060774,ok,247107.0,247107.0,7204.975156592909,1811.0213277040143,0.054252005632335294,3.4431786679375422,3.2069804605920145,0.9858,5.943507535999403,15000,3373.0,11627.0,3,1,3.0,1.0,False,,0.25
GP_Matern52_PI_GATE_3T1S,Imperfection-aware,3,22,4,150,1,91,4,144548.0,1052016,102559.0,0.415038829333042,99.98988718888764,1.0,1.0,0.7142857142857143,32157.615384615383,110107.0,0.8147053987592425,0.1930428329978895,0.0241447500011418,1.7731772510051087,ok,247107.0,247107.0,7154.180235936298,1397.9283874478574,0.14975126415895973,2.7059119552105146,3.0436085691404964,0.9864,6.072699450629887,15000,3371.0,11629.0,3,1,3.0,1.0,False,,0.25
GP_Matern52_PI_GATE_3T1S,Imperfection-aware,3,23,4,150,1,95,4,144548.0,1052016,102559.0,0.415038829333042,99.98988718888764,1.0,1.0,0.7157894736842105,32727.35789473684,83615.0,0.768778831467567,0.19391537499905098,0.020576332997734426,1.987668959001894,ok,247107.0,247107.0,6617.26413032006,1217.240048913951,0.2237625990576132,2.4475443771622603,2.993644195662578,0.9848,6.093861205194846,15000,3223.0,11777.0,3,1,3.0,1.0,False,,0.25
GP_Matern52_PI_GATE_3T1S,Imperfection-aware,3,24,4,150,1,99,4,144548.0,1052016,102559.0,0.415038829333042,99.98988718888764,1.0,1.0,0.696969696969697,32576.717171717173,115996.0,1.158843489670004,0.09322183299809694,0.024754959002166288,2.1056457510021573,ok,247107.0,247107.0,6562.073930448526,1176.0549371258078,0.24159979786035754,2.3194328888335187,2.9769721343362465,0.979,6.094058772431016,15000,3368.0,11632.0,3,1,3.0,1.0,False,,0.25
GP_Matern52_PI_GATE_3T1S,Imperfection-aware,3,25,4,150,1,103,4,144548.0,1052016,102559.0,0.415038829333042,99.98988718888764,1.0,1.0,0.6893203883495146,31817.485436893203,46214.0,0.9434257146201146,0.14230749999842374,0.023224915999890072,2.271178167000471,ok,247107.0,247107.0,6575.533848236276,1146.4635518572584,0.2724521266655411,2.0972666828218043,2.9186302406137496,0.9778,5.889391361545185,15000,3284.0,11716.0,3,1,3.0,1.0,False,,0.25
GP_Matern52_PI_GATE_3T1S,Imperfection-aware,3,26,4,150,1,107,4,144548.0,1052016,102559.0,0.415038829333042,99.98988718888764,1.0,1.0,0.6915887850467289,33005.22429906542,102218.0,1.0569396399067192,0.09990462499990826,0.023515666998719098,2.3945984589990985,ok,247107.0,247107.0,6584.654330932054,1132.9191347127899,0.2707889293300111,1.983395018259451,2.888700653072847,0.975,5.709841449991092,15000,3335.0,11665.0,3,1,3.0,1.0,False,,0.25
GP_Matern52_PI_GATE_3T1S,Imperfection-aware,3,27,4,150,1,111,4,144548.0,1052016,102559.0,0.415038829333042,99.98988718888764,1.0,1.0,0.6936936936936937,34285.63963963964,104992.0,0.42792386273751676,0.1513072910020128,0.023343415999988792,2.5692491660011,ok,247107.0,247107.0,6619.527257022778,1141.9930308494188,0.29702493527070356,1.9187470932828936,2.8796956094152626,0.9732,5.715184409286748,15000,3294.0,11706.0,3,1,3.0,1.0,False,,0.25
GP_Matern52_PI_GATE_3T1S,Imperfection-aware,3,28,4,150,1,115,4,144548.0,1052016,102559.0,0.415038829333042,99.98988718888764,1.0,1.0,0.6956521739130435,33798.87826086956,60912.0,1.021849046617891,0.14696720899883076,0.024423374998150393,2.7406397499980812,ok,247107.0,247107.0,6589.075679063869,1133.5358585045242,0.2870379073189049,1.9388963498537457,2.875988608226914,0.974,5.7821590912624625,15000,3273.0,11727.0,3,1,3.0,1.0,False,,0.25
GP_Matern52_PI_GATE_3T1S,Imperfection-aware,3,29,4,150,1,119,4,144548.0,1052016,102559.0,0.415038829333042,99.98988718888764,1.0,1.0,0.6890756302521008,33625.97478991596,109611.0,1.246540334693388,0.1700122919974092,0.02485720900222077,2.935509250997711,ok,247107.0,247107.0,6588.728108682063,1140.2906490876046,0.30617443749415474,1.8660311504383187,2.85489352183549,0.9706,5.683634104722683,15000,3342.0,11658.0,3,1,3.0,1.0,False,,0.25
GP_Matern52_PI_GATE_3T1S,Imperfection-aware,3,30,4,150,1,123,4,144548.0,1052016,102559.0,0.415038829333042,99.98988718888764,1.0,1.0,0.6910569105691057,33927.88617886179,96796.0,0.7749212280054802,0.18082666600093944,0.02598795800076914,3.14232387499942,ok,247107.0,247107.0,6533.414473692737,1122.318801890831,0.3156212919101264,1.808889978330887,2.849975221247415,0.9652,5.564401979031619,15000,3331.0,11669.0,3,1,3.0,1.0,False,,0.25
GP_Matern52_PI_GATE_3T1S,Imperfection-aware,3,31,4,150,1,127,4,144548.0,1052016,102559.0,0.415038829333042,99.98988718888764,1.0,1.0,0.6692913385826772,32859.291338582676,0.0,0.3751802854556576,0.13893833400288713,0.02762158300174633,3.3088837920040532,ok,247107.0,247107.0,6555.445159889607,1131.0748963342467,0.3138467745293122,1.8219465247192719,2.8599399634807137,0.9622,5.545576500687563,15000,3408.0,11592.0,3,1,3.0,1.0,False,,0.25
GP_Matern52_PI_GATE_3T1S,Imperfection-aware,3,32,4,150,1,131,4,144548.0,1052016,102559.0,0.415038829333042,99.98988718888764,1.0,1.0,0.6717557251908397,32981.38167938931,115600.0,0.8449255378528355,0.1707783340025344,0.03045191600176622,3.510114042008354,ok,247107.0,247107.0,6561.005717530093,1126.0065623850528,0.3170621346931962,1.740281701979637,2.81779034619374,0.962,5.348233210144804,15000,3369.0,11631.0,3,1,3.0,1.0,False,,0.25
GP_Matern52_PI_GATE_3T1S,Imperfection-aware,3,33,4,150,1,135,4,144548.0,1052016,102559.0,0.415038829333042,99.98988718888764,1.0,1.0,0.6666666666666666,33067.45185185185,121856.0,0.4463093059578929,0.29654300000038347,0.030292416999145644,3.836949459007883,ok,247107.0,247107.0,6580.729281464015,1129.8254323862557,0.33060034070230054,1.6959896559073782,2.783916519461651,0.9666,5.244767426044378,15000,3375.0,11625.0,3,1,3.0,1.0,False,,0.25
GP_Matern52_PI_GATE_3T1S,Imperfection-aware,3,34,4,150,1,139,4,144548.0,1052016,102559.0,0.415038829333042,99.98988718888764,1.0,1.0,0.6618705035971223,33238.96402877698,98842.0,1.0226011691907995,0.4159992919994693,0.029679916999157285,4.2826286680065095,ok,247107.0,247107.0,6566.959062234707,1124.5054423578208,0.3471456972383625,1.6508086844149337,2.77260108869165,0.9644,5.137846781723322,15000,3315.0,11685.0,3,1,3.0,1.0,False,,0.25
GP_Matern52_PI_GATE_3T1S,Imperfection-aware,3,35,4,150,1,143,4,144548.0,1052016,102559.0,0.415038829333042,99.98988718888764,1.0,1.0,0.6503496503496503,32823.51048951049,73546.0,1.035424226355582,0.45636787499825004,0.028965624998818384,4.767962168003578,ok,247107.0,247107.0,6475.962107742782,1106.3278513693717,0.35207575586927364,1.643533573860583,2.765747817289322,0.9646,5.115538302774748,15000,3395.0,11605.0,3,1,3.0,1.0,False,,0.25
GP_Matern52_PI_GATE_3T1S,Imperfection-aware,3,36,4,150,1,147,4,144548.0,1052016,102559.0,0.415038829333042,99.98988718888764,1.0,1.0,0.6462585034013606,32629.802721088436,52008.0,1.1245270461863333,0.4532578750004177,0.03143029199782177,5.252650335001817,ok,247107.0,247107.0,6467.933073266981,1103.9194348428555,0.36000407374882143,1.5709098403395585,2.730740906949737,0.9636,4.919935147897441,15000,3311.0,11689.0,3,1,3.0,1.0,False,,0.25
GP_Matern52_PI_GATE_3T1S,Imperfection-aware,3,37,4,150,1,150,3,144548.0,1052016,102559.0,0.415038829333042,99.98988718888764,1.0,1.0,0.6466666666666666,33141.026666666665,115962.0,0.9571939239999429,0.4367475420003757,0.030296791999717243,5.71969466900191,ok,247107.0,247107.0,6449.520555254279,1099.065278043802,0.3721769637843456,1.5296269292054288,2.7121400530979938,0.9616,4.780870521879058,15000,3321.0,11679.0,2,1,2.0,1.0,False,,0.3333333333333333
GP_Matern52_PI_GATE_3T1S,Imperfection-aware,4,0,4,150,1,3,3,0.0,3806703,247107.0,1.0,93.70319341923158,0.0,0.0,0.0,0.0,0.0,0.8989998979021484,0.0,0.0,0.0,initial,247107.0,247107.0,,,,,,,,0,,,1,2,,,False,,0.6666666666666666
GP_Matern52_PI_GATE_3T1S,Imperfection-aware,4,1,4,150,1,7,4,5899.0,1575801,241208.0,0.9761277503267816,95.46791993407169,0.0,0.0,0.14285714285714285,842.7142857142857,5899.0,0.7404185760066814,6.183400182635523e-05,0.003473291999398498,0.003535126001224853,constant_target_fallback,247107.0,247107.0,8775.797842190761,1529.645,0.0,0.8104050858432441,3.93666540770458,0.9332,1.0,15000,3299.0,11701.0,3,1,3.0,1.0,False,,0.25
GP_Matern52_PI_GATE_3T1S,Imperfection-aware,4,2,4,150,1,11,4,8905.0,534529,238202.0,0.9639629795999304,96.20586011999006,0.0,0.0,0.2727272727272727,1958.2727272727273,8905.0,0.4300199397146534,0.010556666999036679,0.008187250001356006,0.022279043001617538,ok,247107.0,247107.0,8783.94275997337,1806.1673750312686,0.01881382705840818,1.844762819621877,46.65346245498459,0.8234,1.7694889371881422,15000,3346.0,11654.0,3,1,3.0,1.0,False,,0.25
GP_Matern52_PI_GATE_3T1S,Imperfection-aware,4,3,4,150,1,15,4,25727.0,707648,221380.0,0.8958872067565872,98.24314082605768,0.0,0.0,0.4,5842.2,25727.0,0.5404910686854345,0.011553874999663094,0.007850583002436906,0.04168350100371754,ok,247107.0,247107.0,8740.33795376695,1552.1332875825688,0.25452470155583334,1.64002188314454,4.1094676330825735,0.9602,3.5609992069377125,15000,3250.0,11750.0,3,1,3.0,1.0,False,,0.25
GP_Matern52_PI_GATE_3T1S,Imperfection-aware,4,4,4,150,1,19,4,25727.0,707648,221380.0,0.8958872067565872,98.24314082605768,0.0,0.0,0.47368421052631576,7917.1578947368425,24200.0,0.2797915669424838,0.013718709000386298,0.0076407089982239995,0.06304291900232784,ok,247107.0,247107.0,8823.720227499496,1633.7660332065918,-0.032804924812521785,2.3604373759609727,5.924422073853128,0.9822,4.266798328028828,15000,3337.0,11663.0,3,1,3.0,1.0,False,,0.25
GP_Matern52_PI_GATE_3T1S,Imperfection-aware,4,5,4,150,1,23,4,25727.0,707648,221380.0,0.8958872067565872,98.24314082605768,0.0,0.0,0.5217391304347826,9777.608695652174,25714.0,0.5893002289554085,0.018062000002828427,0.014751250000699656,0.09585616900585592,ok,247107.0,247107.0,8689.717620825191,1540.7539551695609,0.1949685304597293,2.134021026857332,2.756165520849556,0.9776,4.2328510941191695,15000,3350.0,11650.0,3,1,3.0,1.0,False,,0.25
GP_Matern52_PI_GATE_3T1S,Imperfection-aware,4,6,4,150,1,27,4,46169.0,1047060,200938.0,0.8131619096181006,99.16270185466006,1.0,0.0,0.5555555555555556,11671.222222222223,46169.0,0.6847498167478441,0.014497832999040838,0.011343499998474726,0.12169750200337148,ok,247107.0,247107.0,8700.612188341436,1575.3241156668694,0.034974056749418204,2.5661861753296122,2.9115215191453894,0.9918,4.841460437766244,15000,3289.0,11711.0,3,1,3.0,1.0,False,,0.25
GP_Matern52_PI_GATE_3T1S,Imperfection-aware,4,7,4,150,1,31,4,46169.0,1047060,200938.0,0.8131619096181006,99.16270185466006,1.0,0.0,0.6129032258064516,11344.645161290322,18547.0,0.5278038092669483,0.031236374998115934,0.015549334002571413,0.16848321100405883,ok,247107.0,247107.0,8652.709095457365,1568.722982658444,0.13305675196530586,2.6712149702512877,2.9461537614807507,0.9932,5.07017500385522,15000,3424.0,11576.0,3,1,3.0,1.0,False,,0.25
GP_Matern52_PI_GATE_3T1S,Imperfection-aware,4,8,4,150,1,35,4,47741.0,1129233,199366.0,0.806800292990486,99.22734517237016,1.0,0.0,0.6285714285714286,12530.142857142857,47741.0,0.3148671406787662,0.04245666699716821,0.013215875002060784,0.22415575300328783,ok,247107.0,247107.0,8637.775966734687,1637.7540891938936,0.17479794971884338,2.94049804715522,3.0178408201045324,0.9938,4.987697986001077,15000,3387.0,11613.0,3,1,3.0,1.0,False,,0.25
GP_Matern52_PI_GATE_3T1S,Imperfection-aware,4,9,4,150,1,39,4,47741.0,1129233,199366.0,0.806800292990486,99.22734517237016,1.0,0.0,0.6410256410256411,13651.358974358975,43003.0,0.5519875175725332,0.04515291700226953,0.012343749996944098,0.28165242000250146,ok,247107.0,247107.0,8683.187712243987,1659.2262085624284,0.11008220029772492,2.909179338558515,3.0173483922816198,0.9912,5.096087402531476,15000,3360.0,11640.0,3,1,3.0,1.0,False,,0.25
GP_Matern52_PI_GATE_3T1S,Imperfection-aware,4,10,4,150,1,43,4,47741.0,1129233,199366.0,0.806800292990486,99.22734517237016,1.0,0.0,0.6046511627906976,12575.976744186046,8364.0,0.7527848672920938,0.04055637499914155,0.011766792002163129,0.33397558700380614,ok,247107.0,247107.0,11340.20544898929,2399.595530219984,0.04136992010227553,3.785972242161511,5.659485434095415,0.9834,4.726980061765954,15000,3387.0,11613.0,3,1,3.0,1.0,False,,0.25
GP_Matern52_PI_GATE_3T1S,Imperfection-aware,4,11,4,150,1,47,4,47741.0,1129233,199366.0,0.806800292990486,99.22734517237016,1.0,0.0,0.6170212765957447,12543.851063829787,17136.0,0.550425198272103,0.035666374998982064,0.014396250000572763,0.38403821200336097,ok,247107.0,247107.0,8726.292528401895,1629.6840570828854,0.08183809730425601,2.736963477274825,2.966076448688584,0.9912,5.151356339132649,15000,3322.0,11678.0,3,1,3.0,1.0,False,,0.25
GP_Matern52_PI_GATE_3T1S,Imperfection-aware,4,12,4,150,1,51,4,49003.0,962674,198104.0,0.8016931936367646,99.27602434417518,1.0,0.0,0.6274509803921569,13783.35294117647,49003.0,0.44707891075340944,0.0587070000001404,0.015629582998371916,0.4583747950018733,ok,247107.0,247107.0,8623.549173034795,1561.921221069597,0.17307240876726437,2.574816337218556,2.932029889140912,0.9936,5.4298196457253,15000,3382.0,11618.0,3,1,3.0,1.0,False,,0.25
GP_Matern52_PI_GATE_3T1S,Imperfection-aware,4,13,4,150,1,55,4,53647.0,1049103,193460.0,0.782899715507857,99.42719202146735,1.0,0.0,0.6363636363636364,14459.836363636363,53647.0,0.3894786163933171,0.08262333399761701,0.01753304099838715,0.5585311699978774,ok,247107.0,247107.0,8631.012407172244,1575.8751287807786,0.17079530327152795,2.508957308323917,2.92431445445529,0.9942,5.601492166626078,15000,3399.0,11601.0,3,1,3.0,1.0,False,,0.25
GP_Matern52_PI_GATE_3T1S,Imperfection-aware,4,14,4,150,1,59,4,53647.0,1049103,193460.0,0.782899715507857,99.42719202146735,1.0,0.0,0.6440677966101694,15397.677966101695,46498.0,0.45529144085507073,0.04961679199914215,0.017686208000668557,0.6258341699976882,ok,247107.0,247107.0,8570.110835205789,1831.5509066512257,0.02989548172482099,3.4062288560114373,3.1651606524213918,0.9924,5.470631744610538,15000,3320.0,11680.0,3,1,3.0,1.0,False,,0.25
GP_Matern52_PI_GATE_3T1S,Imperfection-aware,4,15,4,150,1,63,4,53647.0,1049103,193460.0,0.782899715507857,99.42719202146735,1.0,0.0,0.6666666666666666,16394.603174603173,46725.0,0.4732756906471231,0.08107499999823631,0.01806212500014226,0.7249712949960667,ok,247107.0,247107.0,8633.401125858045,1648.2731472883695,0.11651730075807014,2.8345860340930717,3.044631678159248,0.9958,5.803553843976514,15000,3300.0,11700.0,3,1,3.0,1.0,False,,0.25
GP_Matern52_PI_GATE_3T1S,Imperfection-aware,4,16,4,150,1,67,4,53647.0,1049103,193460.0,0.782899715507857,99.42719202146735,1.0,0.0,0.6716417910447762,16693.641791044774,36991.0,0.416455053939145,0.10487254200052121,0.019336291999934474,0.8491801289965224,ok,247107.0,247107.0,8749.85855640052,1723.2743596976056,-0.04749854095493527,2.9379755187836447,3.07415977815053,0.9902,6.206559462361813,15000,3401.0,11599.0,3,1,3.0,1.0,False,,0.25
GP_Matern52_PI_GATE_3T1S,Imperfection-aware,4,17,4,150,1,71,4,53647.0,1049103,193460.0,0.782899715507857,99.42719202146735,1.0,0.0,0.676056338028169,17290.690140845072,44532.0,1.060593979734169,0.09109929199985345,0.016446500001620734,0.9567259209979966,ok,247107.0,247107.0,8611.388743368701,1655.65175163269,0.09378626295342192,2.8379172105774355,3.0365075158011963,0.995,5.91948808667997,15000,3367.0,11633.0,3,1,3.0,1.0,False,,0.25
GP_Matern52_PI_GATE_3T1S,Imperfection-aware,4,18,4,150,1,75,4,53647.0,1049103,193460.0,0.782899715507857,99.42719202146735,1.0,0.0,0.68,17339.16,50361.0,0.8772984891887652,0.07821054099986213,0.017685333001281833,1.0526217949991405,ok,247107.0,247107.0,8570.007904071017,1615.39044205704,0.14031763778138764,2.7483847580918677,3.0202733305309732,0.9946,5.956316414463677,15000,3436.0,11564.0,3,1,3.0,1.0,False,,0.25
GP_Matern52_PI_GATE_3T1S,Imperfection-aware,4,19,4,150,1,79,4,53647.0,1049103,193460.0,0.782899715507857,99.42719202146735,1.0,0.0,0.6835443037974683,18134.46835443038,49030.0,0.7660574570128963,0.0978155839984538,0.016907707999052946,1.1673450869966473,ok,247107.0,247107.0,8558.110584961356,1569.3036382831947,0.16966918259511188,2.642418828234045,2.9935732458610254,0.9936,5.95671666973902,15000,3415.0,11585.0,3,1,3.0,1.0,False,,0.25
GP_Matern52_PI_GATE_3T1S,Imperfection-aware,4,20,4,150,1,83,4,53647.0,1049103,193460.0,0.782899715507857,99.42719202146735,1.0,0.0,0.6867469879518072,18773.66265060241,43798.0,0.8536547233596944,0.10605225000108476,0.017608958998607704,1.2910062959963398,ok,247107.0,247107.0,8542.484925198707,1564.2798600142512,0.1853410284996322,2.633037170491741,2.99619303230865,0.994,5.950278428548069,15000,3392.0,11608.0,3,1,3.0,1.0,False,,0.25
GP_Matern52_PI_GATE_3T1S,Imperfection-aware,4,21,4,150,1,87,4,53647.0,1049103,193460.0,0.782899715507857,99.42719202146735,1.0,0.0,0.6896551724137931,19082.735632183907,39839.0,0.7405125469933083,0.0855027079996944,0.02043674999731593,1.39694575399335,ok,247107.0,247107.0,8533.741703661395,1535.1202538694317,0.20608251353600765,2.5430972683174677,2.981355350001336,0.9934,5.990653613923488,15000,3320.0,11680.0,3,1,3.0,1.0,False,,0.25
GP_Matern52_PI_GATE_3T1S,Imperfection-aware,4,22,4,150,1,91,4,53647.0,1049103,193460.0,0.782899715507857,99.42719202146735,1.0,0.0,0.6923076923076923,19314.516483516483,44244.0,0.7328779507843938,0.10362933299984434,0.020819583998672897,1.5213946709918673,ok,247107.0,247107.0,8454.372226878495,1492.4612466933106,0.23906955451615364,2.4528526299320235,2.9593637960857495,0.992,5.933685545588081,15000,3341.0,11659.0,3,1,3.0,1.0,False,,0.25
GP_Matern52_PI_GATE_3T1S,Imperfection-aware,4,23,4,150,1,95,4,53647.0,1049103,193460.0,0.782899715507857,99.42719202146735,1.0,0.0,0.6947368421052632,19892.8,50940.0,0.9822673743413164,0.1329685420023452,0.021712750000006054,1.6760759629942186,ok,247107.0,247107.0,8451.884865307477,1471.5801965503426,0.25007461931770025,2.347366175844143,2.9406475799656735,0.991,5.969268295634589,15000,3302.0,11698.0,3,1,3.0,1.0,False,,0.25
GP_Matern52_PI_GATE_3T1S,Imperfection-aware,4,24,4,150,1,99,4,53647.0,1049103,193460.0,0.782899715507857,99.42719202146735,1.0,0.0,0.696969696969697,19990.464646464647,39153.0,0.6791583111880076,0.11562416699962341,0.02031012499719509,1.812010254991037,ok,247107.0,247107.0,8442.076155334677,1462.8397226321417,0.2556969458167897,2.312648965633129,2.9342727887580673,0.9908,5.951406992342062,15000,3265.0,11735.0,3,1,3.0,1.0,False,,0.25
GP_Matern52_PI_GATE_3T1S,Imperfection-aware,4,25,4,150,1,103,4,64529.0,697347,182578.0,0.7388621123642795,99.63864319838876,1.0,0.0,0.6990291262135923,20593.368932038837,64529.0,0.5101136318024849,0.14952966700002435,0.024301749999722233,1.9858416719907837,ok,247107.0,247107.0,8531.62117343722,1498.8539818260413,0.17942818372919814,2.4075849223219055,2.955965547774279,0.991,5.952837548410135,15000,3381.0,11619.0,3,1,3.0,1.0,False,,0.25
GP_Matern52_PI_GATE_3T1S,Imperfection-aware,4,26,4,150,1,107,4,64529.0,697347,182578.0,0.7388621123642795,99.63864319838876,1.0,0.0,0.7009345794392523,20676.383177570093,38721.0,1.0375177165765912,0.09707462500227848,0.02367479100212222,2.1065910879951844,ok,247107.0,247107.0,8541.354567132868,1501.9809875894653,0.1723943589354923,2.39155427127232,2.9561846461448846,0.9906,5.999004948969591,15000,3344.0,11656.0,3,1,3.0,1.0,False,,0.25
GP_Matern52_PI_GATE_3T1S,Imperfection-aware,4,27,4,150,1,111,4,64529.0,697347,182578.0,0.7388621123642795,99.63864319838876,1.0,0.0,0.6756756756756757,19931.288288288288,0.0,0.759142643720014,0.12480133300050511,0.02291874999718857,2.254311170992878,ok,247107.0,247107.0,8529.574684028148,1484.4772281390794,0.19110322876482144,2.2941343016345557,2.9378416600547848,0.9902,5.9934396303052955,15000,3286.0,11714.0,3,1,3.0,1.0,False,,0.25
GP_Matern52_PI_GATE_3T1S,Imperfection-aware,4,28,4,150,1,115,4,64529.0,697347,182578.0,0.7388621123642795,99.63864319838876,1.0,0.0,0.6782608695652174,19539.869565217392,25331.0,0.8486914828469563,0.10870883300231071,0.024030708002101164,2.38705071199729,ok,247107.0,247107.0,8535.103675786455,1461.8821069448836,0.2217538798783999,2.0885186375426703,2.876704649557753,0.99,5.772479225943527,15000,3319.0,11681.0,3,1,3.0,1.0,False,,0.25
GP_Matern52_PI_GATE_3T1S,Imperfection-aware,4,29,4,150,1,119,4,64529.0,697347,182578.0,0.7388621123642795,99.63864319838876,1.0,0.0,0.680672268907563,19360.058823529413,19673.0,0.6059866088522128,0.21114520900300704,0.024808957998175174,2.623004878998472,ok,247107.0,247107.0,8515.50950741206,1453.7648850813055,0.23202443051116137,2.0385571689967046,2.8600978337955314,0.9894,5.686610404979276,15000,3387.0,11613.0,3,1,3.0,1.0,False,,0.25
GP_Matern52_PI_GATE_3T1S,Imperfection-aware,4,30,4,150,1,123,4,64529.0,697347,182578.0,0.7388621123642795,99.63864319838876,1.0,0.0,0.6829268292682927,19448.073170731706,41775.0,0.8350736851049035,0.21629912500065984,0.024988249999296386,2.8642922539984284,ok,247107.0,247107.0,8478.083499464154,1439.98495397656,0.2335516643156818,1.982222281654095,2.84388745113292,0.9878,5.605542779560944,15000,3335.0,11665.0,3,1,3.0,1.0,False,,0.25
GP_Matern52_PI_GATE_3T1S,Imperfection-aware,4,31,4,150,1,127,4,64529.0,697347,182578.0,0.7388621123642795,99.63864319838876,1.0,0.0,0.6850393700787402,19629.48031496063,40117.0,1.0260372632963821,0.15322366699911072,0.025890875000186497,3.0434067959977256,ok,247107.0,247107.0,8466.54540977096,1427.8691902932546,0.24038163195122583,1.9336110578664851,2.828390680298227,0.9866,5.52237019935251,15000,3385.0,11615.0,3,1,3.0,1.0,False,,0.25
GP_Matern52_PI_GATE_3T1S,Imperfection-aware,4,32,4,150,1,131,4,64529.0,697347,182578.0,0.7388621123642795,99.63864319838876,1.0,0.0,0.6870229007633588,19416.977099236643,26773.0,0.9395968560118151,0.12661699999807752,0.027923124998778803,3.197946920994582,ok,247107.0,247107.0,8468.069971489125,1423.2325884339548,0.2485899638426359,1.8804062107614639,2.8162763593428823,0.9852,5.4965351845388515,15000,3345.0,11655.0,3,1,3.0,1.0,False,,0.25
GP_Matern52_PI_GATE_3T1S,Imperfection-aware,4,33,4,150,1,135,4,64529.0,697347,182578.0,0.7388621123642795,99.63864319838876,1.0,0.0,0.6888888888888889,19774.348148148147,44285.0,0.7125767073120954,0.4805082909988414,0.029354999998759013,3.7078102119921823,ok,247107.0,247107.0,8458.580110613631,1416.6988681306993,0.2547495581894821,1.821234542273629,2.8048778289005285,0.9844,5.475691478097821,15000,3302.0,11698.0,3,1,3.0,1.0,False,,0.25
GP_Matern52_PI_GATE_3T1S,Imperfection-aware,4,34,4,150,1,139,4,64529.0,697347,182578.0,0.7388621123642795,99.63864319838876,1.0,0.0,0.697841726618705,19677.58273381295,38613.0,0.4898716399984964,0.4499794170005771,0.0301177090004785,4.187907337993238,ok,247107.0,247107.0,8432.524148907009,1408.7664050671574,0.2644764743546998,1.7705743131022897,2.795593267885314,0.9838,5.46113494797869,15000,3372.0,11628.0,3,1,3.0,1.0,False,,0.25
GP_Matern52_PI_GATE_3T1S,Imperfection-aware,4,35,4,150,1,143,4,64529.0,697347,182578.0,0.7388621123642795,99.63864319838876,1.0,0.0,0.6853146853146853,19187.671328671328,8653.0,0.4148792706663979,0.4817423749991576,0.030055708000872983,4.6997054209932685,ok,247107.0,247107.0,8423.791600837592,1407.2920327254244,0.26826492821491954,1.7478847080819564,2.7926396752812535,0.9824,5.443688700271107,15000,3313.0,11687.0,3,1,3.0,1.0,False,,0.25
GP_Matern52_PI_GATE_3T1S,Imperfection-aware,4,36,4,150,1,147,4,64529.0,697347,182578.0,0.7388621123642795,99.63864319838876,1.0,0.0,0.6870748299319728,19585.843537414967,50004.0,1.028773367553691,0.2767666250001639,0.03535650000048918,5.011828545993922,ok,247107.0,247107.0,8393.370363196718,1396.4358966431546,0.2849426698790647,1.7101554296639785,2.7682438433932095,0.982,5.296079108763678,15000,3479.0,11521.0,3,1,3.0,1.0,False,,0.25
GP_Matern52_PI_GATE_3T1S,Imperfection-aware,4,37,4,150,1,150,3,64529.0,697347,182578.0,0.7388621123642795,99.63864319838876,1.0,0.0,0.6866666666666666,19718.113333333335,39730.0,0.693396295322866,0.29394370899899513,0.03373233299862477,5.3395045879915415,ok,247107.0,247107.0,8245.134994273905,1366.4118953305665,0.31678501258477987,1.6622247382505433,2.752563656608495,0.9816,5.259293486802861,15000,3326.0,11674.0,2,1,2.0,1.0,False,,0.3333333333333333
