split_seed,method,method_label,round,n_initial_train,n_acquired,n_train_total,n_pool_remaining,n_test,catastrophic_threshold,n_catastrophic_errors,catastrophic_error_rate,mean_abs_log_error,median_abs_log_error,max_abs_log_error,rmse_log_error,signed_log_error_mean,gate_fallback_count
0,random,Random,0,15,0,15,40,40,1.0,17,0.425,2.2426986915213583,0.5437447202233532,10.729284487191537,4.003152670803008,-1.0173976070536264,0
0,random,Random,1,15,5,20,35,40,1.0,12,0.3,1.6584175292343095,0.3031032185346101,10.380994213509265,3.291414201381638,-0.2616352164559086,0
0,random,Random,2,15,10,25,30,40,1.0,9,0.225,1.621626576917571,0.3575293026410113,10.380994213509265,3.282866798209883,-0.1846508197947151,0
0,random,Random,3,15,15,30,25,40,1.0,13,0.325,1.639475385105073,0.3842177240562181,10.380994213509265,3.223990428491793,-0.3114626119101166,0
0,random,Random,4,15,20,35,20,40,1.0,11,0.275,1.3960242543511676,0.3505137164930287,10.380994213509265,2.9260163774297,-0.464639767715194,0
0,random,Random,5,15,25,40,15,40,1.0,9,0.225,1.3276130842925995,0.2460005830980778,10.793454842740768,3.03436093870685,-1.050398538168906,0
0,random,Random,6,15,30,45,10,40,1.0,10,0.25,1.5520683572473897,0.2494629324710784,10.793454842740768,3.2938180980859313,-1.2657147662456558,0
0,random,Random,7,15,35,50,5,40,1.0,11,0.275,1.553643455110818,0.2110339613859579,10.793454842740768,3.2950747037469466,-1.2419741395282942,0
0,random,Random,8,15,40,55,0,40,1.0,12,0.3,1.5534524226988196,0.2116429669525574,10.793454842740768,3.2931059753883396,-1.2127384817589224,0
0,gp_m52_pi,GP M52 + PI,0,15,0,15,40,40,1.0,17,0.425,2.2426986915213583,0.5437447202233532,10.729284487191537,4.003152670803008,-1.0173976070536264,0
0,gp_m52_pi,GP M52 + PI,1,15,5,20,35,40,1.0,14,0.35,1.995711149957966,0.4829786424386704,10.729284487191537,3.773101921564807,-1.159594562429503,0
0,gp_m52_pi,GP M52 + PI,2,15,10,25,30,40,1.0,11,0.275,1.6871192167282447,0.3570104629095914,10.380994213509265,3.377449452853219,-0.1195955366077805,0
0,gp_m52_pi,GP M52 + PI,3,15,15,30,25,40,1.0,8,0.2,1.4808531518882335,0.2688103373571993,10.793454842740768,3.2346448411851294,-0.3911126927358105,0
0,gp_m52_pi,GP M52 + PI,4,15,20,35,20,40,1.0,9,0.225,1.4801261304448716,0.2516241789152857,10.793454842740768,3.2291298562327344,-0.2925252099397412,0
0,gp_m52_pi,GP M52 + PI,5,15,25,40,15,40,1.0,9,0.225,1.436530775890411,0.1991560668104988,10.793454842740768,3.1463795312399983,-0.3968015051711586,0
0,gp_m52_pi,GP M52 + PI,6,15,30,45,10,40,1.0,11,0.275,1.435177078832034,0.2162774715129005,10.793454842740768,3.1034469375295317,-1.0481804531309098,0
0,gp_m52_pi,GP M52 + PI,7,15,35,50,5,40,1.0,10,0.25,1.4131609669001874,0.2004877830760394,10.793454842740768,3.0774665147323845,-0.9928738473202684,0
0,gp_m52_pi,GP M52 + PI,8,15,40,55,0,40,1.0,12,0.3,1.5534524226988196,0.2116429669525574,10.793454842740768,3.2931059753883396,-1.2127384817589224,0
0,gp_m52_ei,GP M52 + EI,0,15,0,15,40,40,1.0,17,0.425,2.2426986915213583,0.5437447202233532,10.729284487191537,4.003152670803008,-1.0173976070536264,0
0,gp_m52_ei,GP M52 + EI,1,15,5,20,35,40,1.0,14,0.35,1.9989880792622223,0.5015857147034941,10.856476588192956,3.8133794041678457,-1.1857957794595728,0
0,gp_m52_ei,GP M52 + EI,2,15,10,25,30,40,1.0,11,0.275,1.716121911575486,0.4048025319156787,10.793454842740768,3.460329340878737,-0.6994521863439846,0
0,gp_m52_ei,GP M52 + EI,3,15,15,30,25,40,1.0,12,0.3,1.7639218930974494,0.3466906846772248,10.793454842740768,3.522897024165109,-0.6577582920833924,0
0,gp_m52_ei,GP M52 + EI,4,15,20,35,20,40,1.0,14,0.35,2.327762929769592,0.2595371203650494,10.856476588192956,4.358889568378148,-1.9416030133353568,0
0,gp_m52_ei,GP M52 + EI,5,15,25,40,15,40,1.0,13,0.325,2.318388918432884,0.2243481301329382,10.856476588192956,4.372817691208516,-1.8973983480673628,0
0,gp_m52_ei,GP M52 + EI,6,15,30,45,10,40,1.0,11,0.275,1.6461732730937442,0.2611578606624523,10.793454842740768,3.384029813042255,-0.7244972452407703,0
0,gp_m52_ei,GP M52 + EI,7,15,35,50,5,40,1.0,9,0.225,1.4039189391211988,0.275623858141854,10.793454842740768,3.067542262009721,-0.9517031645440148,0
0,gp_m52_ei,GP M52 + EI,8,15,40,55,0,40,1.0,12,0.3,1.5534524226988196,0.2116429669525574,10.793454842740768,3.2931059753883396,-1.2127384817589224,0
0,pi_random_exploration,GP M52 PI + Random Exploration,0,15,0,15,40,40,1.0,17,0.425,2.2426986915213583,0.5437447202233532,10.729284487191537,4.003152670803008,-1.0173976070536264,0
0,pi_random_exploration,GP M52 PI + Random Exploration,1,15,5,20,35,40,1.0,13,0.325,2.1962457569258818,0.6513808113157511,10.793454842740768,4.078377299204432,-1.389562912747203,0
0,pi_random_exploration,GP M52 PI + Random Exploration,2,15,10,25,30,40,1.0,10,0.25,1.7046151692371634,0.4062712350936168,10.793454842740768,3.472547178783344,-0.6286902145146126,0
0,pi_random_exploration,GP M52 PI + Random Exploration,3,15,15,30,25,40,1.0,11,0.275,1.4801020165607244,0.3595472618595501,10.380994213509265,3.029272689782937,-0.4729816629151496,0
0,pi_random_exploration,GP M52 PI + Random Exploration,4,15,20,35,20,40,1.0,14,0.35,2.608652533727073,0.3946655326745292,11.953828499481324,4.739596754509613,-2.247709720535714,0
0,pi_random_exploration,GP M52 PI + Random Exploration,5,15,25,40,15,40,1.0,12,0.3,2.325036350163507,0.258036265023903,10.856476588192956,4.370680066621638,-1.9030919953284715,0
0,pi_random_exploration,GP M52 PI + Random Exploration,6,15,30,45,10,40,1.0,11,0.275,1.4390565674376057,0.2715291652015885,10.380994213509265,2.9550246228744115,-0.5307424024105364,0
0,pi_random_exploration,GP M52 PI + Random Exploration,7,15,35,50,5,40,1.0,9,0.225,1.192955412856561,0.2705658037886032,10.380994213509265,2.593242862565401,-0.7476006270048499,0
0,pi_random_exploration,GP M52 PI + Random Exploration,8,15,40,55,0,40,1.0,12,0.3,1.5534524226988196,0.2116429669525574,10.793454842740768,3.2931059753883396,-1.2127384817589224,0
0,pi_uncertainty,PI + Uncertainty,0,15,0,15,40,40,1.0,17,0.425,2.2426986915213583,0.5437447202233532,10.729284487191537,4.003152670803008,-1.0173976070536264,0
0,pi_uncertainty,PI + Uncertainty,1,15,5,20,35,40,1.0,15,0.375,1.982193452826984,0.5563689906175995,10.729284487191537,3.7337708795087594,-1.1659794384480515,0
0,pi_uncertainty,PI + Uncertainty,2,15,10,25,30,40,1.0,11,0.275,1.7108243502249494,0.3810824441505822,10.793454842740768,3.490607591434306,-0.645091174501332,0
0,pi_uncertainty,PI + Uncertainty,3,15,15,30,25,40,1.0,10,0.25,1.667927691650238,0.2802166349616817,10.793454842740768,3.4425769229499656,-0.6651400741809353,0
0,pi_uncertainty,PI + Uncertainty,4,15,20,35,20,40,1.0,13,0.325,2.1020468142757425,0.2509566321279521,10.856476588192956,3.943247908079606,-0.796419804562761,0
0,pi_uncertainty,PI + Uncertainty,5,15,25,40,15,40,1.0,11,0.275,1.4688845242149422,0.2107074945174227,10.380994213509265,3.0246735099092343,-0.5597657125041661,0
0,pi_uncertainty,PI + Uncertainty,6,15,30,45,10,40,1.0,13,0.325,1.8946020008510236,0.2112090582434556,10.856476588192956,3.828429932728123,-1.3938361000123285,0
0,pi_uncertainty,PI + Uncertainty,7,15,35,50,5,40,1.0,11,0.275,1.4441794421864187,0.2149246002679925,10.793454842740768,3.1214082698096695,-0.9540757425339106,0
0,pi_uncertainty,PI + Uncertainty,8,15,40,55,0,40,1.0,12,0.3,1.5534524226988196,0.2116429669525574,10.793454842740768,3.2931059753883396,-1.2127384817589224,0
0,imperfection_aware,Imperfection-aware,0,15,0,15,40,40,1.0,17,0.425,2.2426986915213583,0.5437447202233532,10.729284487191537,4.003152670803008,-1.0173976070536264,0
0,imperfection_aware,Imperfection-aware,1,15,5,20,35,40,1.0,14,0.35,2.1526746125146317,0.4263854384228436,10.729284487191537,3.9728325918980927,-0.9149352342086108,0
0,imperfection_aware,Imperfection-aware,2,15,10,25,30,40,1.0,14,0.35,2.147778598540723,0.5703673669287683,10.729284487191537,3.994809419918364,-0.7911357581325327,0
0,imperfection_aware,Imperfection-aware,3,15,15,30,25,40,1.0,11,0.275,1.4770583985916326,0.3116037026093661,10.380994213509265,3.0738914256813223,-0.0085581477796123,0
0,imperfection_aware,Imperfection-aware,4,15,20,35,20,40,1.0,11,0.275,1.649601939065238,0.2605529278996741,10.380994213509265,3.3678614085443965,-0.0609633720721727,0
0,imperfection_aware,Imperfection-aware,5,15,25,40,15,40,1.0,13,0.325,1.6591682001870691,0.3172135740560602,10.380994213509265,3.2931258370986005,-0.1743971652534153,0
0,imperfection_aware,Imperfection-aware,6,15,30,45,10,40,1.0,11,0.275,1.3919319376970922,0.2287594325365107,10.380994213509265,2.9533043013273934,-0.44949096996575,0
0,imperfection_aware,Imperfection-aware,7,15,35,50,5,40,1.0,12,0.3,1.5644772784739525,0.2535671463411377,10.380994213509265,3.2028588599993664,-0.7546531472278264,0
0,imperfection_aware,Imperfection-aware,8,15,40,55,0,40,1.0,12,0.3,1.5534524226988196,0.2116429669525574,10.793454842740768,3.2931059753883396,-1.2127384817589224,1
1,random,Random,0,15,0,15,40,40,1.0,20,0.5,3.5875638601888924,1.0069265381972443,11.344435804907066,5.50520596703289,-3.505945117283358,0
1,random,Random,1,15,5,20,35,40,1.0,16,0.4,2.921841630837924,0.7404925089107328,11.953828499481324,4.843876151469601,-2.8591173779144117,0
1,random,Random,2,15,10,25,30,40,1.0,16,0.4,2.570498767086531,0.3711456732190896,11.953828499481324,4.5733666647394795,-2.373806969087622,0
1,random,Random,3,15,15,30,25,40,1.0,14,0.35,2.425249992739274,0.2938104772285186,11.953828499481324,4.481886860468949,-2.0106173881182516,0
1,random,Random,4,15,20,35,20,40,1.0,15,0.375,2.674046218791665,0.2423050577867256,11.953828499481324,4.698059672686813,-2.3857192571002983,0
1,random,Random,5,15,25,40,15,40,1.0,16,0.4,2.605507910128214,0.2430361249119723,10.856476588192956,4.467707232968065,-2.426451720477254,0
1,random,Random,6,15,30,45,10,40,1.0,16,0.4,2.4694815929187843,0.2649237996192921,10.856476588192956,4.33076475532341,-2.186633646301618,0
1,random,Random,7,15,35,50,5,40,1.0,15,0.375,2.360564697084669,0.3465721373751478,10.856476588192956,4.224363034871537,-1.9406088283880845,0
1,random,Random,8,15,40,55,0,40,1.0,16,0.4,2.368029796127997,0.3632193199481186,10.856476588192956,4.226202505576361,-1.9333407148983972,0
1,gp_m52_pi,GP M52 + PI,0,15,0,15,40,40,1.0,20,0.5,3.5875638601888924,1.0069265381972443,11.344435804907066,5.50520596703289,-3.505945117283358,0
1,gp_m52_pi,GP M52 + PI,1,15,5,20,35,40,1.0,19,0.475,3.5306171499374828,0.8677155497754758,11.344435804907066,5.517303102968117,-3.3776901387372034,0
1,gp_m52_pi,GP M52 + PI,2,15,10,25,30,40,1.0,17,0.425,2.4763051580086453,0.7114555084001775,10.856476588192956,4.263083496146122,-2.215473094326024,0
1,gp_m52_pi,GP M52 + PI,3,15,15,30,25,40,1.0,16,0.4,2.213138532110984,0.5081317865612385,10.856476588192956,4.018714839211404,-1.8637440641824952,0
1,gp_m52_pi,GP M52 + PI,4,15,20,35,20,40,1.0,14,0.35,2.1980481723408736,0.268120337021986,10.856476588192956,4.026021561922697,-1.6806529970677098,0
1,gp_m52_pi,GP M52 + PI,5,15,25,40,15,40,1.0,16,0.4,2.643788982257401,0.3190835167350885,10.856476588192956,4.473331454961445,-2.3766417124802666,0
1,gp_m52_pi,GP M52 + PI,6,15,30,45,10,40,1.0,16,0.4,2.5024058530628155,0.3126355983711182,10.856476588192956,4.338474861471214,-2.1691449411933026,0
1,gp_m52_pi,GP M52 + PI,7,15,35,50,5,40,1.0,16,0.4,2.502227212159789,0.34095585428941,10.856476588192956,4.341453189352255,-2.1620799467294907,0
1,gp_m52_pi,GP M52 + PI,8,15,40,55,0,40,1.0,16,0.4,2.368029796127997,0.3632193199481186,10.856476588192956,4.226202505576361,-1.9333407148983972,0
1,gp_m52_ei,GP M52 + EI,0,15,0,15,40,40,1.0,20,0.5,3.5875638601888924,1.0069265381972443,11.344435804907066,5.50520596703289,-3.505945117283358,0
1,gp_m52_ei,GP M52 + EI,1,15,5,20,35,40,1.0,24,0.6,3.848727492327156,2.074854572961968,11.953828499481324,5.745244933834646,-3.6313202798587754,0
1,gp_m52_ei,GP M52 + EI,2,15,10,25,30,40,1.0,23,0.575,3.5517869608619903,1.650444234320572,11.344435804907066,5.416348241945399,-3.355761757457747,0
1,gp_m52_ei,GP M52 + EI,3,15,15,30,25,40,1.0,15,0.375,2.194621388703496,0.5621157437189028,10.856476588192956,4.002481469866443,-1.910273334678982,0
1,gp_m52_ei,GP M52 + EI,4,15,20,35,20,40,1.0,14,0.35,2.0841280374831506,0.3302952560537502,10.856476588192956,3.910921517514619,-1.5345841119116344,0
1,gp_m52_ei,GP M52 + EI,5,15,25,40,15,40,1.0,17,0.425,2.627800837923549,0.3234460118477589,10.856476588192956,4.469371887692309,-2.4320190177609327,0
1,gp_m52_ei,GP M52 + EI,6,15,30,45,10,40,1.0,16,0.4,2.475844821699462,0.3271703315176717,10.856476588192956,4.331925012201639,-2.2027248900240126,0
1,gp_m52_ei,GP M52 + EI,7,15,35,50,5,40,1.0,14,0.35,2.4845521675733715,0.349244401467355,10.856476588192956,4.333914498380214,-2.2022238382060126,0
1,gp_m52_ei,GP M52 + EI,8,15,40,55,0,40,1.0,16,0.4,2.368029796127997,0.3632193199481186,10.856476588192956,4.226202505576361,-1.9333407148983972,0
1,pi_random_exploration,GP M52 PI + Random Exploration,0,15,0,15,40,40,1.0,20,0.5,3.5875638601888924,1.0069265381972443,11.344435804907066,5.50520596703289,-3.505945117283358,0
1,pi_random_exploration,GP M52 PI + Random Exploration,1,15,5,20,35,40,1.0,21,0.525,3.5930170830465364,1.111656065780355,11.344435804907066,5.5308939940733906,-3.4244660249209447,0
1,pi_random_exploration,GP M52 PI + Random Exploration,2,15,10,25,30,40,1.0,22,0.55,3.7832900736422617,1.6562380545136413,11.953828499481324,5.728483383544018,-3.523574613430296,0
1,pi_random_exploration,GP M52 PI + Random Exploration,3,15,15,30,25,40,1.0,22,0.55,3.2566864283523955,1.1403430682029554,11.953828499481324,5.2445848683042815,-3.0132308194241406,0
1,pi_random_exploration,GP M52 PI + Random Exploration,4,15,20,35,20,40,1.0,15,0.375,2.207302959096983,0.3607862918579361,10.856476588192956,4.028286125295402,-1.77992937402296,0
1,pi_random_exploration,GP M52 PI + Random Exploration,5,15,25,40,15,40,1.0,14,0.35,2.194399637082447,0.3102544502979318,10.856476588192956,4.023565173203456,-1.7022998433501868,0
1,pi_random_exploration,GP M52 PI + Random Exploration,6,15,30,45,10,40,1.0,15,0.375,2.5063727193268384,0.3521804462743114,10.856476588192956,4.3428529307987045,-2.155087517092555,0
1,pi_random_exploration,GP M52 PI + Random Exploration,7,15,35,50,5,40,1.0,16,0.4,2.655116366854253,0.3538057139065085,10.856476588192956,4.4769267826751875,-2.3678968724765435,0
1,pi_random_exploration,GP M52 PI + Random Exploration,8,15,40,55,0,40,1.0,16,0.4,2.368029796127997,0.3632193199481186,10.856476588192956,4.226202505576361,-1.9333407148983972,0
1,pi_uncertainty,PI + Uncertainty,0,15,0,15,40,40,1.0,20,0.5,3.5875638601888924,1.0069265381972443,11.344435804907066,5.50520596703289,-3.505945117283358,0
1,pi_uncertainty,PI + Uncertainty,1,15,5,20,35,40,1.0,23,0.575,4.002418569121415,1.364035927035033,11.953828499481324,5.934176425623533,-3.921727271722594,0
1,pi_uncertainty,PI + Uncertainty,2,15,10,25,30,40,1.0,24,0.6,3.7790505688843425,1.4983481506255556,11.953828499481324,5.720397689980965,-3.5756573582248423,0
1,pi_uncertainty,PI + Uncertainty,3,15,15,30,25,40,1.0,25,0.625,3.8160551599333177,1.7076967151187263,11.953828499481324,5.729960920786794,-3.576719991004103,0
1,pi_uncertainty,PI + Uncertainty,4,15,20,35,20,40,1.0,18,0.45,2.317642608125503,0.8610620367076915,10.856476588192956,4.030710285255375,-1.9971777742767411,0
1,pi_uncertainty,PI + Uncertainty,5,15,25,40,15,40,1.0,15,0.375,2.481549923995201,0.404011372720733,10.856476588192956,4.333404165836637,-2.328933833539001,0
1,pi_uncertainty,PI + Uncertainty,6,15,30,45,10,40,1.0,16,0.4,2.5052823476573622,0.3899285946287065,10.856476588192956,4.336200376604093,-2.1755720306477095,0
1,pi_uncertainty,PI + Uncertainty,7,15,35,50,5,40,1.0,15,0.375,2.3776387108110972,0.3660717271885225,10.856476588192956,4.228483594613976,-1.9391411827524323,0
1,pi_uncertainty,PI + Uncertainty,8,15,40,55,0,40,1.0,16,0.4,2.368029796127997,0.3632193199481186,10.856476588192956,4.226202505576361,-1.9333407148983972,0
1,imperfection_aware,Imperfection-aware,0,15,0,15,40,40,1.0,20,0.5,3.5875638601888924,1.0069265381972443,11.344435804907066,5.50520596703289,-3.505945117283358,0
1,imperfection_aware,Imperfection-aware,1,15,5,20,35,40,1.0,20,0.5,3.3688998346829946,0.9512212871204366,11.344435804907066,5.374507809514153,-3.171890273209519,0
1,imperfection_aware,Imperfection-aware,2,15,10,25,30,40,1.0,19,0.475,3.158958463594158,0.9411825320091968,11.344435804907066,5.115669003135626,-2.9154789094980615,0
1,imperfection_aware,Imperfection-aware,3,15,15,30,25,40,1.0,16,0.4,2.52082448042984,0.3983666202550546,11.953828499481324,4.505805797782617,-2.07961163752381,0
1,imperfection_aware,Imperfection-aware,4,15,20,35,20,40,1.0,15,0.375,2.4860096836481693,0.2784936971334195,11.953828499481324,4.5008865171867,-1.9102518856172104,0
1,imperfection_aware,Imperfection-aware,5,15,25,40,15,40,1.0,16,0.4,2.7328486723981165,0.2747020906654986,11.953828499481324,4.717226445533244,-2.4278179051752593,0
1,imperfection_aware,Imperfection-aware,6,15,30,45,10,40,1.0,15,0.375,2.488889317942809,0.3188704375860176,10.856476588192956,4.3318226050394335,-2.194381763825787,0
1,imperfection_aware,Imperfection-aware,7,15,35,50,5,40,1.0,15,0.375,2.468969615410841,0.3710429040577772,10.856476588192956,4.322679669079724,-2.1387545639036354,0
1,imperfection_aware,Imperfection-aware,8,15,40,55,0,40,1.0,16,0.4,2.368029796127997,0.3632193199481186,10.856476588192956,4.226202505576361,-1.9333407148983972,1
10,random,Random,0,15,0,15,40,40,1.0,16,0.4,1.8329331091319505,0.802620469422739,9.392161803728454,3.2228065182817938,0.3656586174526038,0
10,random,Random,1,15,5,20,35,40,1.0,10,0.25,1.4483659675656635,0.4896366955242781,10.793454842740768,3.1162878195669834,0.1734607678031529,0
10,random,Random,2,15,10,25,30,40,1.0,10,0.25,1.1453196509552377,0.3716963107742517,9.58465875108751,2.454061847385802,0.2182059617147006,0
10,random,Random,3,15,15,30,25,40,1.0,8,0.2,1.0999974035037885,0.4069357330087912,9.380673689458073,2.345740226869923,0.2117431792462145,0
10,random,Random,4,15,20,35,20,40,1.0,13,0.325,1.566132397807387,0.3841063317952669,10.96348028065585,3.3353027999266165,-1.4438772297437934,0
10,random,Random,5,15,25,40,15,40,1.0,7,0.175,1.3118960271497009,0.1678644754903029,10.96348028065585,3.0602936661625715,-0.7252029991200263,0
10,random,Random,6,15,30,45,10,40,1.0,6,0.15,1.1292197899065546,0.2145880260875587,10.96348028065585,2.8005371295771044,-0.949951497962184,0
10,random,Random,7,15,35,50,5,40,1.0,5,0.125,0.8812331260290778,0.121999762100537,10.793454842740768,2.228423468903669,-0.725540416361128,0
10,random,Random,8,15,40,55,0,40,1.0,9,0.225,1.2875647978978304,0.2187970440062452,10.793454842740768,2.839088346242361,-0.2711701671081304,0
10,gp_m52_pi,GP M52 + PI,0,15,0,15,40,40,1.0,16,0.4,1.8329331091319505,0.802620469422739,9.392161803728454,3.2228065182817938,0.3656586174526038,0
10,gp_m52_pi,GP M52 + PI,1,15,5,20,35,40,1.0,12,0.3,1.6220212427928078,0.3852728953494297,10.167849819666293,3.2676723159337047,0.7622761987226359,0
10,gp_m52_pi,GP M52 + PI,2,15,10,25,30,40,1.0,10,0.25,1.6245569332587664,0.3803536577416508,10.253616115604826,3.301660715538981,0.8439120360024217,0
10,gp_m52_pi,GP M52 + PI,3,15,15,30,25,40,1.0,12,0.3,1.6311322474258874,0.329382359720535,10.354690552318148,3.278059229829185,0.8522722818580559,0
10,gp_m52_pi,GP M52 + PI,4,15,20,35,20,40,1.0,11,0.275,1.3989012527954665,0.2703481095145745,10.793454842740768,3.0378473244266297,0.0703435100405891,0
10,gp_m52_pi,GP M52 + PI,5,15,25,40,15,40,1.0,10,0.25,1.1654081258692213,0.1815844704053644,9.992001966066868,2.580093483392774,0.3535565431268813,0
10,gp_m52_pi,GP M52 + PI,6,15,30,45,10,40,1.0,9,0.225,1.2855066173127878,0.1858772874331,10.793454842740768,2.8961756064094075,0.089628929317363,0
10,gp_m52_pi,GP M52 + PI,7,15,35,50,5,40,1.0,10,0.25,1.415207214571646,0.2278480331342995,10.96348028065585,3.127535028122213,-0.7751583607576171,0
10,gp_m52_pi,GP M52 + PI,8,15,40,55,0,40,1.0,9,0.225,1.2875647978978304,0.2187970440062452,10.793454842740768,2.839088346242361,-0.2711701671081304,0
10,gp_m52_ei,GP M52 + EI,0,15,0,15,40,40,1.0,16,0.4,1.8329331091319505,0.802620469422739,9.392161803728454,3.2228065182817938,0.3656586174526038,0
10,gp_m52_ei,GP M52 + EI,1,15,5,20,35,40,1.0,10,0.25,1.6586231572837415,0.4400168204026968,10.201998282870225,3.3037868812659004,0.8981048337587731,0
10,gp_m52_ei,GP M52 + EI,2,15,10,25,30,40,1.0,11,0.275,1.6415983619033343,0.3793124106284811,10.249379569109392,3.368952884400315,0.8198073754328945,0
10,gp_m52_ei,GP M52 + EI,3,15,15,30,25,40,1.0,12,0.3,1.8068964295356011,0.3108813861525332,10.96348028065585,3.732575835903441,-1.0115362125759413,0
10,gp_m52_ei,GP M52 + EI,4,15,20,35,20,40,1.0,9,0.225,1.6976855239611528,0.2861609560888718,10.96348028065585,3.7303917975005465,-0.8756871995707431,0
10,gp_m52_ei,GP M52 + EI,5,15,25,40,15,40,1.0,10,0.25,1.9671412761478424,0.2903899224727295,10.96348028065585,3.9998702296383937,-0.9033085050711764,0
10,gp_m52_ei,GP M52 + EI,6,15,30,45,10,40,1.0,7,0.175,1.613668804751195,0.2935674177740299,10.96348028065585,3.6497873194570754,-0.8688328998587208,0
10,gp_m52_ei,GP M52 + EI,7,15,35,50,5,40,1.0,6,0.15,1.072258801387879,0.2308013601962324,10.793454842740768,2.556318916584611,-0.4296128009083776,0
10,gp_m52_ei,GP M52 + EI,8,15,40,55,0,40,1.0,9,0.225,1.2875647978978304,0.2187970440062452,10.793454842740768,2.839088346242361,-0.2711701671081304,0
10,pi_random_exploration,GP M52 PI + Random Exploration,0,15,0,15,40,40,1.0,16,0.4,1.8329331091319505,0.802620469422739,9.392161803728454,3.2228065182817938,0.3656586174526038,0
10,pi_random_exploration,GP M52 PI + Random Exploration,1,15,5,20,35,40,1.0,12,0.3,1.6722467695249208,0.4911186465351003,10.4255201430002,3.266769126841219,0.7095991053116331,0
10,pi_random_exploration,GP M52 PI + Random Exploration,2,15,10,25,30,40,1.0,11,0.275,1.660053241030432,0.5769762385283661,10.27539587711545,3.3964743900035868,0.8719179515892936,0
10,pi_random_exploration,GP M52 PI + Random Exploration,3,15,15,30,25,40,1.0,10,0.25,1.5539181326962503,0.3448945516391752,9.664913054191375,3.1988433403835956,0.8303136598982036,0
10,pi_random_exploration,GP M52 PI + Random Exploration,4,15,20,35,20,40,1.0,10,0.25,1.507228196875285,0.2880634234896924,9.967963571720492,3.168934275411502,0.7985900036130122,0
10,pi_random_exploration,GP M52 PI + Random Exploration,5,15,25,40,15,40,1.0,9,0.225,1.353815577478698,0.2233154070005012,10.793454842740768,3.0257985465304595,0.0621216589356202,0
10,pi_random_exploration,GP M52 PI + Random Exploration,6,15,30,45,10,40,1.0,8,0.2,1.2078804635858873,0.2575301635641507,10.793454842740768,2.7840289858807004,0.0600403571342135,0
10,pi_random_exploration,GP M52 PI + Random Exploration,7,15,35,50,5,40,1.0,7,0.175,1.166432768363787,0.1722156191618333,10.793454842740768,2.777614462385002,0.1015458913104268,0
10,pi_random_exploration,GP M52 PI + Random Exploration,8,15,40,55,0,40,1.0,9,0.225,1.2875647978978304,0.2187970440062452,10.793454842740768,2.839088346242361,-0.2711701671081304,0
10,pi_uncertainty,PI + Uncertainty,0,15,0,15,40,40,1.0,16,0.4,1.8329331091319505,0.802620469422739,9.392161803728454,3.2228065182817938,0.3656586174526038,0
10,pi_uncertainty,PI + Uncertainty,1,15,5,20,35,40,1.0,9,0.225,1.3859715979558227,0.4235197593611488,10.793454842740768,3.0317527050909603,0.2072680824123043,0
10,pi_uncertainty,PI + Uncertainty,2,15,10,25,30,40,1.0,10,0.25,0.926135131523423,0.1871949473959269,8.62604759632832,1.9053705254135112,-0.1185671613297499,0
10,pi_uncertainty,PI + Uncertainty,3,15,15,30,25,40,1.0,10,0.25,0.911644048322766,0.2874827314174855,9.11007795003779,1.9436432565325803,0.0029577204138903,0
10,pi_uncertainty,PI + Uncertainty,4,15,20,35,20,40,1.0,12,0.3,1.3939115076873847,0.2126111725116946,10.793454842740768,2.977663923227777,-0.0576264118307664,0
10,pi_uncertainty,PI + Uncertainty,5,15,25,40,15,40,1.0,9,0.225,1.3010119855135955,0.1657741593189268,10.793454842740768,2.982484588868819,0.1045715880559695,0
10,pi_uncertainty,PI + Uncertainty,6,15,30,45,10,40,1.0,9,0.225,1.2617209663350777,0.2437064029971631,10.793454842740768,2.810358695627886,0.0408692482153581,0
10,pi_uncertainty,PI + Uncertainty,7,15,35,50,5,40,1.0,9,0.225,1.2985455305076925,0.2265858981240338,10.793454842740768,2.907232523988825,0.0585191019572092,0
10,pi_uncertainty,PI + Uncertainty,8,15,40,55,0,40,1.0,9,0.225,1.2875647978978304,0.2187970440062452,10.793454842740768,2.839088346242361,-0.2711701671081304,0
10,imperfection_aware,Imperfection-aware,0,15,0,15,40,40,1.0,16,0.4,1.8329331091319505,0.802620469422739,9.392161803728454,3.2228065182817938,0.3656586174526038,0
10,imperfection_aware,Imperfection-aware,1,15,5,20,35,40,1.0,11,0.275,1.6764341206014202,0.5033275909296799,10.352682423505618,3.384103958453567,0.9468963306245708,0
10,imperfection_aware,Imperfection-aware,2,15,10,25,30,40,1.0,12,0.3,1.5861034842213049,0.3273814296806741,10.093570577723847,3.231147671981107,0.237510655755419,0
10,imperfection_aware,Imperfection-aware,3,15,15,30,25,40,1.0,12,0.3,2.056910671390978,0.5094536023361069,10.96348028065585,3.968352561872038,-0.20030225225386,0
10,imperfection_aware,Imperfection-aware,4,15,20,35,20,40,1.0,12,0.3,2.1557583139876315,0.3724583326034603,10.96348028065585,4.205043296751946,-0.5231368951378904,0
10,imperfection_aware,Imperfection-aware,5,15,25,40,15,40,1.0,11,0.275,1.7953825750876238,0.2719507521844422,10.96348028065585,3.856325645983555,-0.4875590217105697,0
10,imperfection_aware,Imperfection-aware,6,15,30,45,10,40,1.0,9,0.225,1.5450151166883856,0.2039691411765707,10.96348028065585,3.51782751198821,-0.909123551529745,0
10,imperfection_aware,Imperfection-aware,7,15,35,50,5,40,1.0,8,0.2,1.143834251042959,0.1716010708152566,10.793454842740768,2.639282641821256,-0.5106725311087581,1
10,imperfection_aware,Imperfection-aware,8,15,40,55,0,40,1.0,9,0.225,1.2875647978978304,0.2187970440062452,10.793454842740768,2.839088346242361,-0.2711701671081304,2
11,random,Random,0,15,0,15,40,40,1.0,23,0.575,2.786902529777825,1.3451167806417983,11.953828499481324,4.540182647155955,-2.6462576569229244,0
11,random,Random,1,15,5,20,35,40,1.0,19,0.475,2.2103681424915407,0.8046534509110703,10.856476588192956,3.777940780561116,-2.044136931737866,0
11,random,Random,2,15,10,25,30,40,1.0,18,0.45,1.964141218365472,0.8378012837933158,10.856476588192956,3.5445928117577057,-1.7623180828101184,0
11,random,Random,3,15,15,30,25,40,1.0,15,0.375,1.8687318440596432,0.5210901601744409,10.856476588192956,3.522081477324124,-1.6104146965114086,0
11,random,Random,4,15,20,35,20,40,1.0,15,0.375,2.273657385311497,0.5440779936662068,10.856476588192956,4.097835528650356,-2.0111835140361416,0
11,random,Random,5,15,25,40,15,40,1.0,15,0.375,1.864484965599564,0.4807007642875502,10.856476588192956,3.523840825240403,-1.6548859941302596,0
11,random,Random,6,15,30,45,10,40,1.0,16,0.4,1.894221865827913,0.5416172554085792,10.856476588192956,3.5343290095322577,-1.6472902765148014,0
11,random,Random,7,15,35,50,5,40,1.0,14,0.35,1.8653490329091245,0.4806913874599843,10.856476588192956,3.530938731384208,-1.584573282762176,0
11,random,Random,8,15,40,55,0,40,1.0,14,0.35,2.0305936420394,0.4881220796456906,10.856476588192956,3.7335571272505974,-1.8394754122192272,0
11,gp_m52_pi,GP M52 + PI,0,15,0,15,40,40,1.0,23,0.575,2.786902529777825,1.3451167806417983,11.953828499481324,4.540182647155955,-2.6462576569229244,0
11,gp_m52_pi,GP M52 + PI,1,15,5,20,35,40,1.0,17,0.425,2.5194175949296693,0.4226424946061344,11.953828499481324,4.487308629613311,-2.332944690410533,0
11,gp_m52_pi,GP M52 + PI,2,15,10,25,30,40,1.0,16,0.4,2.7005392439935023,0.6961126850722321,11.953828499481324,4.664201607837812,-2.098342791436267,0
11,gp_m52_pi,GP M52 + PI,3,15,15,30,25,40,1.0,17,0.425,2.698041745880323,0.7291108644457243,11.953828499481324,4.66443843090019,-2.0845354348190197,0
11,gp_m52_pi,GP M52 + PI,4,15,20,35,20,40,1.0,18,0.45,2.645840712306278,0.9446245355908314,11.953828499481324,4.511804758916964,-2.4797578740191852,0
11,gp_m52_pi,GP M52 + PI,5,15,25,40,15,40,1.0,15,0.375,2.4851553417801737,0.4389047565194728,11.953828499481324,4.4802860220842335,-2.2769066601212415,0
11,gp_m52_pi,GP M52 + PI,6,15,30,45,10,40,1.0,13,0.325,2.4461656044656883,0.3954240543561376,11.953828499481324,4.472642177531028,-2.193672407563234,0
11,gp_m52_pi,GP M52 + PI,7,15,35,50,5,40,1.0,15,0.375,1.8538125405190051,0.5081414329901737,10.856476588192956,3.5152797931330397,-1.6231293041785595,0
11,gp_m52_pi,GP M52 + PI,8,15,40,55,0,40,1.0,14,0.35,2.0305936420394,0.4881220796456906,10.856476588192956,3.7335571272505974,-1.8394754122192272,0
11,gp_m52_ei,GP M52 + EI,0,15,0,15,40,40,1.0,23,0.575,2.786902529777825,1.3451167806417983,11.953828499481324,4.540182647155955,-2.6462576569229244,0
11,gp_m52_ei,GP M52 + EI,1,15,5,20,35,40,1.0,22,0.55,2.7943699788364995,1.0717401939053048,11.953828499481324,4.683260491509549,-2.184160608619652,0
11,gp_m52_ei,GP M52 + EI,2,15,10,25,30,40,1.0,21,0.525,2.7531132626690153,1.080688675907968,11.953828499481324,4.5596278460472845,-2.5913474232642804,0
11,gp_m52_ei,GP M52 + EI,3,15,15,30,25,40,1.0,16,0.4,2.494723068787585,0.6422333809399143,11.953828499481324,4.480380546739351,-2.3122464621598544,0
11,gp_m52_ei,GP M52 + EI,4,15,20,35,20,40,1.0,16,0.4,1.8635635366581424,0.5920452048135116,10.856476588192956,3.5127194182819346,-1.6834098740576482,0
11,gp_m52_ei,GP M52 + EI,5,15,25,40,15,40,1.0,18,0.45,1.943206670748456,0.5628592037226214,10.856476588192956,3.5428447080962484,-1.7781557189713442,0
11,gp_m52_ei,GP M52 + EI,6,15,30,45,10,40,1.0,16,0.4,2.0752954170456435,0.5045029026285439,10.856476588192956,3.743554130004756,-1.8605460524482385,0
11,gp_m52_ei,GP M52 + EI,7,15,35,50,5,40,1.0,16,0.4,2.263983003093686,0.5214379910465903,10.856476588192956,3.9331037546444785,-2.1928768497865896,0
11,gp_m52_ei,GP M52 + EI,8,15,40,55,0,40,1.0,14,0.35,2.0305936420394,0.4881220796456906,10.856476588192956,3.7335571272505974,-1.8394754122192272,0
11,pi_random_exploration,GP M52 PI + Random Exploration,0,15,0,15,40,40,1.0,23,0.575,2.786902529777825,1.3451167806417983,11.953828499481324,4.540182647155955,-2.6462576569229244,0
11,pi_random_exploration,GP M52 PI + Random Exploration,1,15,5,20,35,40,1.0,18,0.45,2.5173560945131945,0.5385929989627121,11.953828499481324,4.485607908436677,-2.33352494017099,0
11,pi_random_exploration,GP M52 PI + Random Exploration,2,15,10,25,30,40,1.0,16,0.4,2.619564566485908,0.3981934172586641,11.953828499481324,4.661242879999379,-1.9534694963855557,0
11,pi_random_exploration,GP M52 PI + Random Exploration,3,15,15,30,25,40,1.0,14,0.35,2.4975762627820535,0.5732831485050545,11.953828499481324,4.481500371082339,-2.308672161365535,0
11,pi_random_exploration,GP M52 PI + Random Exploration,4,15,20,35,20,40,1.0,17,0.425,2.85352276957006,0.6505453925258076,11.953828499481324,4.852111639384806,-1.770243210580991,0
11,pi_random_exploration,GP M52 PI + Random Exploration,5,15,25,40,15,40,1.0,15,0.375,2.431495847774369,0.3789836172614755,11.953828499481324,4.467966885334295,-2.207914416391815,0
11,pi_random_exploration,GP M52 PI + Random Exploration,6,15,30,45,10,40,1.0,14,0.35,2.0618842524260343,0.6941632211859448,10.856476588192956,3.740170672197788,-1.8528627512380575,0
11,pi_random_exploration,GP M52 PI + Random Exploration,7,15,35,50,5,40,1.0,16,0.4,2.0379860031178554,0.4479729042309763,10.856476588192956,3.738111752680923,-1.7972471916840391,0
11,pi_random_exploration,GP M52 PI + Random Exploration,8,15,40,55,0,40,1.0,14,0.35,2.0305936420394,0.4881220796456906,10.856476588192956,3.7335571272505974,-1.8394754122192272,0
11,pi_uncertainty,PI + Uncertainty,0,15,0,15,40,40,1.0,23,0.575,2.786902529777825,1.3451167806417983,11.953828499481324,4.540182647155955,-2.6462576569229244,0
11,pi_uncertainty,PI + Uncertainty,1,15,5,20,35,40,1.0,18,0.45,2.515617019001155,0.9162080273647888,11.953828499481324,4.401199431364569,-2.2577054396221334,0
11,pi_uncertainty,PI + Uncertainty,2,15,10,25,30,40,1.0,20,0.5,2.809263601058075,0.9868406317952152,11.953828499481324,4.680988213450006,-2.233543730348926,0
11,pi_uncertainty,PI + Uncertainty,3,15,15,30,25,40,1.0,21,0.525,2.9813359388898992,1.0383377736712092,11.953828499481324,4.870697611338626,-2.8191231213300645,0
11,pi_uncertainty,PI + Uncertainty,4,15,20,35,20,40,1.0,19,0.475,2.7922362862140893,0.7357665761079879,11.953828499481324,4.809208604337203,-2.5872752526252163,0
11,pi_uncertainty,PI + Uncertainty,5,15,25,40,15,40,1.0,16,0.4,2.047500007937471,0.5355494999390373,10.856476588192956,3.73128522219947,-1.8925262095175583,0
11,pi_uncertainty,PI + Uncertainty,6,15,30,45,10,40,1.0,16,0.4,2.048450802333408,0.7442012490417333,10.856476588192956,3.735389531843472,-1.8566914442015336,0
11,pi_uncertainty,PI + Uncertainty,7,15,35,50,5,40,1.0,15,0.375,2.0219863203533417,0.40770253550341,10.856476588192956,3.7293736957171046,-1.8843895502600712,0
11,pi_uncertainty,PI + Uncertainty,8,15,40,55,0,40,1.0,14,0.35,2.0305936420394,0.4881220796456906,10.856476588192956,3.7335571272505974,-1.8394754122192272,0
11,imperfection_aware,Imperfection-aware,0,15,0,15,40,40,1.0,23,0.575,2.786902529777825,1.3451167806417983,11.953828499481324,4.540182647155955,-2.6462576569229244,0
11,imperfection_aware,Imperfection-aware,1,15,5,20,35,40,1.0,16,0.4,2.502704928501557,0.4772481116616847,11.953828499481324,4.480786067262535,-2.32597520315949,0
11,imperfection_aware,Imperfection-aware,2,15,10,25,30,40,1.0,15,0.375,2.4114366950802326,0.3378512429898768,11.953828499481324,4.462722150278753,-2.179470578817559,0
11,imperfection_aware,Imperfection-aware,3,15,15,30,25,40,1.0,14,0.35,2.439255352839508,0.3483155073428721,11.953828499481324,4.471156972503745,-2.161095348097611,0
11,imperfection_aware,Imperfection-aware,4,15,20,35,20,40,1.0,13,0.325,2.24857755761226,0.334124079711815,11.953828499481324,4.283435792700217,-1.9560677043914496,0
11,imperfection_aware,Imperfection-aware,5,15,25,40,15,40,1.0,13,0.325,2.246028914852958,0.2510978753653541,11.953828499481324,4.288648609224974,-1.9396268582856984,0
11,imperfection_aware,Imperfection-aware,6,15,30,45,10,40,1.0,14,0.35,2.27149261121953,0.2441196756487782,11.953828499481324,4.29520123470591,-1.966675998479161,0
11,imperfection_aware,Imperfection-aware,7,15,35,50,5,40,1.0,15,0.375,2.419722566413219,0.2681495281856119,11.953828499481324,4.464463914817757,-2.2021852853209163,1
11,imperfection_aware,Imperfection-aware,8,15,40,55,0,40,1.0,14,0.35,2.0305936420394,0.4881220796456906,10.856476588192956,3.7335571272505974,-1.8394754122192272,2
12,random,Random,0,15,0,15,40,40,1.0,33,0.825,7.049344501255463,9.421699020103762,12.41758076700908,8.47608768965388,-6.091665054960023,0
12,random,Random,1,15,5,20,35,40,1.0,28,0.7,4.8604213175245095,2.3708410070653243,12.41758076700908,6.794765117885788,-4.740038169523766,0
12,random,Random,2,15,10,25,30,40,1.0,28,0.7,4.4245242301414365,2.250066289445929,12.051008215026558,6.402072582410177,-4.271097996094497,0
12,random,Random,3,15,15,30,25,40,1.0,25,0.625,4.111125078345921,2.149868365741172,12.051008215026558,6.153831599428202,-3.9431840661337887,0
12,random,Random,4,15,20,35,20,40,1.0,19,0.475,2.0115590030534576,0.8847542909429524,11.953828499481324,3.5172499545375455,-1.8368560047156015,0
12,random,Random,5,15,25,40,15,40,1.0,16,0.4,1.6274153557137283,0.6100053633364713,10.729284487191537,2.933154381482675,-1.4120590305039231,0
12,random,Random,6,15,30,45,10,40,1.0,14,0.35,1.461119830787032,0.5643222024530754,10.729284487191537,2.751323990282674,-1.0771918878060895,0
12,random,Random,7,15,35,50,5,40,1.0,11,0.275,1.2057586269845466,0.2904764667408219,10.729284487191537,2.6595900012572047,-0.7616098572802418,0
12,random,Random,8,15,40,55,0,40,1.0,12,0.3,1.462262383701289,0.4951625232635619,10.793454842740768,3.1379244961561343,-1.029703864203484,0
12,gp_m52_pi,GP M52 + PI,0,15,0,15,40,40,1.0,33,0.825,7.049344501255463,9.421699020103762,12.41758076700908,8.47608768965388,-6.091665054960023,0
12,gp_m52_pi,GP M52 + PI,1,15,5,20,35,40,1.0,29,0.725,5.306927106394016,2.9552010764604155,12.41758076700908,7.071914286507436,-4.2914892992576466,0
12,gp_m52_pi,GP M52 + PI,2,15,10,25,30,40,1.0,24,0.6,3.3184697120520896,1.2969260947511856,11.521796005138416,5.157249128886783,-2.264465834110553,0
12,gp_m52_pi,GP M52 + PI,3,15,15,30,25,40,1.0,16,0.4,1.7002054089595129,0.5197753243544954,10.793454842740768,3.197783181806283,-1.3370023909883806,0
12,gp_m52_pi,GP M52 + PI,4,15,20,35,20,40,1.0,13,0.325,1.5285873988973664,0.4434642660628585,10.793454842740768,3.121190762217813,-1.1346173156170611,0
12,gp_m52_pi,GP M52 + PI,5,15,25,40,15,40,1.0,10,0.25,1.2741569144305094,0.4796532976753349,10.793454842740768,2.6809554744886506,-0.8398837732979162,0
12,gp_m52_pi,GP M52 + PI,6,15,30,45,10,40,1.0,8,0.2,0.8545706338374183,0.4845523529144628,8.100464891029363,1.6675695760897673,-0.4165393895425516,0
12,gp_m52_pi,GP M52 + PI,7,15,35,50,5,40,1.0,12,0.3,1.1553675396576597,0.4550014670406757,10.793454842740768,2.3879718432846886,-0.735855612501671,0
12,gp_m52_pi,GP M52 + PI,8,15,40,55,0,40,1.0,12,0.3,1.462262383701289,0.4951625232635619,10.793454842740768,3.1379244961561343,-1.029703864203484,0
12,gp_m52_ei,GP M52 + EI,0,15,0,15,40,40,1.0,33,0.825,7.049344501255463,9.421699020103762,12.41758076700908,8.47608768965388,-6.091665054960023,0
12,gp_m52_ei,GP M52 + EI,1,15,5,20,35,40,1.0,29,0.725,5.306927106394016,2.9552010764604155,12.41758076700908,7.071914286507436,-4.2914892992576466,0
12,gp_m52_ei,GP M52 + EI,2,15,10,25,30,40,1.0,28,0.7,4.560436711118811,2.5966668868894853,12.41758076700908,6.337726033295951,-3.49741039650054,0
12,gp_m52_ei,GP M52 + EI,3,15,15,30,25,40,1.0,19,0.475,2.537781300395097,0.722419644761179,10.793454842740768,4.37633663112078,-2.364001696864535,0
12,gp_m52_ei,GP M52 + EI,4,15,20,35,20,40,1.0,16,0.4,1.8192912282770335,0.5753297837173399,10.793454842740768,3.306621480191971,-1.64227019030491,0
12,gp_m52_ei,GP M52 + EI,5,15,25,40,15,40,1.0,11,0.275,1.2809922820681778,0.4984800521221295,10.793454842740768,2.6805142467134546,-0.8839535702746601,0
12,gp_m52_ei,GP M52 + EI,6,15,30,45,10,40,1.0,10,0.25,1.6471036743363032,0.504073635472797,10.793454842740768,3.3558424607666133,-0.8187447423568137,0
12,gp_m52_ei,GP M52 + EI,7,15,35,50,5,40,1.0,10,0.25,1.5813218503397817,0.5076981618664238,10.793454842740768,3.2643678287712534,-1.3009243418218683,0
12,gp_m52_ei,GP M52 + EI,8,15,40,55,0,40,1.0,12,0.3,1.462262383701289,0.4951625232635619,10.793454842740768,3.1379244961561343,-1.029703864203484,0
12,pi_random_exploration,GP M52 PI + Random Exploration,0,15,0,15,40,40,1.0,33,0.825,7.049344501255463,9.421699020103762,12.41758076700908,8.47608768965388,-6.091665054960023,0
12,pi_random_exploration,GP M52 PI + Random Exploration,1,15,5,20,35,40,1.0,30,0.75,5.3333656346867375,3.0767822675752545,12.41758076700908,7.0851405794192575,-4.306978627332379,0
12,pi_random_exploration,GP M52 PI + Random Exploration,2,15,10,25,30,40,1.0,22,0.55,3.92870090864222,1.9538699915291229,11.953828499481324,5.962959098396912,-3.7086646747499614,0
12,pi_random_exploration,GP M52 PI + Random Exploration,3,15,15,30,25,40,1.0,25,0.625,3.4914919324185996,1.915814024502496,12.41758076700908,5.263054833881621,-2.405748341993031,0
12,pi_random_exploration,GP M52 PI + Random Exploration,4,15,20,35,20,40,1.0,20,0.5,1.908889157799695,1.0159184210277132,10.920871708970337,3.4135814865760894,-1.6344435833441924,0
12,pi_random_exploration,GP M52 PI + Random Exploration,5,15,25,40,15,40,1.0,19,0.475,2.5249105614692615,0.9460252296439976,10.920871708970337,4.30731092708769,-1.8352238091407185,0
12,pi_random_exploration,GP M52 PI + Random Exploration,6,15,30,45,10,40,1.0,15,0.375,1.9067927769559152,0.5955032468736148,10.793454842740768,3.528205893015221,-1.213962139563932,0
12,pi_random_exploration,GP M52 PI + Random Exploration,7,15,35,50,5,40,1.0,10,0.25,1.3129670848221195,0.580089962117448,10.793454842740768,2.689617500736828,-0.875701818377603,0
12,pi_random_exploration,GP M52 PI + Random Exploration,8,15,40,55,0,40,1.0,12,0.3,1.462262383701289,0.4951625232635619,10.793454842740768,3.1379244961561343,-1.029703864203484,0
12,pi_uncertainty,PI + Uncertainty,0,15,0,15,40,40,1.0,33,0.825,7.049344501255463,9.421699020103762,12.41758076700908,8.47608768965388,-6.091665054960023,0
12,pi_uncertainty,PI + Uncertainty,1,15,5,20,35,40,1.0,30,0.75,5.486569574759446,3.0352444058558756,12.41758076700908,7.251809357245887,-4.537607575320285,0
12,pi_uncertainty,PI + Uncertainty,2,15,10,25,30,40,1.0,27,0.675,4.37657009535086,1.868603217048673,11.953828499481324,6.241620533408826,-3.4184014435983983,0
12,pi_uncertainty,PI + Uncertainty,3,15,15,30,25,40,1.0,20,0.5,2.935987229029658,0.9875185293468718,11.521796005138416,4.803366831750385,-2.7589863798091345,0
12,pi_uncertainty,PI + Uncertainty,4,15,20,35,20,40,1.0,15,0.375,1.816407753813777,0.6305120397123369,10.793454842740768,3.336773966469917,-1.5713792908005495,0
12,pi_uncertainty,PI + Uncertainty,5,15,25,40,15,40,1.0,11,0.275,1.521929240359589,0.5082271612826768,10.793454842740768,3.126735675321787,-1.1178565661623103,0
12,pi_uncertainty,PI + Uncertainty,6,15,30,45,10,40,1.0,11,0.275,0.8818324590542523,0.5202302205937412,8.100464891029363,1.6763817451044534,-0.4452036254800583,0
12,pi_uncertainty,PI + Uncertainty,7,15,35,50,5,40,1.0,13,0.325,1.1576148529246226,0.36962698142134,10.793454842740768,2.401300519378572,-0.6935904454032118,0
12,pi_uncertainty,PI + Uncertainty,8,15,40,55,0,40,1.0,12,0.3,1.462262383701289,0.4951625232635619,10.793454842740768,3.1379244961561343,-1.029703864203484,0
12,imperfection_aware,Imperfection-aware,0,15,0,15,40,40,1.0,33,0.825,7.049344501255463,9.421699020103762,12.41758076700908,8.47608768965388,-6.091665054960023,0
12,imperfection_aware,Imperfection-aware,1,15,5,20,35,40,1.0,27,0.675,4.90204749353625,2.6956362320856555,11.953828499481324,6.745627219921639,-3.858639956812485,0
12,imperfection_aware,Imperfection-aware,2,15,10,25,30,40,1.0,22,0.55,3.9199228632708953,1.3714019736664431,11.953828499481324,5.942084022589173,-2.8640099105181025,0
12,imperfection_aware,Imperfection-aware,3,15,15,30,25,40,1.0,15,0.375,1.611230804901161,0.50172461871301,10.793454842740768,3.1676722083173785,-1.262437087286413,0
12,imperfection_aware,Imperfection-aware,4,15,20,35,20,40,1.0,11,0.275,1.5489048234802438,0.4863733345857568,10.793454842740768,3.144046250177571,-1.1374764148527716,0
12,imperfection_aware,Imperfection-aware,5,15,25,40,15,40,1.0,12,0.3,1.6498830448954735,0.4831603582055299,10.793454842740768,3.2662590936897975,-1.3726513337909585,0
12,imperfection_aware,Imperfection-aware,6,15,30,45,10,40,1.0,14,0.35,1.9153687559450705,0.5810057642300999,10.793454842740768,3.684404898877645,-1.6544846266536326,1
12,imperfection_aware,Imperfection-aware,7,15,35,50,5,40,1.0,9,0.225,1.7493950376314211,0.4264380599021509,11.953828499481324,3.678557326023141,-1.0949935699993378,2
12,imperfection_aware,Imperfection-aware,8,15,40,55,0,40,1.0,12,0.3,1.462262383701289,0.4951625232635619,10.793454842740768,3.1379244961561343,-1.029703864203484,3
13,random,Random,0,15,0,15,40,40,1.0,25,0.625,2.068469906314848,1.2915153984830647,10.64742289992818,3.299277234892853,-0.4853183889201544,0
13,random,Random,1,15,5,20,35,40,1.0,26,0.65,3.4257251926981747,1.723798261326125,11.953828499481324,5.123884452445696,-1.68973400373864,0
13,random,Random,2,15,10,25,30,40,1.0,19,0.475,2.495771562537749,0.9378423545798772,10.856476588192956,4.19299924414238,-0.8871022275541727,0
13,random,Random,3,15,15,30,25,40,1.0,20,0.5,2.9412483168471693,1.0020441935493372,10.932142218780436,4.796035363166482,0.2317915497949156,0
13,random,Random,4,15,20,35,20,40,1.0,18,0.45,2.875494294669908,0.346393972097009,10.856476588192956,4.770045185509805,0.3723451983221644,0
13,random,Random,5,15,25,40,15,40,1.0,15,0.375,1.437220155844784,0.2136007058711237,10.64742289992818,2.876251449918562,-0.7992900562567794,0
13,random,Random,6,15,30,45,10,40,1.0,15,0.375,1.4084943952528624,0.1985857054848949,10.64742289992818,2.810332957163893,-0.8075775447068526,0
13,random,Random,7,15,35,50,5,40,1.0,13,0.325,1.5839055585772277,0.2271161122285692,10.856476588192956,3.2509473646152047,-0.9498433871055432,0
13,random,Random,8,15,40,55,0,40,1.0,11,0.275,1.217484142789063,0.2362439800569626,10.64742289992818,2.5295107161269113,-0.4575544115965899,0
13,gp_m52_pi,GP M52 + PI,0,15,0,15,40,40,1.0,25,0.625,2.068469906314848,1.2915153984830647,10.64742289992818,3.299277234892853,-0.4853183889201544,0
13,gp_m52_pi,GP M52 + PI,1,15,5,20,35,40,1.0,18,0.45,1.82764171606048,0.4929800638081651,10.64742289992818,3.296668988827207,-0.0052048914979867,0
13,gp_m52_pi,GP M52 + PI,2,15,10,25,30,40,1.0,20,0.5,3.1832468263979883,1.0656521843071047,11.953828499481324,5.019299123022189,-0.8964136709578436,0
13,gp_m52_pi,GP M52 + PI,3,15,15,30,25,40,1.0,21,0.525,3.1879400958853266,1.1862403808023938,11.953828499481324,5.044505801800044,-0.2047958758146528,0
13,gp_m52_pi,GP M52 + PI,4,15,20,35,20,40,1.0,15,0.375,1.667509695538127,0.3162465901132263,10.856476588192956,3.327330054118125,-1.0847564691435547,0
13,gp_m52_pi,GP M52 + PI,5,15,25,40,15,40,1.0,14,0.35,1.6480554506773015,0.2472831896005134,10.856476588192956,3.331529638040281,-1.0028749090764475,0
13,gp_m52_pi,GP M52 + PI,6,15,30,45,10,40,1.0,15,0.375,1.6272466185732903,0.2017714898141411,10.856476588192956,3.3283577046427237,-0.960355744708432,0
13,gp_m52_pi,GP M52 + PI,7,15,35,50,5,40,1.0,14,0.35,1.5800497698030158,0.1641448834672951,10.856476588192956,3.2527606416719475,-0.9091056021071722,0
13,gp_m52_pi,GP M52 + PI,8,15,40,55,0,40,1.0,11,0.275,1.217484142789063,0.2362439800569626,10.64742289992818,2.5295107161269113,-0.4575544115965899,0
13,gp_m52_ei,GP M52 + EI,0,15,0,15,40,40,1.0,25,0.625,2.068469906314848,1.2915153984830647,10.64742289992818,3.299277234892853,-0.4853183889201544,0
13,gp_m52_ei,GP M52 + EI,1,15,5,20,35,40,1.0,22,0.55,2.6291275002720047,1.3794195202947348,10.64742289992818,4.177949760253405,0.5386374964610259,0
13,gp_m52_ei,GP M52 + EI,2,15,10,25,30,40,1.0,21,0.525,4.348198127045608,1.321790354726443,11.953828499481324,6.213646265731895,-1.5607888257110665,0
13,gp_m52_ei,GP M52 + EI,3,15,15,30,25,40,1.0,21,0.525,2.856778175593526,1.1684746695589283,11.344435804907066,4.6038041754070465,0.2393676131106992,0
13,gp_m52_ei,GP M52 + EI,4,15,20,35,20,40,1.0,19,0.475,2.5596086546596837,0.8587300216553118,10.64742289992818,4.214825158030763,0.5235765747402307,0
13,gp_m52_ei,GP M52 + EI,5,15,25,40,15,40,1.0,18,0.45,2.503731219378345,0.375303379206179,10.73382816227228,4.338726436049426,0.8232260901145241,0
13,gp_m52_ei,GP M52 + EI,6,15,30,45,10,40,1.0,15,0.375,1.652178077854034,0.255409077503355,10.856476588192956,3.3202227346386106,-0.9866063563779884,0
13,gp_m52_ei,GP M52 + EI,7,15,35,50,5,40,1.0,15,0.375,1.3978928283138703,0.1536260502549513,10.64742289992818,2.8047289825510164,-0.7718127712673905,0
13,gp_m52_ei,GP M52 + EI,8,15,40,55,0,40,1.0,11,0.275,1.217484142789063,0.2362439800569626,10.64742289992818,2.5295107161269113,-0.4575544115965899,0
13,pi_random_exploration,GP M52 PI + Random Exploration,0,15,0,15,40,40,1.0,25,0.625,2.068469906314848,1.2915153984830647,10.64742289992818,3.299277234892853,-0.4853183889201544,0
13,pi_random_exploration,GP M52 PI + Random Exploration,1,15,5,20,35,40,1.0,18,0.45,2.1491588179566543,0.592409477635524,11.00730294820242,3.781791669490326,-1.7956657954683073,0
13,pi_random_exploration,GP M52 PI + Random Exploration,2,15,10,25,30,40,1.0,14,0.35,1.6369045296803797,0.1762625975617906,10.793454842740768,3.254852088149217,-1.2119264014652658,0
13,pi_random_exploration,GP M52 PI + Random Exploration,3,15,15,30,25,40,1.0,15,0.375,2.020370235372022,0.2275833905811461,10.856476588192956,3.897979687133284,-1.706013782931312,0
13,pi_random_exploration,GP M52 PI + Random Exploration,4,15,20,35,20,40,1.0,16,0.4,2.3348640897545017,0.2237593833750724,10.856476588192956,4.2213616306039805,-2.1665556635686216,0
13,pi_random_exploration,GP M52 PI + Random Exploration,5,15,25,40,15,40,1.0,13,0.325,2.0166697802722253,0.2413067033540867,10.856476588192956,3.8960743223257257,-1.7235655778745569,0
13,pi_random_exploration,GP M52 PI + Random Exploration,6,15,30,45,10,40,1.0,14,0.35,2.0166196090031514,0.2713713127369823,10.856476588192956,3.896992102728852,-1.6899306079628853,0
13,pi_random_exploration,GP M52 PI + Random Exploration,7,15,35,50,5,40,1.0,12,0.3,1.480508522902026,0.2434864539827614,10.856476588192956,3.106218047800289,-0.9756546776680276,0
13,pi_random_exploration,GP M52 PI + Random Exploration,8,15,40,55,0,40,1.0,11,0.275,1.217484142789063,0.2362439800569626,10.64742289992818,2.5295107161269113,-0.4575544115965899,0
13,pi_uncertainty,PI + Uncertainty,0,15,0,15,40,40,1.0,25,0.625,2.068469906314848,1.2915153984830647,10.64742289992818,3.299277234892853,-0.4853183889201544,0
13,pi_uncertainty,PI + Uncertainty,1,15,5,20,35,40,1.0,20,0.5,2.73270320895953,1.0055354545276431,10.856476588192956,4.434209076069844,0.2213814200913155,0
13,pi_uncertainty,PI + Uncertainty,2,15,10,25,30,40,1.0,19,0.475,3.355640004298172,0.7761086715628709,11.953828499481324,5.279248831882539,-1.0461745649337726,0
13,pi_uncertainty,PI + Uncertainty,3,15,15,30,25,40,1.0,19,0.475,3.1689051679305176,0.7916723111005135,10.856476588192956,5.093277106357189,-0.0506611066012272,0
13,pi_uncertainty,PI + Uncertainty,4,15,20,35,20,40,1.0,17,0.425,2.472552270504321,0.525348244465123,10.64742289992818,4.242951672363913,0.769355218898046,0
13,pi_uncertainty,PI + Uncertainty,5,15,25,40,15,40,1.0,15,0.375,1.655633474211708,0.201312164577053,10.856476588192956,3.3314461212553335,-1.0861450061169118,0
13,pi_uncertainty,PI + Uncertainty,6,15,30,45,10,40,1.0,13,0.325,1.7054157844265656,0.2268545930550694,10.856476588192956,3.4148690515393794,-1.2076899324795,0
13,pi_uncertainty,PI + Uncertainty,7,15,35,50,5,40,1.0,15,0.375,1.8432318785333024,0.267500919046217,10.64742289992818,3.4850074136614633,-0.2660216417019338,0
13,pi_uncertainty,PI + Uncertainty,8,15,40,55,0,40,1.0,11,0.275,1.217484142789063,0.2362439800569626,10.64742289992818,2.5295107161269113,-0.4575544115965899,0
13,imperfection_aware,Imperfection-aware,0,15,0,15,40,40,1.0,25,0.625,2.068469906314848,1.2915153984830647,10.64742289992818,3.299277234892853,-0.4853183889201544,0
13,imperfection_aware,Imperfection-aware,1,15,5,20,35,40,1.0,17,0.425,1.9186189540353664,0.8242666106457017,10.64742289992818,3.30771541363436,-0.1608545727219215,0
13,imperfection_aware,Imperfection-aware,2,15,10,25,30,40,1.0,19,0.475,2.92805264353066,0.5130926754482434,11.953828499481324,4.835995559288224,-1.091991126009649,0
13,imperfection_aware,Imperfection-aware,3,15,15,30,25,40,1.0,19,0.475,3.367069861957087,0.7630227600653496,11.953828499481324,5.312162481523983,-0.4375082189073951,0
13,imperfection_aware,Imperfection-aware,4,15,20,35,20,40,1.0,13,0.325,2.101827273871452,0.2921062328313537,10.856476588192956,4.017756253173377,-1.833792433339699,0
13,imperfection_aware,Imperfection-aware,5,15,25,40,15,40,1.0,14,0.35,1.9858890624415655,0.2475837387496726,10.856476588192956,3.8906139804943582,-1.7058639431560436,0
13,imperfection_aware,Imperfection-aware,6,15,30,45,10,40,1.0,14,0.35,1.9256576809499224,0.3081207342801582,10.856476588192956,3.794617750923971,-1.4820942743434689,0
13,imperfection_aware,Imperfection-aware,7,15,35,50,5,40,1.0,13,0.325,1.640071538155738,0.3313213648165636,10.856476588192956,3.316762284912847,-0.9549146144264616,1
13,imperfection_aware,Imperfection-aware,8,15,40,55,0,40,1.0,11,0.275,1.217484142789063,0.2362439800569626,10.64742289992818,2.5295107161269113,-0.4575544115965899,2
14,random,Random,0,15,0,15,40,40,1.0,27,0.675,4.884585977018192,2.3580863497634157,11.553894648657629,6.774395369553304,-4.8144762069987905,0
14,random,Random,1,15,5,20,35,40,1.0,26,0.65,3.605558554059423,1.659321557500002,11.593417302539065,5.420642966783938,-3.5771167768418644,0
14,random,Random,2,15,10,25,30,40,1.0,28,0.7,3.728511772638131,1.9980029347372747,11.593417302539065,5.488002942540839,-3.728511772638131,0
14,random,Random,3,15,15,30,25,40,1.0,20,0.5,2.4525969739234887,1.0194568739840442,11.00730294820242,4.178072001773776,-2.430195928098617,0
14,random,Random,4,15,20,35,20,40,1.0,19,0.475,2.3876349416618554,0.8777425902760969,11.00730294820242,4.16774552630088,-2.3867379982192416,0
14,random,Random,5,15,25,40,15,40,1.0,15,0.375,2.046723465860605,0.567799768736645,11.00730294820242,3.7750406715644256,-2.0333745230848534,0
14,random,Random,6,15,30,45,10,40,1.0,14,0.35,1.5416619114233,0.282505392254345,8.423761246623686,2.915697741635144,-1.4705466831841727,0
14,random,Random,7,15,35,50,5,40,1.0,14,0.35,1.9852440909852092,0.2679930845233986,11.00730294820242,3.7691900409767487,-1.8771445104578024,0
14,random,Random,8,15,40,55,0,40,1.0,14,0.35,1.76965334883062,0.362381164674205,10.793454842740768,3.3516826032462053,-1.518108227326045,0
14,gp_m52_pi,GP M52 + PI,0,15,0,15,40,40,1.0,27,0.675,4.884585977018192,2.3580863497634157,11.553894648657629,6.774395369553304,-4.8144762069987905,0
14,gp_m52_pi,GP M52 + PI,1,15,5,20,35,40,1.0,26,0.65,5.225272684641736,3.983711844535726,11.593417302539065,7.101361290275851,-5.2098523048305285,0
14,gp_m52_pi,GP M52 + PI,2,15,10,25,30,40,1.0,20,0.5,3.330797405533665,1.0416046588982164,11.521796005138416,5.341908028914907,-3.2966084972216207,0
14,gp_m52_pi,GP M52 + PI,3,15,15,30,25,40,1.0,18,0.45,2.619580382309316,0.6953321461224817,11.00730294820242,4.40220828938776,-2.5889368007389706,0
14,gp_m52_pi,GP M52 + PI,4,15,20,35,20,40,1.0,15,0.375,1.90150342301122,0.5889817537321269,10.793454842740768,3.3912762110846444,-1.8584699010418095,0
14,gp_m52_pi,GP M52 + PI,5,15,25,40,15,40,1.0,13,0.325,2.0533956995898555,0.6542826466865126,11.593417302539065,3.8032160669932384,-2.012157579965689,0
14,gp_m52_pi,GP M52 + PI,6,15,30,45,10,40,1.0,12,0.3,2.0218825336038644,0.5225102701962943,11.593417302539065,3.799763732086911,-1.984798549040776,0
14,gp_m52_pi,GP M52 + PI,7,15,35,50,5,40,1.0,14,0.35,2.0853754978018353,0.5308889811841979,11.00730294820242,3.7958839471884698,-1.9731464652701276,0
14,gp_m52_pi,GP M52 + PI,8,15,40,55,0,40,1.0,14,0.35,1.76965334883062,0.362381164674205,10.793454842740768,3.3516826032462053,-1.518108227326045,0
14,gp_m52_ei,GP M52 + EI,0,15,0,15,40,40,1.0,27,0.675,4.884585977018192,2.3580863497634157,11.553894648657629,6.774395369553304,-4.8144762069987905,0
14,gp_m52_ei,GP M52 + EI,1,15,5,20,35,40,1.0,30,0.75,4.471203380243111,2.1634519919004065,11.593417302539065,6.213336072465682,-4.471203380243111,0
14,gp_m52_ei,GP M52 + EI,2,15,10,25,30,40,1.0,24,0.6,4.191776247315518,1.6167412753108028,11.593417302539065,6.080907060375871,-4.186505481271684,0
14,gp_m52_ei,GP M52 + EI,3,15,15,30,25,40,1.0,23,0.575,3.467190859801476,1.3608351649444392,11.593417302539065,5.334264103560351,-3.4441228163101982,0
14,gp_m52_ei,GP M52 + EI,4,15,20,35,20,40,1.0,23,0.575,3.2004200180510596,1.317314309307867,11.593417302539065,5.038768120980434,-3.181173148094916,0
14,gp_m52_ei,GP M52 + EI,5,15,25,40,15,40,1.0,16,0.4,2.60296007250685,0.5804601619744538,11.593417302539065,4.533787602764797,-2.584071501782179,0
14,gp_m52_ei,GP M52 + EI,6,15,30,45,10,40,1.0,11,0.275,1.9745529391971552,0.5399806771889173,11.593417302539065,3.796077932912447,-1.94026480283516,0
14,gp_m52_ei,GP M52 + EI,7,15,35,50,5,40,1.0,15,0.375,2.284700016074667,0.4628546767674848,11.593417302539065,4.195561785720969,-2.213493617680044,0
14,gp_m52_ei,GP M52 + EI,8,15,40,55,0,40,1.0,14,0.35,1.76965334883062,0.362381164674205,10.793454842740768,3.3516826032462053,-1.518108227326045,0
14,pi_random_exploration,GP M52 PI + Random Exploration,0,15,0,15,40,40,1.0,27,0.675,4.884585977018192,2.3580863497634157,11.553894648657629,6.774395369553304,-4.8144762069987905,0
14,pi_random_exploration,GP M52 PI + Random Exploration,1,15,5,20,35,40,1.0,22,0.55,3.4261243182888266,1.4337038786021008,11.023632996416657,5.377720949576209,-3.4100912148953726,0
14,pi_random_exploration,GP M52 PI + Random Exploration,2,15,10,25,30,40,1.0,18,0.45,2.652089709529252,0.699858521583133,11.00730294820242,4.478032720260579,-2.529217865715914,0
14,pi_random_exploration,GP M52 PI + Random Exploration,3,15,15,30,25,40,1.0,17,0.425,3.0187168206000563,0.6314893506711767,11.593417302539065,5.035618403579503,-2.978113524019004,0
14,pi_random_exploration,GP M52 PI + Random Exploration,4,15,20,35,20,40,1.0,17,0.425,2.7621751600248503,0.6204027077281413,11.593417302539065,4.73129597070068,-2.6608791965184366,0
14,pi_random_exploration,GP M52 PI + Random Exploration,5,15,25,40,15,40,1.0,18,0.45,3.064763750279687,0.6629517099910682,11.593417302539065,5.042151798514125,-2.978426137314561,0
14,pi_random_exploration,GP M52 PI + Random Exploration,6,15,30,45,10,40,1.0,15,0.375,2.931616929194818,0.431641571449215,11.593417302539065,5.018731455311115,-2.865445327213228,0
14,pi_random_exploration,GP M52 PI + Random Exploration,7,15,35,50,5,40,1.0,12,0.3,2.2100178320082207,0.2958635607185105,11.593417302539065,4.168174085021379,-2.035634019812565,0
14,pi_random_exploration,GP M52 PI + Random Exploration,8,15,40,55,0,40,1.0,14,0.35,1.76965334883062,0.362381164674205,10.793454842740768,3.3516826032462053,-1.518108227326045,0
14,pi_uncertainty,PI + Uncertainty,0,15,0,15,40,40,1.0,27,0.675,4.884585977018192,2.3580863497634157,11.553894648657629,6.774395369553304,-4.8144762069987905,0
14,pi_uncertainty,PI + Uncertainty,1,15,5,20,35,40,1.0,23,0.575,4.0486191639079365,1.9532400098865352,11.553894648657629,5.961028432844966,-4.044408138604969,0
14,pi_uncertainty,PI + Uncertainty,2,15,10,25,30,40,1.0,22,0.55,3.382015442808875,1.2970129672923258,11.00730294820242,5.252703494973638,-3.382015442808875,0
14,pi_uncertainty,PI + Uncertainty,3,15,15,30,25,40,1.0,18,0.45,3.02590283482641,0.7472490100056621,11.00730294820242,4.977391396470452,-2.995124843660193,0
14,pi_uncertainty,PI + Uncertainty,4,15,20,35,20,40,1.0,14,0.35,1.8629403626806256,0.5366658028538875,10.793454842740768,3.3776335829598616,-1.8186571592877832,0
14,pi_uncertainty,PI + Uncertainty,5,15,25,40,15,40,1.0,10,0.25,1.3464640611459386,0.2064347987228467,8.423761246623686,2.749853586543911,-1.174091070584505,0
14,pi_uncertainty,PI + Uncertainty,6,15,30,45,10,40,1.0,14,0.35,2.003133111587083,0.3607204412161957,11.593417302539065,3.8085448398077686,-1.9570171196441273,0
14,pi_uncertainty,PI + Uncertainty,7,15,35,50,5,40,1.0,14,0.35,2.0853754978018353,0.5308889811841979,11.00730294820242,3.7958839471884698,-1.9731464652701276,0
14,pi_uncertainty,PI + Uncertainty,8,15,40,55,0,40,1.0,14,0.35,1.76965334883062,0.362381164674205,10.793454842740768,3.3516826032462053,-1.518108227326045,0
14,imperfection_aware,Imperfection-aware,0,15,0,15,40,40,1.0,27,0.675,4.884585977018192,2.3580863497634157,11.553894648657629,6.774395369553304,-4.8144762069987905,0
14,imperfection_aware,Imperfection-aware,1,15,5,20,35,40,1.0,25,0.625,4.305404773546703,1.8097363265331057,11.553894648657629,6.212902467598422,-4.305404773546703,0
14,imperfection_aware,Imperfection-aware,2,15,10,25,30,40,1.0,19,0.475,2.6695209984012656,0.8826305750613246,11.00730294820242,4.405681073299348,-2.6543735309034444,0
14,imperfection_aware,Imperfection-aware,3,15,15,30,25,40,1.0,14,0.35,1.628946051472505,0.5305118288764428,8.423761246623686,2.9474019233352564,-1.5758608997007115,0
14,imperfection_aware,Imperfection-aware,4,15,20,35,20,40,1.0,17,0.425,3.091815732557414,0.7006665464657544,11.593417302539065,5.055147800005659,-3.036887840288064,0
14,imperfection_aware,Imperfection-aware,5,15,25,40,15,40,1.0,16,0.4,2.738555628218286,0.4848823477936896,11.00730294820242,4.698745985643582,-2.6478608441897213,0
14,imperfection_aware,Imperfection-aware,6,15,30,45,10,40,1.0,16,0.4,2.5393592499815822,0.4116276534118359,11.00730294820242,4.544101064174615,-2.24056967720401,1
14,imperfection_aware,Imperfection-aware,7,15,35,50,5,40,1.0,16,0.4,2.50405514757081,0.400885942182505,11.00730294820242,4.3944239052229666,-2.2487858722430167,2
14,imperfection_aware,Imperfection-aware,8,15,40,55,0,40,1.0,14,0.35,1.76965334883062,0.362381164674205,10.793454842740768,3.3516826032462053,-1.518108227326045,3
15,random,Random,0,15,0,15,40,40,1.0,14,0.35,2.139273113144545,0.5837234604005843,10.907331181418146,3.9300833112859777,0.2151399540980487,0
15,random,Random,1,15,5,20,35,40,1.0,18,0.45,2.274384483432454,0.6907627984600966,10.907331181418146,4.113945521148151,-0.2290894100466266,0
15,random,Random,2,15,10,25,30,40,1.0,14,0.35,1.3658280909894198,0.4410904418502932,10.400346089073505,2.678379356398185,0.1757804569590557,0
15,random,Random,3,15,15,30,25,40,1.0,12,0.3,1.3118533747660313,0.3557402946501495,10.386345707218064,2.7019526083460805,0.3607403753088328,0
15,random,Random,4,15,20,35,20,40,1.0,9,0.225,1.4578534667252572,0.4201930579379427,10.660501153424487,3.125086523480286,0.203160985783567,0
15,random,Random,5,15,25,40,15,40,1.0,12,0.3,1.3337749059497377,0.2188120056271527,10.793454842740768,2.954103994739259,-0.9641142944960752,0
15,random,Random,6,15,30,45,10,40,1.0,12,0.3,1.314141501446165,0.1818397991876867,10.793454842740768,2.943456452828836,-1.01104360357087,0
15,random,Random,7,15,35,50,5,40,1.0,13,0.325,1.41225157786964,0.3534585649247104,10.793454842740768,3.074973138101506,-0.608348299489815,0
15,random,Random,8,15,40,55,0,40,1.0,10,0.25,1.3140464870324589,0.396712412898708,10.793454842740768,2.8161051910348935,-0.0760457563825274,0
15,gp_m52_pi,GP M52 + PI,0,15,0,15,40,40,1.0,14,0.35,2.139273113144545,0.5837234604005843,10.907331181418146,3.9300833112859777,0.2151399540980487,0
15,gp_m52_pi,GP M52 + PI,1,15,5,20,35,40,1.0,18,0.45,2.1350424107567756,0.8446636581338112,11.294134925537495,3.8406795874526294,-0.7249124988975989,0
15,gp_m52_pi,GP M52 + PI,2,15,10,25,30,40,1.0,13,0.325,1.8110761387205632,0.4285238035371499,10.907331181418146,3.547496416595023,0.0483674684004868,0
15,gp_m52_pi,GP M52 + PI,3,15,15,30,25,40,1.0,12,0.3,1.200406131781604,0.3633253032916119,9.458995712459116,2.400256662761307,0.2319520026727974,0
15,gp_m52_pi,GP M52 + PI,4,15,20,35,20,40,1.0,13,0.325,1.2262076459797424,0.5285201700534019,9.331938343723673,2.407507197434013,0.2848647943046254,0
15,gp_m52_pi,GP M52 + PI,5,15,25,40,15,40,1.0,10,0.25,1.1525404609722674,0.5237981332907866,8.903271585724212,2.327603631284684,0.4336795796202824,0
15,gp_m52_pi,GP M52 + PI,6,15,30,45,10,40,1.0,9,0.225,1.3294909197384703,0.4135544963662765,10.660501153424487,2.823846939798477,0.1350221449704984,0
15,gp_m52_pi,GP M52 + PI,7,15,35,50,5,40,1.0,11,0.275,1.6118059800533378,0.5162531048539458,10.793454842740768,3.3910565374911896,-0.1439250771736396,0
15,gp_m52_pi,GP M52 + PI,8,15,40,55,0,40,1.0,10,0.25,1.3140464870324589,0.396712412898708,10.793454842740768,2.8161051910348935,-0.0760457563825274,0
15,gp_m52_ei,GP M52 + EI,0,15,0,15,40,40,1.0,14,0.35,2.139273113144545,0.5837234604005843,10.907331181418146,3.9300833112859777,0.2151399540980487,0
15,gp_m52_ei,GP M52 + EI,1,15,5,20,35,40,1.0,14,0.35,2.044035081390839,0.5920487935007204,11.294134925537495,3.899424288505396,-0.5112771842291781,0
15,gp_m52_ei,GP M52 + EI,2,15,10,25,30,40,1.0,14,0.35,1.4675870074417594,0.5338444185717055,10.375208456421358,2.926642402782767,0.4666143477994909,0
15,gp_m52_ei,GP M52 + EI,3,15,15,30,25,40,1.0,13,0.325,1.44351467674266,0.4853630489603091,10.605594474467546,2.951926896554094,0.6150377460947241,0
15,gp_m52_ei,GP M52 + EI,4,15,20,35,20,40,1.0,12,0.3,1.19690416830696,0.3972583010669233,9.196849781793684,2.33882526201589,0.1414976755422064,0
15,gp_m52_ei,GP M52 + EI,5,15,25,40,15,40,1.0,11,0.275,1.0907371112133124,0.3146503206911832,9.140025198061156,2.3215713814410557,0.3234238825230083,0
15,gp_m52_ei,GP M52 + EI,6,15,30,45,10,40,1.0,11,0.275,1.0903987703492557,0.3276845796526322,8.906393407058367,2.278995788194014,0.271792701340514,0
15,gp_m52_ei,GP M52 + EI,7,15,35,50,5,40,1.0,10,0.25,1.1001881865513383,0.323002396545534,9.062999784077473,2.326290003269051,0.3495105479996456,0
15,gp_m52_ei,GP M52 + EI,8,15,40,55,0,40,1.0,10,0.25,1.3140464870324589,0.396712412898708,10.793454842740768,2.8161051910348935,-0.0760457563825274,0
15,pi_random_exploration,GP M52 PI + Random Exploration,0,15,0,15,40,40,1.0,14,0.35,2.139273113144545,0.5837234604005843,10.907331181418146,3.9300833112859777,0.2151399540980487,0
15,pi_random_exploration,GP M52 PI + Random Exploration,1,15,5,20,35,40,1.0,17,0.425,2.1360378321959965,0.8253887090325858,11.294134925537495,3.8789108729074937,-0.6704999246223188,0
15,pi_random_exploration,GP M52 PI + Random Exploration,2,15,10,25,30,40,1.0,11,0.275,1.671612942515037,0.3979010152197988,10.907331181418146,3.4791693935383448,-0.0322061325757742,0
15,pi_random_exploration,GP M52 PI + Random Exploration,3,15,15,30,25,40,1.0,14,0.35,1.7533970873826383,0.5277337734110938,10.907331181418146,3.4251323485194165,-0.3110743251187159,0
15,pi_random_exploration,GP M52 PI + Random Exploration,4,15,20,35,20,40,1.0,11,0.275,1.2890522194201108,0.2962567641258982,10.864981069241113,2.7066699015844056,0.3267380804109857,0
15,pi_random_exploration,GP M52 PI + Random Exploration,5,15,25,40,15,40,1.0,11,0.275,1.280870048811182,0.4787590379583513,10.9206005176251,2.732268891007405,0.3688601251743429,0
15,pi_random_exploration,GP M52 PI + Random Exploration,6,15,30,45,10,40,1.0,11,0.275,1.1991553919467954,0.4246581290511688,10.254038784766838,2.6026495178083473,0.4010300192911765,0
15,pi_random_exploration,GP M52 PI + Random Exploration,7,15,35,50,5,40,1.0,13,0.325,1.3296113819666615,0.3483641986844379,10.793454842740768,2.8762558663605113,-0.0031621897405717,0
15,pi_random_exploration,GP M52 PI + Random Exploration,8,15,40,55,0,40,1.0,10,0.25,1.3140464870324589,0.396712412898708,10.793454842740768,2.8161051910348935,-0.0760457563825274,0
15,pi_uncertainty,PI + Uncertainty,0,15,0,15,40,40,1.0,14,0.35,2.139273113144545,0.5837234604005843,10.907331181418146,3.9300833112859777,0.2151399540980487,0
15,pi_uncertainty,PI + Uncertainty,1,15,5,20,35,40,1.0,22,0.55,2.8944459496597026,1.3133094165154944,11.416921044236426,4.77862892689741,-1.5461656020510144,0
15,pi_uncertainty,PI + Uncertainty,2,15,10,25,30,40,1.0,22,0.55,2.64847513120232,1.304342686670803,11.416921044236426,4.5076844694919,-1.3287325234276643,0
15,pi_uncertainty,PI + Uncertainty,3,15,15,30,25,40,1.0,19,0.475,1.708383320551269,0.9322865494242976,10.660501153424487,3.0245817017874677,-0.3829518551230739,0
15,pi_uncertainty,PI + Uncertainty,4,15,20,35,20,40,1.0,13,0.325,1.4525141429801096,0.5217039861908122,10.660501153424487,2.9546458781959752,0.0022747160342478,0
15,pi_uncertainty,PI + Uncertainty,5,15,25,40,15,40,1.0,12,0.3,1.4786303077754943,0.536760132443681,10.660501153424487,2.932995993958841,-0.0425985078972728,0
15,pi_uncertainty,PI + Uncertainty,6,15,30,45,10,40,1.0,12,0.3,1.3957075213251644,0.4913255103396716,10.660501153424487,2.849821560429107,0.0850906584973811,0
15,pi_uncertainty,PI + Uncertainty,7,15,35,50,5,40,1.0,9,0.225,1.308479570535749,0.3371091552667531,10.793454842740768,2.948303766261375,-0.4210344554489016,0
15,pi_uncertainty,PI + Uncertainty,8,15,40,55,0,40,1.0,10,0.25,1.3140464870324589,0.396712412898708,10.793454842740768,2.8161051910348935,-0.0760457563825274,0
15,imperfection_aware,Imperfection-aware,0,15,0,15,40,40,1.0,14,0.35,2.139273113144545,0.5837234604005843,10.907331181418146,3.9300833112859777,0.2151399540980487,0
15,imperfection_aware,Imperfection-aware,1,15,5,20,35,40,1.0,18,0.45,2.1350424107567756,0.8446636581338112,11.294134925537495,3.8406795874526294,-0.7249124988975989,0
15,imperfection_aware,Imperfection-aware,2,15,10,25,30,40,1.0,14,0.35,1.9359705790281072,0.5545565451196257,10.907331181418146,3.5959893705410657,0.096974739064923,0
15,imperfection_aware,Imperfection-aware,3,15,15,30,25,40,1.0,13,0.325,1.4783226139159875,0.4268260109496475,10.538396324506982,2.958591443060248,0.5549070998335611,0
15,imperfection_aware,Imperfection-aware,4,15,20,35,20,40,1.0,8,0.2,1.1957438873615611,0.4732307100706867,10.72759720386457,2.6320751477068063,0.5047193433354675,0
15,imperfection_aware,Imperfection-aware,5,15,25,40,15,40,1.0,12,0.3,1.3181291558724737,0.3414058994252773,9.515837804297965,2.7614474479387874,-0.0459996086570408,0
15,imperfection_aware,Imperfection-aware,6,15,30,45,10,40,1.0,11,0.275,1.0890185215969352,0.3453662783446178,9.181529290122064,2.310892265489663,0.185059143319269,0
15,imperfection_aware,Imperfection-aware,7,15,35,50,5,40,1.0,13,0.325,1.537885324628946,0.4087651466864797,10.793454842740768,3.2229568525579193,-0.2087289806711094,1
15,imperfection_aware,Imperfection-aware,8,15,40,55,0,40,1.0,10,0.25,1.3140464870324589,0.396712412898708,10.793454842740768,2.8161051910348935,-0.0760457563825274,2
16,random,Random,0,15,0,15,40,40,1.0,21,0.525,1.9804735890861913,1.3109791219960831,11.317324120829042,3.46049026629808,-0.5523793883740656,0
16,random,Random,1,15,5,20,35,40,1.0,21,0.525,1.4761577655161904,1.1315321438851171,8.384575666801398,2.3217127356238323,-0.4585491565792257,0
16,random,Random,2,15,10,25,30,40,1.0,20,0.5,1.3811933724545322,0.9990871781447188,8.70201162840878,2.3492756740820977,0.2777625018372559,0
16,random,Random,3,15,15,30,25,40,1.0,14,0.35,1.2632307885423533,0.2850756727912502,8.88391747120797,2.41526255936317,0.6396087155410026,0
16,random,Random,4,15,20,35,20,40,1.0,13,0.325,1.863557370873218,0.2778742994286425,10.856476588192956,3.5927462009168076,-1.1687881092392265,0
16,random,Random,5,15,25,40,15,40,1.0,10,0.25,1.6132861235411142,0.2611998463536347,10.856476588192956,3.3566633247627173,-0.8064571350265879,0
16,random,Random,6,15,30,45,10,40,1.0,12,0.3,2.037712277860903,0.2762954524586192,11.00730294820242,3.916404873282996,-1.4076521026639228,0
16,random,Random,7,15,35,50,5,40,1.0,12,0.3,1.630885657350273,0.2151020747493897,10.856476588192956,3.3508442788885744,-0.9080436134759096,0
16,random,Random,8,15,40,55,0,40,1.0,10,0.25,1.5487201674720736,0.2384121290401459,10.856476588192956,3.2706158667995937,-0.6156759262350764,0
16,gp_m52_pi,GP M52 + PI,0,15,0,15,40,40,1.0,21,0.525,1.9804735890861913,1.3109791219960831,11.317324120829042,3.46049026629808,-0.5523793883740656,0
16,gp_m52_pi,GP M52 + PI,1,15,5,20,35,40,1.0,17,0.425,1.7231602966760602,0.8721190036081383,11.229394763640924,3.136348115051807,0.1742144882147898,0
16,gp_m52_pi,GP M52 + PI,2,15,10,25,30,40,1.0,15,0.375,2.2153381382227573,0.724489281263696,10.856476588192956,3.875092066855834,-1.162343258802902,0
16,gp_m52_pi,GP M52 + PI,3,15,15,30,25,40,1.0,13,0.325,2.0517823030147286,0.2400819423845153,10.856476588192956,3.8276044302657866,-0.8967279327678179,0
16,gp_m52_pi,GP M52 + PI,4,15,20,35,20,40,1.0,11,0.275,1.6369769744817997,0.2476049389102295,10.856476588192956,3.3502384527297684,-1.4231790561610276,0
16,gp_m52_pi,GP M52 + PI,5,15,25,40,15,40,1.0,12,0.3,1.7060276967717374,0.242567644074283,10.856476588192956,3.4112699153757564,-1.46262158030155,0
16,gp_m52_pi,GP M52 + PI,6,15,30,45,10,40,1.0,11,0.275,1.6494720825020792,0.1611917199200032,10.856476588192956,3.3762394087253007,-1.4020573270413856,0
16,gp_m52_pi,GP M52 + PI,7,15,35,50,5,40,1.0,11,0.275,1.612694783656579,0.166213316591091,10.856476588192956,3.3312176162131757,-0.923684919705932,0
16,gp_m52_pi,GP M52 + PI,8,15,40,55,0,40,1.0,10,0.25,1.5487201674720736,0.2384121290401459,10.856476588192956,3.2706158667995937,-0.6156759262350764,0
16,gp_m52_ei,GP M52 + EI,0,15,0,15,40,40,1.0,21,0.525,1.9804735890861913,1.3109791219960831,11.317324120829042,3.46049026629808,-0.5523793883740656,0
16,gp_m52_ei,GP M52 + EI,1,15,5,20,35,40,1.0,20,0.5,2.1332399930313466,0.952500398410641,11.317324120829042,3.813350095753421,-0.2921086638082477,0
16,gp_m52_ei,GP M52 + EI,2,15,10,25,30,40,1.0,13,0.325,1.606687436317748,0.3193017026707005,11.317324120829042,3.3118341488269927,-0.9870255188777176,0
16,gp_m52_ei,GP M52 + EI,3,15,15,30,25,40,1.0,13,0.325,1.9851013709941967,0.3256816198067369,11.229394763640924,3.843641264389825,-1.720236288488658,0
16,gp_m52_ei,GP M52 + EI,4,15,20,35,20,40,1.0,11,0.275,1.7471107744207195,0.2408958487946284,10.856476588192956,3.430385937363301,-1.477885890267174,0
16,gp_m52_ei,GP M52 + EI,5,15,25,40,15,40,1.0,12,0.3,1.9701384619999789,0.2165786836879801,10.856476588192956,3.6799422426915216,-0.8566052116408958,0
16,gp_m52_ei,GP M52 + EI,6,15,30,45,10,40,1.0,10,0.25,1.5562195342330745,0.173171210906136,10.856476588192956,3.2155819461066915,-1.2664396002309632,0
16,gp_m52_ei,GP M52 + EI,7,15,35,50,5,40,1.0,11,0.275,1.6972984835848777,0.1650761634983037,10.856476588192956,3.41476710902069,-0.957612865696308,0
16,gp_m52_ei,GP M52 + EI,8,15,40,55,0,40,1.0,10,0.25,1.5487201674720736,0.2384121290401459,10.856476588192956,3.2706158667995937,-0.6156759262350764,0
16,pi_random_exploration,GP M52 PI + Random Exploration,0,15,0,15,40,40,1.0,21,0.525,1.9804735890861913,1.3109791219960831,11.317324120829042,3.46049026629808,-0.5523793883740656,0
16,pi_random_exploration,GP M52 PI + Random Exploration,1,15,5,20,35,40,1.0,17,0.425,1.747560158462102,0.615041891617568,11.317324120829042,3.3635140327854134,-0.2314328521163919,0
16,pi_random_exploration,GP M52 PI + Random Exploration,2,15,10,25,30,40,1.0,15,0.375,2.0657513133905523,0.5091461796022507,10.856476588192956,3.6753148092048167,-1.4193480730844708,0
16,pi_random_exploration,GP M52 PI + Random Exploration,3,15,15,30,25,40,1.0,12,0.3,1.869198816223071,0.2999348000477067,10.856476588192956,3.594496387173761,-1.1496064430040305,0
16,pi_random_exploration,GP M52 PI + Random Exploration,4,15,20,35,20,40,1.0,18,0.45,1.839879136099185,0.5805348516859503,10.856476588192956,3.415750605237337,-1.6142486154166342,0
16,pi_random_exploration,GP M52 PI + Random Exploration,5,15,25,40,15,40,1.0,14,0.35,1.673527548236386,0.2441607640377334,10.856476588192956,3.35741920009373,-1.4342633894784564,0
16,pi_random_exploration,GP M52 PI + Random Exploration,6,15,30,45,10,40,1.0,13,0.325,1.7089528162486451,0.2154729665151507,10.856476588192956,3.3910875404024754,-1.4413281658250052,0
16,pi_random_exploration,GP M52 PI + Random Exploration,7,15,35,50,5,40,1.0,12,0.3,1.6757210277854586,0.2518430677304808,10.856476588192956,3.373501388451937,-0.910010284899538,0
16,pi_random_exploration,GP M52 PI + Random Exploration,8,15,40,55,0,40,1.0,10,0.25,1.5487201674720736,0.2384121290401459,10.856476588192956,3.2706158667995937,-0.6156759262350764,0
16,pi_uncertainty,PI + Uncertainty,0,15,0,15,40,40,1.0,21,0.525,1.9804735890861913,1.3109791219960831,11.317324120829042,3.46049026629808,-0.5523793883740656,0
16,pi_uncertainty,PI + Uncertainty,1,15,5,20,35,40,1.0,19,0.475,1.807169380311685,0.8785579490089912,11.317324120829042,3.3777928247758324,-0.891967663493301,0
16,pi_uncertainty,PI + Uncertainty,2,15,10,25,30,40,1.0,15,0.375,1.8801325233881765,0.3534550748372247,11.317324120829042,3.5679088384114777,-0.8123441901076005,0
16,pi_uncertainty,PI + Uncertainty,3,15,15,30,25,40,1.0,18,0.45,1.96491510568347,0.8016313212801491,11.229394763640924,3.683810793107999,-1.764557463298369,0
16,pi_uncertainty,PI + Uncertainty,4,15,20,35,20,40,1.0,17,0.425,1.880336017017348,0.4924051998223531,10.856476588192956,3.45649975133529,-1.6728227294598006,0
16,pi_uncertainty,PI + Uncertainty,5,15,25,40,15,40,1.0,11,0.275,1.5172253757258365,0.2393548785996735,10.856476588192956,3.1577464006594576,-1.2766731571512049,0
16,pi_uncertainty,PI + Uncertainty,6,15,30,45,10,40,1.0,12,0.3,1.8241514481233323,0.2045087077445337,10.856476588192956,3.560967505116931,-1.1806749505518743,0
16,pi_uncertainty,PI + Uncertainty,7,15,35,50,5,40,1.0,11,0.275,1.685665988722692,0.1972730629912984,10.856476588192956,3.405082111769423,-0.9058047550377412,0
16,pi_uncertainty,PI + Uncertainty,8,15,40,55,0,40,1.0,10,0.25,1.5487201674720736,0.2384121290401459,10.856476588192956,3.2706158667995937,-0.6156759262350764,0
16,imperfection_aware,Imperfection-aware,0,15,0,15,40,40,1.0,21,0.525,1.9804735890861913,1.3109791219960831,11.317324120829042,3.46049026629808,-0.5523793883740656,0
16,imperfection_aware,Imperfection-aware,1,15,5,20,35,40,1.0,20,0.5,1.5816460967338668,1.0703037846339063,11.229394763640924,2.865984032845122,-0.1527713167407939,0
16,imperfection_aware,Imperfection-aware,2,15,10,25,30,40,1.0,15,0.375,2.275116172841204,0.4061901479443319,11.229394763640924,4.0871115461491465,-1.173489295337404,0
16,imperfection_aware,Imperfection-aware,3,15,15,30,25,40,1.0,14,0.35,2.1672823285909018,0.4139884512026652,11.229394763640924,4.00054565327741,-1.5066198950519645,0
16,imperfection_aware,Imperfection-aware,4,15,20,35,20,40,1.0,11,0.275,1.72164665963204,0.3381269547446717,10.856476588192956,3.382220555733841,-1.0177526255435845,0
16,imperfection_aware,Imperfection-aware,5,15,25,40,15,40,1.0,11,0.275,1.6051920686964558,0.2251166074116035,10.856476588192956,3.3391118372962287,-1.3593575578908483,0
16,imperfection_aware,Imperfection-aware,6,15,30,45,10,40,1.0,12,0.3,1.9040540544632616,0.2370647274983559,10.856476588192956,3.6381487891886337,-1.2111524787004109,0
16,imperfection_aware,Imperfection-aware,7,15,35,50,5,40,1.0,12,0.3,1.861706570328531,0.2235049868710898,10.856476588192956,3.613330900949641,-1.14042179462829,0
16,imperfection_aware,Imperfection-aware,8,15,40,55,0,40,1.0,10,0.25,1.5487201674720736,0.2384121290401459,10.856476588192956,3.2706158667995937,-0.6156759262350764,1
17,random,Random,0,15,0,15,40,40,1.0,12,0.3,2.2310076205633957,0.4075803168900878,11.09647018556216,4.3024482834562034,1.6401440848968067,0
17,random,Random,1,15,5,20,35,40,1.0,12,0.3,2.2598401381795283,0.2651433377664203,10.794891152902334,4.3983762758401825,1.8685172925455285,0
17,random,Random,2,15,10,25,30,40,1.0,23,0.575,2.9449656512502864,1.2769397015161823,10.39684143039008,4.667554556241722,2.0528103418317505,0
17,random,Random,3,15,15,30,25,40,1.0,19,0.475,2.8530240466182697,0.6717281364523906,10.893270352648408,4.789403701731977,2.3766800861252833,0
17,random,Random,4,15,20,35,20,40,1.0,16,0.4,2.826516032049595,0.4226927326924441,10.705332175017464,4.8203424870564815,2.522025459032087,0
17,random,Random,5,15,25,40,15,40,1.0,12,0.3,1.897556144077058,0.184086564351821,10.025660936493804,3.7828946224594246,1.3183410200136425,0
17,random,Random,6,15,30,45,10,40,1.0,14,0.35,1.92223615058532,0.2408082527192636,9.956601688185614,3.7348937855923934,1.1838222749140923,0
17,random,Random,7,15,35,50,5,40,1.0,12,0.3,1.2582012989718163,0.1791552489900238,8.754476306284166,2.6693253211673995,-0.4841547232417228,0
17,random,Random,8,15,40,55,0,40,1.0,11,0.275,0.999502264511798,0.1575311363712019,8.423761246623686,2.242688370325214,-0.2665821581551931,0
17,gp_m52_pi,GP M52 + PI,0,15,0,15,40,40,1.0,12,0.3,2.2310076205633957,0.4075803168900878,11.09647018556216,4.3024482834562034,1.6401440848968067,0
17,gp_m52_pi,GP M52 + PI,1,15,5,20,35,40,1.0,12,0.3,2.3040850054451076,0.5570901644845456,11.010993508374357,4.375964739508835,1.7515244328030248,0
17,gp_m52_pi,GP M52 + PI,2,15,10,25,30,40,1.0,12,0.3,2.3050148941423245,0.4002373542993149,10.917140901977048,4.386012009424415,1.858993220150829,0
17,gp_m52_pi,GP M52 + PI,3,15,15,30,25,40,1.0,16,0.4,2.819523173645002,0.7957818718379848,10.22266829204728,4.694626088535893,2.3597217567259436,0
17,gp_m52_pi,GP M52 + PI,4,15,20,35,20,40,1.0,11,0.275,1.7301569585215293,0.3434759625526284,10.079371767366077,3.559053353969783,1.094587843468739,0
17,gp_m52_pi,GP M52 + PI,5,15,25,40,15,40,1.0,11,0.275,1.6919472486376084,0.3613351018419504,10.007351949566416,3.427126195661976,0.9017531955505964,0
17,gp_m52_pi,GP M52 + PI,6,15,30,45,10,40,1.0,7,0.175,0.7159234106222712,0.0609233325874445,8.423761246623686,1.7573782297861953,-0.4276946193387212,0
17,gp_m52_pi,GP M52 + PI,7,15,35,50,5,40,1.0,9,0.225,0.971973925796786,0.1982356991294755,8.423761246623686,2.1909047493577787,-0.3189462047560877,0
17,gp_m52_pi,GP M52 + PI,8,15,40,55,0,40,1.0,11,0.275,0.999502264511798,0.1575311363712019,8.423761246623686,2.242688370325214,-0.2665821581551931,0
17,gp_m52_ei,GP M52 + EI,0,15,0,15,40,40,1.0,12,0.3,2.2310076205633957,0.4075803168900878,11.09647018556216,4.3024482834562034,1.6401440848968067,0
17,gp_m52_ei,GP M52 + EI,1,15,5,20,35,40,1.0,13,0.325,2.279417712166995,0.5305359834046302,10.728934117109558,4.364076185923418,1.6969907737239365,0
17,gp_m52_ei,GP M52 + EI,2,15,10,25,30,40,1.0,8,0.2,1.027840158785435,0.0466840953767366,10.64742289992818,2.5505192062428232,-0.959520262382556,0
17,gp_m52_ei,GP M52 + EI,3,15,15,30,25,40,1.0,9,0.225,1.00760464237378,0.0967809836896842,8.863757191604241,2.3937591634892836,-0.4138559576303223,0
17,gp_m52_ei,GP M52 + EI,4,15,20,35,20,40,1.0,8,0.2,1.0038045161955351,0.0703336995943715,8.817001443665859,2.380125728747051,-0.4348742172975223,0
17,gp_m52_ei,GP M52 + EI,5,15,25,40,15,40,1.0,8,0.2,0.9751157839400328,0.0818753272303727,8.784774592161016,2.372168603220306,-0.3839857509570272,0
17,gp_m52_ei,GP M52 + EI,6,15,30,45,10,40,1.0,9,0.225,1.121048594707269,0.1767218605276017,8.766550149546351,2.5403883259623146,0.0200945490769492,0
17,gp_m52_ei,GP M52 + EI,7,15,35,50,5,40,1.0,9,0.225,0.992165744129828,0.1887122335726498,8.664750755773852,2.2524203882195257,-0.2843308695376658,0
17,gp_m52_ei,GP M52 + EI,8,15,40,55,0,40,1.0,11,0.275,0.999502264511798,0.1575311363712019,8.423761246623686,2.242688370325214,-0.2665821581551931,0
17,pi_random_exploration,GP M52 PI + Random Exploration,0,15,0,15,40,40,1.0,12,0.3,2.2310076205633957,0.4075803168900878,11.09647018556216,4.3024482834562034,1.6401440848968067,0
17,pi_random_exploration,GP M52 PI + Random Exploration,1,15,5,20,35,40,1.0,14,0.35,1.941644446508212,0.5585988401120252,11.13769368883882,3.808433747746117,0.440112985942632,0
17,pi_random_exploration,GP M52 PI + Random Exploration,2,15,10,25,30,40,1.0,10,0.25,1.3523775448035302,0.3731174782913289,10.78363283777393,2.9974717124409396,0.5427130494078463,0
17,pi_random_exploration,GP M52 PI + Random Exploration,3,15,15,30,25,40,1.0,8,0.2,1.568268572832672,0.1518417670520038,10.64742289992818,3.4667125933994085,-0.4452026769706291,0
17,pi_random_exploration,GP M52 PI + Random Exploration,4,15,20,35,20,40,1.0,9,0.225,1.5807304104945754,0.1155458339550277,10.64742289992818,3.468823220232938,-0.4796724680179187,0
17,pi_random_exploration,GP M52 PI + Random Exploration,5,15,25,40,15,40,1.0,9,0.225,1.216217663744647,0.1422621486480473,10.568595276064828,2.776120011793646,-0.5120990985741269,0
17,pi_random_exploration,GP M52 PI + Random Exploration,6,15,30,45,10,40,1.0,12,0.3,1.2707347991681484,0.23617984048267,8.754476306284166,2.6373063691139045,-0.5687161379021809,0
17,pi_random_exploration,GP M52 PI + Random Exploration,7,15,35,50,5,40,1.0,9,0.225,0.9510413656979108,0.1153873610323499,8.423761246623686,2.1879525303687615,-0.2445825749531414,0
17,pi_random_exploration,GP M52 PI + Random Exploration,8,15,40,55,0,40,1.0,11,0.275,0.999502264511798,0.1575311363712019,8.423761246623686,2.242688370325214,-0.2665821581551931,0
17,pi_uncertainty,PI + Uncertainty,0,15,0,15,40,40,1.0,12,0.3,2.2310076205633957,0.4075803168900878,11.09647018556216,4.3024482834562034,1.6401440848968067,0
17,pi_uncertainty,PI + Uncertainty,1,15,5,20,35,40,1.0,18,0.45,3.2645858461636337,0.7579308062813555,11.416921044236426,5.327239409222667,-0.200266008580204,0
17,pi_uncertainty,PI + Uncertainty,2,15,10,25,30,40,1.0,12,0.3,1.9890263204552625,0.3275693179314105,10.64742289992818,3.888616641707187,-0.4848900500204759,0
17,pi_uncertainty,PI + Uncertainty,3,15,15,30,25,40,1.0,15,0.375,2.636030770301661,0.5147045439652826,10.660501153424487,4.544041739301369,-0.8479127129814353,0
17,pi_uncertainty,PI + Uncertainty,4,15,20,35,20,40,1.0,10,0.25,2.090169614072125,0.1844604341713092,10.660501153424487,4.180709757708978,-1.587793318850742,0
17,pi_uncertainty,PI + Uncertainty,5,15,25,40,15,40,1.0,9,0.225,1.6152053625180678,0.1419788624347342,10.855319158329374,3.5265475381701843,-0.5034477255318446,0
17,pi_uncertainty,PI + Uncertainty,6,15,30,45,10,40,1.0,9,0.225,1.1889145880610532,0.1350268837913963,10.660501153424487,2.7385349349145174,-0.4913797433642468,0
17,pi_uncertainty,PI + Uncertainty,7,15,35,50,5,40,1.0,11,0.275,1.1846639259849965,0.1171438779529561,10.660501153424487,2.7934648404651097,-0.4457070330326264,0
17,pi_uncertainty,PI + Uncertainty,8,15,40,55,0,40,1.0,11,0.275,0.999502264511798,0.1575311363712019,8.423761246623686,2.242688370325214,-0.2665821581551931,0
17,imperfection_aware,Imperfection-aware,0,15,0,15,40,40,1.0,12,0.3,2.2310076205633957,0.4075803168900878,11.09647018556216,4.3024482834562034,1.6401440848968067,0
17,imperfection_aware,Imperfection-aware,1,15,5,20,35,40,1.0,18,0.45,2.771436881018638,0.8428054908831601,11.033194679965913,4.63069247353705,0.763435097058082,0
17,imperfection_aware,Imperfection-aware,2,15,10,25,30,40,1.0,11,0.275,1.8739062485092048,0.3388109395538352,10.923435350020556,3.876545211103597,0.6699115745989095,0
17,imperfection_aware,Imperfection-aware,3,15,15,30,25,40,1.0,11,0.275,1.2677048116756204,0.1907942941580085,10.720002147046358,2.9581762593069096,0.5878947833773198,0
17,imperfection_aware,Imperfection-aware,4,15,20,35,20,40,1.0,12,0.3,1.776193322512582,0.4836057262052922,10.660501153424487,3.6179394683562265,0.4360647280319707,0
17,imperfection_aware,Imperfection-aware,5,15,25,40,15,40,1.0,11,0.275,1.3203303162121696,0.1399942668301834,8.83869681234353,2.797587072943732,-0.7443486870756689,0
17,imperfection_aware,Imperfection-aware,6,15,30,45,10,40,1.0,10,0.25,1.0847358950595964,0.1470532442724677,8.791029857045965,2.4175490159367805,-0.4501251811923974,0
17,imperfection_aware,Imperfection-aware,7,15,35,50,5,40,1.0,10,0.25,0.9498272931059388,0.1643905761692643,8.474494436883122,2.201507704146972,-0.2470497846664802,0
17,imperfection_aware,Imperfection-aware,8,15,40,55,0,40,1.0,11,0.275,0.999502264511798,0.1575311363712019,8.423761246623686,2.242688370325214,-0.2665821581551931,1
18,random,Random,0,15,0,15,40,40,1.0,18,0.45,3.0286959149897106,0.62611370691247,11.764718667509335,5.2567994381044425,-0.9588450222396404,0
18,random,Random,1,15,5,20,35,40,1.0,18,0.45,2.7445832089732507,0.6548694009742952,11.764718667509335,4.891167069432887,-0.693724898699329,0
18,random,Random,2,15,10,25,30,40,1.0,16,0.4,2.0019597990271576,0.6714837861789276,10.660501153424487,3.740900981293576,-1.300768348243736,0
18,random,Random,3,15,15,30,25,40,1.0,14,0.35,1.1251841723294569,0.6023113697130205,10.380994213509265,2.3280876114359317,-0.8025965194363467,0
18,random,Random,4,15,20,35,20,40,1.0,15,0.375,1.659083915085765,0.3654180048163349,10.907331181418146,3.334604108767663,-1.4446939936977548,0
18,random,Random,5,15,25,40,15,40,1.0,13,0.325,1.3507044486270692,0.3344918324259591,10.380994213509265,2.812849505152786,-1.1261452578454307,0
18,random,Random,6,15,30,45,10,40,1.0,10,0.25,1.3155688687168916,0.2544928562330666,10.380994213509265,2.8231391622560604,-0.954108599732514,0
18,random,Random,7,15,35,50,5,40,1.0,8,0.2,1.0818985271292338,0.1528783222156615,10.380994213509265,2.5882809478144506,-0.6579928493156243,0
18,random,Random,8,15,40,55,0,40,1.0,8,0.2,1.326196288421402,0.3490593398402932,10.856476588192956,3.0695946109258343,-0.932294785675744,0
18,gp_m52_pi,GP M52 + PI,0,15,0,15,40,40,1.0,18,0.45,3.0286959149897106,0.62611370691247,11.764718667509335,5.2567994381044425,-0.9588450222396404,0
18,gp_m52_pi,GP M52 + PI,1,15,5,20,35,40,1.0,17,0.425,2.675128845105649,0.6570130821293958,11.764718667509335,4.8663372236357,-0.5788384071656985,0
18,gp_m52_pi,GP M52 + PI,2,15,10,25,30,40,1.0,17,0.425,1.6523296137769194,0.7926036072206122,11.229394763640924,3.2064446422739565,-1.3657012164931213,0
18,gp_m52_pi,GP M52 + PI,3,15,15,30,25,40,1.0,12,0.3,1.261308727106652,0.543219367721818,10.380994213509265,2.611120538927249,-0.8952531721564432,0
18,gp_m52_pi,GP M52 + PI,4,15,20,35,20,40,1.0,13,0.325,1.2413865542714917,0.4042611369706304,10.380994213509265,2.618488643856114,-0.8256686463713141,0
18,gp_m52_pi,GP M52 + PI,5,15,25,40,15,40,1.0,11,0.275,1.4197995115755349,0.4074998709320727,10.856476588192956,3.097197696882544,-1.0593815111787546,0
18,gp_m52_pi,GP M52 + PI,6,15,30,45,10,40,1.0,10,0.25,1.513492169646744,0.4639983352226382,10.856476588192956,3.2647134887490523,-0.7941321140270341,0
18,gp_m52_pi,GP M52 + PI,7,15,35,50,5,40,1.0,10,0.25,1.760264570265542,0.3588286327851229,10.856476588192956,3.824218091663941,-1.4971349264606508,0
18,gp_m52_pi,GP M52 + PI,8,15,40,55,0,40,1.0,8,0.2,1.326196288421402,0.3490593398402932,10.856476588192956,3.0695946109258343,-0.932294785675744,0
18,gp_m52_ei,GP M52 + EI,0,15,0,15,40,40,1.0,18,0.45,3.0286959149897106,0.62611370691247,11.764718667509335,5.2567994381044425,-0.9588450222396404,0
18,gp_m52_ei,GP M52 + EI,1,15,5,20,35,40,1.0,18,0.45,2.418773812192337,0.9218683023264064,11.764718667509335,4.412415361899791,-2.169490215115669,0
18,gp_m52_ei,GP M52 + EI,2,15,10,25,30,40,1.0,11,0.275,1.262459198660971,0.3818668094053139,10.380994213509265,2.734829112888886,-0.261163512997158,0
18,gp_m52_ei,GP M52 + EI,3,15,15,30,25,40,1.0,14,0.35,1.458245490434252,0.4639033268188992,10.380994213509265,2.9472417886700355,-0.6090807497533876,0
18,gp_m52_ei,GP M52 + EI,4,15,20,35,20,40,1.0,14,0.35,1.4040497496968989,0.4213441993600266,10.380994213509265,2.882074164422885,-0.604571667016344,0
18,gp_m52_ei,GP M52 + EI,5,15,25,40,15,40,1.0,11,0.275,1.1473974793670174,0.3908428166287336,10.380994213509265,2.5687792929808624,-0.7830472677545064,0
18,gp_m52_ei,GP M52 + EI,6,15,30,45,10,40,1.0,9,0.225,1.2850352957823614,0.3832098005892295,10.380994213509265,2.8341342251843007,-0.529137145109947,0
18,gp_m52_ei,GP M52 + EI,7,15,35,50,5,40,1.0,7,0.175,1.3320813624398269,0.3385071598603861,10.856476588192956,3.0723436826068773,-0.9334116563433548,0
18,gp_m52_ei,GP M52 + EI,8,15,40,55,0,40,1.0,8,0.2,1.326196288421402,0.3490593398402932,10.856476588192956,3.0695946109258343,-0.932294785675744,0
18,pi_random_exploration,GP M52 PI + Random Exploration,0,15,0,15,40,40,1.0,18,0.45,3.0286959149897106,0.62611370691247,11.764718667509335,5.2567994381044425,-0.9588450222396404,0
18,pi_random_exploration,GP M52 PI + Random Exploration,1,15,5,20,35,40,1.0,17,0.425,2.7728775727786306,0.552308805011676,11.764718667509335,4.982701704075809,-0.5165444825802246,0
18,pi_random_exploration,GP M52 PI + Random Exploration,2,15,10,25,30,40,1.0,20,0.5,1.5529241240211182,1.1030181423315355,10.380994213509265,2.77935814703729,-1.3146107030117105,0
18,pi_random_exploration,GP M52 PI + Random Exploration,3,15,15,30,25,40,1.0,15,0.375,1.3597541875955934,0.4550674134151151,10.380994213509265,2.7008362247422335,-0.9561959104418928,0
18,pi_random_exploration,GP M52 PI + Random Exploration,4,15,20,35,20,40,1.0,11,0.275,1.4373540121518107,0.4493732159679622,10.856476588192956,3.1197534134520764,-1.0287647424220787,0
18,pi_random_exploration,GP M52 PI + Random Exploration,5,15,25,40,15,40,1.0,8,0.2,1.3188361225349934,0.1909748438662797,10.856476588192956,3.091827850473227,-0.8522599877746089,0
18,pi_random_exploration,GP M52 PI + Random Exploration,6,15,30,45,10,40,1.0,7,0.175,1.467726719478653,0.2010767613718949,10.856476588192956,3.29962515648451,-0.5961260474601167,0
18,pi_random_exploration,GP M52 PI + Random Exploration,7,15,35,50,5,40,1.0,7,0.175,1.4476168069311763,0.269666773013447,10.856476588192956,3.273132946182311,-0.6031133207381567,0
18,pi_random_exploration,GP M52 PI + Random Exploration,8,15,40,55,0,40,1.0,8,0.2,1.326196288421402,0.3490593398402932,10.856476588192956,3.0695946109258343,-0.932294785675744,0
18,pi_uncertainty,PI + Uncertainty,0,15,0,15,40,40,1.0,18,0.45,3.0286959149897106,0.62611370691247,11.764718667509335,5.2567994381044425,-0.9588450222396404,0
18,pi_uncertainty,PI + Uncertainty,1,15,5,20,35,40,1.0,18,0.45,2.9812059814255294,0.6275428234685405,11.229394763640924,5.017141244371018,-0.8343880659631324,0
18,pi_uncertainty,PI + Uncertainty,2,15,10,25,30,40,1.0,19,0.475,3.2818110574342243,0.8025324798057758,11.229394763640924,5.419455234076636,-3.2426007169935938,0
18,pi_uncertainty,PI + Uncertainty,3,15,15,30,25,40,1.0,15,0.375,2.333782911808386,0.4216838631973738,11.229394763640924,4.408358812933153,-2.098941176817819,0
18,pi_uncertainty,PI + Uncertainty,4,15,20,35,20,40,1.0,13,0.325,1.521106580052091,0.4197985239404334,10.660501153424487,3.1433720762945225,-1.1438657022468135,0
18,pi_uncertainty,PI + Uncertainty,5,15,25,40,15,40,1.0,13,0.325,1.805972037627874,0.4007941743754983,10.660501153424487,3.661948254358554,-1.5968919512943045,0
18,pi_uncertainty,PI + Uncertainty,6,15,30,45,10,40,1.0,14,0.35,1.9123214582052623,0.4367066077776487,10.856476588192956,3.869560940221315,-1.6307865337026564,0
18,pi_uncertainty,PI + Uncertainty,7,15,35,50,5,40,1.0,7,0.175,1.2749277503769438,0.4148253864140798,10.856476588192956,3.0348100755026204,-0.9771544084987592,0
18,pi_uncertainty,PI + Uncertainty,8,15,40,55,0,40,1.0,8,0.2,1.326196288421402,0.3490593398402932,10.856476588192956,3.0695946109258343,-0.932294785675744,0
18,imperfection_aware,Imperfection-aware,0,15,0,15,40,40,1.0,18,0.45,3.0286959149897106,0.62611370691247,11.764718667509335,5.2567994381044425,-0.9588450222396404,0
18,imperfection_aware,Imperfection-aware,1,15,5,20,35,40,1.0,17,0.425,2.0141427423580547,0.6152093141516755,10.913632859881908,3.799926124216581,0.7295822211321219,0
18,imperfection_aware,Imperfection-aware,2,15,10,25,30,40,1.0,14,0.35,1.957690304850616,0.6503194958280067,11.229394763640924,3.898681693184564,-1.7208763413310766,0
18,imperfection_aware,Imperfection-aware,3,15,15,30,25,40,1.0,16,0.4,1.4735163516283445,0.533577113181126,10.856476588192956,3.1013111310847297,-1.2119024636235094,0
18,imperfection_aware,Imperfection-aware,4,15,20,35,20,40,1.0,8,0.2,1.359070025901796,0.4618802966149511,10.856476588192956,3.0656046432860258,-0.992272652742205,0
18,imperfection_aware,Imperfection-aware,5,15,25,40,15,40,1.0,7,0.175,1.2558472202188624,0.1726728016706937,10.856476588192956,3.0475866020473092,-0.8624747578537502,0
18,imperfection_aware,Imperfection-aware,6,15,30,45,10,40,1.0,8,0.2,1.285457409321587,0.2079006672130905,10.380994213509265,2.8669839545007334,-0.3628522190736182,0
18,imperfection_aware,Imperfection-aware,7,15,35,50,5,40,1.0,7,0.175,1.0899575792997849,0.2244993691138566,10.380994213509265,2.587826129963622,-0.5981877996195147,0
18,imperfection_aware,Imperfection-aware,8,15,40,55,0,40,1.0,8,0.2,1.326196288421402,0.3490593398402932,10.856476588192956,3.0695946109258343,-0.932294785675744,1
19,random,Random,0,15,0,15,40,40,1.0,19,0.475,2.873976902483431,0.936210010512613,11.593417302539065,4.5997009177922035,-0.9180843597004,0
19,random,Random,1,15,5,20,35,40,1.0,24,0.6,4.440316026802385,2.7220487748001334,12.051008215026558,6.3711215185399395,-4.16501007224587,0
19,random,Random,2,15,10,25,30,40,1.0,21,0.525,2.520096378936979,1.1922102720342922,10.96348028065585,4.257266855709067,-1.9907000360826983,0
19,random,Random,3,15,15,30,25,40,1.0,20,0.5,2.1655008131879603,0.9071265522065132,10.96348028065585,3.888893828686476,-1.6826002273139755,0
19,random,Random,4,15,20,35,20,40,1.0,21,0.525,2.5502857020230087,1.115959715354248,10.96348028065585,4.236750282887584,-2.205686634780007,0
19,random,Random,5,15,25,40,15,40,1.0,23,0.575,3.351348860480674,1.4905585382354642,11.580901819979324,5.2392377745052725,-3.0442069466936488,0
19,random,Random,6,15,30,45,10,40,1.0,23,0.575,3.3351459330552897,1.7151127838281623,12.051008215026558,5.376350422214078,-2.774375849451326,0
19,random,Random,7,15,35,50,5,40,1.0,18,0.45,2.3816401167386956,0.7625832208289589,11.452049561585223,4.243672462614545,-1.835930389000025,0
19,random,Random,8,15,40,55,0,40,1.0,15,0.375,2.0396871565595043,0.7488319220043853,11.452049561585223,3.8505788077865666,-1.5580560654119966,0
19,gp_m52_pi,GP M52 + PI,0,15,0,15,40,40,1.0,19,0.475,2.873976902483431,0.936210010512613,11.593417302539065,4.5997009177922035,-0.9180843597004,0
19,gp_m52_pi,GP M52 + PI,1,15,5,20,35,40,1.0,27,0.675,5.699846416656716,6.444486250569285,12.051008215026558,7.504137670819098,-5.699846416656716,0
19,gp_m52_pi,GP M52 + PI,2,15,10,25,30,40,1.0,23,0.575,2.8727462873205427,1.7021179067569028,10.96348028065585,4.457398593402142,-2.2658099117577364,0
19,gp_m52_pi,GP M52 + PI,3,15,15,30,25,40,1.0,19,0.475,2.2086268231579114,0.8588900179113699,10.793454842740768,3.699314497314783,-1.495991735988111,0
19,gp_m52_pi,GP M52 + PI,4,15,20,35,20,40,1.0,13,0.325,1.4336595367872755,0.4870394184291022,10.793454842740768,2.88043898269848,-1.0297261254665453,0
19,gp_m52_pi,GP M52 + PI,5,15,25,40,15,40,1.0,13,0.325,1.405291328060612,0.5489503271640324,10.793454842740768,2.868511360141705,-0.940646582579624,0
19,gp_m52_pi,GP M52 + PI,6,15,30,45,10,40,1.0,15,0.375,1.4387127714543917,0.3888736737854295,10.793454842740768,2.883335211854185,-0.9675795186738068,0
19,gp_m52_pi,GP M52 + PI,7,15,35,50,5,40,1.0,18,0.45,1.953585332458467,0.5961298453899628,10.793454842740768,3.607638758470417,-1.6124582414550876,0
19,gp_m52_pi,GP M52 + PI,8,15,40,55,0,40,1.0,15,0.375,2.0396871565595043,0.7488319220043853,11.452049561585223,3.8505788077865666,-1.5580560654119966,0
19,gp_m52_ei,GP M52 + EI,0,15,0,15,40,40,1.0,19,0.475,2.873976902483431,0.936210010512613,11.593417302539065,4.5997009177922035,-0.9180843597004,0
19,gp_m52_ei,GP M52 + EI,1,15,5,20,35,40,1.0,27,0.675,5.699846416656716,6.444486250569285,12.051008215026558,7.504137670819098,-5.699846416656716,0
19,gp_m52_ei,GP M52 + EI,2,15,10,25,30,40,1.0,23,0.575,2.8727462873205427,1.7021179067569028,10.96348028065585,4.457398593402142,-2.2658099117577364,0
19,gp_m52_ei,GP M52 + EI,3,15,15,30,25,40,1.0,21,0.525,2.351126381532562,1.1546572403213178,10.96348028065585,3.900317788634249,-2.103405196759611,0
19,gp_m52_ei,GP M52 + EI,4,15,20,35,20,40,1.0,21,0.525,3.0962164720645253,1.1196813913521997,11.580901819979324,4.952896358522036,-2.842058508111389,0
19,gp_m52_ei,GP M52 + EI,5,15,25,40,15,40,1.0,20,0.5,2.7152751426554422,0.9747485182098892,11.580901819979324,4.59581482477064,-2.372275304496828,0
19,gp_m52_ei,GP M52 + EI,6,15,30,45,10,40,1.0,18,0.45,2.8944939389933664,0.8329050570715033,11.580901819979324,4.873419212714109,-2.5698164510234793,0
19,gp_m52_ei,GP M52 + EI,7,15,35,50,5,40,1.0,18,0.45,2.111845066484208,0.6013089239248348,10.793454842740768,3.773413746983297,-1.836822867894292,0
19,gp_m52_ei,GP M52 + EI,8,15,40,55,0,40,1.0,15,0.375,2.0396871565595043,0.7488319220043853,11.452049561585223,3.8505788077865666,-1.5580560654119966,0
19,pi_random_exploration,GP M52 PI + Random Exploration,0,15,0,15,40,40,1.0,19,0.475,2.873976902483431,0.936210010512613,11.593417302539065,4.5997009177922035,-0.9180843597004,0
19,pi_random_exploration,GP M52 PI + Random Exploration,1,15,5,20,35,40,1.0,27,0.675,6.263197975968392,7.989499543584863,12.051008215026558,8.01834553445004,-6.155045782127945,0
19,pi_random_exploration,GP M52 PI + Random Exploration,2,15,10,25,30,40,1.0,25,0.625,5.517018630856809,5.328810504382554,12.051008215026558,7.444643784295251,-5.2813872605551495,0
19,pi_random_exploration,GP M52 PI + Random Exploration,3,15,15,30,25,40,1.0,22,0.55,4.842227018387172,2.7258446805747636,12.051008215026558,6.931997887200819,-4.5744427193623665,0
19,pi_random_exploration,GP M52 PI + Random Exploration,4,15,20,35,20,40,1.0,22,0.55,4.483734908410684,1.438810121637916,12.051008215026558,6.711667376822179,-4.08208903137051,0
19,pi_random_exploration,GP M52 PI + Random Exploration,5,15,25,40,15,40,1.0,21,0.525,4.299092982285783,1.4482697489120842,12.051008215026558,6.415207320680838,-3.969942873747681,0
19,pi_random_exploration,GP M52 PI + Random Exploration,6,15,30,45,10,40,1.0,22,0.55,3.832252311044995,1.4040646829955614,12.051008215026558,5.930235629201513,-3.4705262428749544,0
19,pi_random_exploration,GP M52 PI + Random Exploration,7,15,35,50,5,40,1.0,18,0.45,2.346648197423309,0.6579379956944607,11.452049561585223,4.192944269721073,-1.9885609659406207,0
19,pi_random_exploration,GP M52 PI + Random Exploration,8,15,40,55,0,40,1.0,15,0.375,2.0396871565595043,0.7488319220043853,11.452049561585223,3.8505788077865666,-1.5580560654119966,0
19,pi_uncertainty,PI + Uncertainty,0,15,0,15,40,40,1.0,19,0.475,2.873976902483431,0.936210010512613,11.593417302539065,4.5997009177922035,-0.9180843597004,0
19,pi_uncertainty,PI + Uncertainty,1,15,5,20,35,40,1.0,27,0.675,5.699846416656716,6.444486250569285,12.051008215026558,7.504137670819098,-5.699846416656716,0
19,pi_uncertainty,PI + Uncertainty,2,15,10,25,30,40,1.0,24,0.6,3.084921127360343,1.7955418682649062,11.452049561585223,4.782090701690133,-2.518894430716715,0
19,pi_uncertainty,PI + Uncertainty,3,15,15,30,25,40,1.0,21,0.525,2.2156275064675737,1.1471556613448337,10.793454842740768,3.6706027123715415,-1.5810263116160257,0
19,pi_uncertainty,PI + Uncertainty,4,15,20,35,20,40,1.0,16,0.4,1.7979390572592742,0.5211098207840177,10.793454842740768,3.368131797228351,-1.4963077233529156,0
19,pi_uncertainty,PI + Uncertainty,5,15,25,40,15,40,1.0,16,0.4,1.8172667898568984,0.564974296283359,10.793454842740768,3.37260298807214,-1.472866550037994,0
19,pi_uncertainty,PI + Uncertainty,6,15,30,45,10,40,1.0,18,0.45,2.4136681889011813,0.6787412041216356,11.452049561585223,4.231415582370814,-2.0991215971478163,0
19,pi_uncertainty,PI + Uncertainty,7,15,35,50,5,40,1.0,18,0.45,1.953585332458467,0.5961298453899628,10.793454842740768,3.607638758470417,-1.6124582414550876,0
19,pi_uncertainty,PI + Uncertainty,8,15,40,55,0,40,1.0,15,0.375,2.0396871565595043,0.7488319220043853,11.452049561585223,3.8505788077865666,-1.5580560654119966,0
19,imperfection_aware,Imperfection-aware,0,15,0,15,40,40,1.0,19,0.475,2.873976902483431,0.936210010512613,11.593417302539065,4.5997009177922035,-0.9180843597004,0
19,imperfection_aware,Imperfection-aware,1,15,5,20,35,40,1.0,26,0.65,3.892911449395605,2.3628753566408607,12.051008215026558,5.68025751047983,-3.7696413498286185,0
19,imperfection_aware,Imperfection-aware,2,15,10,25,30,40,1.0,24,0.6,2.8942370302470932,2.1808790383635364,11.593417302539065,4.437529011572031,-2.63526705742403,0
19,imperfection_aware,Imperfection-aware,3,15,15,30,25,40,1.0,20,0.5,2.295855201653729,0.9995660505211568,10.96348028065585,3.869279713465892,-2.0230798237224668,0
19,imperfection_aware,Imperfection-aware,4,15,20,35,20,40,1.0,16,0.4,1.862865081880812,0.6357486175548015,10.793454842740768,3.4635273562768987,-1.077476031348007,0
19,imperfection_aware,Imperfection-aware,5,15,25,40,15,40,1.0,13,0.325,1.3820249052984006,0.3168139193336925,10.793454842740768,2.855426882515465,-0.9611850400065404,0
19,imperfection_aware,Imperfection-aware,6,15,30,45,10,40,1.0,12,0.3,1.1659072972209237,0.4187564934140644,8.100464891029363,2.3323333030862208,-0.6486857628235312,0
19,imperfection_aware,Imperfection-aware,7,15,35,50,5,40,1.0,15,0.375,1.450366537213826,0.5743047647085779,8.100464891029363,2.6317827750211276,-1.0877526798318142,1
19,imperfection_aware,Imperfection-aware,8,15,40,55,0,40,1.0,15,0.375,2.0396871565595043,0.7488319220043853,11.452049561585223,3.8505788077865666,-1.5580560654119966,2
2,random,Random,0,15,0,15,40,40,1.0,27,0.675,3.417225055571837,1.6809485506373587,11.294134925537495,5.241947622889418,-3.417225055571837,0
2,random,Random,1,15,5,20,35,40,1.0,22,0.55,3.2642414813060157,1.2082901314089822,11.294134925537495,5.286392872592728,-2.7312251322186025,0
2,random,Random,2,15,10,25,30,40,1.0,19,0.475,3.3602763111696765,0.9264202081433002,11.294134925537495,5.4753018244791605,-2.868805555359027,0
2,random,Random,3,15,15,30,25,40,1.0,17,0.425,2.9063610972113203,0.7500941638066463,11.24035529699366,5.066024268885262,-2.316167529811225,0
2,random,Random,4,15,20,35,20,40,1.0,16,0.4,1.780053397187439,0.4763836620288408,11.24035529699366,3.5855123700759535,-1.1611533509427037,0
2,random,Random,5,15,25,40,15,40,1.0,20,0.5,2.7220952307559445,1.0119967406401829,11.24035529699366,4.6166922219370115,-2.277941144992135,0
2,random,Random,6,15,30,45,10,40,1.0,18,0.45,2.19262836738043,0.7774012767633076,11.24035529699366,3.9765280335440414,-2.184062902582403,0
2,random,Random,7,15,35,50,5,40,1.0,18,0.45,2.179443237703657,0.7892365070127836,11.24035529699366,3.9768975225501295,-2.179443237703657,0
2,random,Random,8,15,40,55,0,40,1.0,19,0.475,2.209811983380259,0.7845308804144473,11.00730294820242,3.962659168726488,-2.209811983380259,0
2,gp_m52_pi,GP M52 + PI,0,15,0,15,40,40,1.0,27,0.675,3.417225055571837,1.6809485506373587,11.294134925537495,5.241947622889418,-3.417225055571837,0
2,gp_m52_pi,GP M52 + PI,1,15,5,20,35,40,1.0,22,0.55,3.6637323846529632,1.5667438917664187,11.294134925537495,5.678156435099323,-3.6637323846529632,0
2,gp_m52_pi,GP M52 + PI,2,15,10,25,30,40,1.0,20,0.5,3.062208850444468,1.089847900086783,11.24035529699366,4.985192789778977,-2.5661637954612586,0
2,gp_m52_pi,GP M52 + PI,3,15,15,30,25,40,1.0,18,0.45,2.9387398118126953,0.9127413875489993,11.294134925537495,5.103295550867709,-2.8957737742653995,0
2,gp_m52_pi,GP M52 + PI,4,15,20,35,20,40,1.0,17,0.425,2.44229930577172,0.6275029919208315,11.24035529699366,4.502671835859899,-2.366937270935486,0
2,gp_m52_pi,GP M52 + PI,5,15,25,40,15,40,1.0,19,0.475,2.313178859797233,0.8052306349820224,11.24035529699366,4.172298223786497,-2.1901110075478183,0
2,gp_m52_pi,GP M52 + PI,6,15,30,45,10,40,1.0,17,0.425,2.2528057964415256,0.7667292071504095,11.00730294820242,4.140665315494406,-2.141916199714227,0
2,gp_m52_pi,GP M52 + PI,7,15,35,50,5,40,1.0,18,0.45,2.1826703804966745,0.7846427979860016,10.856476588192956,3.965478806225266,-1.6717146691261888,0
2,gp_m52_pi,GP M52 + PI,8,15,40,55,0,40,1.0,19,0.475,2.209811983380259,0.7845308804144473,11.00730294820242,3.962659168726488,-2.209811983380259,0
2,gp_m52_ei,GP M52 + EI,0,15,0,15,40,40,1.0,27,0.675,3.417225055571837,1.6809485506373587,11.294134925537495,5.241947622889418,-3.417225055571837,0
2,gp_m52_ei,GP M52 + EI,1,15,5,20,35,40,1.0,23,0.575,4.016962652088653,1.9194538224190651,11.294134925537495,5.957564572454336,-3.992327747976541,0
2,gp_m52_ei,GP M52 + EI,2,15,10,25,30,40,1.0,28,0.7,4.046190792807901,2.365908480324375,11.294134925537495,5.889572825878515,-3.930047441203331,0
2,gp_m52_ei,GP M52 + EI,3,15,15,30,25,40,1.0,26,0.65,2.6375744406084483,1.705592862906287,11.24035529699366,4.180186564159746,-2.5138358373544625,0
2,gp_m52_ei,GP M52 + EI,4,15,20,35,20,40,1.0,21,0.525,2.1893714807586067,1.120620624098711,11.24035529699366,3.791734025876417,-2.0892969590606847,0
2,gp_m52_ei,GP M52 + EI,5,15,25,40,15,40,1.0,16,0.4,1.4157084687407893,0.6384696546890503,10.856476588192956,2.631964933467485,-1.3314788507643742,0
2,gp_m52_ei,GP M52 + EI,6,15,30,45,10,40,1.0,17,0.425,1.4563023552614354,0.6714403054275611,10.856476588192956,2.6648636642999484,-1.3738333431866012,0
2,gp_m52_ei,GP M52 + EI,7,15,35,50,5,40,1.0,17,0.425,1.97185593478815,0.5099659819338624,11.00730294820242,3.7928624980216505,-1.8954692375382096,0
2,gp_m52_ei,GP M52 + EI,8,15,40,55,0,40,1.0,19,0.475,2.209811983380259,0.7845308804144473,11.00730294820242,3.962659168726488,-2.209811983380259,0
2,pi_random_exploration,GP M52 PI + Random Exploration,0,15,0,15,40,40,1.0,27,0.675,3.417225055571837,1.6809485506373587,11.294134925537495,5.241947622889418,-3.417225055571837,0
2,pi_random_exploration,GP M52 PI + Random Exploration,1,15,5,20,35,40,1.0,25,0.625,3.7516772737870623,1.6746674795411556,11.294134925537495,5.667028293026978,-3.676752279707942,0
2,pi_random_exploration,GP M52 PI + Random Exploration,2,15,10,25,30,40,1.0,25,0.625,3.4659595374853667,1.7329261161607032,11.294134925537495,5.341672423538253,-3.3682038295436607,0
2,pi_random_exploration,GP M52 PI + Random Exploration,3,15,15,30,25,40,1.0,20,0.5,3.4423049197022615,1.072628979797659,11.294134925537495,5.579154975784831,-3.3455258856364183,0
2,pi_random_exploration,GP M52 PI + Random Exploration,4,15,20,35,20,40,1.0,21,0.525,3.4064658057823194,1.8301310565009397,11.294134925537495,5.330367726096207,-3.4064658057823194,0
2,pi_random_exploration,GP M52 PI + Random Exploration,5,15,25,40,15,40,1.0,22,0.55,3.6533916896987697,1.938405058903488,11.294134925537495,5.589253327982189,-3.643729183683633,0
2,pi_random_exploration,GP M52 PI + Random Exploration,6,15,30,45,10,40,1.0,22,0.55,2.603753949876507,1.1492538720868335,11.294134925537495,4.5523552192824255,-2.5436297357345237,0
2,pi_random_exploration,GP M52 PI + Random Exploration,7,15,35,50,5,40,1.0,18,0.45,2.106305566336322,0.8052545106933646,11.00730294820242,3.834508542023677,-2.009818311824408,0
2,pi_random_exploration,GP M52 PI + Random Exploration,8,15,40,55,0,40,1.0,19,0.475,2.209811983380259,0.7845308804144473,11.00730294820242,3.962659168726488,-2.209811983380259,0
2,pi_uncertainty,PI + Uncertainty,0,15,0,15,40,40,1.0,27,0.675,3.417225055571837,1.6809485506373587,11.294134925537495,5.241947622889418,-3.417225055571837,0
2,pi_uncertainty,PI + Uncertainty,1,15,5,20,35,40,1.0,26,0.65,3.3525594521780406,1.8517143606659543,11.294134925537495,5.139786393247294,-2.881278800732549,0
2,pi_uncertainty,PI + Uncertainty,2,15,10,25,30,40,1.0,25,0.625,3.828271159751984,2.103539938667427,11.294134925537495,5.730831444997109,-3.786439459731807,0
2,pi_uncertainty,PI + Uncertainty,3,15,15,30,25,40,1.0,27,0.675,4.212920500549462,2.200969052266659,11.294134925537495,6.170940607816473,-4.138034342540934,0
2,pi_uncertainty,PI + Uncertainty,4,15,20,35,20,40,1.0,23,0.575,3.4917900941962072,2.052235372221002,11.294134925537495,5.429926288590707,-3.4757464744684383,0
2,pi_uncertainty,PI + Uncertainty,5,15,25,40,15,40,1.0,22,0.55,3.109940663321013,1.3718520568418755,11.317324120829042,5.094626307510632,-3.0880821177719944,0
2,pi_uncertainty,PI + Uncertainty,6,15,30,45,10,40,1.0,21,0.525,1.7748807578959642,1.126763230152319,11.00730294820242,3.1942115029773817,-1.6844956367797763,0
2,pi_uncertainty,PI + Uncertainty,7,15,35,50,5,40,1.0,17,0.425,2.312737925599263,0.7235401713466381,11.24035529699366,4.2157053017463175,-2.236357245887161,0
2,pi_uncertainty,PI + Uncertainty,8,15,40,55,0,40,1.0,19,0.475,2.209811983380259,0.7845308804144473,11.00730294820242,3.962659168726488,-2.209811983380259,0
2,imperfection_aware,Imperfection-aware,0,15,0,15,40,40,1.0,27,0.675,3.417225055571837,1.6809485506373587,11.294134925537495,5.241947622889418,-3.417225055571837,0
2,imperfection_aware,Imperfection-aware,1,15,5,20,35,40,1.0,24,0.6,2.899678547963643,1.257002921819181,11.294134925537495,4.82224879205554,-2.8494159525867366,0
2,imperfection_aware,Imperfection-aware,2,15,10,25,30,40,1.0,21,0.525,3.1971279356104843,1.2393401445225622,11.294134925537495,5.1441156127208485,-2.3064479703572354,0
2,imperfection_aware,Imperfection-aware,3,15,15,30,25,40,1.0,18,0.45,3.034904345880519,0.7131437804462921,11.294134925537495,5.138811795827273,-2.0366091907939428,0
2,imperfection_aware,Imperfection-aware,4,15,20,35,20,40,1.0,18,0.45,2.438328244906943,0.8483367175743366,11.294134925537495,4.444868801418733,-2.348480027246312,0
2,imperfection_aware,Imperfection-aware,5,15,25,40,15,40,1.0,16,0.4,2.4257759710126265,0.6631235962852671,11.294134925537495,4.4520201164505995,-2.2859223951656773,0
2,imperfection_aware,Imperfection-aware,6,15,30,45,10,40,1.0,16,0.4,2.7648354367755785,0.583126479677067,11.294134925537495,4.938572588008355,-2.756859599453964,0
2,imperfection_aware,Imperfection-aware,7,15,35,50,5,40,1.0,19,0.475,2.858667562312545,0.6436025024946224,11.294134925537495,4.922763702221775,-2.8489430132530185,1
2,imperfection_aware,Imperfection-aware,8,15,40,55,0,40,1.0,19,0.475,2.209811983380259,0.7845308804144473,11.00730294820242,3.962659168726488,-2.209811983380259,2
3,random,Random,0,15,0,15,40,40,1.0,17,0.425,2.003708989447822,0.5802168315471263,11.00730294820242,3.7073711149384,-1.8840546566574103,0
3,random,Random,1,15,5,20,35,40,1.0,18,0.45,2.4499313531546485,0.8969760259747979,10.856476588192956,4.240961385973627,-1.9612457229495237,0
3,random,Random,2,15,10,25,30,40,1.0,16,0.4,2.112890948084678,0.5439030611547455,10.856476588192956,4.0040685144488934,-2.0042153997559646,0
3,random,Random,3,15,15,30,25,40,1.0,13,0.325,1.8237604115718071,0.4561738452291042,10.856476588192956,3.627574600871267,-1.7378556506611835,0
3,random,Random,4,15,20,35,20,40,1.0,15,0.375,2.1366793702800813,0.4320403754988797,11.24035529699366,4.177364497711298,-2.020249375447622,0
3,random,Random,5,15,25,40,15,40,1.0,12,0.3,1.6311303098574093,0.3493160046239509,10.856476588192956,3.390712226666088,-1.5337337461806515,0
3,random,Random,6,15,30,45,10,40,1.0,13,0.325,1.6974218942052215,0.3313612527048475,10.856476588192956,3.543629442061874,-1.2288970998710689,0
3,random,Random,7,15,35,50,5,40,1.0,12,0.3,1.557636108158701,0.4372684840185998,10.856476588192956,3.1581911212985267,-1.0384735486938463,0
3,random,Random,8,15,40,55,0,40,1.0,13,0.325,1.7706707117769156,0.4145536379582779,10.856476588192956,3.6036133464264455,-1.6242209779453525,0
3,gp_m52_pi,GP M52 + PI,0,15,0,15,40,40,1.0,17,0.425,2.003708989447822,0.5802168315471263,11.00730294820242,3.7073711149384,-1.8840546566574103,0
3,gp_m52_pi,GP M52 + PI,1,15,5,20,35,40,1.0,17,0.425,1.669132893833335,0.8922453618672659,11.00730294820242,3.0827314735797544,-1.5033137993601595,0
3,gp_m52_pi,GP M52 + PI,2,15,10,25,30,40,1.0,14,0.35,1.3639489246328615,0.5788946929788601,10.380994213509265,2.630431668657996,-0.53151602467291,0
3,gp_m52_pi,GP M52 + PI,3,15,15,30,25,40,1.0,15,0.375,2.3921177070995605,0.5406175296225424,11.317324120829042,4.405738549281559,-2.2348792838235876,0
3,gp_m52_pi,GP M52 + PI,4,15,20,35,20,40,1.0,15,0.375,3.00591596353091,0.4599849007708956,11.317324120829042,5.305585609472943,-2.8875015221928018,0
3,gp_m52_pi,GP M52 + PI,5,15,25,40,15,40,1.0,14,0.35,3.014146232143931,0.5003226304083466,11.317324120829042,5.30902942333568,-2.890209086348698,0
3,gp_m52_pi,GP M52 + PI,6,15,30,45,10,40,1.0,16,0.4,3.0454137636082868,0.3528990225191704,11.317324120829042,5.325198033510731,-2.902352474454024,0
3,gp_m52_pi,GP M52 + PI,7,15,35,50,5,40,1.0,15,0.375,2.768990071332742,0.4026251660227595,11.317324120829042,5.009061193166907,-2.642760596725145,0
3,gp_m52_pi,GP M52 + PI,8,15,40,55,0,40,1.0,13,0.325,1.7706707117769156,0.4145536379582779,10.856476588192956,3.6036133464264455,-1.6242209779453525,0
3,gp_m52_ei,GP M52 + EI,0,15,0,15,40,40,1.0,17,0.425,2.003708989447822,0.5802168315471263,11.00730294820242,3.7073711149384,-1.8840546566574103,0
3,gp_m52_ei,GP M52 + EI,1,15,5,20,35,40,1.0,16,0.4,1.3392529720608035,0.3869813255298542,10.380994213509265,2.5316221838705513,-1.1456331709658572,0
3,gp_m52_ei,GP M52 + EI,2,15,10,25,30,40,1.0,16,0.4,2.193992781135485,0.5869577419414549,11.00730294820242,4.095545212549998,-1.4665102605598694,0
3,gp_m52_ei,GP M52 + EI,3,15,15,30,25,40,1.0,14,0.35,1.979573538460968,0.3101203287045413,11.00730294820242,3.925805819496579,-1.1243002746857764,0
3,gp_m52_ei,GP M52 + EI,4,15,20,35,20,40,1.0,17,0.425,1.5212887904352654,0.5672009329428054,10.380994213509265,2.9350519614911654,-0.2459171049966189,0
3,gp_m52_ei,GP M52 + EI,5,15,25,40,15,40,1.0,14,0.35,2.9847009925775687,0.4789759064959549,11.317324120829042,5.303350755020754,-2.8541253058567486,0
3,gp_m52_ei,GP M52 + EI,6,15,30,45,10,40,1.0,15,0.375,3.0427479216094873,0.3560554731111356,11.317324120829042,5.322853988170561,-2.8915919880195933,0
3,gp_m52_ei,GP M52 + EI,7,15,35,50,5,40,1.0,15,0.375,2.768990071332742,0.4026251660227595,11.317324120829042,5.009061193166907,-2.642760596725145,0
3,gp_m52_ei,GP M52 + EI,8,15,40,55,0,40,1.0,13,0.325,1.7706707117769156,0.4145536379582779,10.856476588192956,3.6036133464264455,-1.6242209779453525,0
3,pi_random_exploration,GP M52 PI + Random Exploration,0,15,0,15,40,40,1.0,17,0.425,2.003708989447822,0.5802168315471263,11.00730294820242,3.7073711149384,-1.8840546566574103,0
3,pi_random_exploration,GP M52 PI + Random Exploration,1,15,5,20,35,40,1.0,15,0.375,1.4737248306648203,0.3677847084525742,10.380994213509265,2.79681208997611,-1.3312720059451162,0
3,pi_random_exploration,GP M52 PI + Random Exploration,2,15,10,25,30,40,1.0,12,0.3,1.8274936893829363,0.5471040320499894,10.856476588192956,3.514234811595283,-1.1522365156216896,0
3,pi_random_exploration,GP M52 PI + Random Exploration,3,15,15,30,25,40,1.0,17,0.425,2.182849848991215,0.5288900821465141,11.593417302539065,3.989977540772085,-1.5513927823630236,0
3,pi_random_exploration,GP M52 PI + Random Exploration,4,15,20,35,20,40,1.0,16,0.4,2.4667093524622716,0.5483707855818558,11.317324120829042,4.439232399498454,-2.2910752396430967,0
3,pi_random_exploration,GP M52 PI + Random Exploration,5,15,25,40,15,40,1.0,15,0.375,1.9914599542701896,0.4210488174768203,11.593417302539065,3.74905631084665,-1.776333162943618,0
3,pi_random_exploration,GP M52 PI + Random Exploration,6,15,30,45,10,40,1.0,15,0.375,2.1310490838598493,0.3921743333113641,11.317324120829042,4.066354211318556,-1.9479671050059657,0
3,pi_random_exploration,GP M52 PI + Random Exploration,7,15,35,50,5,40,1.0,15,0.375,1.4658935337135712,0.3922632622745583,10.380994213509265,2.79999392232222,-1.328410630581702,0
3,pi_random_exploration,GP M52 PI + Random Exploration,8,15,40,55,0,40,1.0,13,0.325,1.7706707117769156,0.4145536379582779,10.856476588192956,3.6036133464264455,-1.6242209779453525,0
3,pi_uncertainty,PI + Uncertainty,0,15,0,15,40,40,1.0,17,0.425,2.003708989447822,0.5802168315471263,11.00730294820242,3.7073711149384,-1.8840546566574103,0
3,pi_uncertainty,PI + Uncertainty,1,15,5,20,35,40,1.0,19,0.475,1.848056499054574,0.7372743264044201,10.856476588192956,3.359862708008849,-1.239267262952561,0
3,pi_uncertainty,PI + Uncertainty,2,15,10,25,30,40,1.0,15,0.375,1.9846202517236473,0.6166329764522631,10.856476588192956,3.724131577386859,-0.1749192906325253,0
3,pi_uncertainty,PI + Uncertainty,3,15,15,30,25,40,1.0,15,0.375,1.2913421222168096,0.2526133829100603,10.380994213509265,2.587567659481049,-0.4225582016044455,0
3,pi_uncertainty,PI + Uncertainty,4,15,20,35,20,40,1.0,16,0.4,1.5458019925627435,0.5074919967503089,10.380994213509265,2.9833075128398607,-0.1988647128922659,0
3,pi_uncertainty,PI + Uncertainty,5,15,25,40,15,40,1.0,15,0.375,3.0211083794457676,0.5008726733585842,11.317324120829042,5.313740206191488,-2.8944890950925304,0
3,pi_uncertainty,PI + Uncertainty,6,15,30,45,10,40,1.0,14,0.35,2.8241267406331687,0.4983669195406728,11.317324120829042,5.030087895957974,-2.668650040845811,0
3,pi_uncertainty,PI + Uncertainty,7,15,35,50,5,40,1.0,14,0.35,2.5223204715418923,0.4520034433289677,11.317324120829042,4.684036456554284,-2.385801650301298,0
3,pi_uncertainty,PI + Uncertainty,8,15,40,55,0,40,1.0,13,0.325,1.7706707117769156,0.4145536379582779,10.856476588192956,3.6036133464264455,-1.6242209779453525,0
3,imperfection_aware,Imperfection-aware,0,15,0,15,40,40,1.0,17,0.425,2.003708989447822,0.5802168315471263,11.00730294820242,3.7073711149384,-1.8840546566574103,0
3,imperfection_aware,Imperfection-aware,1,15,5,20,35,40,1.0,17,0.425,1.669132893833335,0.8922453618672659,11.00730294820242,3.0827314735797544,-1.5033137993601595,0
3,imperfection_aware,Imperfection-aware,2,15,10,25,30,40,1.0,16,0.4,1.535479935199252,0.6378419080326312,10.380994213509265,2.952205474800289,-0.2300301982332133,0
3,imperfection_aware,Imperfection-aware,3,15,15,30,25,40,1.0,15,0.375,1.9256688910772135,0.7637385086301576,10.856476588192956,3.5469303731872532,-1.3486349871065069,0
3,imperfection_aware,Imperfection-aware,4,15,20,35,20,40,1.0,14,0.35,1.8426842346675076,0.3071904314040514,10.856476588192956,3.654132813360069,-1.711370947636386,0
3,imperfection_aware,Imperfection-aware,5,15,25,40,15,40,1.0,11,0.275,1.9320098684097051,0.2469082868107524,10.856476588192956,3.958183968221186,-1.7787267313163255,0
3,imperfection_aware,Imperfection-aware,6,15,30,45,10,40,1.0,9,0.225,1.2637852046580578,0.1839292487399548,10.856476588192956,2.9037624596240654,-1.1317930665224385,0
3,imperfection_aware,Imperfection-aware,7,15,35,50,5,40,1.0,13,0.325,1.368697124716355,0.3574488922487857,10.380994213509265,2.739254770134572,-1.21872456886608,1
3,imperfection_aware,Imperfection-aware,8,15,40,55,0,40,1.0,13,0.325,1.7706707117769156,0.4145536379582779,10.856476588192956,3.6036133464264455,-1.6242209779453525,2
4,random,Random,0,15,0,15,40,40,1.0,29,0.725,7.782680863353704,10.694892820308011,12.241738972406983,9.229594319442446,-7.782680863353704,0
4,random,Random,1,15,5,20,35,40,1.0,29,0.725,7.092165775923386,10.608009087996503,12.241738972406983,8.74989892868231,-7.092165775923386,0
4,random,Random,2,15,10,25,30,40,1.0,28,0.7,5.3445118805678105,2.9840160350401184,12.051008215026558,7.127663304978679,-4.5502718494521925,0
4,random,Random,3,15,15,30,25,40,1.0,26,0.65,4.18621662556311,1.714338586775999,12.051008215026558,6.225583791467236,-3.3094288690631695,0
4,random,Random,4,15,20,35,20,40,1.0,20,0.5,1.7334227174260106,0.9997694873140066,10.380994213509265,3.021747528623524,-0.7377393551291596,0
4,random,Random,5,15,25,40,15,40,1.0,16,0.4,1.4977728435896025,0.7038181801712122,10.380994213509265,2.849043215788173,-0.436773989081139,0
4,random,Random,6,15,30,45,10,40,1.0,12,0.3,1.337012690688598,0.3366909316057622,10.380994213509265,2.7994562160099687,-0.2726832768740829,0
4,random,Random,7,15,35,50,5,40,1.0,11,0.275,1.326739065488272,0.494790501687417,10.380994213509265,2.789477154237843,-0.2395578297062652,0
4,random,Random,8,15,40,55,0,40,1.0,11,0.275,1.110394177395197,0.2729539918616881,10.64742289992818,2.611953500583935,-0.7864304955475736,0
4,gp_m52_pi,GP M52 + PI,0,15,0,15,40,40,1.0,29,0.725,7.782680863353704,10.694892820308011,12.241738972406983,9.229594319442446,-7.782680863353704,0
4,gp_m52_pi,GP M52 + PI,1,15,5,20,35,40,1.0,29,0.725,5.640338925789311,4.295584399599576,12.051008215026558,7.452866535485804,-5.209099365688598,0
4,gp_m52_pi,GP M52 + PI,2,15,10,25,30,40,1.0,25,0.625,4.608491427390371,1.9016365207838248,12.051008215026558,6.670495920692973,-3.596437694150539,0
4,gp_m52_pi,GP M52 + PI,3,15,15,30,25,40,1.0,19,0.475,2.646453061711239,0.9180959437948104,11.521796005138416,4.555083247917948,-1.517793288234851,0
4,gp_m52_pi,GP M52 + PI,4,15,20,35,20,40,1.0,20,0.5,2.4005541411837177,1.012828759393229,11.452049561585223,4.33448883543373,-1.71352326967341,0
4,gp_m52_pi,GP M52 + PI,5,15,25,40,15,40,1.0,12,0.3,1.929186295733972,0.5671873228089561,11.229394763640924,3.921592014659832,-1.2613850986616797,0
4,gp_m52_pi,GP M52 + PI,6,15,30,45,10,40,1.0,9,0.225,1.882425051329412,0.3230589628935005,11.229394763640924,4.0320952507122465,-1.6382661026727352,0
4,gp_m52_pi,GP M52 + PI,7,15,35,50,5,40,1.0,9,0.225,1.3060259023081329,0.316138345490911,10.660501153424487,3.082638643627843,-0.998280046917936,0
4,gp_m52_pi,GP M52 + PI,8,15,40,55,0,40,1.0,11,0.275,1.110394177395197,0.2729539918616881,10.64742289992818,2.611953500583935,-0.7864304955475736,0
4,gp_m52_ei,GP M52 + EI,0,15,0,15,40,40,1.0,29,0.725,7.782680863353704,10.694892820308011,12.241738972406983,9.229594319442446,-7.782680863353704,0
4,gp_m52_ei,GP M52 + EI,1,15,5,20,35,40,1.0,29,0.725,6.811213295623483,10.41328673584269,12.241738972406983,8.498571368924154,-6.811213295623483,0
4,gp_m52_ei,GP M52 + EI,2,15,10,25,30,40,1.0,24,0.6,4.472518862443596,1.9832369404321364,12.051008215026558,6.484107094088364,-3.592431953686254,0
4,gp_m52_ei,GP M52 + EI,3,15,15,30,25,40,1.0,22,0.55,4.016992756261476,1.546159108358844,11.521796005138416,6.087730748141662,-3.5658798343241003,0
4,gp_m52_ei,GP M52 + EI,4,15,20,35,20,40,1.0,15,0.375,1.9935735130655003,0.5535991130418791,11.229394763640924,3.799296764909879,-1.026223751199696,0
4,gp_m52_ei,GP M52 + EI,5,15,25,40,15,40,1.0,12,0.3,1.8310076086556193,0.3735400749421291,11.229394763640924,3.839591666645375,-1.156157820568552,0
4,gp_m52_ei,GP M52 + EI,6,15,30,45,10,40,1.0,10,0.25,1.4191414440780774,0.3735621550452839,10.660501153424487,3.0859412179022008,-0.720669110130902,0
4,gp_m52_ei,GP M52 + EI,7,15,35,50,5,40,1.0,9,0.225,1.365506877641432,0.2189433951424471,10.660501153424487,3.0997603378918153,-0.6788792772797531,0
4,gp_m52_ei,GP M52 + EI,8,15,40,55,0,40,1.0,11,0.275,1.110394177395197,0.2729539918616881,10.64742289992818,2.611953500583935,-0.7864304955475736,0
4,pi_random_exploration,GP M52 PI + Random Exploration,0,15,0,15,40,40,1.0,29,0.725,7.782680863353704,10.694892820308011,12.241738972406983,9.229594319442446,-7.782680863353704,0
4,pi_random_exploration,GP M52 PI + Random Exploration,1,15,5,20,35,40,1.0,29,0.725,5.640338925789311,4.295584399599576,12.051008215026558,7.452866535485804,-5.209099365688598,0
4,pi_random_exploration,GP M52 PI + Random Exploration,2,15,10,25,30,40,1.0,25,0.625,4.644399788953376,1.8789975933684904,12.051008215026558,6.687952013865182,-3.600376786241931,0
4,pi_random_exploration,GP M52 PI + Random Exploration,3,15,15,30,25,40,1.0,21,0.525,4.026299591736075,1.2575777156482155,12.051008215026558,6.1918391159925985,-2.8785406920247034,0
4,pi_random_exploration,GP M52 PI + Random Exploration,4,15,20,35,20,40,1.0,14,0.35,1.8947800323073032,0.7498393951578564,11.229394763640924,3.691437586092072,-0.7847887898864503,0
4,pi_random_exploration,GP M52 PI + Random Exploration,5,15,25,40,15,40,1.0,13,0.325,1.923407869455112,0.6377902046088524,11.229394763640924,3.768802189439078,-0.9040598462427084,0
4,pi_random_exploration,GP M52 PI + Random Exploration,6,15,30,45,10,40,1.0,10,0.25,1.5907410567828608,0.3841739627793954,11.229394763640924,3.4493486095020147,-0.8459813708447221,0
4,pi_random_exploration,GP M52 PI + Random Exploration,7,15,35,50,5,40,1.0,9,0.225,1.1688425840530865,0.2476799204814774,10.64742289992818,2.742443553939856,-0.9570680877833208,0
4,pi_random_exploration,GP M52 PI + Random Exploration,8,15,40,55,0,40,1.0,11,0.275,1.110394177395197,0.2729539918616881,10.64742289992818,2.611953500583935,-0.7864304955475736,0
4,pi_uncertainty,PI + Uncertainty,0,15,0,15,40,40,1.0,29,0.725,7.782680863353704,10.694892820308011,12.241738972406983,9.229594319442446,-7.782680863353704,0
4,pi_uncertainty,PI + Uncertainty,1,15,5,20,35,40,1.0,27,0.675,5.834656580431393,4.336616438105807,12.241738972406983,7.748264945372341,-5.740489665360417,0
4,pi_uncertainty,PI + Uncertainty,2,15,10,25,30,40,1.0,27,0.675,5.560082805477586,4.232780945856668,12.051008215026558,7.43355288296039,-5.151291355041856,0
4,pi_uncertainty,PI + Uncertainty,3,15,15,30,25,40,1.0,20,0.5,2.2931734146214344,1.0148600259202274,11.229394763640924,4.041639622926486,-1.822838186423486,0
4,pi_uncertainty,PI + Uncertainty,4,15,20,35,20,40,1.0,18,0.45,2.1054162113856743,0.7144737333185258,11.229394763640924,3.8261075027782625,-1.1732399790953685,0
4,pi_uncertainty,PI + Uncertainty,5,15,25,40,15,40,1.0,14,0.35,2.009123775726822,0.5848147036175853,11.229394763640924,3.933114291805395,-1.4601756250611246,0
4,pi_uncertainty,PI + Uncertainty,6,15,30,45,10,40,1.0,12,0.3,1.7476931167428738,0.4247325991452122,11.229394763640924,3.573514188152723,-1.1270725057574391,0
4,pi_uncertainty,PI + Uncertainty,7,15,35,50,5,40,1.0,10,0.25,1.3721091266433891,0.2916005030931057,10.660501153424487,3.0694905528404397,-0.7323759029503754,0
4,pi_uncertainty,PI + Uncertainty,8,15,40,55,0,40,1.0,11,0.275,1.110394177395197,0.2729539918616881,10.64742289992818,2.611953500583935,-0.7864304955475736,0
4,imperfection_aware,Imperfection-aware,0,15,0,15,40,40,1.0,29,0.725,7.782680863353704,10.694892820308011,12.241738972406983,9.229594319442446,-7.782680863353704,0
4,imperfection_aware,Imperfection-aware,1,15,5,20,35,40,1.0,27,0.675,6.213357082244846,9.970114671052608,12.051008215026558,8.088134426846874,-6.105393614378057,0
4,imperfection_aware,Imperfection-aware,2,15,10,25,30,40,1.0,24,0.6,4.977888979015732,2.1271820825560663,12.051008215026558,7.058890268609837,-4.03419525830663,0
4,imperfection_aware,Imperfection-aware,3,15,15,30,25,40,1.0,22,0.55,4.738725691657042,1.6237221317092798,12.051008215026558,6.920283522063358,-4.140424827242043,0
4,imperfection_aware,Imperfection-aware,4,15,20,35,20,40,1.0,19,0.475,2.139370456171335,0.9209901519362164,11.229394763640924,3.9472449804905945,-1.4422353552808138,0
4,imperfection_aware,Imperfection-aware,5,15,25,40,15,40,1.0,12,0.3,1.9353928063853645,0.5814183758682097,11.229394763640924,3.917184784253745,-1.0681783143608956,0
4,imperfection_aware,Imperfection-aware,6,15,30,45,10,40,1.0,12,0.3,1.4475345127024055,0.2933971745001811,10.660501153424487,3.158268681833214,-1.0984856274896058,0
4,imperfection_aware,Imperfection-aware,7,15,35,50,5,40,1.0,9,0.225,1.0739317912389206,0.2907248816701759,10.64742289992818,2.59191932464988,-0.7514714096147562,0
4,imperfection_aware,Imperfection-aware,8,15,40,55,0,40,1.0,11,0.275,1.110394177395197,0.2729539918616881,10.64742289992818,2.611953500583935,-0.7864304955475736,1
5,random,Random,0,15,0,15,40,40,1.0,23,0.575,3.1739346246803533,1.5948549802787353,11.294134925537495,4.985951084137856,-2.6598064449677694,0
5,random,Random,1,15,5,20,35,40,1.0,17,0.425,2.7752398273792114,0.6319095613378467,11.294134925537495,4.722381404658653,-2.6461894251393927,0
5,random,Random,2,15,10,25,30,40,1.0,18,0.45,3.1860706640625023,0.6560853049953579,11.953828499481324,5.296488543642394,-3.0638219341641184,0
5,random,Random,3,15,15,30,25,40,1.0,18,0.45,2.7204382151974733,0.5399716146552702,10.96348028065585,4.666501119029673,-2.6332097482798287,0
5,random,Random,4,15,20,35,20,40,1.0,15,0.375,2.894062578138489,0.5492633378024445,11.294134925537495,4.971609821985934,-2.7079019836349083,0
5,random,Random,5,15,25,40,15,40,1.0,17,0.425,2.660591499800936,0.4895096479541374,10.96348028065585,4.652641051636859,-2.5123864264087885,0
5,random,Random,6,15,30,45,10,40,1.0,16,0.4,2.483121112827162,0.5688741796647454,10.96348028065585,4.357924406571339,-2.362422438620231,0
5,random,Random,7,15,35,50,5,40,1.0,15,0.375,2.4283655102949253,0.5980359439565159,10.856476588192956,4.322160107383561,-2.3097584909868987,0
5,random,Random,8,15,40,55,0,40,1.0,15,0.375,2.2345772716078063,0.6431010208651422,10.856476588192956,3.996230454341229,-2.1082986765142495,0
5,gp_m52_pi,GP M52 + PI,0,15,0,15,40,40,1.0,23,0.575,3.1739346246803533,1.5948549802787353,11.294134925537495,4.985951084137856,-2.6598064449677694,0
5,gp_m52_pi,GP M52 + PI,1,15,5,20,35,40,1.0,25,0.625,2.6652892068687377,1.4107694524086405,10.96348028065585,4.319159107902202,-2.0145272839583512,0
5,gp_m52_pi,GP M52 + PI,2,15,10,25,30,40,1.0,18,0.45,1.9121101972774248,0.6090451242799872,10.793454842740768,3.478501880573696,-1.0955318145295485,0
5,gp_m52_pi,GP M52 + PI,3,15,15,30,25,40,1.0,18,0.45,2.4030975394437335,0.6991072097416184,10.856476588192956,4.186743678730966,-2.3004097949972255,0
5,gp_m52_pi,GP M52 + PI,4,15,20,35,20,40,1.0,15,0.375,2.4420024558731717,0.3870730287424928,10.856476588192956,4.3351104357520605,-2.3135454844611805,0
5,gp_m52_pi,GP M52 + PI,5,15,25,40,15,40,1.0,12,0.3,2.1928542521752634,0.4933693449947975,10.856476588192956,4.119088486216562,-1.9878111376413063,0
5,gp_m52_pi,GP M52 + PI,6,15,30,45,10,40,1.0,14,0.35,2.2060498999656573,0.384849271402075,10.856476588192956,4.1209274494646415,-2.0441541860467085,0
5,gp_m52_pi,GP M52 + PI,7,15,35,50,5,40,1.0,15,0.375,2.2367638685946667,0.438192295194753,10.856476588192956,4.0109230793823825,-2.079494825318366,0
5,gp_m52_pi,GP M52 + PI,8,15,40,55,0,40,1.0,15,0.375,2.2345772716078063,0.6431010208651422,10.856476588192956,3.996230454341229,-2.1082986765142495,0
5,gp_m52_ei,GP M52 + EI,0,15,0,15,40,40,1.0,23,0.575,3.1739346246803533,1.5948549802787353,11.294134925537495,4.985951084137856,-2.6598064449677694,0
5,gp_m52_ei,GP M52 + EI,1,15,5,20,35,40,1.0,24,0.6,3.231254556917031,1.313977434329363,11.24035529699366,5.051591423979444,-3.176849806127514,0
5,gp_m52_ei,GP M52 + EI,2,15,10,25,30,40,1.0,19,0.475,2.840729826758012,0.9400317260194164,10.96348028065585,4.69836430744455,-2.753003950376544,0
5,gp_m52_ei,GP M52 + EI,3,15,15,30,25,40,1.0,14,0.35,2.4200772662276755,0.5429016737159174,10.856476588192956,4.322758145249229,-2.2246977752537056,0
5,gp_m52_ei,GP M52 + EI,4,15,20,35,20,40,1.0,16,0.4,2.207530125746768,0.4470601422137523,10.856476588192956,3.9859873108354584,-2.0830557633567524,0
5,gp_m52_ei,GP M52 + EI,5,15,25,40,15,40,1.0,14,0.35,2.405222479022627,0.5579322205189952,10.856476588192956,4.309021340834209,-2.1892695022092545,0
5,gp_m52_ei,GP M52 + EI,6,15,30,45,10,40,1.0,13,0.325,2.174207083966914,0.4049857850678018,10.856476588192956,4.113622146672184,-2.043446934336896,0
5,gp_m52_ei,GP M52 + EI,7,15,35,50,5,40,1.0,14,0.35,2.3909103606156212,0.4038121933683767,10.856476588192956,4.3140789611516945,-2.2481709283412914,0
5,gp_m52_ei,GP M52 + EI,8,15,40,55,0,40,1.0,15,0.375,2.2345772716078063,0.6431010208651422,10.856476588192956,3.996230454341229,-2.1082986765142495,0
5,pi_random_exploration,GP M52 PI + Random Exploration,0,15,0,15,40,40,1.0,23,0.575,3.1739346246803533,1.5948549802787353,11.294134925537495,4.985951084137856,-2.6598064449677694,0
5,pi_random_exploration,GP M52 PI + Random Exploration,1,15,5,20,35,40,1.0,16,0.4,2.107243306834666,0.5634643193299702,10.96348028065585,3.796475605206766,-1.894538718756244,0
5,pi_random_exploration,GP M52 PI + Random Exploration,2,15,10,25,30,40,1.0,19,0.475,2.827757045489552,0.8301473375354593,10.96348028065585,4.693253415833149,-2.7401496224114954,0
5,pi_random_exploration,GP M52 PI + Random Exploration,3,15,15,30,25,40,1.0,16,0.4,2.7221430834934983,0.5965139526325265,10.96348028065585,4.662735430689666,-2.5884222941887476,0
5,pi_random_exploration,GP M52 PI + Random Exploration,4,15,20,35,20,40,1.0,16,0.4,2.2842674591202927,0.6978458120432958,10.856476588192956,4.015754537144051,-2.080453420983031,0
5,pi_random_exploration,GP M52 PI + Random Exploration,5,15,25,40,15,40,1.0,14,0.35,2.4140695530580194,0.5727688028063831,10.856476588192956,4.318424002459084,-2.230296348046857,0
5,pi_random_exploration,GP M52 PI + Random Exploration,6,15,30,45,10,40,1.0,14,0.35,2.40017223543134,0.3793466499933524,10.856476588192956,4.3203767806814986,-2.3036063020548014,0
5,pi_random_exploration,GP M52 PI + Random Exploration,7,15,35,50,5,40,1.0,15,0.375,2.47058386187222,0.5400785032222339,10.856476588192956,4.344150034791349,-2.305187771142859,0
5,pi_random_exploration,GP M52 PI + Random Exploration,8,15,40,55,0,40,1.0,15,0.375,2.2345772716078063,0.6431010208651422,10.856476588192956,3.996230454341229,-2.1082986765142495,0
5,pi_uncertainty,PI + Uncertainty,0,15,0,15,40,40,1.0,23,0.575,3.1739346246803533,1.5948549802787353,11.294134925537495,4.985951084137856,-2.6598064449677694,0
5,pi_uncertainty,PI + Uncertainty,1,15,5,20,35,40,1.0,15,0.375,1.824064720401299,0.5356497998327834,10.793454842740768,3.36692373800415,-1.6343926671108266,0
5,pi_uncertainty,PI + Uncertainty,2,15,10,25,30,40,1.0,21,0.525,3.1500804522419683,1.1274111006963825,11.580901819979324,5.053427752756511,-3.0527390162948924,0
5,pi_uncertainty,PI + Uncertainty,3,15,15,30,25,40,1.0,18,0.45,2.7525520471414984,0.798037637162393,10.96348028065585,4.667715901603188,-2.654197151988896,0
5,pi_uncertainty,PI + Uncertainty,4,15,20,35,20,40,1.0,16,0.4,2.3795453513996514,0.6566079230496209,10.856476588192956,4.171031847943629,-2.2536451748057837,0
5,pi_uncertainty,PI + Uncertainty,5,15,25,40,15,40,1.0,18,0.45,2.390993074377734,0.6182954399057312,10.856476588192956,4.182632050184111,-2.2242264981353492,0
5,pi_uncertainty,PI + Uncertainty,6,15,30,45,10,40,1.0,13,0.325,2.1966676086716688,0.3748611669382242,10.856476588192956,4.120938818517938,-2.035720236938482,0
5,pi_uncertainty,PI + Uncertainty,7,15,35,50,5,40,1.0,14,0.35,2.3614316992745104,0.4057023581754322,10.856476588192956,4.306273374354905,-2.202639404999517,0
5,pi_uncertainty,PI + Uncertainty,8,15,40,55,0,40,1.0,15,0.375,2.2345772716078063,0.6431010208651422,10.856476588192956,3.996230454341229,-2.1082986765142495,0
5,imperfection_aware,Imperfection-aware,0,15,0,15,40,40,1.0,23,0.575,3.1739346246803533,1.5948549802787353,11.294134925537495,4.985951084137856,-2.6598064449677694,0
5,imperfection_aware,Imperfection-aware,1,15,5,20,35,40,1.0,23,0.575,3.4524067647779555,1.2232836712791944,11.953828499481324,5.376286327810213,-3.392043448446779,0
5,imperfection_aware,Imperfection-aware,2,15,10,25,30,40,1.0,21,0.525,3.145726024879228,1.0470555573979228,11.953828499481324,5.049075865805219,-3.0954353930085965,0
5,imperfection_aware,Imperfection-aware,3,15,15,30,25,40,1.0,21,0.525,3.623453847869917,1.347538965941342,11.953828499481324,5.578677638758935,-3.559449524337738,0
5,imperfection_aware,Imperfection-aware,4,15,20,35,20,40,1.0,19,0.475,2.7899084161808125,0.8747628665812357,11.953828499481324,4.715495649586403,-2.7017996648834623,0
5,imperfection_aware,Imperfection-aware,5,15,25,40,15,40,1.0,16,0.4,2.689923859238989,0.6679234486339203,11.953828499481324,4.689001184329361,-2.5153622429475555,0
5,imperfection_aware,Imperfection-aware,6,15,30,45,10,40,1.0,16,0.4,2.436598138247894,0.5249457643308642,10.856476588192956,4.33295590788873,-2.2485420612929574,0
5,imperfection_aware,Imperfection-aware,7,15,35,50,5,40,1.0,13,0.325,2.3693667668699057,0.4623374087162002,10.856476588192956,4.307738867801919,-2.178804470263441,0
5,imperfection_aware,Imperfection-aware,8,15,40,55,0,40,1.0,15,0.375,2.2345772716078063,0.6431010208651422,10.856476588192956,3.996230454341229,-2.1082986765142495,1
6,random,Random,0,15,0,15,40,40,1.0,25,0.625,2.7291048923644183,1.4091738263058753,10.856476588192956,4.1831095427886975,-1.3779422995665231,0
6,random,Random,1,15,5,20,35,40,1.0,25,0.625,3.112822912946357,1.361095714408486,10.96348028065585,4.816244989925994,-2.776352531272987,0
6,random,Random,2,15,10,25,30,40,1.0,21,0.525,2.4394981470064954,1.1734348756238075,10.856476588192956,4.050013047806896,-1.941859618658268,0
6,random,Random,3,15,15,30,25,40,1.0,21,0.525,3.147065692605338,1.3811089988449918,10.96348028065585,5.0155744371345365,-2.8268203667631413,0
6,random,Random,4,15,20,35,20,40,1.0,16,0.4,2.769606739632002,0.5739970430514791,10.96348028065585,4.701722278031943,-2.3256238849114923,0
6,random,Random,5,15,25,40,15,40,1.0,15,0.375,2.9913465347850323,0.3333020175695722,10.96348028065585,5.032189173130942,-2.725644686124122,0
6,random,Random,6,15,30,45,10,40,1.0,14,0.35,2.354649360134002,0.4874616860075615,10.856476588192956,4.2033059521784075,-2.0709425574336455,0
6,random,Random,7,15,35,50,5,40,1.0,13,0.325,2.1131291540035235,0.3139721860818758,10.856476588192956,3.87784840251759,-1.8733225591343228,0
6,random,Random,8,15,40,55,0,40,1.0,13,0.325,2.052250630846983,0.3053183217117299,10.856476588192956,3.848567038395163,-1.8143756819778247,0
6,gp_m52_pi,GP M52 + PI,0,15,0,15,40,40,1.0,25,0.625,2.7291048923644183,1.4091738263058753,10.856476588192956,4.1831095427886975,-1.3779422995665231,0
6,gp_m52_pi,GP M52 + PI,1,15,5,20,35,40,1.0,26,0.65,3.760087514735878,1.8481239209805809,12.241738972406983,5.658188972253897,-3.5109488135727434,0
6,gp_m52_pi,GP M52 + PI,2,15,10,25,30,40,1.0,21,0.525,3.5734536795546874,1.4179523337255435,12.241738972406983,5.616637619357424,-3.2679655191472134,0
6,gp_m52_pi,GP M52 + PI,3,15,15,30,25,40,1.0,23,0.575,3.657499011768555,1.51536271965398,12.241738972406983,5.641028045744723,-3.3886738790909816,0
6,gp_m52_pi,GP M52 + PI,4,15,20,35,20,40,1.0,21,0.525,2.3676901630788096,1.1603906914861728,10.856476588192956,3.895584639026952,-2.019255889531369,0
6,gp_m52_pi,GP M52 + PI,5,15,25,40,15,40,1.0,13,0.325,1.8894487519458167,0.4638706363917277,10.856476588192956,3.465723012760993,-1.3582011141385553,0
6,gp_m52_pi,GP M52 + PI,6,15,30,45,10,40,1.0,17,0.425,2.3090780397914537,0.6035412344621331,10.856476588192956,4.022804895224279,-2.232927118700143,0
6,gp_m52_pi,GP M52 + PI,7,15,35,50,5,40,1.0,13,0.325,2.233069386817376,0.4000682109827123,10.856476588192956,4.014488201179571,-2.1293343243345904,0
6,gp_m52_pi,GP M52 + PI,8,15,40,55,0,40,1.0,13,0.325,2.052250630846983,0.3053183217117299,10.856476588192956,3.848567038395163,-1.8143756819778247,0
6,gp_m52_ei,GP M52 + EI,0,15,0,15,40,40,1.0,25,0.625,2.7291048923644183,1.4091738263058753,10.856476588192956,4.1831095427886975,-1.3779422995665231,0
6,gp_m52_ei,GP M52 + EI,1,15,5,20,35,40,1.0,25,0.625,3.2825190626056298,1.31184172504802,10.96348028065585,4.968995138241453,-2.0532600895616477,0
6,gp_m52_ei,GP M52 + EI,2,15,10,25,30,40,1.0,30,0.75,5.882843017912654,5.998212555941867,12.241738972406983,7.504133110591091,-5.882843017912654,0
6,gp_m52_ei,GP M52 + EI,3,15,15,30,25,40,1.0,28,0.7,3.669025367459644,2.2021132959573926,10.96348028065585,5.340810322578785,-3.4490285697938807,0
6,gp_m52_ei,GP M52 + EI,4,15,20,35,20,40,1.0,20,0.5,3.104111808030942,1.0950253679403108,10.96348028065585,4.990106741721394,-2.826660325914369,0
6,gp_m52_ei,GP M52 + EI,5,15,25,40,15,40,1.0,16,0.4,2.339079349295184,0.556417777060358,10.856476588192956,4.135175788409477,-1.9281266350269697,0
6,gp_m52_ei,GP M52 + EI,6,15,30,45,10,40,1.0,16,0.4,2.322543839832868,0.3294363912054967,10.856476588192956,4.168409394560938,-1.7925681906953037,0
6,gp_m52_ei,GP M52 + EI,7,15,35,50,5,40,1.0,13,0.325,2.06287038445238,0.3521921571795063,10.856476588192956,3.8498511883271544,-1.8015459801125977,0
6,gp_m52_ei,GP M52 + EI,8,15,40,55,0,40,1.0,13,0.325,2.052250630846983,0.3053183217117299,10.856476588192956,3.848567038395163,-1.8143756819778247,0
6,pi_random_exploration,GP M52 PI + Random Exploration,0,15,0,15,40,40,1.0,25,0.625,2.7291048923644183,1.4091738263058753,10.856476588192956,4.1831095427886975,-1.3779422995665231,0
6,pi_random_exploration,GP M52 PI + Random Exploration,1,15,5,20,35,40,1.0,29,0.725,4.025780506746259,2.0161847624607785,12.241738972406983,5.887052205757195,-3.766299569140249,0
6,pi_random_exploration,GP M52 PI + Random Exploration,2,15,10,25,30,40,1.0,22,0.55,2.390346548516734,1.2148744171440784,10.856476588192956,3.911642728834953,-2.024245539343561,0
6,pi_random_exploration,GP M52 PI + Random Exploration,3,15,15,30,25,40,1.0,18,0.45,2.1722261044089244,0.9298237671017436,10.856476588192956,3.5686496599493034,-1.72725810182649,0
6,pi_random_exploration,GP M52 PI + Random Exploration,4,15,20,35,20,40,1.0,22,0.55,2.289626081478799,1.277800765928509,10.856476588192956,3.606000234960444,-1.8249887754229983,0
6,pi_random_exploration,GP M52 PI + Random Exploration,5,15,25,40,15,40,1.0,14,0.35,1.9774105455825155,0.5480580266910149,10.856476588192956,3.4914504869039713,-1.4597175373222848,0
6,pi_random_exploration,GP M52 PI + Random Exploration,6,15,30,45,10,40,1.0,12,0.3,1.8427831537890924,0.3578931483289311,10.856476588192956,3.4591043050975205,-1.1773595998711144,0
6,pi_random_exploration,GP M52 PI + Random Exploration,7,15,35,50,5,40,1.0,13,0.325,2.057785759107631,0.2921229068825619,10.856476588192956,3.851805955591768,-1.8309653254355105,0
6,pi_random_exploration,GP M52 PI + Random Exploration,8,15,40,55,0,40,1.0,13,0.325,2.052250630846983,0.3053183217117299,10.856476588192956,3.848567038395163,-1.8143756819778247,0
6,pi_uncertainty,PI + Uncertainty,0,15,0,15,40,40,1.0,25,0.625,2.7291048923644183,1.4091738263058753,10.856476588192956,4.1831095427886975,-1.3779422995665231,0
6,pi_uncertainty,PI + Uncertainty,1,15,5,20,35,40,1.0,29,0.725,4.316871470026698,2.376987808110493,12.241738972406983,6.133728044407262,-4.090946816980287,0
6,pi_uncertainty,PI + Uncertainty,2,15,10,25,30,40,1.0,24,0.6,3.875628738237407,1.7914047087626708,12.241738972406983,5.798050019748,-3.1208886329303795,0
6,pi_uncertainty,PI + Uncertainty,3,15,15,30,25,40,1.0,22,0.55,2.9680380992384565,1.5690948140101426,12.241738972406983,4.7432724086003475,-2.6259421966094196,0
6,pi_uncertainty,PI + Uncertainty,4,15,20,35,20,40,1.0,23,0.575,3.6573300281892784,1.809045200814146,12.241738972406983,5.641385474158703,-3.2874385226075846,0
6,pi_uncertainty,PI + Uncertainty,5,15,25,40,15,40,1.0,14,0.35,1.9266803785862023,0.5307919018229503,10.856476588192956,3.473303214324072,-1.4119840033958015,0
6,pi_uncertainty,PI + Uncertainty,6,15,30,45,10,40,1.0,12,0.3,1.838441050158171,0.3508290279271602,10.856476588192956,3.4631218309584497,-1.2126853858718252,0
6,pi_uncertainty,PI + Uncertainty,7,15,35,50,5,40,1.0,13,0.325,2.06564629456969,0.318552645242347,10.856476588192956,3.852304784003081,-1.8207440531054917,0
6,pi_uncertainty,PI + Uncertainty,8,15,40,55,0,40,1.0,13,0.325,2.052250630846983,0.3053183217117299,10.856476588192956,3.848567038395163,-1.8143756819778247,0
6,imperfection_aware,Imperfection-aware,0,15,0,15,40,40,1.0,25,0.625,2.7291048923644183,1.4091738263058753,10.856476588192956,4.1831095427886975,-1.3779422995665231,0
6,imperfection_aware,Imperfection-aware,1,15,5,20,35,40,1.0,27,0.675,3.151516245519788,1.5990694906689713,10.96348028065585,4.7074834312439835,-1.8971368272858005,0
6,imperfection_aware,Imperfection-aware,2,15,10,25,30,40,1.0,18,0.45,2.589644450151874,0.7040109429580657,10.856476588192956,4.307161048821215,-1.237625169056636,0
6,imperfection_aware,Imperfection-aware,3,15,15,30,25,40,1.0,14,0.35,2.4315891485362697,0.2896346613693064,10.856476588192956,4.280370574363558,-1.0171963109838529,0
6,imperfection_aware,Imperfection-aware,4,15,20,35,20,40,1.0,10,0.25,1.8234123606369832,0.4877233730345045,10.856476588192956,3.5241713984957173,-0.9897238517161452,0
6,imperfection_aware,Imperfection-aware,5,15,25,40,15,40,1.0,11,0.275,1.7641730808923846,0.2966712543071628,10.856476588192956,3.4897550979684144,-1.0095636560707877,0
6,imperfection_aware,Imperfection-aware,6,15,30,45,10,40,1.0,12,0.3,1.881342153677688,0.3453912294974532,10.856476588192956,3.59906328623539,-1.5639269273118657,0
6,imperfection_aware,Imperfection-aware,7,15,35,50,5,40,1.0,13,0.325,2.109028197150216,0.3100533723489693,10.856476588192956,3.873524793465478,-1.836120654181601,1
6,imperfection_aware,Imperfection-aware,8,15,40,55,0,40,1.0,13,0.325,2.052250630846983,0.3053183217117299,10.856476588192956,3.848567038395163,-1.8143756819778247,2
7,random,Random,0,15,0,15,40,40,1.0,31,0.775,6.4624515278324965,8.427470598656765,11.616465324238602,7.962906534957336,-5.867109624570598,0
7,random,Random,1,15,5,20,35,40,1.0,30,0.75,4.917992736072984,2.3441344548629415,11.452049561585223,6.710343254120686,-4.681588601812985,0
7,random,Random,2,15,10,25,30,40,1.0,30,0.75,4.319330224784794,2.157924808793343,11.452049561585223,6.109542434881638,-4.143540889596914,0
7,random,Random,3,15,15,30,25,40,1.0,25,0.625,3.9732212303139023,1.6573269640922863,11.580901819979324,5.9894822890661725,-3.5916526134080824,0
7,random,Random,4,15,20,35,20,40,1.0,22,0.55,2.8054482142439996,1.1256321606767878,11.229394763640924,4.646135401609719,-2.528887779238443,0
7,random,Random,5,15,25,40,15,40,1.0,23,0.575,2.4544801537100915,1.3145323425501072,11.229394763640924,4.233976096028531,-2.068988803225985,0
7,random,Random,6,15,30,45,10,40,1.0,24,0.6,3.298864385436987,1.283290708312613,11.580901819979324,5.219797962686221,-2.981271382012133,0
7,random,Random,7,15,35,50,5,40,1.0,18,0.45,3.0302406736604226,0.7000215533312373,11.580901819979324,5.038745062424712,-2.7795320683054032,0
7,random,Random,8,15,40,55,0,40,1.0,17,0.425,2.7999261013204615,0.6339424557028082,11.580901819979324,4.898047718081311,-2.38277166327811,0
7,gp_m52_pi,GP M52 + PI,0,15,0,15,40,40,1.0,31,0.775,6.4624515278324965,8.427470598656765,11.616465324238602,7.962906534957336,-5.867109624570598,0
7,gp_m52_pi,GP M52 + PI,1,15,5,20,35,40,1.0,23,0.575,3.7734440274977814,1.7186567242851938,11.580901819979324,5.663359737143664,-3.0855376350004535,0
7,gp_m52_pi,GP M52 + PI,2,15,10,25,30,40,1.0,24,0.6,4.10681773654935,1.810981417870484,11.452049561585223,6.079868302784364,-3.863301275543732,0
7,gp_m52_pi,GP M52 + PI,3,15,15,30,25,40,1.0,23,0.575,3.131491073108041,1.2003372041198397,11.452049561585223,5.011738731770701,-2.916568559917345,0
7,gp_m52_pi,GP M52 + PI,4,15,20,35,20,40,1.0,21,0.525,3.8813712928678266,1.2121601722998765,11.580901819979324,6.011517545203006,-3.6720847343611895,0
7,gp_m52_pi,GP M52 + PI,5,15,25,40,15,40,1.0,19,0.475,3.3829114590925884,0.8947669356076462,11.580901819979324,5.406837530370527,-3.1938132922822637,0
7,gp_m52_pi,GP M52 + PI,6,15,30,45,10,40,1.0,18,0.45,2.6823851081697434,0.5683402802430457,11.452049561585223,4.518692527565083,-2.5115972782481406,0
7,gp_m52_pi,GP M52 + PI,7,15,35,50,5,40,1.0,18,0.45,2.4215641265119325,0.6164545963605779,11.452049561585223,4.279632748974498,-2.075477670007404,0
7,gp_m52_pi,GP M52 + PI,8,15,40,55,0,40,1.0,17,0.425,2.7999261013204615,0.6339424557028082,11.580901819979324,4.898047718081311,-2.38277166327811,0
7,gp_m52_ei,GP M52 + EI,0,15,0,15,40,40,1.0,31,0.775,6.4624515278324965,8.427470598656765,11.616465324238602,7.962906534957336,-5.867109624570598,0
7,gp_m52_ei,GP M52 + EI,1,15,5,20,35,40,1.0,23,0.575,2.722150005404706,1.27452275891197,11.229394763640924,4.330000590185594,-1.979894250532852,0
7,gp_m52_ei,GP M52 + EI,2,15,10,25,30,40,1.0,23,0.575,3.040521654193843,1.3209802521642384,11.452049561585223,4.97063231496139,-2.756465090240108,0
7,gp_m52_ei,GP M52 + EI,3,15,15,30,25,40,1.0,21,0.525,4.006043768613812,1.3424837947979062,11.580901819979324,6.0857889702471155,-3.624588621066223,0
7,gp_m52_ei,GP M52 + EI,4,15,20,35,20,40,1.0,18,0.45,3.072167603722891,0.6264657757733252,11.580901819979324,5.192251779328781,-2.630669585879344,0
7,gp_m52_ei,GP M52 + EI,5,15,25,40,15,40,1.0,18,0.45,2.817367614237234,0.737365983878842,10.729284487191537,4.672652392798421,-2.6931066328166673,0
7,gp_m52_ei,GP M52 + EI,6,15,30,45,10,40,1.0,18,0.45,3.303249377044916,0.8171775155716006,11.580901819979324,5.321066108196205,-3.185906964558841,0
7,gp_m52_ei,GP M52 + EI,7,15,35,50,5,40,1.0,18,0.45,3.448526006192202,0.5638970302138908,11.580901819979324,5.579760568450214,-3.3293069350128555,0
7,gp_m52_ei,GP M52 + EI,8,15,40,55,0,40,1.0,17,0.425,2.7999261013204615,0.6339424557028082,11.580901819979324,4.898047718081311,-2.38277166327811,0
7,pi_random_exploration,GP M52 PI + Random Exploration,0,15,0,15,40,40,1.0,31,0.775,6.4624515278324965,8.427470598656765,11.616465324238602,7.962906534957336,-5.867109624570598,0
7,pi_random_exploration,GP M52 PI + Random Exploration,1,15,5,20,35,40,1.0,27,0.675,4.965861656246211,2.091260342120514,11.580901819979324,6.804803773988059,-4.294192305582834,0
7,pi_random_exploration,GP M52 PI + Random Exploration,2,15,10,25,30,40,1.0,24,0.6,3.6941145054631512,1.6556144503555057,11.452049561585223,5.696125420868541,-3.297866898113243,0
7,pi_random_exploration,GP M52 PI + Random Exploration,3,15,15,30,25,40,1.0,20,0.5,3.787053078204411,1.0873217153333083,11.580901819979324,5.890857370286334,-2.902826364387725,0
7,pi_random_exploration,GP M52 PI + Random Exploration,4,15,20,35,20,40,1.0,20,0.5,2.4540717427664083,1.182279003918283,10.96348028065585,4.1798936764323384,-2.063563584528616,0
7,pi_random_exploration,GP M52 PI + Random Exploration,5,15,25,40,15,40,1.0,18,0.45,2.0546117724664854,0.7085087139442781,10.96348028065585,3.7482049436116966,-1.7384903301458894,0
7,pi_random_exploration,GP M52 PI + Random Exploration,6,15,30,45,10,40,1.0,17,0.425,2.220615110266115,0.5468795293225162,10.96348028065585,4.065143510214961,-1.8909191793937763,0
7,pi_random_exploration,GP M52 PI + Random Exploration,7,15,35,50,5,40,1.0,19,0.475,3.1380136550064828,0.933004867682536,11.580901819979324,5.215385938758534,-2.6911091899347475,0
7,pi_random_exploration,GP M52 PI + Random Exploration,8,15,40,55,0,40,1.0,17,0.425,2.7999261013204615,0.6339424557028082,11.580901819979324,4.898047718081311,-2.38277166327811,0
7,pi_uncertainty,PI + Uncertainty,0,15,0,15,40,40,1.0,31,0.775,6.4624515278324965,8.427470598656765,11.616465324238602,7.962906534957336,-5.867109624570598,0
7,pi_uncertainty,PI + Uncertainty,1,15,5,20,35,40,1.0,28,0.7,4.321069492093303,2.096565586659582,11.580901819979324,6.168626478506,-3.6600771661573632,0
7,pi_uncertainty,PI + Uncertainty,2,15,10,25,30,40,1.0,22,0.55,2.66407661148311,1.1311334436921063,10.96348028065585,4.31393877319371,-1.8862482179971225,0
7,pi_uncertainty,PI + Uncertainty,3,15,15,30,25,40,1.0,18,0.45,2.1158345567039447,0.535643686357929,11.229394763640924,3.8181488219544497,-1.7382450376679686,0
7,pi_uncertainty,PI + Uncertainty,4,15,20,35,20,40,1.0,19,0.475,3.9752091876378146,0.5966294643525609,11.580901819979324,6.171395771550577,-3.508658877234283,0
7,pi_uncertainty,PI + Uncertainty,5,15,25,40,15,40,1.0,17,0.425,1.9001716047559545,0.2798041412163909,10.660501153424487,3.5790877327289916,-1.5060000911475082,0
7,pi_uncertainty,PI + Uncertainty,6,15,30,45,10,40,1.0,17,0.425,3.218495534963972,0.5507031222242018,11.452049561585223,5.2799700604252005,-3.010644084797975,0
7,pi_uncertainty,PI + Uncertainty,7,15,35,50,5,40,1.0,17,0.425,3.4347692492227546,0.5221353795281267,11.580901819979324,5.577934249287032,-3.304069967684826,0
7,pi_uncertainty,PI + Uncertainty,8,15,40,55,0,40,1.0,17,0.425,2.7999261013204615,0.6339424557028082,11.580901819979324,4.898047718081311,-2.38277166327811,0
7,imperfection_aware,Imperfection-aware,0,15,0,15,40,40,1.0,31,0.775,6.4624515278324965,8.427470598656765,11.616465324238602,7.962906534957336,-5.867109624570598,0
7,imperfection_aware,Imperfection-aware,1,15,5,20,35,40,1.0,26,0.65,4.445717310842964,1.9402450133399327,11.580901819979324,6.361335458401766,-3.80798167603902,0
7,imperfection_aware,Imperfection-aware,2,15,10,25,30,40,1.0,24,0.6,3.4132591622283,1.4028646760842145,11.452049561585223,5.372230840833937,-3.3029930728498575,0
7,imperfection_aware,Imperfection-aware,3,15,15,30,25,40,1.0,19,0.475,2.5616003292550027,0.8979681192270137,11.229394763640924,4.410227398291289,-2.47403871969406,0
7,imperfection_aware,Imperfection-aware,4,15,20,35,20,40,1.0,19,0.475,1.8336143412316157,0.5492345706280606,10.380994213509265,3.2649927375474803,-1.6800233351435423,0
7,imperfection_aware,Imperfection-aware,5,15,25,40,15,40,1.0,18,0.45,2.039395585921088,0.630513207060166,10.907331181418146,3.598551563832801,-1.7177748670969706,0
7,imperfection_aware,Imperfection-aware,6,15,30,45,10,40,1.0,16,0.4,1.9162550626608417,0.4768607760149361,11.452049561585223,3.6973364586132096,-1.399114042787856,1
7,imperfection_aware,Imperfection-aware,7,15,35,50,5,40,1.0,17,0.425,1.5713131476554172,0.4960633584615781,10.660501153424487,3.0904169458042623,-0.7212905041253851,2
7,imperfection_aware,Imperfection-aware,8,15,40,55,0,40,1.0,17,0.425,2.7999261013204615,0.6339424557028082,11.580901819979324,4.898047718081311,-2.38277166327811,3
8,random,Random,0,15,0,15,40,40,1.0,17,0.425,2.987670704489164,0.7928531190582628,11.41288411079,4.852432502820411,2.5031491770013714,0
8,random,Random,1,15,5,20,35,40,1.0,11,0.275,1.074617171298451,0.4286136885527902,10.887025633358771,2.1994592607341095,-0.0150140618588585,0
8,random,Random,2,15,10,25,30,40,1.0,12,0.3,1.1212789184887373,0.6462245226395558,6.773080375655535,1.965299333912897,-0.8369410199557032,0
8,random,Random,3,15,15,30,25,40,1.0,16,0.4,1.8294340495639887,0.5876057408618358,11.294134925537495,3.5532616327832325,-1.5510853654788384,0
8,random,Random,4,15,20,35,20,40,1.0,13,0.325,1.516444579737564,0.5204769606420401,10.660501153424487,3.020267309159161,-1.2389500252485086,0
8,random,Random,5,15,25,40,15,40,1.0,14,0.35,1.098666983608353,0.4301159308867142,10.660501153424487,2.2863351424899094,-0.803028316974865,0
8,random,Random,6,15,30,45,10,40,1.0,13,0.325,1.1184694700781408,0.2621538658410758,10.660501153424487,2.422791108152763,-0.2450667463786931,0
8,random,Random,7,15,35,50,5,40,1.0,12,0.3,1.1275894351189684,0.3421623267193681,10.660501153424487,2.433223804662535,-0.2070422325875044,0
8,random,Random,8,15,40,55,0,40,1.0,11,0.275,1.3450100016051787,0.3232285029480533,10.856476588192956,2.950702950437647,-0.456899740949095,0
8,gp_m52_pi,GP M52 + PI,0,15,0,15,40,40,1.0,17,0.425,2.987670704489164,0.7928531190582628,11.41288411079,4.852432502820411,2.5031491770013714,0
8,gp_m52_pi,GP M52 + PI,1,15,5,20,35,40,1.0,16,0.4,1.253727851071836,0.5410914746892397,10.660501153424487,2.4714310608943797,-0.8782797399025423,0
8,gp_m52_pi,GP M52 + PI,2,15,10,25,30,40,1.0,16,0.4,1.469291903080431,0.4880452075300789,10.856476588192956,2.9949012013067313,-1.0827117191126243,0
8,gp_m52_pi,GP M52 + PI,3,15,15,30,25,40,1.0,11,0.275,0.7542652182951104,0.5014179486465338,5.424950017481403,1.281837647394,-0.2403713415216241,0
8,gp_m52_pi,GP M52 + PI,4,15,20,35,20,40,1.0,13,0.325,0.8459124780612755,0.5917415530356731,5.424950017481403,1.3551653502139276,-0.4344500889955877,0
8,gp_m52_pi,GP M52 + PI,5,15,25,40,15,40,1.0,15,0.375,0.9934483373032408,0.4906120593329293,10.660501153424487,2.1019464069289757,-0.6069076296207209,0
8,gp_m52_pi,GP M52 + PI,6,15,30,45,10,40,1.0,11,0.275,0.9324143183690932,0.3325807746079441,10.660501153424487,2.083973804342774,-0.5176347437375718,0
8,gp_m52_pi,GP M52 + PI,7,15,35,50,5,40,1.0,11,0.275,1.3610481614749776,0.3158232145816706,10.856476588192956,2.992718918623448,-0.8550982823193646,0
8,gp_m52_pi,GP M52 + PI,8,15,40,55,0,40,1.0,11,0.275,1.3450100016051787,0.3232285029480533,10.856476588192956,2.950702950437647,-0.456899740949095,0
8,gp_m52_ei,GP M52 + EI,0,15,0,15,40,40,1.0,17,0.425,2.987670704489164,0.7928531190582628,11.41288411079,4.852432502820411,2.5031491770013714,0
8,gp_m52_ei,GP M52 + EI,1,15,5,20,35,40,1.0,18,0.45,2.8921664661400546,0.8189897911024291,11.189754374588144,4.673551753755262,2.3678305823166097,0
8,gp_m52_ei,GP M52 + EI,2,15,10,25,30,40,1.0,14,0.35,1.44943005453715,0.4137220148397214,10.856476588192956,2.775030827581555,-1.0682787446665316,0
8,gp_m52_ei,GP M52 + EI,3,15,15,30,25,40,1.0,15,0.375,2.099399937906071,0.4995985332382888,10.907331181418146,3.974530443063552,-1.772093876954343,0
8,gp_m52_ei,GP M52 + EI,4,15,20,35,20,40,1.0,14,0.35,1.9684586895500944,0.7091019023638605,10.856476588192956,3.6927363165426503,-1.7294937624006852,0
8,gp_m52_ei,GP M52 + EI,5,15,25,40,15,40,1.0,13,0.325,1.5970642330329063,0.4754504380170177,10.856476588192956,3.3817766606064676,-1.1718982959504467,0
8,gp_m52_ei,GP M52 + EI,6,15,30,45,10,40,1.0,12,0.3,1.3649937297895538,0.3487806853835442,10.856476588192956,2.9805354992523294,-0.9203779920643452,0
8,gp_m52_ei,GP M52 + EI,7,15,35,50,5,40,1.0,10,0.25,1.3390772752405091,0.208162577966096,10.856476588192956,3.122660599550936,-0.8786418404853557,0
8,gp_m52_ei,GP M52 + EI,8,15,40,55,0,40,1.0,11,0.275,1.3450100016051787,0.3232285029480533,10.856476588192956,2.950702950437647,-0.456899740949095,0
8,pi_random_exploration,GP M52 PI + Random Exploration,0,15,0,15,40,40,1.0,17,0.425,2.987670704489164,0.7928531190582628,11.41288411079,4.852432502820411,2.5031491770013714,0
8,pi_random_exploration,GP M52 PI + Random Exploration,1,15,5,20,35,40,1.0,17,0.425,2.324668987314176,0.5891831086560639,11.457338756530476,4.162948976812164,1.744287998187956,0
8,pi_random_exploration,GP M52 PI + Random Exploration,2,15,10,25,30,40,1.0,11,0.275,1.3451800360027568,0.4278942088195867,10.907331181418146,2.9149940270535666,-0.8835364424770319,0
8,pi_random_exploration,GP M52 PI + Random Exploration,3,15,15,30,25,40,1.0,10,0.25,0.9377618358588852,0.3005600026346267,10.660501153424487,2.1097955328945424,-0.3248660106705062,0
8,pi_random_exploration,GP M52 PI + Random Exploration,4,15,20,35,20,40,1.0,9,0.225,0.7284278038673195,0.3581689959955207,5.424950017481403,1.328797347337724,-0.1208334056330568,0
8,pi_random_exploration,GP M52 PI + Random Exploration,5,15,25,40,15,40,1.0,8,0.2,0.9075173292253156,0.2733412541786011,10.660501153424487,2.092824246052059,-0.3802211978666799,0
8,pi_random_exploration,GP M52 PI + Random Exploration,6,15,30,45,10,40,1.0,10,0.25,1.1721031006691207,0.2415079316252235,10.856476588192956,2.70932412793622,-0.6821836625860016,0
8,pi_random_exploration,GP M52 PI + Random Exploration,7,15,35,50,5,40,1.0,11,0.275,1.3371547348022843,0.2189693566677846,10.856476588192956,2.9793393229498077,-0.8697896029063845,0
8,pi_random_exploration,GP M52 PI + Random Exploration,8,15,40,55,0,40,1.0,11,0.275,1.3450100016051787,0.3232285029480533,10.856476588192956,2.950702950437647,-0.456899740949095,0
8,pi_uncertainty,PI + Uncertainty,0,15,0,15,40,40,1.0,17,0.425,2.987670704489164,0.7928531190582628,11.41288411079,4.852432502820411,2.5031491770013714,0
8,pi_uncertainty,PI + Uncertainty,1,15,5,20,35,40,1.0,13,0.325,1.6190010214910202,0.5333684969168271,10.660501153424487,3.268421675912577,-0.3271271135972203,0
8,pi_uncertainty,PI + Uncertainty,2,15,10,25,30,40,1.0,16,0.4,2.291363247082601,0.615330383470007,10.920871708970337,4.205184468389438,-1.6006431152923857,0
8,pi_uncertainty,PI + Uncertainty,3,15,15,30,25,40,1.0,10,0.25,1.7547114939108337,0.3660036210989421,10.920871708970337,3.717233380263606,-1.4378674265599862,0
8,pi_uncertainty,PI + Uncertainty,4,15,20,35,20,40,1.0,10,0.25,0.913340198954352,0.2233294642685539,10.660501153424487,2.088673578156244,-0.4654934642781455,0
8,pi_uncertainty,PI + Uncertainty,5,15,25,40,15,40,1.0,8,0.2,0.8649429911818636,0.1676936386188616,10.660501153424487,2.082468623945525,-0.2999141627807085,0
8,pi_uncertainty,PI + Uncertainty,6,15,30,45,10,40,1.0,9,0.225,0.8945651873118894,0.2770744161819198,10.660501153424487,2.077373054518876,-0.3775361293205257,0
8,pi_uncertainty,PI + Uncertainty,7,15,35,50,5,40,1.0,11,0.275,1.3375422542567192,0.2240684303196713,10.856476588192956,2.968669606892683,-0.4271799073775194,0
8,pi_uncertainty,PI + Uncertainty,8,15,40,55,0,40,1.0,11,0.275,1.3450100016051787,0.3232285029480533,10.856476588192956,2.950702950437647,-0.456899740949095,0
8,imperfection_aware,Imperfection-aware,0,15,0,15,40,40,1.0,17,0.425,2.987670704489164,0.7928531190582628,11.41288411079,4.852432502820411,2.5031491770013714,0
8,imperfection_aware,Imperfection-aware,1,15,5,20,35,40,1.0,15,0.375,2.106200080755065,0.566754498791668,11.294134925537495,4.018970013826322,-1.7437894806665537,0
8,imperfection_aware,Imperfection-aware,2,15,10,25,30,40,1.0,13,0.325,1.4586098634798206,0.5211908075422205,11.294134925537495,3.005098868973519,-1.0313635904790104,0
8,imperfection_aware,Imperfection-aware,3,15,15,30,25,40,1.0,11,0.275,0.994753155717321,0.4542195787186882,10.660501153424487,2.095148510177226,-0.5562741659284344,0
8,imperfection_aware,Imperfection-aware,4,15,20,35,20,40,1.0,12,0.3,1.2040169468741455,0.5052090189308593,10.660501153424487,2.4800515697453194,-0.2133583218035987,0
8,imperfection_aware,Imperfection-aware,5,15,25,40,15,40,1.0,12,0.3,1.1917254379989757,0.4319770266475125,10.660501153424487,2.502677024940703,-0.1919044791843461,0
8,imperfection_aware,Imperfection-aware,6,15,30,45,10,40,1.0,12,0.3,1.1589610794336582,0.229461101943694,10.660501153424487,2.5087757608144385,-0.1025260001854271,0
8,imperfection_aware,Imperfection-aware,7,15,35,50,5,40,1.0,11,0.275,0.8887888324283573,0.2942139158722181,7.828436359157585,1.7745466202438902,0.0667666709055674,1
8,imperfection_aware,Imperfection-aware,8,15,40,55,0,40,1.0,11,0.275,1.3450100016051787,0.3232285029480533,10.856476588192956,2.950702950437647,-0.456899740949095,2
9,random,Random,0,15,0,15,40,40,1.0,23,0.575,3.407157433897204,1.9657316868617567,11.317324120829042,5.278883905299499,-2.994844440089687,0
9,random,Random,1,15,5,20,35,40,1.0,18,0.45,2.914179818521184,0.8009351137420735,11.317324120829042,5.0523240908049685,-2.744240591884224,0
9,random,Random,2,15,10,25,30,40,1.0,21,0.525,3.093178426032485,1.1600998470102617,11.317324120829042,5.102163184286151,-2.9349854704981757,0
9,random,Random,3,15,15,30,25,40,1.0,17,0.425,2.3104551710529853,0.8616312984894225,11.317324120829042,4.107012650609187,-2.1672945620036588,0
9,random,Random,4,15,20,35,20,40,1.0,12,0.3,2.291818775682293,0.597590587623916,11.317324120829042,4.270467650850592,-2.2035335077603597,0
9,random,Random,5,15,25,40,15,40,1.0,11,0.275,1.780880576303136,0.4189448732617347,11.317324120829042,3.70309862566495,-1.6171509636575403,0
9,random,Random,6,15,30,45,10,40,1.0,10,0.25,1.087093488796142,0.2592012191566581,8.423761246623686,2.379840365523295,-0.900895965761286,0
9,random,Random,7,15,35,50,5,40,1.0,10,0.25,1.1432283990055467,0.26956872121018,8.423761246623686,2.417279077662122,-0.9002694033411414,0
9,random,Random,8,15,40,55,0,40,1.0,11,0.275,1.1422434876329888,0.2473409572323941,8.423761246623686,2.394950373678821,-0.8907804352335174,0
9,gp_m52_pi,GP M52 + PI,0,15,0,15,40,40,1.0,23,0.575,3.407157433897204,1.9657316868617567,11.317324120829042,5.278883905299499,-2.994844440089687,0
9,gp_m52_pi,GP M52 + PI,1,15,5,20,35,40,1.0,14,0.35,2.9554558331962975,0.2544079352637789,11.317324120829042,5.236900640584692,-2.3059684158050664,0
9,gp_m52_pi,GP M52 + PI,2,15,10,25,30,40,1.0,14,0.35,3.1094051402016873,0.3416406501582907,11.317324120829042,5.39620635060449,-2.594641322721126,0
9,gp_m52_pi,GP M52 + PI,3,15,15,30,25,40,1.0,10,0.25,1.5511686897498829,0.2570762541591094,11.317324120829042,3.4253169923079634,-1.3821045712295843,0
9,gp_m52_pi,GP M52 + PI,4,15,20,35,20,40,1.0,14,0.35,1.45021381578462,0.4838370170409414,8.423761246623686,2.598977712292628,-1.2855656062331895,0
9,gp_m52_pi,GP M52 + PI,5,15,25,40,15,40,1.0,14,0.35,1.7035505176490866,0.5310791712118696,11.317324120829042,3.460614094488418,-1.6124881726419935,0
9,gp_m52_pi,GP M52 + PI,6,15,30,45,10,40,1.0,12,0.3,1.5876344337203676,0.226192672109148,11.317324120829042,3.4404451106066425,-1.3733209843261385,0
9,gp_m52_pi,GP M52 + PI,7,15,35,50,5,40,1.0,12,0.3,1.7819117529291195,0.200759678912469,11.317324120829042,3.822550390540493,-1.5896261260368014,0
9,gp_m52_pi,GP M52 + PI,8,15,40,55,0,40,1.0,11,0.275,1.1422434876329888,0.2473409572323941,8.423761246623686,2.394950373678821,-0.8907804352335174,0
9,gp_m52_ei,GP M52 + EI,0,15,0,15,40,40,1.0,23,0.575,3.407157433897204,1.9657316868617567,11.317324120829042,5.278883905299499,-2.994844440089687,0
9,gp_m52_ei,GP M52 + EI,1,15,5,20,35,40,1.0,14,0.35,3.1960616176649057,0.5289381933450725,11.317324120829042,5.412293740970914,-2.6923035252169156,0
9,gp_m52_ei,GP M52 + EI,2,15,10,25,30,40,1.0,14,0.35,3.0068391571210293,0.5895458385770072,11.317324120829042,5.213892287267908,-2.964987613040133,0
9,gp_m52_ei,GP M52 + EI,3,15,15,30,25,40,1.0,17,0.425,3.252140826418392,0.749978818351555,11.317324120829042,5.420438314433475,-2.7184125508201515,0
9,gp_m52_ei,GP M52 + EI,4,15,20,35,20,40,1.0,13,0.325,2.2188546244458616,0.2743811551939856,11.317324120829042,4.273731629206856,-2.144946787422998,0
9,gp_m52_ei,GP M52 + EI,5,15,25,40,15,40,1.0,13,0.325,1.785078751594788,0.2968694748394815,11.24035529699366,3.5141609760369485,-1.696170485881524,0
9,gp_m52_ei,GP M52 + EI,6,15,30,45,10,40,1.0,12,0.3,2.1561450678410337,0.2203135686214823,11.317324120829042,4.258201351417039,-2.0313902821675343,0
9,gp_m52_ei,GP M52 + EI,7,15,35,50,5,40,1.0,11,0.275,1.3583300013987238,0.2183147535927032,8.423761246623686,2.720817648108426,-1.2094769252956286,0
9,gp_m52_ei,GP M52 + EI,8,15,40,55,0,40,1.0,11,0.275,1.1422434876329888,0.2473409572323941,8.423761246623686,2.394950373678821,-0.8907804352335174,0
9,pi_random_exploration,GP M52 PI + Random Exploration,0,15,0,15,40,40,1.0,23,0.575,3.407157433897204,1.9657316868617567,11.317324120829042,5.278883905299499,-2.994844440089687,0
9,pi_random_exploration,GP M52 PI + Random Exploration,1,15,5,20,35,40,1.0,22,0.55,3.2781438071933864,1.352487194448285,11.317324120829042,5.339432180007662,-3.193869365234681,0
9,pi_random_exploration,GP M52 PI + Random Exploration,2,15,10,25,30,40,1.0,19,0.475,3.1821072456446573,0.7390735567607702,11.317324120829042,5.3362531238646325,-3.038576436359347,0
9,pi_random_exploration,GP M52 PI + Random Exploration,3,15,15,30,25,40,1.0,17,0.425,2.7787392811139435,0.672684215138629,11.317324120829042,4.893443040126624,-2.62486277739807,0
9,pi_random_exploration,GP M52 PI + Random Exploration,4,15,20,35,20,40,1.0,16,0.4,3.2733609396323375,0.4986549815079577,11.317324120829042,5.490236029557576,-3.140772939491264,0
9,pi_random_exploration,GP M52 PI + Random Exploration,5,15,25,40,15,40,1.0,13,0.325,2.6517930635296487,0.3533253139132819,11.317324120829042,4.860423885336627,-2.506874779652439,0
9,pi_random_exploration,GP M52 PI + Random Exploration,6,15,30,45,10,40,1.0,11,0.275,1.9711064439283383,0.2259893483928143,11.317324120829042,4.015796088010055,-1.8614288793448608,0
9,pi_random_exploration,GP M52 PI + Random Exploration,7,15,35,50,5,40,1.0,9,0.225,0.8774079731173015,0.1998886549227485,8.423761246623686,1.9986376149265468,-0.7223361857258082,0
9,pi_random_exploration,GP M52 PI + Random Exploration,8,15,40,55,0,40,1.0,11,0.275,1.1422434876329888,0.2473409572323941,8.423761246623686,2.394950373678821,-0.8907804352335174,0
9,pi_uncertainty,PI + Uncertainty,0,15,0,15,40,40,1.0,23,0.575,3.407157433897204,1.9657316868617567,11.317324120829042,5.278883905299499,-2.994844440089687,0
9,pi_uncertainty,PI + Uncertainty,1,15,5,20,35,40,1.0,15,0.375,2.8791650935287336,0.6393017423222167,11.317324120829042,5.074598399530735,-2.241485836749122,0
9,pi_uncertainty,PI + Uncertainty,2,15,10,25,30,40,1.0,24,0.6,3.486073759881563,1.429024190680579,11.317324120829042,5.4845506840705305,-2.989579324349431,0
9,pi_uncertainty,PI + Uncertainty,3,15,15,30,25,40,1.0,16,0.4,3.227360261204828,0.4999762755988399,11.317324120829042,5.42171050498441,-2.725776476273058,0
9,pi_uncertainty,PI + Uncertainty,4,15,20,35,20,40,1.0,16,0.4,3.2081827471679936,0.645769465761898,11.317324120829042,5.4097408984468975,-2.6986140466842405,0
9,pi_uncertainty,PI + Uncertainty,5,15,25,40,15,40,1.0,13,0.325,2.4043545706678655,0.2335951143649506,11.317324120829042,4.579686350603144,-2.2616208496999586,0
9,pi_uncertainty,PI + Uncertainty,6,15,30,45,10,40,1.0,15,0.375,2.72568270645925,0.5319793411503149,11.317324120829042,4.8774309704090895,-2.642062304203969,0
9,pi_uncertainty,PI + Uncertainty,7,15,35,50,5,40,1.0,9,0.225,0.9494904353817828,0.2165876697780762,8.423761246623686,2.083375511316846,-0.8096906137153539,0
9,pi_uncertainty,PI + Uncertainty,8,15,40,55,0,40,1.0,11,0.275,1.1422434876329888,0.2473409572323941,8.423761246623686,2.394950373678821,-0.8907804352335174,0
9,imperfection_aware,Imperfection-aware,0,15,0,15,40,40,1.0,23,0.575,3.407157433897204,1.9657316868617567,11.317324120829042,5.278883905299499,-2.994844440089687,0
9,imperfection_aware,Imperfection-aware,1,15,5,20,35,40,1.0,15,0.375,3.01635576169833,0.4239811799221744,11.317324120829042,5.242869940869402,-2.3712103447532895,0
9,imperfection_aware,Imperfection-aware,2,15,10,25,30,40,1.0,15,0.375,3.1998770840040436,0.4667202095328493,11.317324120829042,5.412920585045729,-2.6830140928720185,0
9,imperfection_aware,Imperfection-aware,3,15,15,30,25,40,1.0,15,0.375,2.690380683829871,0.4955967784217643,11.317324120829042,4.808352872299066,-2.154199111807684,0
9,imperfection_aware,Imperfection-aware,4,15,20,35,20,40,1.0,15,0.375,2.744315874421531,0.5508529399111026,11.317324120829042,4.9213341108270665,-2.640037614020476,0
9,imperfection_aware,Imperfection-aware,5,15,25,40,15,40,1.0,16,0.4,2.781974189022469,0.5276360944808856,11.317324120829042,4.9175753122197134,-2.683165841121782,0
9,imperfection_aware,Imperfection-aware,6,15,30,45,10,40,1.0,14,0.35,1.9037212626566336,0.4838656575162554,11.317324120829042,3.846952365325528,-1.741169880581437,0
9,imperfection_aware,Imperfection-aware,7,15,35,50,5,40,1.0,13,0.325,1.2123396259253474,0.3431162444371667,8.423761246623686,2.452580253450352,-1.0236362693271306,1
9,imperfection_aware,Imperfection-aware,8,15,40,55,0,40,1.0,11,0.275,1.1422434876329888,0.2473409572323941,8.423761246623686,2.394950373678821,-0.8907804352335174,2
