split_seed,method,round,batch_position,experiment_id,selection_role,PI,EI,GP_mean,GP_std,d_min,B_I,B_F,suspicious,gate_fallback,q_true
0,random,1,1,Q090,random,0.01336664418853,0.0216493253104202,2.1731844654362833,4.628708731293242,10.0,0.0,1.0,True,False,0.0
0,random,1,2,Q091,random,6.557142269317931e-06,3.870272630839632e-06,0.1762363851772006,2.8111087280684637,9.0,0.0,1.0,True,False,0.0
0,random,1,3,Q073,random,0.1342025833645883,0.184243715872998,9.416041302501602,2.721083526429675,8.0,0.0,0.0,False,False,31696.0
0,random,1,4,Q026,random,0.0645552558617835,0.0188467251704189,11.411506268899672,0.6695188961024603,3.0,0.0,0.0,False,False,99186.0
0,random,1,5,Q084,random,0.1000016021218996,0.2518097517297254,5.6114207240709355,5.318715828841771,20.0,0.0,1.0,True,False,0.0
0,random,2,1,Q019,random,0.1878065908048167,0.1561863260412027,11.084488608301545,1.5158915733588891,8.0,0.0,0.0,False,False,84493.0
0,random,2,2,Q083,random,0.0245306359866956,0.043556869345702,3.1557794237529735,4.711140397924221,16.0,1.0,0.0,True,False,0.0
0,random,2,3,Q048,random,0.0155902965406034,0.0030269137740504,11.253142334685585,0.5450436455990983,3.0,0.0,0.0,False,False,42637.0
0,random,2,4,Q024,random,0.0006268436224482,8.177389376480895e-05,10.856485331269033,0.4869536714126559,3.0,0.0,0.0,False,False,25579.0
0,random,2,5,Q022,random,0.0334699013289542,0.0063662638087009,11.541489590286922,0.483653634619538,1.0,0.0,0.0,False,False,114383.0
0,random,3,1,Q043,random,3.2709548744897407e-10,1.9994100668881316e-11,9.981396828297234,0.3960285188861915,1.0,0.0,0.0,False,False,1379.0
0,random,3,2,Q040,random,1.0208789639338086e-09,3.3704418473798045e-11,11.179866031322373,0.2081450044636332,2.0,0.0,0.0,False,False,114138.0
0,random,3,3,Q072,random,0.0018328507280837,0.000483797921897,9.78202794792729,0.910506852655165,4.0,0.0,0.0,False,False,57726.0
0,random,3,4,Q005,random,0.1153875542190145,0.1474567356246645,9.2884064964393,2.6195485719307223,7.0,0.0,0.6000000238418579,True,False,42083.0
0,random,3,5,Q016,random,1.832420744143348e-12,2.381602138986505e-13,5.904776046929763,0.9385954331506706,5.0,0.0,0.0,False,False,357.0
0,random,4,1,Q058,random,0.0104903964067723,0.0037846357417757,9.982681411132942,1.0591637361397388,7.0,0.0,0.4000000059604645,True,False,60312.0
0,random,4,2,Q025,random,0.006417482540528,0.0016523019770521,10.44892414778274,0.7951790115406533,1.0,0.0,0.0,False,False,51808.0
0,random,4,3,Q054,random,0.3193278066923051,0.1796157356726207,12.020802969628908,0.8662600617330894,3.0,0.0,0.0,False,False,100890.0
0,random,4,4,Q004,random,3.4937283997612083e-09,1.1546354335111831e-09,0.7320732942396342,2.019521929847287,7.0,1.0,0.0,True,False,0.0
0,random,4,5,Q018,random,0.3561373279945939,0.1952430764063226,12.129256127987691,0.8088999657685522,2.0,0.0,0.0,False,False,207261.0
0,random,5,1,Q068,random,0.010905478106821,0.0022381907572587,11.05139594363979,0.5999993143329901,4.0,0.0,0.0,False,False,50021.0
0,random,5,2,Q061,random,0.3003104130346519,0.1539448118159963,12.004840654782576,0.8075142299796882,4.0,0.0,0.0,False,False,61305.0
0,random,5,3,Q010,random,3.3462561235059646e-08,5.93441236662007e-09,6.9328332053863155,1.0176897453280764,4.0,0.0,0.0,False,False,0.0
0,random,5,4,Q071,random,0.0005798826399526,7.887502593924007e-05,10.769431016996885,0.5104206024289787,1.0,0.0,0.0,False,False,60955.0
0,random,5,5,Q003,random,0.0035156443485189,0.0038621397027334,2.75577851260862,3.588317264258256,7.0,1.0,0.0,True,False,0.0
0,random,6,1,Q069,random,0.0936376888192622,0.0626276219591644,10.53986696143771,1.4315153381000576,7.0,0.0,0.0,False,False,90845.0
0,random,6,2,Q063,random,0.0743784686753912,0.0295690023907027,11.143945130644942,0.8889836565059053,4.0,0.0,0.0,False,False,38893.0
0,random,6,3,Q036,random,0.0139076062148201,0.0126053112813544,6.755202115650587,2.5784913136357916,6.0,0.0,0.800000011920929,True,False,0.0
0,random,6,4,Q065,random,0.2044658169057323,0.3010453760045213,10.262907626802878,2.6213831344569543,4.0,0.0,0.0,False,False,38100.0
0,random,6,5,Q020,random,0.0017492054309055,0.000225863135461,11.122115660055927,0.4470511458199445,2.0,0.0,0.0,False,False,101000.0
0,random,7,1,Q044,random,0.3016128553663206,0.141699694530369,12.04351461529697,0.7389192920872562,3.0,0.0,0.0,False,False,54574.0
0,random,7,2,Q045,random,0.0105415021318836,0.0015891338383564,11.407316530226776,0.4423440572057488,2.0,0.0,0.0,False,False,104181.0
0,random,7,3,Q031,random,0.6485905042071766,0.8293078933532723,12.939226599203073,1.341079494026678,2.0,0.0,0.0,False,False,62455.0
0,random,7,4,Q056,random,0.4754817362820947,0.3089581996765566,12.376083055453083,0.8374031926216441,5.0,0.0,0.0,False,False,94093.0
0,random,7,5,Q029,random,0.4582108889252094,0.2519071624972591,12.35176132837782,0.7224885131138908,2.0,0.0,0.0,False,False,119441.0
0,random,8,1,Q002,random,2.2045507633060708e-08,6.341835577403886e-09,3.280801977007295,1.671062796505953,8.0,0.0,1.0,True,False,0.0
0,random,8,2,Q076,random,0.0435125866430787,0.0262634608195558,9.901180478914748,1.476302052632891,4.0,0.0,0.0,False,False,34391.0
0,random,8,3,Q081,random,0.0283777910112078,0.0522712968952976,3.2964144337472447,4.79278910360556,6.0,1.0,0.0,True,False,0.0
0,random,8,4,Q066,random,0.1625993588216644,0.1080904063553767,11.189780171946955,1.258143786127957,5.0,0.0,0.0,False,False,82233.0
0,random,8,5,Q009,random,0.0001643487072909,6.143362064502599e-05,6.976240491189995,1.517817265412006,5.0,0.0,1.0,True,False,3295.0
0,gp_m52_pi,1,1,Q031,exploitation,0.6668583450425503,0.4262388251106133,12.709897800347653,0.6546413200734114,2.0,0.0,0.0,False,False,62455.0
0,gp_m52_pi,1,2,Q029,exploitation,0.5212024917844098,0.2382128762363854,12.457307233501629,0.5590644113839992,2.0,0.0,0.0,False,False,119441.0
0,gp_m52_pi,1,3,Q061,exploitation,0.4607316765770897,0.3086715805380673,12.341023692358108,0.8779447136238225,4.0,0.0,0.0,False,False,61305.0
0,gp_m52_pi,1,4,Q018,exploitation,0.3953569098599362,0.1126444230436261,12.320899134489077,0.4019900053599668,2.0,0.0,0.0,False,False,207261.0
0,gp_m52_pi,1,5,Q066,exploitation,0.374218421887821,0.4318972866933551,11.89265505011475,1.6679879277189298,6.0,0.0,0.0,False,False,82233.0
0,gp_m52_pi,2,1,Q022,exploitation,0.7853444615424738,0.3064626442193454,12.692988168830674,0.3358009965000902,2.0,0.0,0.0,False,False,114383.0
0,gp_m52_pi,2,2,Q026,exploitation,0.6836988137031854,0.3247639474807697,12.654994551220778,0.475694173629339,2.0,0.0,0.0,False,False,99186.0
0,gp_m52_pi,2,3,Q005,exploitation,0.5734880364777724,1.598773126893816,13.021865035270633,3.207812959326913,10.0,0.0,1.0,True,False,42083.0
0,gp_m52_pi,2,4,Q019,exploitation,0.4258928543474543,0.4605993612635905,12.152162618095044,1.4740818025324909,8.0,0.0,1.0,True,False,84493.0
0,gp_m52_pi,2,5,Q054,exploitation,0.297362256932643,0.1800432700962557,11.918370857214914,0.9571576357143512,4.0,0.0,0.0,False,False,100890.0
0,gp_m52_pi,3,1,Q076,exploitation,0.3000798775366489,0.6356033124443098,10.678146480187916,3.337527230884172,11.0,0.0,0.0,False,False,34391.0
0,gp_m52_pi,3,2,Q073,exploitation,0.2814238450391209,0.3282860995467447,11.33973954220514,1.880071598872912,5.0,0.0,0.0,False,False,31696.0
0,gp_m52_pi,3,3,Q081,exploitation,0.2689808583905838,0.907043753047894,9.028548017598435,5.518822443600692,15.0,0.0,1.0,True,False,0.0
0,gp_m52_pi,3,4,Q071,exploitation,0.265895846983524,0.2507743090698884,11.458751168847453,1.5494497884718963,5.0,0.0,0.0,False,False,60955.0
0,gp_m52_pi,3,5,Q083,exploitation,0.2454708725998573,0.8790222110117032,8.26923351726165,6.03698658681539,18.0,0.0,1.0,True,False,0.0
0,gp_m52_pi,4,1,Q065,exploitation,0.0761869037400755,0.0428523776202075,10.635379693277564,1.2522393965316991,6.0,0.0,0.0,False,False,38100.0
0,gp_m52_pi,4,2,Q069,exploitation,0.034741910732764,0.0165532758783318,10.240064843538196,1.2050696943902963,4.0,0.0,0.0,False,False,90845.0
0,gp_m52_pi,4,3,Q020,exploitation,0.0170328839940468,0.0025592096424546,11.543050133434797,0.4173707486174858,2.0,0.0,0.0,False,False,101000.0
0,gp_m52_pi,4,4,Q058,exploitation,0.0055154329970755,0.0022539850495486,9.172113904493942,1.2808127982268556,7.0,0.0,0.0,False,False,60312.0
0,gp_m52_pi,4,5,Q040,exploitation,0.0052815258468527,0.0006319522455026,11.464789594531249,0.3765564348278571,2.0,0.0,0.0,False,False,114138.0
0,gp_m52_pi,5,1,Q090,exploitation,0.0069126978555974,0.0100536054546164,1.45100820364633,4.458816314888981,10.0,0.0,1.0,True,False,0.0
0,gp_m52_pi,5,2,Q063,exploitation,0.0011220609478619,0.0001484264915604,10.979791652862998,0.4737738941955828,4.0,0.0,0.0,False,False,38893.0
0,gp_m52_pi,5,3,Q068,exploitation,0.0008516903852209,9.852018498962534e-05,11.101413790436403,0.4226694431756834,4.0,0.0,0.0,False,False,50021.0
0,gp_m52_pi,5,4,Q072,exploitation,0.0008018570400726,0.0001663683477357,10.025337656983645,0.7613526775381716,4.0,0.0,0.0,False,False,57726.0
0,gp_m52_pi,5,5,Q084,exploitation,0.0004287893480893,0.0004191734475632,-0.0481988121748759,3.7425365419920182,6.0,0.0,1.0,True,False,0.0
0,gp_m52_pi,6,1,Q036,exploitation,0.0076169836650136,0.0022669380606163,10.234819252279497,0.9035725451273392,7.0,0.0,1.0,True,False,0.0
0,gp_m52_pi,6,2,Q003,exploitation,0.0045845427397645,0.0060713401686339,1.4231448493082537,4.223241751838905,10.0,0.0,1.0,True,False,0.0
0,gp_m52_pi,6,3,Q056,exploitation,0.0015128219435157,0.0002032765049144,11.032448298749474,0.4705145936267136,5.0,0.0,0.0,False,False,94093.0
0,gp_m52_pi,6,4,Q044,exploitation,0.000986992597793,0.0001066232745388,11.219122901955526,0.3905661024504131,3.0,0.0,0.0,False,False,54574.0
0,gp_m52_pi,6,5,Q002,exploitation,0.0002086563274331,6.991967255279871e-05,7.692921041799432,1.341686739715797,8.0,0.0,0.0,False,False,0.0
0,gp_m52_pi,7,1,Q009,exploitation,0.0191694509648024,0.011852811384774,8.921069007286984,1.692975025074042,5.0,0.0,0.0,False,False,3295.0
0,gp_m52_pi,7,2,Q016,exploitation,0.0032489873129721,0.0024271964054041,5.740423577197475,2.457128135574082,5.0,0.0,0.800000011920929,True,False,357.0
0,gp_m52_pi,7,3,Q004,exploitation,0.0025281619201635,0.0031122604553006,0.8311549789711385,4.13652311706224,7.0,1.0,0.0,True,False,0.0
0,gp_m52_pi,7,4,Q043,exploitation,0.0006303193205794,0.0001057699087604,10.408417038371526,0.6261375050445798,1.0,0.0,0.0,False,False,1379.0
0,gp_m52_pi,7,5,Q091,exploitation,4.366671800226351e-06,2.7139046973161796e-06,-0.9597750686898134,3.0108505443196507,9.0,0.2000000029802322,0.800000011920929,True,False,0.0
0,gp_m52_pi,8,1,Q010,exploitation,8.557687577308296e-15,1.2897858946739809e-15,3.271992768868043,1.1935901136205098,4.0,1.0,0.0,False,False,0.0
0,gp_m52_pi,8,2,Q024,exploitation,8.083946851142576e-07,4.90723291917117e-08,10.92215314171759,0.313877223400218,3.0,0.0,0.0,False,False,25579.0
0,gp_m52_pi,8,3,Q025,exploitation,0.0001099706762615,9.674933805963154e-06,11.077189612604924,0.3654706887789695,1.0,0.0,0.0,False,False,51808.0
0,gp_m52_pi,8,4,Q045,exploitation,0.0001838148787744,1.543839181875284e-05,11.22062217312664,0.3388150819501644,2.0,0.0,0.0,False,False,104181.0
0,gp_m52_pi,8,5,Q048,exploitation,6.081082387444525e-05,8.291941088916816e-06,10.180309665594391,0.5847952318264226,3.0,0.0,1.0,False,False,42637.0
0,gp_m52_ei,1,1,Q081,exploitation,0.1675304991571509,0.4772347848328062,7.269648363341078,5.350719151424983,19.0,0.0,1.0,True,False,0.0
0,gp_m52_ei,1,2,Q083,exploitation,0.1622333724846206,0.4735376362186424,6.981303316472278,5.527418070702023,18.0,0.0,1.0,True,False,0.0
0,gp_m52_ei,1,3,Q066,exploitation,0.3742178397232704,0.4318959627273978,11.89265293974277,1.6679865179468654,6.0,0.0,0.0,False,False,82233.0
0,gp_m52_ei,1,4,Q031,exploitation,0.6668576463655606,0.4262377441804121,12.709896381925631,0.6546409485804153,2.0,0.0,0.0,False,False,62455.0
0,gp_m52_ei,1,5,Q084,exploitation,0.147400346604725,0.4181688494297626,6.665169869645968,5.500329747480498,20.0,0.0,1.0,True,False,0.0
0,gp_m52_ei,2,1,Q061,exploitation,0.3874249015700104,0.2377713924575263,12.17766156102509,0.8737304228510784,4.0,0.0,0.0,False,False,61305.0
0,gp_m52_ei,2,2,Q005,exploitation,0.1319363190740541,0.1861811563833755,9.29039102566847,2.807869732877044,10.0,0.0,1.0,True,False,42083.0
0,gp_m52_ei,2,3,Q054,exploitation,0.2716640472507285,0.1734975128202576,11.794427709134023,1.0417334108326002,5.0,0.0,0.0,False,False,100890.0
0,gp_m52_ei,2,4,Q029,exploitation,0.3036310875830131,0.1490460936969671,12.031708746077202,0.7702008567667878,2.0,0.0,0.0,False,False,119441.0
0,gp_m52_ei,2,5,Q019,exploitation,0.1446264716484849,0.133785267774335,10.518269701134166,1.8016415786788211,8.0,0.0,0.0,False,False,84493.0
0,gp_m52_ei,3,1,Q022,exploitation,0.2457430124995329,0.0936837238456599,11.98559655294374,0.6424682114945112,3.0,0.0,0.0,False,False,114383.0
0,gp_m52_ei,3,2,Q026,exploitation,0.2253177754342293,0.0816170886851659,11.954642541777218,0.6269431070769612,3.0,0.0,0.0,False,False,99186.0
0,gp_m52_ei,3,3,Q018,exploitation,0.1985598335980753,0.0646941755275081,11.932314934284808,0.5848837192205035,2.0,0.0,0.0,False,False,207261.0
0,gp_m52_ei,3,4,Q040,exploitation,0.1112893572130659,0.0316318666904046,11.711426342943344,0.5871563235090526,3.0,0.0,0.0,False,False,114138.0
0,gp_m52_ei,3,5,Q020,exploitation,0.0770894589387658,0.021664304559277,11.53798760818353,0.6243088134558311,2.0,0.0,0.0,False,False,101000.0
0,gp_m52_ei,4,1,Q036,exploitation,0.1186137137815386,0.2083861532789389,8.196468397849369,3.579787122940324,7.0,0.0,1.0,True,False,0.0
0,gp_m52_ei,4,2,Q003,exploitation,0.0856054708532277,0.1988531961856863,5.504472150128736,5.05955667111885,10.0,1.0,0.0,True,False,0.0
0,gp_m52_ei,4,3,Q065,exploitation,0.127575577460026,0.1039607412853574,10.568360953452377,1.6338662788615783,7.0,0.0,0.0,False,False,38100.0
0,gp_m52_ei,4,4,Q076,exploitation,0.068502452483165,0.0717891462494472,8.890803146956237,2.378405118956799,9.0,0.0,0.0,False,False,34391.0
0,gp_m52_ei,4,5,Q090,exploitation,0.0256244411087254,0.04618862061981,3.1581533629057796,4.755040282883138,10.0,0.0,1.0,True,False,0.0
0,gp_m52_ei,5,1,Q058,exploitation,0.0463675971488362,0.0394158906378544,8.966443222356357,2.0588005305172308,7.0,0.0,1.0,True,False,60312.0
0,gp_m52_ei,5,2,Q063,exploitation,0.0272453876292023,0.0085990336378782,10.839687836496855,0.8257740236894044,4.0,0.0,0.0,False,False,38893.0
0,gp_m52_ei,5,3,Q068,exploitation,0.017759375489653,0.0058756401203291,10.505147803760138,0.9144017240262436,6.0,0.0,0.0,False,False,50021.0
0,gp_m52_ei,5,4,Q071,exploitation,0.0153295666598934,0.0056161413124331,10.200143801146252,1.0305199946348278,5.0,0.0,0.0,False,False,60955.0
0,gp_m52_ei,5,5,Q044,exploitation,0.0131993299630618,0.0050728660333724,9.98542538552537,1.099923179248949,3.0,0.0,1.0,False,False,54574.0
0,gp_m52_ei,6,1,Q004,exploitation,0.005363592897901,0.0058112638453377,3.740505593650324,3.4047433848536373,7.0,1.0,0.0,True,False,0.0
0,gp_m52_ei,6,2,Q069,exploitation,0.0031418738325773,0.000939014111385,9.733603354173088,0.9858676639696532,4.0,0.0,0.0,False,False,90845.0
0,gp_m52_ei,6,3,Q009,exploitation,0.0009742954118343,0.0003671370421495,8.203061203997722,1.363646520086027,5.0,0.0,0.0,False,False,3295.0
0,gp_m52_ei,6,4,Q048,exploitation,0.0004445631638755,7.739012614652345e-05,10.217873403866031,0.6648843875482507,3.0,0.0,1.0,False,False,42637.0
0,gp_m52_ei,6,5,Q016,exploitation,7.383716887465408e-05,3.14629297426892e-05,5.5629772337690815,1.8088794187959885,5.0,0.0,1.0,True,False,357.0
0,gp_m52_ei,7,1,Q002,exploitation,3.2746267249681963e-06,8.377351948212603e-07,6.774979276603612,1.25395045144058,8.0,0.0,0.2000000029802322,True,False,0.0
0,gp_m52_ei,7,2,Q072,exploitation,1.921578568551065e-06,3.316702918308246e-07,8.436150958519987,0.8640040124509569,4.0,0.0,0.0,False,False,57726.0
0,gp_m52_ei,7,3,Q091,exploitation,4.338962576597837e-10,1.4814491588332748e-10,-1.047155971539686,2.19744443548004,9.0,0.0,1.0,True,False,0.0
0,gp_m52_ei,7,4,Q024,exploitation,8.667205159072617e-22,1.5188243496878056e-23,10.805455647229056,0.1703930658556476,3.0,0.0,0.0,False,False,25579.0
0,gp_m52_ei,7,5,Q043,exploitation,1.617417323696851e-08,9.05697143518739e-10,10.613325892405726,0.3281802467176291,1.0,0.0,0.0,False,False,1379.0
0,gp_m52_ei,8,1,Q010,exploitation,9.827661205951088e-15,1.5504063292625584e-15,2.8871739322682544,1.2466454430039084,4.0,1.0,0.0,False,False,0.0
0,gp_m52_ei,8,2,Q025,exploitation,0.0014269796421825,0.0002003778924848,10.95419752569349,0.4939191959000281,1.0,0.0,0.0,False,False,51808.0
0,gp_m52_ei,8,3,Q045,exploitation,0.0057520391332764,0.0008620375031701,11.245425355740297,0.467809411516274,2.0,0.0,0.0,False,False,104181.0
0,gp_m52_ei,8,4,Q056,exploitation,0.2200116069683311,0.0978514196595795,11.828970835155657,0.7752468039473713,5.0,0.0,0.0,False,False,94093.0
0,gp_m52_ei,8,5,Q073,exploitation,0.0001582858202192,1.896293728243008e-05,10.671868112275495,0.4875154289828202,1.0,0.0,0.0,False,False,31696.0
0,pi_random_exploration,1,1,Q031,exploitation,0.6668576463655606,0.4262377441804121,12.709896381925631,0.6546409485804153,2.0,0.0,0.0,False,False,62455.0
0,pi_random_exploration,1,2,Q029,exploitation,0.5212020524623391,0.2382124399489149,12.457306602634567,0.5590641415951894,2.0,0.0,0.0,False,False,119441.0
0,pi_random_exploration,1,3,Q061,exploitation,0.4607310358133376,0.3086706197112457,12.341022361735227,0.8779438376538826,4.0,0.0,0.0,False,False,61305.0
0,pi_random_exploration,1,4,Q018,exploitation,0.3953563949258789,0.1126443213534381,12.320898492088231,0.4019904007693277,2.0,0.0,0.0,False,False,207261.0
0,pi_random_exploration,1,5,Q084,random_exploration,0.147400346604725,0.4181688494297626,6.665169869645968,5.500329747480498,20.0,0.0,1.0,True,False,0.0
0,pi_random_exploration,2,1,Q022,exploitation,0.2864718205237952,0.1095008798567566,12.082428960547665,0.6122735583925374,2.0,0.0,0.0,False,False,114383.0
0,pi_random_exploration,2,2,Q026,exploitation,0.20238537575633,0.0712321332180321,11.903999728384653,0.628449699708413,2.0,0.0,0.0,False,False,99186.0
0,pi_random_exploration,2,3,Q005,exploitation,0.1862661001037419,0.3304702364423499,9.537309616661142,3.2411582941355523,10.0,0.0,1.0,True,False,42083.0
0,pi_random_exploration,2,4,Q019,exploitation,0.1473980523089186,0.1358468570983895,10.555542808923532,1.7868785137135017,8.0,0.0,1.0,True,False,84493.0
0,pi_random_exploration,2,5,Q076,random_exploration,0.0237358038458832,0.0321530102871708,5.272946864836472,3.6096809834569177,11.0,0.0,1.0,True,False,34391.0
0,pi_random_exploration,3,1,Q071,exploitation,0.1168760391762573,0.0710771221769066,10.947307865875784,1.2431442059987483,8.0,0.0,0.0,False,False,60955.0
0,pi_random_exploration,3,2,Q068,exploitation,0.1139051786642148,0.0663663150944972,10.98318309642392,1.197657971809667,6.0,0.0,0.0,False,False,50021.0
0,pi_random_exploration,3,3,Q073,exploitation,0.0992628856019935,0.0549006344102003,10.92323678279752,1.170000950394172,8.0,0.0,0.0,False,False,31696.0
0,pi_random_exploration,3,4,Q065,exploitation,0.0525020726680702,0.0436201360820599,9.22973443069158,1.9726848953754572,6.0,0.0,0.0,False,False,38100.0
0,pi_random_exploration,3,5,Q025,random_exploration,0.0004538166940213,4.209514566237726e-05,11.253772586584656,0.3538022531650415,1.0,0.0,0.0,False,False,51808.0
0,pi_random_exploration,4,1,Q066,exploitation,0.2497994540919858,0.1305823121842291,11.835896252106098,0.8764125784392134,5.0,0.0,0.0,False,False,82233.0
0,pi_random_exploration,4,2,Q036,exploitation,0.086952447248784,0.0557761041868879,10.53346661839532,1.3929736082265491,7.0,0.0,1.0,True,False,0.0
0,pi_random_exploration,4,3,Q083,exploitation,0.0721488108550631,0.1724879940469775,4.579244502272101,5.3756739004405345,16.0,0.6000000238418579,0.4000000059604645,True,False,0.0
0,pi_random_exploration,4,4,Q069,exploitation,0.062261924201091,0.0303842388116114,10.69773744809323,1.1261566338382056,4.0,0.0,0.0,False,False,90845.0
0,pi_random_exploration,4,5,Q003,random_exploration,0.0210631326451218,0.0367447448764402,2.8342198290862246,4.720513479321539,10.0,0.2000000029802322,0.800000011920929,True,False,0.0
0,pi_random_exploration,5,1,Q058,exploitation,0.0502693099123888,0.0494456210977141,8.565159203933668,2.351911267173041,7.0,0.0,1.0,True,False,60312.0
0,pi_random_exploration,5,2,Q044,exploitation,0.034904494377261,0.0181176053732277,10.04886661107528,1.311924939962312,3.0,0.0,1.0,False,False,54574.0
0,pi_random_exploration,5,3,Q063,exploitation,0.0343105919056072,0.011131582801065,10.930729850483663,0.8220364563696239,4.0,0.0,0.0,False,False,38893.0
0,pi_random_exploration,5,4,Q054,exploitation,0.0161529553927627,0.0038408641686137,11.004679380228993,0.6647192884329677,3.0,0.0,0.0,False,False,100890.0
0,pi_random_exploration,5,5,Q091,random_exploration,8.055796102247367e-06,5.188222000829319e-06,-0.6851277463546062,3.040335338157273,9.0,0.0,1.0,True,False,0.0
0,pi_random_exploration,6,1,Q004,exploitation,0.0042433677230048,0.004102684712566,4.254343740044614,3.10525525446081,7.0,1.0,0.0,True,False,0.0
0,pi_random_exploration,6,2,Q009,exploitation,0.0040433565392782,0.0019761869741363,8.2519956019086,1.576627926885906,5.0,0.0,0.0,False,False,3295.0
0,pi_random_exploration,6,3,Q040,exploitation,0.0020468605621051,0.0001535103422802,11.691437998871956,0.2564199592787957,2.0,0.0,0.0,False,False,114138.0
0,pi_random_exploration,6,4,Q048,exploitation,0.0003492049974826,5.146764293455111e-05,10.489292176304312,0.571732384737376,3.0,0.0,1.0,False,False,42637.0
0,pi_random_exploration,6,5,Q045,random_exploration,4.086859521463049e-05,2.469905221083163e-06,11.385590681792262,0.2645149323363537,2.0,0.0,0.0,False,False,104181.0
0,pi_random_exploration,7,1,Q090,exploitation,3.1845823321726616e-05,2.1773576361327368e-05,0.3125023611667057,3.0297551114285906,10.0,0.2000000029802322,0.800000011920929,True,False,0.0
0,pi_random_exploration,7,2,Q072,exploitation,1.6937963648204423e-05,3.7354561613732186e-06,8.25259429072366,1.0070613655013327,4.0,0.0,0.0,False,False,57726.0
0,pi_random_exploration,7,3,Q016,exploitation,9.615475422450726e-06,3.5779741379527536e-06,4.978188378190608,1.7431034349571568,5.0,0.0,0.2000000029802322,True,False,357.0
0,pi_random_exploration,7,4,Q002,exploitation,5.964183759258312e-06,1.42293532462709e-06,7.431894996189978,1.1408558664265271,8.0,0.0,0.6000000238418579,True,False,0.0
0,pi_random_exploration,7,5,Q043,random_exploration,1.0582623065935985e-18,1.9966310116928886e-20,10.946396552747975,0.1692607304485231,1.0,0.0,0.0,False,False,1379.0
0,pi_random_exploration,8,1,Q056,exploitation,0.201725614024373,0.0804958598517805,11.831756965217869,0.7131571332695328,5.0,0.0,0.0,False,False,94093.0
0,pi_random_exploration,8,2,Q081,exploitation,0.0171896784495774,0.0281766949046425,2.8052727757207396,4.548277326146888,6.0,1.0,0.0,True,False,0.0
0,pi_random_exploration,8,3,Q020,exploitation,0.0003853799439068,2.833750019417652e-05,11.474301496122305,0.2834536214226417,2.0,0.0,0.0,False,False,101000.0
0,pi_random_exploration,8,4,Q010,exploitation,7.589237017715041e-15,1.2446371923251921e-15,2.4262394316965574,1.3012382839356178,4.0,1.0,0.0,False,False,0.0
0,pi_random_exploration,8,5,Q024,random_exploration,8.223089159240229e-07,5.0698473741164487e-08,10.90062112683175,0.3185938525981595,2.0,0.0,0.0,False,False,25579.0
0,pi_uncertainty,1,1,Q031,exploitation,0.6668576463655606,0.4262377441804121,12.709896381925631,0.6546409485804153,2.0,0.0,0.0,False,False,62455.0
0,pi_uncertainty,1,2,Q029,exploitation,0.5212020524623391,0.2382124399489149,12.457306602634567,0.5590641415951894,2.0,0.0,0.0,False,False,119441.0
0,pi_uncertainty,1,3,Q061,exploitation,0.4607310358133376,0.3086706197112457,12.341022361735227,0.8779438376538826,4.0,0.0,0.0,False,False,61305.0
0,pi_uncertainty,1,4,Q018,exploitation,0.3953563949258789,0.1126443213534381,12.320898492088231,0.4019904007693277,2.0,0.0,0.0,False,False,207261.0
0,pi_uncertainty,1,5,Q083,uncertainty_exploration,0.1622333724846206,0.4735376362186424,6.981303316472278,5.527418070702023,18.0,0.0,1.0,True,False,0.0
0,pi_uncertainty,2,1,Q022,exploitation,0.7499024806842614,0.2913131109456019,12.666097934269809,0.3537870311122622,2.0,0.0,0.0,False,False,114383.0
0,pi_uncertainty,2,2,Q026,exploitation,0.6615038155144473,0.3219420198268761,12.636689076352225,0.5019754332985966,2.0,0.0,0.0,False,False,99186.0
0,pi_uncertainty,2,3,Q005,exploitation,0.5338256067201744,1.448694306396093,12.705297843329417,3.2714907345477284,10.0,0.0,1.0,True,False,42083.0
0,pi_uncertainty,2,4,Q019,exploitation,0.4206629599357858,0.4764071971204656,12.116719954044935,1.5527686960338056,8.0,0.0,1.0,True,False,84493.0
0,pi_uncertainty,2,5,Q084,uncertainty_exploration,0.017967023615398,0.031443564441826,2.29574109033675,4.830037849691964,20.0,0.0,1.0,True,False,0.0
0,pi_uncertainty,3,1,Q071,exploitation,0.0623459247969235,0.0633271500624233,8.829519168195622,2.3434422441177705,8.0,0.0,0.0,False,False,60955.0
0,pi_uncertainty,3,2,Q073,exploitation,0.0617159017567941,0.0683955598278176,8.481832213666413,2.561296912302947,8.0,0.0,0.0,False,False,31696.0
0,pi_uncertainty,3,3,Q076,exploitation,0.0567020317960682,0.0905030088744612,6.503627875965183,3.74205128864103,11.0,0.0,0.0,False,False,34391.0
0,pi_uncertainty,3,4,Q068,exploitation,0.0529215567625154,0.0379885375270827,9.674885666866173,1.7021754770472957,6.0,0.0,0.0,False,False,50021.0
0,pi_uncertainty,3,5,Q090,uncertainty_exploration,0.005762271633605,0.0082195279662186,1.1804495222488145,4.451879956277162,10.0,0.0,1.0,True,False,0.0
0,pi_uncertainty,4,1,Q065,exploitation,0.0341203956372599,0.0198429087833465,9.73861533940308,1.474687703919804,6.0,0.0,0.0,False,False,38100.0
0,pi_uncertainty,4,2,Q069,exploitation,0.0251403831642284,0.0122563718492079,9.90364226219667,1.289323770561545,4.0,0.0,0.0,False,False,90845.0
0,pi_uncertainty,4,3,Q020,exploitation,0.0147134560455823,0.0019605344815479,11.607428140328569,0.376610741269374,2.0,0.0,0.0,False,False,101000.0
0,pi_uncertainty,4,4,Q066,exploitation,0.0071555929159953,0.001592343934926,10.76229506067579,0.6798871206384359,5.0,0.0,0.0,False,False,82233.0
0,pi_uncertainty,4,5,Q003,uncertainty_exploration,3.3614129873570394e-08,1.5297930013427163e-08,-1.669093426441238,2.611256578027653,10.0,0.0,1.0,True,False,0.0
0,pi_uncertainty,5,1,Q058,exploitation,0.0054486520945606,0.0019002342428923,9.641515375939028,1.0943020118190974,7.0,0.0,1.0,True,False,60312.0
0,pi_uncertainty,5,2,Q054,exploitation,0.001257119532314,0.0001627895771166,11.03798676413453,0.4598833953935982,3.0,0.0,0.0,False,False,100890.0
0,pi_uncertainty,5,3,Q063,exploitation,0.0007469217606521,9.601238270454224e-05,10.922042755077602,0.4740542792977074,4.0,0.0,0.0,False,False,38893.0
0,pi_uncertainty,5,4,Q072,exploitation,0.000394988109103,7.189898207875321e-05,10.076217002895463,0.7005856190198769,4.0,0.0,0.0,False,False,57726.0
0,pi_uncertainty,5,5,Q081,uncertainty_exploration,5.93882991801952e-05,3.5794733314385035e-05,2.4668861644474323,2.5881092937294703,6.0,1.0,0.0,True,False,0.0
0,pi_uncertainty,6,1,Q036,exploitation,0.1255601327753768,0.0676992399741723,11.182491240021545,1.0849199700314345,7.0,0.0,1.0,True,False,0.0
0,pi_uncertainty,6,2,Q056,exploitation,0.0006605395753476,9.099241346028492e-05,10.782185891851402,0.5123668539750572,5.0,0.0,0.0,False,False,94093.0
0,pi_uncertainty,6,3,Q004,exploitation,2.6169687914888936e-10,8.490197156616172e-11,-0.6972479466948922,2.1128440064498517,7.0,1.0,0.0,True,False,0.0
0,pi_uncertainty,6,4,Q016,exploitation,2.7125981746686555e-06,7.429454680381744e-07,6.276361824603653,1.3526191356628885,5.0,0.0,1.0,True,False,357.0
0,pi_uncertainty,6,5,Q091,uncertainty_exploration,9.549867037079273e-08,4.2276341175475634e-08,-0.3854204444906344,2.4603043912403515,9.0,0.4000000059604645,0.6000000238418579,True,False,0.0
0,pi_uncertainty,7,1,Q044,exploitation,0.049225482223432,0.0104617709719731,11.58504823960414,0.5098809874952038,3.0,0.0,0.0,False,False,54574.0
0,pi_uncertainty,7,2,Q040,exploitation,0.0471748218628232,0.0063484989094915,11.883819692728608,0.3250436160883362,2.0,0.0,0.0,False,False,114138.0
0,pi_uncertainty,7,3,Q025,exploitation,0.0006426126533574,6.473885211515226e-05,11.219026745946616,0.3754137761625642,1.0,0.0,0.0,False,False,51808.0
0,pi_uncertainty,7,4,Q045,exploitation,0.0004995093171669,4.5820240846589e-05,11.28343780171692,0.3476789647183231,2.0,0.0,0.0,False,False,104181.0
0,pi_uncertainty,7,5,Q002,uncertainty_exploration,2.443981649686387e-06,5.89402022911203e-07,6.9627091297932395,1.1959347925363253,8.0,0.0,0.4000000059604645,True,False,0.0
0,pi_uncertainty,8,1,Q009,exploitation,0.0041370047442016,0.0020707396545834,8.17259953687848,1.611320945045507,5.0,0.0,0.0,False,False,3295.0
0,pi_uncertainty,8,2,Q043,exploitation,0.0007023338082913,0.0001184403547881,10.432847531317927,0.6245856983600253,1.0,0.0,0.0,False,False,1379.0
0,pi_uncertainty,8,3,Q048,exploitation,1.3385135725264662e-05,1.2816691744515585e-06,10.571562988189894,0.4419792149588522,3.0,0.0,1.0,False,False,42637.0
0,pi_uncertainty,8,4,Q024,exploitation,4.440447229253055e-14,1.1552524112869853e-15,10.931523143251338,0.2006363674527873,2.0,0.0,0.0,False,False,25579.0
0,pi_uncertainty,8,5,Q010,uncertainty_exploration,5.649618826662277e-11,8.95641149091253e-12,5.538106362341374,1.0683906554935656,4.0,0.0,0.2000000029802322,False,False,0.0
0,imperfection_aware,1,1,Q031,exploitation,0.6668576463655606,0.4262377441804121,12.709896381925631,0.6546409485804153,2.0,0.0,0.0,False,False,62455.0
0,imperfection_aware,1,2,Q029,exploitation,0.5212020524623391,0.2382124399489149,12.457306602634567,0.5590641415951894,2.0,0.0,0.0,False,False,119441.0
0,imperfection_aware,1,3,Q061,exploitation,0.4607310358133376,0.3086706197112457,12.341022361735227,0.8779438376538826,4.0,0.0,0.0,False,False,61305.0
0,imperfection_aware,1,4,Q018,exploitation,0.3953563949258789,0.1126443213534381,12.320898492088231,0.4019904007693277,2.0,0.0,0.0,False,False,207261.0
0,imperfection_aware,1,5,Q019,suspicious_exploration,0.2552135015341326,0.3056657674514612,11.115038593444766,1.9942207738939133,8.0,0.0,1.0,True,False,84493.0
0,imperfection_aware,2,1,Q022,exploitation,0.3201961619800514,0.1079613212422342,12.185251987786716,0.5187383185921937,2.0,0.0,0.0,False,False,114383.0
0,imperfection_aware,2,2,Q026,exploitation,0.1960013877275468,0.0603681459660831,11.952597834489776,0.5548924584278335,2.0,0.0,0.0,False,False,99186.0
0,imperfection_aware,2,3,Q073,exploitation,0.1175634745538606,0.1591627963535016,9.14604200091642,2.7639707079750293,8.0,0.0,0.0,False,False,31696.0
0,imperfection_aware,2,4,Q020,exploitation,0.1106240726426012,0.0256607858195475,11.840688246230414,0.4797946952175219,2.0,0.0,0.0,False,False,101000.0
0,imperfection_aware,2,5,Q083,suspicious_exploration,0.2243084927676278,0.7767834001375065,7.879902415521235,6.0017710174590695,18.0,0.0,1.0,True,False,0.0
0,imperfection_aware,3,1,Q066,exploitation,0.4940928761062335,0.3473389381941728,12.414446303324649,0.8870139698388388,5.0,0.0,0.0,False,False,82233.0
0,imperfection_aware,3,2,Q048,exploitation,0.0525448852621475,0.0139820984771848,11.4037589001862,0.6317299702208732,3.0,0.0,0.0,False,False,42637.0
0,imperfection_aware,3,3,Q056,exploitation,0.0459060982918117,0.0152030744803627,11.073223128693549,0.8033369056808464,5.0,0.0,0.0,False,False,94093.0
0,imperfection_aware,3,4,Q072,exploitation,0.0434528453985908,0.0200385518981197,10.496193862581164,1.1281788175865972,4.0,0.0,0.0,False,False,57726.0
0,imperfection_aware,3,5,Q005,suspicious_exploration,0.383888158542161,0.6075861058125016,11.7595505144377,2.262325129171148,7.0,0.0,1.0,True,False,42083.0
0,imperfection_aware,4,1,Q065,exploitation,0.1754766403419245,0.1356859550285703,11.088971954276516,1.4351332455246333,4.0,0.0,0.0,False,False,38100.0
0,imperfection_aware,4,2,Q040,exploitation,0.0519562609549552,0.0073275637844461,11.882108141304178,0.3354330045733459,2.0,0.0,0.0,False,False,114138.0
0,imperfection_aware,4,3,Q044,exploitation,0.0325125506436767,0.0074889802182317,11.342447883200354,0.5881206482687334,3.0,0.0,0.0,False,False,54574.0
0,imperfection_aware,4,4,Q069,exploitation,0.0101368937945822,0.004474857530635,9.408100468049254,1.3008037607781062,7.0,0.0,0.0,False,False,90845.0
0,imperfection_aware,4,5,Q090,suspicious_exploration,0.0364592947369989,0.068785183481867,3.930076806392176,4.738367730387714,10.0,0.0,1.0,True,False,0.0
0,imperfection_aware,5,1,Q054,exploitation,0.0136339829690834,0.002312077928518,11.360083034184395,0.483542580516184,3.0,0.0,0.0,False,False,100890.0
0,imperfection_aware,5,2,Q076,exploitation,0.0078782067521492,0.0021846969454756,10.40173164036875,0.8390313454389385,4.0,0.0,0.0,False,False,34391.0
0,imperfection_aware,5,3,Q016,exploitation,0.00025394445146,0.0001244527827571,5.686102633542438,1.9391227029841016,5.0,0.0,0.0,False,False,357.0
0,imperfection_aware,5,4,Q063,exploitation,0.000262244915816,3.573614420605961e-05,10.56138860759358,0.5381290272909651,4.0,0.0,0.0,False,False,38893.0
0,imperfection_aware,5,5,Q084,suspicious_exploration,0.0388832865622005,0.05299097859852,6.447468543581007,3.390481151709296,17.0,0.0,1.0,True,False,0.0
0,imperfection_aware,6,1,Q068,exploitation,0.0048880184460486,0.0007660918572323,11.143913773954166,0.4968420572852022,4.0,0.0,0.0,False,False,50021.0
0,imperfection_aware,6,2,Q045,exploitation,0.0002900126747213,2.561587935265362e-05,11.234846715446402,0.3466457290164828,2.0,0.0,0.0,False,False,104181.0
0,imperfection_aware,6,3,Q002,exploitation,0.0001809788881913,5.706730313418849e-05,7.886870470276187,1.273201610427624,8.0,0.0,0.0,False,False,0.0
0,imperfection_aware,6,4,Q071,exploitation,0.0001741952023517,1.7519946489667857e-05,10.971959018205313,0.4070102620840202,1.0,0.0,0.0,False,False,60955.0
0,imperfection_aware,6,5,Q081,suspicious_exploration,0.0002317814542008,0.0001579142782718,2.9373456319547904,2.7107422120381046,6.0,1.0,0.0,True,False,0.0
0,imperfection_aware,7,1,Q043,exploitation,0.0002424357014744,3.7767851525970795e-05,10.27088680576854,0.618144935399366,1.0,0.0,0.0,False,False,1379.0
0,imperfection_aware,7,2,Q024,exploitation,1.220926305853706e-07,6.051717533285339e-09,11.016613373555137,0.2733316675294633,2.0,0.0,0.0,False,False,25579.0
0,imperfection_aware,7,3,Q010,exploitation,9.930578264238651e-11,1.4885824392885048e-11,6.078937615537196,0.9978361175382464,4.0,0.0,1.0,False,False,0.0
0,imperfection_aware,7,4,Q025,exploitation,5.90800711077708e-08,2.7237603284068974e-09,11.050155794778622,0.2600721161619639,1.0,0.0,0.0,False,False,51808.0
0,imperfection_aware,7,5,Q003,suspicious_exploration,0.0283654881354541,0.0583617449365787,2.226447004187058,5.353864024498336,7.0,1.0,0.0,True,False,0.0
0,imperfection_aware,8,1,Q036,exploitation,0.004852640771912,0.003061935190989,7.25106316412449,2.0016257080834436,6.0,0.0,0.0,False,True,0.0
0,imperfection_aware,8,2,Q058,exploitation,0.0608721187369867,0.0279498628908778,10.78153886104586,1.0636824459844203,5.0,0.0,0.800000011920929,True,True,60312.0
0,imperfection_aware,8,3,Q009,exploitation,0.0019488734556303,0.000758845456907,8.569846667551593,1.336557652755344,5.0,0.0,1.0,True,True,3295.0
0,imperfection_aware,8,4,Q091,exploitation,0.000184425418531,0.0001558584030829,0.2883920526976116,3.4085223949365324,9.0,0.2000000029802322,0.800000011920929,True,True,0.0
0,imperfection_aware,8,5,Q004,suspicious_exploration,0.000108072321087,8.560550078647337e-05,0.242889007381148,3.293730510469251,7.0,1.0,0.0,True,True,0.0
1,random,1,1,Q028,random,0.2819731724248456,0.4572390584495139,10.920644659511938,2.6117205246956283,6.0,0.0,1.0,True,False,55318.0
1,random,1,2,Q044,random,0.0003467652829198,0.0001704947060689,5.954979680130157,1.9081263436949107,5.0,0.0,0.0,False,False,54574.0
1,random,1,3,Q065,random,0.3554460497233696,0.9659589793406446,10.940135835866576,4.012982256439768,6.0,0.0,1.0,True,False,38100.0
1,random,1,4,Q004,random,0.130367009341105,0.4048795141689933,5.458623475881145,6.19651287064417,9.0,0.0,1.0,True,False,0.0
1,random,1,5,Q076,random,0.0125077164934878,0.0042142490374605,10.253281243485674,0.9701651514000214,7.0,0.0,1.0,True,False,34391.0
1,random,2,1,Q093,random,0.1891400034810572,0.5298102837275535,7.937538837024162,5.096124735807663,23.0,0.0,1.0,True,False,0.0
1,random,2,2,Q032,random,0.0043609473073707,0.0028386272859336,6.958146518403867,2.0853681036896994,4.0,0.0,1.0,False,False,0.0
1,random,2,3,Q053,random,9.076106236682112e-62,4.956006946018387e-64,10.922498507816366,0.0909830934799998,1.0,0.0,0.0,False,False,110908.0
1,random,2,4,Q029,random,0.083840765986315,0.0132287128944248,11.951527865158097,0.3450429087657947,2.0,0.0,0.0,False,False,119441.0
1,random,2,5,Q030,random,0.1348861472713718,0.0327490331282055,11.897136784183296,0.4806543935906387,2.0,0.0,0.0,False,False,95814.0
1,random,3,1,Q025,random,0.717106600818735,0.9756920730956156,13.174550529437663,1.3007348710105595,2.0,0.0,0.0,False,False,51808.0
1,random,3,2,Q067,random,0.0028852147814014,0.0018731847972335,6.472114909159725,2.15734833617558,7.0,0.0,0.0,False,False,75311.0
1,random,3,3,Q034,random,0.0948366503547837,0.0110118677799453,12.102456134173888,0.2478941546113222,5.0,0.0,0.0,False,False,107033.0
1,random,3,4,Q061,random,0.0011865150303079,0.0001344307475305,11.199453823011297,0.4041116217361707,4.0,0.0,0.0,False,False,61305.0
1,random,3,5,Q080,random,0.0066935277590478,0.0107706041741693,0.187114585145137,4.949036065799104,6.0,1.0,0.0,True,False,0.0
1,random,4,1,Q071,random,0.0073425999028575,0.0022435575382292,10.15559892341836,0.9311207435665916,4.0,0.0,0.0,False,False,60955.0
1,random,4,2,Q056,random,0.17242408132668,0.1165526139287143,11.237039257173963,1.260326679375455,3.0,0.0,0.0,False,False,94093.0
1,random,4,3,Q024,random,0.1549288780250179,0.1047804926225893,11.112001507531868,1.295472809669701,3.0,0.0,0.0,False,False,25579.0
1,random,4,4,Q069,random,0.009588593797464,0.0024378192143862,10.66249486034002,0.7536439690656381,4.0,0.0,0.0,False,False,90845.0
1,random,4,5,Q057,random,3.818254641741814e-07,2.0041907282435085e-08,11.049566353432615,0.27870008783194,6.0,0.0,1.0,True,False,0.0
1,random,5,1,Q001,random,5.328269306136455e-12,1.387807567051505e-12,-0.0980927841732102,1.842730546135834,10.0,0.0,1.0,True,False,4553.0
1,random,5,2,Q082,random,0.0440848488065471,0.0977618839951854,3.1975528571315976,5.413085136580141,8.0,0.0,1.0,True,False,0.0
1,random,5,3,Q016,random,0.0125111691972393,0.0142590010027493,5.073400563069658,3.281566663005662,5.0,0.0,1.0,True,False,357.0
1,random,5,4,Q036,random,0.0002559786299644,0.0002364132076741,-0.2629100934859636,3.652548491683792,2.0,1.0,0.0,False,False,0.0
1,random,5,5,Q010,random,0.0275346346305675,0.0204322126882602,8.708431423636618,1.9387439581565449,4.0,0.0,1.0,False,False,0.0
1,random,6,1,Q048,random,4.723240107466596e-09,2.4656443130171935e-10,10.61093723115605,0.3164675158225772,2.0,0.0,0.0,False,False,42637.0
1,random,6,2,Q026,random,1.64306913330907e-43,1.7434109685361992e-45,10.391348068521912,0.1477494182907798,2.0,0.0,0.0,False,False,99186.0
1,random,6,3,Q021,random,0.0178110855462182,0.0060642617832967,10.4510033310919,0.9406834748337656,2.0,0.0,0.0,False,False,67531.0
1,random,6,4,Q072,random,0.2644669257292819,0.3281829994947973,11.141662715057103,2.042325160351346,4.0,0.0,0.0,False,False,57726.0
1,random,6,5,Q022,random,1.2283688756816132e-21,1.0053508463278787e-23,11.675623093901342,0.0792903739780371,2.0,0.0,0.0,False,False,114383.0
1,random,7,1,Q084,random,0.0030775412839046,0.00390741244708,0.9340537389322484,4.1956316514481315,6.0,0.0,1.0,True,False,0.0
1,random,7,2,Q015,random,1.538322124466847e-07,4.1505357745610286e-08,4.868277334247523,1.4768041711161175,2.0,0.0,1.0,False,False,48700.0
1,random,7,3,Q091,random,0.0001470366176649,0.000121136222109,0.2382501924942008,3.366785265916175,11.0,0.0,1.0,True,False,0.0
1,random,7,4,Q018,random,0.3269099952566199,0.0979057413899606,12.222570401515886,0.4571412585062503,2.0,0.0,0.0,False,False,207261.0
1,random,7,5,Q066,random,0.7991906565023033,1.295012057356018,13.56977567803981,1.3618085538780929,3.0,0.0,0.0,False,False,82233.0
1,random,8,1,Q074,random,0.1722696263896434,0.1662626906879593,10.72626321360342,1.7998897058290897,3.0,0.0,0.0,False,False,34285.0
1,random,8,2,Q063,random,0.0538765833030572,0.024043889550492,10.7304851731323,1.055161913269652,4.0,0.0,0.0,False,False,38893.0
1,random,8,3,Q031,random,0.1498857611225201,0.1219376177366242,10.798625353382326,1.5709504624137358,2.0,0.0,0.0,False,False,62455.0
1,random,8,4,Q023,random,0.1153618958444303,0.0531135034684717,11.296428775973125,0.943809187465723,1.0,0.0,0.0,False,False,130578.0
1,random,8,5,Q035,random,0.212446660624497,0.2342980014617262,10.87783963893668,1.9421272381287435,3.0,0.0,0.0,False,False,50709.0
1,gp_m52_pi,1,1,Q001,exploitation,0.4199885726933761,1.0301710836946305,11.74798525747699,3.3656219224360613,10.0,0.0,1.0,True,False,4553.0
1,gp_m52_pi,1,2,Q031,exploitation,0.3738104109385997,0.1997580772312732,12.178953186188917,0.772667862413203,3.0,0.0,0.0,False,False,62455.0
1,gp_m52_pi,1,3,Q065,exploitation,0.3554460497233696,0.9659589793406446,10.940135835866576,4.012982256439768,6.0,0.0,1.0,True,False,38100.0
1,gp_m52_pi,1,4,Q028,exploitation,0.2819731724248456,0.4572390584495139,10.920644659511938,2.6117205246956283,6.0,0.0,1.0,True,False,55318.0
1,gp_m52_pi,1,5,Q030,exploitation,0.2613526766787592,0.1079799064043228,11.99125363698412,0.6826349665176213,2.0,0.0,0.0,False,False,95814.0
1,gp_m52_pi,2,1,Q069,exploitation,0.3246836612958418,0.1736452715078931,12.055466826426288,0.8184780979404926,4.0,0.0,0.2000000029802322,False,False,90845.0
1,gp_m52_pi,2,2,Q084,exploitation,0.268775313044833,0.5962315909698837,10.188736102288257,3.631415909698268,6.0,0.0,1.0,True,False,0.0
1,gp_m52_pi,2,3,Q093,exploitation,0.2615220539297673,0.8692894391711302,8.920819965353397,5.4908097161897285,23.0,0.0,1.0,True,False,0.0
1,gp_m52_pi,2,4,Q016,exploitation,0.2356182524049788,0.829973771995905,8.094207122434186,6.014659677285917,5.0,0.0,1.0,True,False,357.0
1,gp_m52_pi,2,5,Q082,exploitation,0.2356182786940622,0.8299738930560241,8.094207636231863,6.014659677285922,8.0,0.0,1.0,True,False,0.0
1,gp_m52_pi,3,1,Q018,exploitation,0.4837815553937893,0.047997207962872,12.422430085338608,0.1266618694041959,2.0,0.0,0.0,False,False,207261.0
1,gp_m52_pi,3,2,Q034,exploitation,0.3513752707040468,0.1115560951612754,12.247833679154066,0.4710227953842709,5.0,0.0,0.0,False,False,107033.0
1,gp_m52_pi,3,3,Q021,exploitation,0.3370536942832678,0.1387618305666706,12.166436103819738,0.6210077171954727,2.0,0.0,0.0,False,False,67531.0
1,gp_m52_pi,3,4,Q074,exploitation,0.3066241598737082,0.4253665610858347,11.331337265663972,2.168880254527989,5.0,0.0,0.0,False,False,34285.0
1,gp_m52_pi,3,5,Q035,exploitation,0.2969912629172481,0.3289993634967656,11.493628190447126,1.752013802627891,4.0,0.0,0.0,False,False,50709.0
1,gp_m52_pi,4,1,Q044,exploitation,0.3656183202882243,0.419451671412976,11.85245141601636,1.674413925896403,3.0,0.0,0.0,False,False,54574.0
1,gp_m52_pi,4,2,Q066,exploitation,0.1319227536919708,0.1508963601588285,9.884481265135731,2.2760135822919785,3.0,0.0,0.0,False,False,82233.0
1,gp_m52_pi,4,3,Q076,exploitation,0.1067300600362606,0.0714966409988346,10.690714360338994,1.3960745819848106,4.0,0.0,0.0,False,False,34391.0
1,gp_m52_pi,4,4,Q023,exploitation,0.0858670851306477,0.0323799722592412,11.305730495174624,0.8208744030902724,2.0,0.0,0.0,False,False,130578.0
1,gp_m52_pi,4,5,Q067,exploitation,0.0853816991806091,0.1158835790561486,8.376233818841452,2.957716521511636,8.0,0.0,0.0,False,False,75311.0
1,gp_m52_pi,5,1,Q010,exploitation,0.0305419702963999,0.022736939648102,8.83628049996102,1.917520689272029,4.0,0.0,1.0,False,False,0.0
1,gp_m52_pi,5,2,Q072,exploitation,0.0276358997728368,0.018718383784957,9.037384383152483,1.7687364563735068,4.0,0.0,0.0,False,False,57726.0
1,gp_m52_pi,5,3,Q025,exploitation,0.0223647801902774,0.006317771213168,10.904990561040762,0.7585684924811986,2.0,0.0,0.0,False,False,51808.0
1,gp_m52_pi,5,4,Q004,exploitation,0.0119060243092724,0.0170594189407448,3.051271499816006,4.148537194634426,9.0,0.0,1.0,True,False,0.0
1,gp_m52_pi,5,5,Q056,exploitation,0.0087092135760555,0.0024645116936046,10.412757127551275,0.8473640978151057,3.0,0.0,0.0,False,False,94093.0
1,gp_m52_pi,6,1,Q032,exploitation,0.4442736417430696,0.4152656743232012,12.252702307226972,1.2478603776320247,4.0,0.0,1.0,False,False,0.0
1,gp_m52_pi,6,2,Q080,exploitation,0.2747715488963719,1.007584564940193,8.86173082788818,5.958526499645783,6.0,0.0,1.0,True,False,0.0
1,gp_m52_pi,6,3,Q057,exploitation,0.2102051769814651,0.7431590155418775,7.395997104708469,6.244910210081715,6.0,0.0,1.0,True,False,0.0
1,gp_m52_pi,6,4,Q061,exploitation,0.0332916695733993,0.012866715330005,10.623404567755829,0.983483029114112,4.0,0.0,0.0,False,False,61305.0
1,gp_m52_pi,6,5,Q063,exploitation,0.0291067612552606,0.0091284321417669,10.887308791294096,0.8132004182016572,4.0,0.0,0.0,False,False,38893.0
1,gp_m52_pi,7,1,Q026,exploitation,0.1718211464259372,0.0498267734786985,11.915090504797764,0.5411763401249364,1.0,0.0,0.0,False,False,99186.0
1,gp_m52_pi,7,2,Q024,exploitation,0.1003497112205958,0.0268492742520146,11.704958501326796,0.5647421447809465,3.0,0.0,0.0,False,False,25579.0
1,gp_m52_pi,7,3,Q029,exploitation,0.0547621537542118,0.0077825825909688,11.891284630317871,0.3351149407238514,1.0,0.0,0.0,False,False,119441.0
1,gp_m52_pi,7,4,Q071,exploitation,0.0044587251154314,0.0008014664425488,10.92460688085548,0.5747064482969001,3.0,0.0,0.0,False,False,60955.0
1,gp_m52_pi,7,5,Q036,exploitation,5.998367790099806e-05,4.5669200607361695e-05,-0.1402427636555554,3.2676009875856926,2.0,1.0,0.0,False,False,0.0
1,gp_m52_pi,8,1,Q015,exploitation,6.000423171111293e-27,6.494359962184479e-28,-0.1396014293937346,1.1761824560669591,2.0,0.0,1.0,False,False,48700.0
1,gp_m52_pi,8,2,Q022,exploitation,0.0343087537692679,0.0043897649535362,11.837250203047365,0.3241918052015649,1.0,0.0,0.0,False,False,114383.0
1,gp_m52_pi,8,3,Q048,exploitation,4.775772148941835e-08,3.256223441210212e-09,10.362268483843511,0.3871210637979029,2.0,0.0,0.800000011920929,False,False,42637.0
1,gp_m52_pi,8,4,Q053,exploitation,3.796233842835664e-05,2.83628202936551e-06,11.1288648689596,0.3282144469005082,1.0,0.0,0.0,False,False,110908.0
1,gp_m52_pi,8,5,Q091,exploitation,0.0362041356898894,0.0775496772316475,2.752681587804328,5.3852880700259425,11.0,0.0,1.0,True,False,0.0
1,gp_m52_ei,1,1,Q001,exploitation,0.462586828950223,1.1065560707906106,12.133788416189756,3.1281526605948473,10.0,0.0,1.0,True,False,4553.0
1,gp_m52_ei,1,2,Q057,exploitation,0.2005576452674312,0.6843849850014536,7.298608789723402,6.108602159822403,6.0,0.0,1.0,True,False,0.0
1,gp_m52_ei,1,3,Q016,exploitation,0.2005576225492126,0.6843848857516204,7.298608294854024,6.108602159822396,9.0,0.0,1.0,True,False,357.0
1,gp_m52_ei,1,4,Q082,exploitation,0.2005576452674312,0.6843849850014536,7.298608789723402,6.108602159822403,8.0,0.0,1.0,True,False,0.0
1,gp_m52_ei,1,5,Q093,exploitation,0.2071301183916203,0.6756714723431476,7.703396855897687,5.786466151956544,23.0,0.0,1.0,True,False,0.0
1,gp_m52_ei,2,1,Q065,exploitation,0.4330698569541581,1.129565993468444,11.833152856172736,3.526425721921689,6.0,0.0,1.0,True,False,38100.0
1,gp_m52_ei,2,2,Q080,exploitation,0.2406586113405124,0.5277969744671211,9.80779719838943,3.7203028846048154,6.0,0.0,1.0,True,False,0.0
1,gp_m52_ei,2,3,Q031,exploitation,0.522280255934062,0.2956684727971649,12.466226476695972,0.69161630980769,3.0,0.0,0.0,False,False,62455.0
1,gp_m52_ei,2,4,Q004,exploitation,0.0805548871860068,0.2014251371762599,4.70679530239657,5.509538443540056,9.0,0.0,1.0,True,False,0.0
1,gp_m52_ei,2,5,Q035,exploitation,0.2209093770080122,0.0750741588214252,11.972519969305328,0.5916599311422525,4.0,0.0,0.0,False,False,50709.0
1,gp_m52_ei,3,1,Q034,exploitation,0.8291288271105755,0.8988513240525805,13.24757363756365,0.8624892278560475,5.0,0.0,1.0,True,False,107033.0
1,gp_m52_ei,3,2,Q023,exploitation,0.7484776051748092,0.6892093680301394,12.990427380876104,0.8404375033078351,2.0,0.0,0.0,False,False,130578.0
1,gp_m52_ei,3,3,Q074,exploitation,0.336176925449183,0.5712027416020008,11.342531113340955,2.56561626229029,5.0,0.0,1.0,True,False,34285.0
1,gp_m52_ei,3,4,Q076,exploitation,0.2256685462590325,0.5392802943178604,9.313807418641654,4.134126318549231,6.0,0.0,1.0,True,False,34391.0
1,gp_m52_ei,3,5,Q072,exploitation,0.1982760301524282,0.3318275359808702,9.879565862678316,3.0054605539578865,4.0,0.0,1.0,False,False,57726.0
1,gp_m52_ei,4,1,Q061,exploitation,0.4622573836327539,0.3268313956859936,12.339945120263655,0.9249312520800452,5.0,0.0,0.0,False,False,61305.0
1,gp_m52_ei,4,2,Q032,exploitation,0.1198361998794159,0.263392581773515,7.173449974557305,4.468535368787413,4.0,0.0,1.0,False,False,0.0
1,gp_m52_ei,4,3,Q036,exploitation,0.0903747871690308,0.1942174215413372,6.2280259019325825,4.6318889849683025,4.0,0.0,1.0,False,False,0.0
1,gp_m52_ei,4,4,Q091,exploitation,0.0604691398295514,0.1078521979408482,6.012438963614128,4.136539914994074,11.0,0.0,1.0,True,False,0.0
1,gp_m52_ei,4,5,Q025,exploitation,0.1822221225166743,0.0976456163897917,11.534521446107426,0.9847067808043996,2.0,0.0,0.0,False,False,51808.0
1,gp_m52_ei,5,1,Q044,exploitation,0.5323301416302015,0.9114626793174928,12.595326931041228,2.067658712144263,3.0,0.0,0.0,False,False,54574.0
1,gp_m52_ei,5,2,Q066,exploitation,0.189412427384273,0.2019789228699082,10.720929149081035,1.939236677097698,3.0,0.0,0.0,False,False,82233.0
1,gp_m52_ei,5,3,Q010,exploitation,0.1515699334757317,0.1811406329908949,10.057674126771976,2.301498282388784,4.0,0.0,1.0,False,False,0.0
1,gp_m52_ei,5,4,Q067,exploitation,0.0805997111327937,0.0762382223130729,9.50786421084745,2.083950358625472,6.0,0.0,0.0,False,False,75311.0
1,gp_m52_ei,5,5,Q018,exploitation,0.1664449903549202,0.0243930638762501,12.160585753385469,0.2757332252311434,2.0,0.0,0.0,False,False,207261.0
1,gp_m52_ei,6,1,Q028,exploitation,0.2720818264305422,0.0975259901073562,12.07314023860751,0.5843754141426545,4.0,0.0,0.0,False,False,55318.0
1,gp_m52_ei,6,2,Q030,exploitation,0.1743156405076614,0.0562113932807551,11.865665472443924,0.5995378140509459,2.0,0.0,0.0,False,False,95814.0
1,gp_m52_ei,6,3,Q029,exploitation,0.1712296868933996,0.0543343298022564,11.864920840026516,0.5926996829445798,2.0,0.0,0.0,False,False,119441.0
1,gp_m52_ei,6,4,Q084,exploitation,0.0196541969212616,0.0200698973943535,6.683132173054681,2.7872901509554486,6.0,0.6000000238418579,0.4000000059604645,True,False,0.0
1,gp_m52_ei,6,5,Q022,exploitation,0.0307619398086278,0.0044681412546675,11.728771274909304,0.3737525600230537,1.0,0.0,0.0,False,False,114383.0
1,gp_m52_ei,7,1,Q056,exploitation,0.2353509205709838,0.1411772197167434,11.68849582951217,1.0246034013126557,3.0,0.0,0.0,False,False,94093.0
1,gp_m52_ei,7,2,Q026,exploitation,0.1061206538739827,0.0268474941324898,11.7690936568655,0.5278766567743234,1.0,0.0,0.0,False,False,99186.0
1,gp_m52_ei,7,3,Q024,exploitation,0.0562476701938991,0.0127809181187012,11.58097316821718,0.5334384623858736,3.0,0.0,0.0,False,False,25579.0
1,gp_m52_ei,7,4,Q021,exploitation,0.0155642339940808,0.0043135204941059,10.750288735758009,0.7781717290647933,2.0,0.0,0.0,False,False,67531.0
1,gp_m52_ei,7,5,Q071,exploitation,0.0083239610221058,0.0027710176433606,10.02950821217149,1.0015369401984513,3.0,0.0,0.0,False,False,60955.0
1,gp_m52_ei,8,1,Q015,exploitation,5.900703639046445e-06,1.4450329808791945e-06,7.294685805566675,1.1715662354327536,2.0,0.0,1.0,False,False,48700.0
1,gp_m52_ei,8,2,Q048,exploitation,7.236165008870701e-10,4.2947583566415593e-11,10.144621826507604,0.3773400815673258,2.0,0.0,0.0,False,False,42637.0
1,gp_m52_ei,8,3,Q053,exploitation,0.000148774673929,1.214749168504956e-05,11.221347451194474,0.3334508825542905,1.0,0.0,0.0,False,False,110908.0
1,gp_m52_ei,8,4,Q063,exploitation,0.1083137513455289,0.0619957486600157,10.958293828534051,1.1891806295690102,4.0,0.0,0.0,False,False,38893.0
1,gp_m52_ei,8,5,Q069,exploitation,0.0786647008911173,0.036399034955424,10.9794289654246,1.0240724442373923,4.0,0.0,0.0,False,False,90845.0
1,pi_random_exploration,1,1,Q001,exploitation,0.4199904770881222,1.0301735353595556,11.74800458012041,3.3656074334070936,10.0,0.0,1.0,True,False,4553.0
1,pi_random_exploration,1,2,Q031,exploitation,0.3738106842673925,0.1997594352715789,12.178952312813587,0.7726723092276591,3.0,0.0,0.0,False,False,62455.0
1,pi_random_exploration,1,3,Q065,exploitation,0.3554437535571151,0.9659487422711568,10.940113318978687,4.012976259624183,6.0,0.0,1.0,True,False,38100.0
1,pi_random_exploration,1,4,Q028,exploitation,0.2819772180473789,0.4572474907554105,10.92067722138869,2.611718306208614,6.0,0.0,1.0,True,False,55318.0
1,pi_random_exploration,1,5,Q080,random_exploration,0.1879050260413114,0.4373537127947633,8.670700246902765,4.241981769637662,6.0,0.0,1.0,True,False,0.0
1,pi_random_exploration,2,1,Q093,exploitation,0.2254614902972533,0.7279167392051399,8.215763449889304,5.586874741155287,23.0,1.0,0.0,True,False,0.0
1,pi_random_exploration,2,2,Q057,exploitation,0.2156062482715036,0.7665325845516495,7.520698909836734,6.233981051082286,6.0,0.0,1.0,True,False,0.0
1,pi_random_exploration,2,3,Q016,exploitation,0.2156062250516291,0.7665324779137965,7.520698415241343,6.233981051082279,5.0,0.0,1.0,True,False,357.0
1,pi_random_exploration,2,4,Q082,exploitation,0.2156062482715036,0.7665325845516495,7.520698909836734,6.233981051082286,8.0,0.0,1.0,True,False,0.0
1,pi_random_exploration,2,5,Q022,random_exploration,0.084883339491285,0.0222332894822159,11.643025507957688,0.5714359817402586,2.0,0.0,0.0,False,False,114383.0
1,pi_random_exploration,3,1,Q044,exploitation,0.638866495494387,1.4187760634095157,13.265813247493488,2.3583574987169804,5.0,0.0,0.0,False,False,54574.0
1,pi_random_exploration,3,2,Q035,exploitation,0.5660053864215051,1.0967337190986417,12.801476135212456,2.249493580047416,4.0,0.0,0.0,False,False,50709.0
1,pi_random_exploration,3,3,Q018,exploitation,0.4880435172187397,0.1889974594116608,12.41283281874728,0.4920091697201281,2.0,0.0,0.0,False,False,207261.0
1,pi_random_exploration,3,4,Q074,exploitation,0.4332124109265096,0.7320132664801615,12.043379356081118,2.284174563395397,5.0,0.0,1.0,True,False,34285.0
1,pi_random_exploration,3,5,Q063,random_exploration,0.0032996283878776,0.0009960618400164,9.73416720725617,0.9915313827005442,5.0,0.0,1.0,True,False,38893.0
1,pi_random_exploration,4,1,Q034,exploitation,0.4695510903676617,0.2696926408478479,12.370648778794306,0.7451991668351106,5.0,0.0,1.0,True,False,107033.0
1,pi_random_exploration,4,2,Q056,exploitation,0.2491312841597395,0.1792502356295006,11.609961774027743,1.2073059549046867,4.0,0.0,1.0,False,False,94093.0
1,pi_random_exploration,4,3,Q069,exploitation,0.1991929334726065,0.0902005734133988,11.74169947628491,0.8121671865387882,4.0,0.0,0.0,False,False,90845.0
1,pi_random_exploration,4,4,Q025,exploitation,0.1892261902163556,0.1003837080018225,11.577647833975943,0.9650088735594974,2.0,0.0,0.0,False,False,51808.0
1,pi_random_exploration,4,5,Q036,random_exploration,0.0444090259227247,0.0826760924309331,4.703331160798813,4.539228568842143,4.0,0.0,1.0,False,False,0.0
1,pi_random_exploration,5,1,Q023,exploitation,0.3841873172989302,0.2733846989352456,12.128131711865098,1.0167993880355122,1.0,0.0,0.0,False,False,130578.0
1,pi_random_exploration,5,2,Q026,exploitation,0.2529572389565564,0.1060838653600103,11.961743560785967,0.7002831234890883,1.0,0.0,0.0,False,False,99186.0
1,pi_random_exploration,5,3,Q072,exploitation,0.2474902596452137,0.2914380851609739,11.07635062835417,1.9800890924648331,4.0,0.0,0.0,False,False,57726.0
1,pi_random_exploration,5,4,Q066,exploitation,0.2232728751135065,0.278862048601216,10.777638597337472,2.167592860317615,3.0,0.0,0.0,False,False,82233.0
1,pi_random_exploration,5,5,Q084,random_exploration,0.0003319271852281,0.0003051857645278,0.2474090652268081,3.57810162280763,6.0,0.4000000059604645,0.6000000238418579,True,False,0.0
1,pi_random_exploration,6,1,Q010,exploitation,0.0955737916598696,0.0987294936811117,9.549139888829949,2.2020034866776284,4.0,0.0,1.0,False,False,0.0
1,pi_random_exploration,6,2,Q004,exploitation,0.0435994267773286,0.0989602459430995,2.93524135969463,5.5498990332380975,9.0,0.6000000238418579,0.4000000059604645,True,False,0.0
1,pi_random_exploration,6,3,Q061,exploitation,0.0150996339252898,0.0026187824713724,11.368317244302151,0.4887103479871217,4.0,0.0,0.0,False,False,61305.0
1,pi_random_exploration,6,4,Q076,exploitation,0.012812707967202,0.005275299834956,9.788856481020876,1.1823079050480718,4.0,0.0,0.0,False,False,34391.0
1,pi_random_exploration,6,5,Q030,random_exploration,0.0001921739820223,2.77757762423374e-05,10.362782883610238,0.5815342320600196,2.0,0.0,0.0,False,False,95814.0
1,pi_random_exploration,7,1,Q091,exploitation,0.0336182246558961,0.0719676785973731,2.4720272226273794,5.439925006019905,11.0,0.0,1.0,True,False,0.0
1,pi_random_exploration,7,2,Q067,exploitation,0.0211398370357005,0.0070985327004737,10.583237044362615,0.9082051319365944,4.0,0.0,0.0,False,False,75311.0
1,pi_random_exploration,7,3,Q032,exploitation,0.0056775527821962,0.0058854057527842,4.225665689028375,3.2398448898856,2.0,1.0,0.0,False,False,0.0
1,pi_random_exploration,7,4,Q021,exploitation,0.0018225478695127,0.0002605024523307,10.993510612674228,0.4932574485846968,2.0,0.0,0.0,False,False,67531.0
1,pi_random_exploration,7,5,Q071,random_exploration,7.886655274357357e-06,6.624490329520648e-07,10.713968604929407,0.396889738880249,3.0,0.0,0.0,False,False,60955.0
1,pi_random_exploration,8,1,Q029,exploitation,0.0196641712317123,0.0021209676113591,11.820920715619325,0.2943901540429154,1.0,0.0,0.0,False,False,119441.0
1,pi_random_exploration,8,2,Q015,exploitation,6.533991191321452e-06,1.583261142096474e-06,7.396360362594045,1.1542239914379535,2.0,0.0,1.0,False,False,48700.0
1,pi_random_exploration,8,3,Q024,exploitation,2.666981025003577e-31,2.1899129387588527e-33,11.310815124319724,0.0964567067115348,3.0,0.0,0.0,False,False,25579.0
1,pi_random_exploration,8,4,Q048,exploitation,3.533214566985617e-16,1.0742359098569949e-17,10.38957051575163,0.2525613929248468,2.0,0.0,0.0,False,False,42637.0
1,pi_random_exploration,8,5,Q053,random_exploration,9.494922401728976e-09,2.0791965761269632e-10,11.695360760445803,0.1302659888224037,1.0,0.0,0.0,False,False,110908.0
1,pi_uncertainty,1,1,Q001,exploitation,0.4199885726933761,1.0301710836946305,11.74798525747699,3.3656219224360613,10.0,0.0,1.0,True,False,4553.0
1,pi_uncertainty,1,2,Q031,exploitation,0.3738104109385997,0.1997580772312732,12.178953186188917,0.772667862413203,3.0,0.0,0.0,False,False,62455.0
1,pi_uncertainty,1,3,Q065,exploitation,0.3554460497233696,0.9659589793406446,10.940135835866576,4.012982256439768,6.0,0.0,1.0,True,False,38100.0
1,pi_uncertainty,1,4,Q028,exploitation,0.2819731724248456,0.4572390584495139,10.920644659511938,2.6117205246956283,6.0,0.0,1.0,True,False,55318.0
1,pi_uncertainty,1,5,Q057,uncertainty_exploration,0.2115702905351196,0.7683923645771205,7.298608789723402,6.403334341698587,6.0,0.0,1.0,True,False,0.0
1,pi_uncertainty,2,1,Q093,exploitation,0.2118436830922712,0.6268235519530797,8.255453014114359,5.214896065650478,23.0,0.0,1.0,True,False,0.0
1,pi_uncertainty,2,2,Q016,exploitation,0.2088042689107226,0.7142153250014305,7.520697859092537,6.053566707960969,5.0,0.0,1.0,True,False,357.0
1,pi_uncertainty,2,3,Q091,exploitation,0.1776216104049235,0.4393160648522841,8.197325938664807,4.575885120360675,15.0,0.0,1.0,True,False,0.0
1,pi_uncertainty,2,4,Q084,exploitation,0.1676341986610518,0.2752518606534512,9.456256191011471,3.08370606458887,6.0,0.0,1.0,True,False,0.0
1,pi_uncertainty,2,5,Q004,uncertainty_exploration,0.1448668802621283,0.442671174893495,6.129277004595147,5.94905915777687,9.0,0.0,1.0,True,False,0.0
1,pi_uncertainty,3,1,Q035,exploitation,0.1473509809630847,0.057698473765448,11.631996710201992,0.7592447072086658,4.0,0.0,0.0,False,False,50709.0
1,pi_uncertainty,3,2,Q032,exploitation,0.1324137344440771,0.1644605110430524,9.674167505210196,2.469310310235366,4.0,0.0,1.0,False,False,0.0
1,pi_uncertainty,3,3,Q024,exploitation,0.1175868086022094,0.0422380989791167,11.557033959449138,0.7333162606098481,3.0,0.0,0.0,False,False,25579.0
1,pi_uncertainty,3,4,Q026,exploitation,0.1078458926208053,0.0367911979722384,11.549270105330963,0.7094218209209264,2.0,0.0,0.0,False,False,99186.0
1,pi_uncertainty,3,5,Q082,uncertainty_exploration,0.0089486102953344,0.0126466781426113,2.435837521341405,4.21995365277888,8.0,1.0,0.0,True,False,0.0
1,pi_uncertainty,4,1,Q018,exploitation,0.6924601741323964,0.21535665637299,12.58233272434832,0.3077583713485786,2.0,0.0,0.0,False,False,207261.0
1,pi_uncertainty,4,2,Q034,exploitation,0.5428443321981964,0.3159446751864863,12.502289617402235,0.6943066569275532,5.0,0.0,1.0,True,False,107033.0
1,pi_uncertainty,4,3,Q074,exploitation,0.4219029812521285,0.5934726357953314,12.048117467163484,1.9259401050569824,5.0,0.0,1.0,True,False,34285.0
1,pi_uncertainty,4,4,Q076,exploitation,0.3395537050979509,0.4322104285574709,11.635596785932831,1.9144778453544753,6.0,0.0,1.0,True,False,34391.0
1,pi_uncertainty,4,5,Q080,uncertainty_exploration,0.0017700182783289,0.0021120363489573,0.3902592293342275,4.12734362196107,6.0,1.0,0.0,True,False,0.0
1,pi_uncertainty,5,1,Q044,exploitation,0.5106542852925805,0.7809614644573212,12.478155712667537,1.8935184180065725,3.0,0.0,0.0,False,False,54574.0
1,pi_uncertainty,5,2,Q010,exploitation,0.2663643453236316,0.3990681628015224,10.892960469247752,2.459934283353376,4.0,0.0,1.0,False,False,0.0
1,pi_uncertainty,5,3,Q066,exploitation,0.2052509798808097,0.2075948160441653,10.947163938551869,1.7987821908135535,3.0,0.0,0.0,False,False,82233.0
1,pi_uncertainty,5,4,Q072,exploitation,0.1530064912932844,0.1698063084298214,10.244883901727883,2.1323232126096383,4.0,0.0,0.0,False,False,57726.0
1,pi_uncertainty,5,5,Q036,uncertainty_exploration,0.0001688784605274,0.0001341970648483,0.8800835149513189,3.221530983428352,2.0,1.0,0.0,False,False,0.0
1,pi_uncertainty,6,1,Q023,exploitation,0.1258243639722681,0.0540985087559517,11.436290556743652,0.8647331036746234,1.0,0.0,0.0,False,False,130578.0
1,pi_uncertainty,6,2,Q069,exploitation,0.1146362435773273,0.0778666387608159,10.75128499720304,1.3943162116379888,4.0,0.0,0.0,False,False,90845.0
1,pi_uncertainty,6,3,Q029,exploitation,0.0710475479412999,0.0253868988966294,11.244804740982072,0.8056872982329337,2.0,0.0,0.0,False,False,119441.0
1,pi_uncertainty,6,4,Q067,exploitation,0.0495599960684787,0.0355766169878698,9.59048661589246,1.7203529410038203,7.0,0.0,0.0,False,False,75311.0
1,pi_uncertainty,6,5,Q056,uncertainty_exploration,0.0184610132940218,0.0105781775030853,9.13865525000825,1.5761937029774464,3.0,0.0,0.0,False,False,94093.0
1,pi_uncertainty,7,1,Q061,exploitation,0.4283226265191463,0.3836244813357771,12.207657146593007,1.2174270093568742,4.0,0.0,0.0,False,False,61305.0
1,pi_uncertainty,7,2,Q063,exploitation,0.1365122433724578,0.0749959242758196,11.238738761582551,1.0845870908026445,4.0,0.0,0.0,False,False,38893.0
1,pi_uncertainty,7,3,Q025,exploitation,0.0771804748076107,0.0239957337516708,11.444064157467468,0.6905284820222148,2.0,0.0,0.0,False,False,51808.0
1,pi_uncertainty,7,4,Q022,exploitation,0.053249655466385,0.0091061944230612,11.773690541882935,0.4051039096429579,1.0,0.0,0.0,False,False,114383.0
1,pi_uncertainty,7,5,Q015,uncertainty_exploration,5.7836730699470276e-21,8.397829958377133e-22,-0.4674922909781527,1.3835009962900628,3.0,0.0,1.0,False,False,48700.0
1,pi_uncertainty,8,1,Q021,exploitation,0.0098747777317864,0.0029524101248015,10.368076335199108,0.8835009377911615,2.0,0.0,0.0,False,False,67531.0
1,pi_uncertainty,8,2,Q071,exploitation,0.0071226691461237,0.0019082828179478,10.42037157229208,0.8189292530338528,3.0,0.0,0.0,False,False,60955.0
1,pi_uncertainty,8,3,Q030,exploitation,0.0018756195617629,0.000218878205622,11.263030049861472,0.4017969191563889,1.0,0.0,0.0,False,False,95814.0
1,pi_uncertainty,8,4,Q053,exploitation,0.0003248216902402,2.716150098907433e-05,11.316400109114811,0.3258600156179251,1.0,0.0,0.0,False,False,110908.0
1,pi_uncertainty,8,5,Q048,uncertainty_exploration,7.789595500657226e-14,3.595177346269304e-15,9.824629717640104,0.3526022366285067,2.0,0.0,0.0,False,False,42637.0
1,imperfection_aware,1,1,Q031,exploitation,0.3738104109385997,0.1997580772312732,12.178953186188917,0.772667862413203,3.0,0.0,0.0,False,False,62455.0
1,imperfection_aware,1,2,Q030,exploitation,0.2613526766787592,0.1079799064043228,11.99125363698412,0.6826349665176213,2.0,0.0,0.0,False,False,95814.0
1,imperfection_aware,1,3,Q029,exploitation,0.2576058969027919,0.103052060767738,11.995436025572907,0.6640780112919807,2.0,0.0,0.0,False,False,119441.0
1,imperfection_aware,1,4,Q026,exploitation,0.1791025309199087,0.0129342909628579,12.30509055512564,0.1333167748814814,2.0,0.0,0.0,False,False,99186.0
1,imperfection_aware,1,5,Q001,suspicious_exploration,0.4199885726933761,1.0301710836946305,11.74798525747699,3.3656219224360613,10.0,0.0,1.0,True,False,4553.0
1,imperfection_aware,2,1,Q032,exploitation,0.1913906729826566,0.3022161537868779,9.928348189644844,2.8635210183653363,4.0,0.0,0.800000011920929,False,False,0.0
1,imperfection_aware,2,2,Q036,exploitation,0.1024551898708078,0.1324671696216562,8.982703524074894,2.7174547345404263,4.0,0.0,0.800000011920929,False,False,0.0
1,imperfection_aware,2,3,Q035,exploitation,0.0520806872353008,0.0118957546778664,11.545139605888316,0.5430388570413139,4.0,0.0,0.0,False,False,50709.0
1,imperfection_aware,2,4,Q066,exploitation,0.0360102466834465,0.0343647147723085,8.10799765918816,2.401117633238305,3.0,0.0,1.0,False,False,82233.0
1,imperfection_aware,2,5,Q093,suspicious_exploration,0.2496166277812965,0.8458893643578183,8.587779028334666,5.682730066930472,23.0,0.0,1.0,True,False,0.0
1,imperfection_aware,3,1,Q056,exploitation,0.3355620197209636,0.2874200281612297,11.878026581313309,1.2942690414341589,4.0,0.0,1.0,False,False,94093.0
1,imperfection_aware,3,2,Q044,exploitation,0.2483326219467442,0.4730571877299484,10.252600161100103,3.199695624926362,3.0,0.0,0.0,False,False,54574.0
1,imperfection_aware,3,3,Q025,exploitation,0.2320541939863772,0.14484969168738,11.643649156165516,1.0708005865899115,2.0,0.0,0.0,False,False,51808.0
1,imperfection_aware,3,4,Q028,exploitation,0.1746297956077949,0.0762949718178955,11.667621096261495,0.8118998185498629,6.0,0.0,0.0,False,False,55318.0
1,imperfection_aware,3,5,Q069,suspicious_exploration,0.3365053012977882,0.2073115896174918,12.035145776229744,0.9298972188451076,5.0,0.0,1.0,True,False,90845.0
1,imperfection_aware,4,1,Q034,exploitation,0.6443892642828133,0.2195726051257974,12.560606026493716,0.3593178542277979,3.0,0.0,0.0,False,False,107033.0
1,imperfection_aware,4,2,Q074,exploitation,0.4267949506332718,0.5658121935980436,12.094461453213448,1.8051340122892576,5.0,0.0,0.0,False,False,34285.0
1,imperfection_aware,4,3,Q076,exploitation,0.3781925709069376,0.4667967527959843,11.876685489097136,1.7757571390496103,4.0,0.0,0.0,False,False,34391.0
1,imperfection_aware,4,4,Q018,exploitation,0.183978386116009,0.0104957438209103,12.333439479396958,0.1045657349163252,2.0,0.0,0.0,False,False,207261.0
1,imperfection_aware,4,5,Q082,suspicious_exploration,0.095251645626253,0.201712507863496,6.514232934956869,4.517137984275502,8.0,0.0,1.0,True,False,0.0
1,imperfection_aware,5,1,Q072,exploitation,0.1416276669475005,0.1295039539241664,10.5070901106555,1.7897741840899333,5.0,0.0,0.0,False,False,57726.0
1,imperfection_aware,5,2,Q021,exploitation,0.0688354702272391,0.0140676088422046,11.739636136537827,0.4634120720037865,2.0,0.0,0.0,False,False,67531.0
1,imperfection_aware,5,3,Q065,exploitation,0.0540391104255652,0.0176996008664863,11.18380633274874,0.7740252586552886,4.0,0.0,0.0,False,False,38100.0
1,imperfection_aware,5,4,Q010,exploitation,0.0436986838938367,0.0346871942147967,9.11116005088964,1.94023366755864,4.0,0.0,1.0,False,False,0.0
1,imperfection_aware,5,5,Q004,suspicious_exploration,0.0330330931012217,0.0466928749863735,5.809114688427227,3.6009567309137003,9.0,0.800000011920929,0.2000000029802322,True,False,0.0
1,imperfection_aware,6,1,Q067,exploitation,0.0425514471550881,0.0235073063122358,10.09305360073478,1.3558518787545668,7.0,0.0,0.0,False,False,75311.0
1,imperfection_aware,6,2,Q063,exploitation,0.0181746968533083,0.0078088872251902,9.949153042999605,1.1841523632985456,5.0,0.0,0.0,False,False,38893.0
1,imperfection_aware,6,3,Q071,exploitation,0.0070569515076784,0.0019772253125116,10.32367958798522,0.8572127357779719,3.0,0.0,0.0,False,False,60955.0
1,imperfection_aware,6,4,Q061,exploitation,0.0017241983797425,0.0003576437055839,10.324851405993268,0.718966939831108,4.0,0.0,0.0,False,False,61305.0
1,imperfection_aware,6,5,Q016,suspicious_exploration,0.010387070204568,0.0096451466384622,6.117837684672082,2.729051737677882,5.0,0.0,1.0,True,False,357.0
1,imperfection_aware,7,1,Q023,exploitation,0.0026496749270884,0.0003101500587607,11.335222380139546,0.3917719246065421,1.0,0.0,0.0,False,False,130578.0
1,imperfection_aware,7,2,Q015,exploitation,2.3947968825090315e-06,3.944150012851322e-07,8.689033295560863,0.8173834228412012,2.0,0.0,1.0,False,False,48700.0
1,imperfection_aware,7,3,Q024,exploitation,7.945829775800587e-10,2.6326608382779852e-11,11.159190519808003,0.2101707382094153,3.0,0.0,0.0,False,False,25579.0
1,imperfection_aware,7,4,Q048,exploitation,4.5571576755571725e-18,1.3897032629735882e-19,10.121521701319589,0.268627043743084,2.0,0.0,0.0,False,False,42637.0
1,imperfection_aware,7,5,Q057,suspicious_exploration,0.1783559808315766,0.1271719573952609,11.213098221364008,1.3177285820352462,6.0,0.0,1.0,True,False,0.0
1,imperfection_aware,8,1,Q022,exploitation,0.0736368513386708,0.0132542398256818,11.843203193016782,0.4032334866074313,1.0,0.0,0.0,False,True,114383.0
1,imperfection_aware,8,2,Q053,exploitation,0.0034925760459683,0.0004585451910501,11.2700675886717,0.4290977441976646,1.0,0.0,0.0,False,True,110908.0
1,imperfection_aware,8,3,Q080,exploitation,0.0204721650074216,0.0465876225138151,-0.2047626325029519,6.1799250271877435,6.0,0.0,1.0,True,True,0.0
1,imperfection_aware,8,4,Q084,exploitation,0.0054233493465173,0.0082886254404628,0.2051437413761725,4.79762934304152,6.0,0.0,1.0,True,True,0.0
1,imperfection_aware,8,5,Q091,suspicious_exploration,2.923833537983686e-05,2.001634576368676e-05,0.1848912903767132,3.046297617447721,11.0,0.0,1.0,True,True,0.0
10,random,1,1,Q027,random,0.0368819097601475,0.0557316358718795,5.000109612387859,3.788771146340286,8.0,0.0,1.0,True,False,0.0
10,random,1,2,Q011,random,0.0591391467563985,0.1251707777809169,4.07810571113736,4.927279234860907,8.0,0.2000000029802322,0.800000011920929,True,False,0.0
10,random,1,3,Q001,random,0.1823336506267001,0.3200074151741895,8.85158212211347,3.224613774741744,10.0,0.0,0.0,False,False,4553.0
10,random,1,4,Q034,random,0.4543836159209475,0.8437728942469045,11.49385410530084,2.4509614634365655,10.0,0.0,0.0,False,False,107033.0
10,random,1,5,Q024,random,0.5020886243932459,0.3323327602158479,11.779051471728682,0.8275929865426263,3.0,0.0,0.0,False,False,25579.0
10,random,2,1,Q047,random,0.4377338184254943,0.6010467408886897,11.485310566402962,1.8466886891570131,6.0,0.0,0.0,False,False,7770.0
10,random,2,2,Q085,random,0.4115632456696504,1.1587615812121288,10.90292839178692,3.9001815759564153,7.0,0.0,1.0,True,False,0.0
10,random,2,3,Q030,random,0.4044263337512173,0.1767595525440129,11.627071932955442,0.6103464650486271,1.0,0.0,0.0,False,False,95814.0
10,random,2,4,Q003,random,0.0503078517738515,0.0975889550591223,4.160105330502095,4.637751763279789,10.0,1.0,0.0,True,False,0.0
10,random,2,5,Q051,random,0.0243555895253812,0.0200138239463725,7.473126411735469,2.1823186123288685,8.0,0.0,0.0,False,False,873.0
10,random,3,1,Q045,random,0.0075815718639079,0.0007947707522868,11.00145929087893,0.3184156739843932,2.0,0.0,0.0,False,False,104181.0
10,random,3,2,Q071,random,0.4988714559601961,0.7244577011272681,11.769563381725124,1.8224000582298272,8.0,0.0,0.0,False,False,60955.0
10,random,3,3,Q087,random,0.0025602177843861,0.0033260218627881,-0.4324016787718054,4.3606859095901225,13.0,0.0,1.0,True,False,0.0
10,random,3,4,Q028,random,0.0104423948903591,0.0035073440481059,9.495698407355322,0.9865629020976064,5.0,0.0,0.0,False,False,55318.0
10,random,3,5,Q031,random,0.1631933027190468,0.0616677307285863,11.073468545427543,0.7145274008820216,2.0,0.0,0.0,False,False,62455.0
10,random,4,1,Q010,random,7.19076813380116e-08,1.2093031891244925e-08,6.814401504415912,0.9429711038795496,4.0,0.0,0.0,False,False,0.0
10,random,4,2,Q004,random,7.662675625105508e-06,4.65226056031655e-06,-0.6451173670710313,2.8723294754620285,7.0,1.0,0.0,True,False,0.0
10,random,4,3,Q084,random,0.056501778147481,0.0954104427659471,5.496746301929498,3.961275230913071,11.0,0.0,1.0,True,False,0.0
10,random,4,4,Q009,random,7.503577294020079e-06,2.2929512376471e-06,5.51123953847493,1.4470043986784882,5.0,0.0,0.0,False,False,3295.0
10,random,4,5,Q058,random,0.0001115501486605,2.528569776229927e-05,8.301573696020634,0.94089716680472,5.0,0.0,0.0,False,False,60312.0
10,random,5,1,Q040,random,0.1526703259624963,0.1057537307078144,10.409734830968317,1.3316294977745795,2.0,0.0,0.0,False,False,114138.0
10,random,5,2,Q026,random,0.0911236276176916,0.056867710874413,9.983445230462864,1.3429169820170488,3.0,0.0,0.0,False,False,99186.0
10,random,5,3,Q037,random,0.150223716994859,0.1044327307887686,10.385451309400176,1.3416723872395009,1.0,0.0,0.0,False,False,76141.0
10,random,5,4,Q070,random,0.241065189631449,0.3752392226271731,9.919737138540016,2.6391145930486153,8.0,0.0,0.0,False,False,14174.0
10,random,5,5,Q018,random,0.2883864732101041,0.2513608273472479,10.99733002178015,1.3929084596498156,2.0,0.0,0.0,False,False,207261.0
10,random,6,1,Q057,random,0.0025928381374485,0.0029061776815819,1.746260622838251,3.7583085624129207,5.0,0.0,1.0,True,False,0.0
10,random,6,2,Q033,random,0.1832362873777002,0.0680518942556071,11.636311117408749,0.6814611171764273,2.0,0.0,0.0,False,False,76472.0
10,random,6,3,Q054,random,0.0005111375261609,7.3585734090626e-05,10.462356850319583,0.5448251731561581,3.0,0.0,0.0,False,False,100890.0
10,random,6,4,Q048,random,0.073731343049201,0.0216805339052413,11.297740529540404,0.6585875615890231,3.0,0.0,1.0,False,False,42637.0
10,random,6,5,Q008,random,0.0036310390580455,0.0019926717281579,7.453211802807807,1.787439882360634,7.0,0.0,1.0,True,False,0.0
10,random,7,1,Q064,random,0.2341301411314519,0.2881760031491248,10.724435823061842,2.105717128576608,5.0,0.0,0.0,False,False,45673.0
10,random,7,2,Q068,random,0.1404876935263614,0.0495363446754242,11.506241263746332,0.6914724139086036,4.0,0.0,0.0,False,False,50021.0
10,random,7,3,Q069,random,0.1372029896168415,0.114723839840417,10.449597763250836,1.6488444163838971,2.0,0.0,0.0,False,False,90845.0
10,random,7,4,Q062,random,0.0451109880371488,0.0317588490115473,9.350574384150171,1.7123814963995048,3.0,0.0,1.0,False,False,0.0
10,random,7,5,Q060,random,0.1638790655417629,0.134344190405224,10.736357436082912,1.548457347320018,4.0,0.0,0.0,False,False,43612.0
10,random,8,1,Q041,random,0.0006746776820375,0.0001440413551488,9.710197421881851,0.792925724704871,2.0,0.0,0.0,False,False,155410.0
10,random,8,2,Q089,random,0.0018868050117851,0.0022466597096797,0.3824329292167574,4.0978219723911185,8.0,0.2000000029802322,0.800000011920929,True,False,0.0
10,random,8,3,Q016,random,0.0432338918077164,0.0699274727586529,5.463065340556224,3.959952879616684,5.0,1.0,0.0,True,False,357.0
10,random,8,4,Q049,random,0.1795788714071284,0.0456661136599839,11.821575365651498,0.4691135517561857,2.0,0.0,0.0,False,False,163182.0
10,random,8,5,Q005,random,0.4862196989997778,1.428716046893738,12.12249073820434,3.741016204474418,9.0,0.0,0.6000000238418579,True,False,42083.0
10,gp_m52_pi,1,1,Q026,exploitation,0.9129046428189468,1.5347618976409882,13.265467098036147,1.0970575288429232,3.0,0.0,0.0,False,False,99186.0
10,gp_m52_pi,1,2,Q018,exploitation,0.8900747065102419,0.8129596132318518,12.553969796774163,0.6351250492494589,2.0,0.0,0.0,False,False,207261.0
10,gp_m52_pi,1,3,Q054,exploitation,0.8510103912180311,1.9276795741783057,13.569535251983435,1.724497352519019,4.0,0.0,0.0,False,False,100890.0
10,gp_m52_pi,1,4,Q040,exploitation,0.8315272728239271,0.3950840912514208,12.136006989570635,0.3762565176220065,2.0,0.0,0.0,False,False,114138.0
10,gp_m52_pi,1,5,Q068,exploitation,0.8305840951136936,1.4138582470772088,13.066421445552486,1.3504811343248038,5.0,0.0,0.0,False,False,50021.0
10,gp_m52_pi,2,1,Q047,exploitation,0.4350149721281738,0.5085214900091443,11.993708747174374,1.5770047322920278,3.0,0.0,0.0,False,False,7770.0
10,gp_m52_pi,2,2,Q041,exploitation,0.3700224673047151,0.2535631578255894,11.921562599011423,0.9951250798915188,2.0,0.0,0.0,False,False,155410.0
10,gp_m52_pi,2,3,Q005,exploitation,0.3278845215124859,0.8447155888393071,10.500814385392884,3.927934360915149,13.0,0.0,0.0,False,False,42083.0
10,gp_m52_pi,2,4,Q064,exploitation,0.2801493960488385,0.636614182152724,10.115418684788825,3.668146489775192,14.0,0.0,0.0,False,False,45673.0
10,gp_m52_pi,2,5,Q070,exploitation,0.1967832866618262,0.4311638318861993,8.887635701742935,3.943076050383098,14.0,0.0,0.0,False,False,14174.0
10,gp_m52_pi,3,1,Q034,exploitation,0.3010639595701987,0.5008424206520616,10.886749836430669,2.618217548037387,7.0,0.0,0.0,False,False,107033.0
10,gp_m52_pi,3,2,Q049,exploitation,0.275556869281002,0.1990991303198579,11.55257271762654,1.1729166012480972,2.0,0.0,0.0,False,False,163182.0
10,gp_m52_pi,3,3,Q001,exploitation,0.1626733049289323,0.2788092406340695,9.06173807806715,3.243419701052792,10.0,0.0,0.0,False,False,4553.0
10,gp_m52_pi,3,4,Q084,exploitation,0.1437902452436403,0.3251798799888564,7.561278368512793,4.410630997779488,11.0,0.0,1.0,True,False,0.0
10,gp_m52_pi,3,5,Q071,exploitation,0.1002053963620884,0.0748597799631785,10.232172424577255,1.5773155351595676,4.0,0.0,0.0,False,False,60955.0
10,gp_m52_pi,4,1,Q030,exploitation,0.1118582298683944,0.0204654057554809,11.792383042619296,0.3775409106073979,1.0,0.0,0.0,False,False,95814.0
10,gp_m52_pi,4,2,Q011,exploitation,0.0936818221867668,0.2302796282541328,5.3159866016828685,5.260661320723183,8.0,0.0,1.0,True,False,0.0
10,gp_m52_pi,4,3,Q003,exploitation,0.0754982158209179,0.1219578114864832,7.078638905641274,3.602385272090368,10.0,0.800000011920929,0.2000000029802322,True,False,0.0
10,gp_m52_pi,4,4,Q058,exploitation,0.0755979183629785,0.0993959887582758,8.044279545698576,2.931373112263096,5.0,0.0,0.0,False,False,60312.0
10,gp_m52_pi,4,5,Q060,exploitation,0.0653128202141528,0.0294723217111296,10.690605117669763,1.0327422839966167,5.0,0.0,0.0,False,False,43612.0
10,gp_m52_pi,5,1,Q085,exploitation,0.046049079746429,0.0630350205122559,6.661372916989791,3.3188428937945083,7.0,0.0,1.0,True,False,0.0
10,gp_m52_pi,5,2,Q031,exploitation,0.0381119082943121,0.0108096124067365,10.996928100536618,0.7077213676614715,2.0,0.0,0.0,False,False,62455.0
10,gp_m52_pi,5,3,Q004,exploitation,0.013561881252602,0.0190972063441226,3.3738826016318786,4.017616652836927,7.0,1.0,0.0,True,False,0.0
10,gp_m52_pi,5,4,Q027,exploitation,0.0120888444503871,0.0128870094613178,5.305685399342513,3.0812547433819235,7.0,0.0,1.0,True,False,0.0
10,gp_m52_pi,5,5,Q057,exploitation,0.0042191286549554,0.0027342156685182,6.7665169812582215,2.082459213068143,5.0,0.0,1.0,True,False,0.0
10,gp_m52_pi,6,1,Q045,exploitation,0.0366302477918316,0.0069024578678129,11.404600714994976,0.4729433688413555,2.0,0.0,0.0,False,False,104181.0
10,gp_m52_pi,6,2,Q024,exploitation,0.0099683069115321,0.003164154010446,10.070755065731465,0.937034449114309,3.0,0.0,0.0,False,False,25579.0
10,gp_m52_pi,6,3,Q069,exploitation,0.0067460619783753,0.0034174632386883,8.405476930811949,1.5568708085958791,2.0,0.0,0.0,False,False,90845.0
10,gp_m52_pi,6,4,Q051,exploitation,0.0041569631507348,0.004114271630779,3.847142965410244,3.184707787379942,7.0,0.0,0.0,False,False,873.0
10,gp_m52_pi,6,5,Q008,exploitation,0.0030288875287213,0.003025588919448,3.17937944823829,3.3054853889425035,8.0,0.0,1.0,True,False,0.0
10,gp_m52_pi,7,1,Q087,exploitation,0.0008714282982697,0.0009002299635276,0.4529817772171265,3.768516136690118,13.0,0.0,1.0,True,False,0.0
10,gp_m52_pi,7,2,Q016,exploitation,0.0005870990007236,0.0003683667805715,4.617611324620316,2.352527524451185,5.0,0.0,0.0,False,False,357.0
10,gp_m52_pi,7,3,Q033,exploitation,0.0004439142918474,6.986565794641264e-05,10.253525145001417,0.6011738772858647,2.0,0.0,0.0,False,False,76472.0
10,gp_m52_pi,7,4,Q010,exploitation,0.0003993301831106,0.0001434207887408,7.619789563845376,1.381327808529396,4.0,0.2000000029802322,0.0,False,False,0.0
10,gp_m52_pi,7,5,Q009,exploitation,0.0002889369636082,0.0001301062880624,6.167960751192717,1.767619258941976,5.0,0.0,0.0,False,False,3295.0
10,gp_m52_pi,8,1,Q028,exploitation,0.2620014569798609,0.1725103904033403,11.55911426579817,1.0870034837323146,4.0,0.0,0.0,False,False,55318.0
10,gp_m52_pi,8,2,Q037,exploitation,0.0024535437310105,0.0008198959470867,9.085127558294824,1.1256778993240508,1.0,0.0,0.0,False,False,76141.0
10,gp_m52_pi,8,3,Q048,exploitation,0.0038810090787712,0.0014542310969709,9.02187753036918,1.2132073695611068,3.0,0.0,1.0,False,False,42637.0
10,gp_m52_pi,8,4,Q062,exploitation,0.0182971715612237,0.0109822006221832,8.796844787097202,1.6528528560829236,4.0,0.0,1.0,False,False,0.0
10,gp_m52_pi,8,5,Q089,exploitation,4.615941736168971e-05,3.4229083147156465e-05,-0.3606175854101794,3.225715674678915,8.0,0.0,1.0,True,False,0.0
10,gp_m52_ei,1,1,Q041,exploitation,0.8130283032682282,2.3300684914417937,13.86403750082884,2.3498963385889216,5.0,0.0,0.0,False,False,155410.0
10,gp_m52_ei,1,2,Q047,exploitation,0.7833753573504518,2.294519058626592,13.756396465596566,2.528799936142001,6.0,0.0,0.0,False,False,7770.0
10,gp_m52_ei,1,3,Q054,exploitation,0.8510103912180311,1.9276795741783057,13.569535251983435,1.724497352519019,4.0,0.0,0.0,False,False,100890.0
10,gp_m52_ei,1,4,Q026,exploitation,0.9129046428189468,1.5347618976409882,13.265467098036147,1.0970575288429232,3.0,0.0,0.0,False,False,99186.0
10,gp_m52_ei,1,5,Q005,exploitation,0.4673074395731277,1.5240930296680315,11.426683185436532,4.242264052098222,16.0,0.0,0.0,False,False,42083.0
10,gp_m52_ei,2,1,Q070,exploitation,0.6896531536942846,1.7890584786859676,13.239080864545915,2.576957486071243,14.0,0.0,0.0,False,False,14174.0
10,gp_m52_ei,2,2,Q084,exploitation,0.5326513582478692,1.4560352020027687,12.23420264082674,3.2998047225871443,11.0,0.0,1.0,True,False,0.0
10,gp_m52_ei,2,3,Q085,exploitation,0.4957466330910775,1.372573723891711,11.926651525866944,3.4869283468663848,7.0,0.0,1.0,True,False,0.0
10,gp_m52_ei,2,4,Q069,exploitation,0.6233838187727359,1.2008175331586295,12.619590461957976,2.085888852570736,14.0,0.0,0.0,False,False,90845.0
10,gp_m52_ei,2,5,Q064,exploitation,0.5732403395595889,0.971387788480693,12.323936338817814,1.95043062331946,14.0,0.0,0.0,False,False,45673.0
10,gp_m52_ei,3,1,Q001,exploitation,0.3363423055716482,0.8876212645832318,10.2806736266949,3.984115235190904,10.0,0.0,0.0,False,False,4553.0
10,gp_m52_ei,3,2,Q003,exploitation,0.3300323242731759,0.8691247177812466,10.202308666621876,4.005057002857572,10.0,0.0,1.0,True,False,0.0
10,gp_m52_ei,3,3,Q011,exploitation,0.3231332940636557,0.6049310870720022,10.646513731831234,2.8702491405297965,8.0,0.0,1.0,True,False,0.0
10,gp_m52_ei,3,4,Q010,exploitation,0.3038742803081194,0.4460067351245851,10.782111108430062,2.302241740416113,4.0,0.0,0.0,False,False,0.0
10,gp_m52_ei,3,5,Q016,exploitation,0.3019610094061967,0.4111573391638327,10.85330452896061,2.1406917629389786,5.0,0.0,0.0,False,False,357.0
10,gp_m52_ei,4,1,Q071,exploitation,0.9487476587307088,1.8223137799170837,13.762457365126815,1.10154056628342,7.0,0.0,0.0,False,False,60955.0
10,gp_m52_ei,4,2,Q048,exploitation,0.7811059934790359,1.4898719475013196,13.24643279078074,1.652981375206318,3.0,0.0,0.800000011920929,False,False,42637.0
10,gp_m52_ei,4,3,Q037,exploitation,0.8218514757803147,1.3216329444890882,13.160451598261766,1.2972312141110889,1.0,0.0,0.0,False,False,76141.0
10,gp_m52_ei,4,4,Q068,exploitation,0.952662532765806,1.1851749256357036,13.1352586397417,0.7009361045393604,5.0,0.0,0.0,False,False,50021.0
10,gp_m52_ei,4,5,Q049,exploitation,0.869177689177583,0.9142141928936304,12.827551006953623,0.7694547315267039,2.0,0.0,0.0,False,False,163182.0
10,gp_m52_ei,5,1,Q031,exploitation,0.3658315941808392,0.8459364117472408,10.855598103198002,3.3741100598998273,2.0,0.0,0.0,False,False,62455.0
10,gp_m52_ei,5,2,Q004,exploitation,0.2036391811431818,0.5954871921991237,7.693246154349795,5.212284127427142,7.0,1.0,0.0,True,False,0.0
10,gp_m52_ei,5,3,Q027,exploitation,0.2036150168099436,0.5911011980366029,7.723965578102788,5.1746811805139625,7.0,0.0,1.0,True,False,0.0
10,gp_m52_ei,5,4,Q057,exploitation,0.1981817334133651,0.5745528248166291,7.596342853328575,5.20706138812275,5.0,0.0,1.0,True,False,0.0
10,gp_m52_ei,5,5,Q087,exploitation,0.1852946802379173,0.524503422378911,7.376017672144454,5.178429199883443,13.0,1.0,0.0,True,False,0.0
10,gp_m52_ei,6,1,Q034,exploitation,0.4614541802911225,0.5344651279207407,11.865870382944404,1.5165428601191555,5.0,0.0,0.0,False,False,107033.0
10,gp_m52_ei,6,2,Q033,exploitation,0.4486002513618669,0.5063768577852932,11.818877519598708,1.4996294655603524,2.0,0.0,0.0,False,False,76472.0
10,gp_m52_ei,6,3,Q030,exploitation,0.3771690481517295,0.409666069652269,11.523064184222498,1.564478062159036,1.0,0.0,0.0,False,False,95814.0
10,gp_m52_ei,6,4,Q028,exploitation,0.3727479985586955,0.40813644019157,11.498129336089235,1.5851007337515266,5.0,0.0,0.0,False,False,55318.0
10,gp_m52_ei,6,5,Q018,exploitation,0.3585594288871412,0.3694491457378674,11.46333578470274,1.5160737036017713,2.0,0.0,0.0,False,False,207261.0
10,gp_m52_ei,7,1,Q040,exploitation,0.7884315389770479,0.4220438756756712,12.618793889560507,0.4582510531567237,2.0,0.0,0.0,False,False,114138.0
10,gp_m52_ei,7,2,Q045,exploitation,0.7306177336231153,0.4107436814235696,12.57569134705878,0.5270240576871522,2.0,0.0,0.0,False,False,104181.0
10,gp_m52_ei,7,3,Q058,exploitation,0.1637188907394735,0.3071569562857077,8.780512303079412,3.5446439336271536,5.0,0.0,1.0,True,False,60312.0
10,gp_m52_ei,7,4,Q051,exploitation,0.0684596800108483,0.129174274220749,5.881745859889253,4.282747079650271,7.0,1.0,0.0,True,False,873.0
10,gp_m52_ei,7,5,Q089,exploitation,0.0311398017049486,0.0596257163442689,3.0818489701039766,4.918677564430462,8.0,0.0,1.0,True,False,0.0
10,gp_m52_ei,8,1,Q008,exploitation,0.0008182313042882,0.0003591538063974,7.186332703356608,1.6084084746503835,7.0,0.0,1.0,True,False,0.0
10,gp_m52_ei,8,2,Q009,exploitation,0.0081773686142723,0.0033153249600334,9.31787087724247,1.2219860204814266,5.0,0.0,1.0,True,False,3295.0
10,gp_m52_ei,8,3,Q024,exploitation,0.1152164346307919,0.0501413312238256,11.18157840597662,0.8923622514508622,2.0,0.0,0.0,False,False,25579.0
10,gp_m52_ei,8,4,Q060,exploitation,0.0466812552347817,0.0235502791309025,10.203768543601353,1.2205403917242534,4.0,0.0,0.0,False,False,43612.0
10,gp_m52_ei,8,5,Q062,exploitation,0.0309100762343358,0.0167218818690286,9.653703744947844,1.3911213454950822,3.0,0.0,1.0,False,False,0.0
10,pi_random_exploration,1,1,Q026,exploitation,0.9129046428189468,1.5347618976409882,13.265467098036147,1.0970575288429232,3.0,0.0,0.0,False,False,99186.0
10,pi_random_exploration,1,2,Q018,exploitation,0.8900747065102419,0.8129596132318518,12.553969796774163,0.6351250492494589,2.0,0.0,0.0,False,False,207261.0
10,pi_random_exploration,1,3,Q054,exploitation,0.8510103912180311,1.9276795741783057,13.569535251983435,1.724497352519019,4.0,0.0,0.0,False,False,100890.0
10,pi_random_exploration,1,4,Q040,exploitation,0.8315272728239271,0.3950840912514208,12.136006989570635,0.3762565176220065,2.0,0.0,0.0,False,False,114138.0
10,pi_random_exploration,1,5,Q084,random_exploration,0.2188107228270057,0.5923733702434053,8.10588132858367,4.7265673730073665,11.0,0.0,1.0,True,False,0.0
10,pi_random_exploration,2,1,Q085,exploitation,0.5280966848466188,1.4273968694884835,12.48293708190073,3.2800447190044157,7.0,0.0,1.0,True,False,0.0
10,pi_random_exploration,2,2,Q068,exploitation,0.4691435939359047,0.2329304032433591,12.201841813730832,0.6444761241129906,5.0,0.0,0.0,False,False,50021.0
10,pi_random_exploration,2,3,Q047,exploitation,0.3010976902703737,0.26951644988498,11.517450898873918,1.4087168196315358,3.0,0.0,0.0,False,False,7770.0
10,pi_random_exploration,2,4,Q005,exploitation,0.1657434402247021,0.3739489160263138,8.124970820381785,4.2494790681677195,13.0,0.0,0.0,False,False,42083.0
10,pi_random_exploration,2,5,Q060,random_exploration,0.0767815508904717,0.0422101149262357,10.507636538529596,1.2221662424663384,5.0,0.0,0.0,False,False,43612.0
10,pi_random_exploration,3,1,Q001,exploitation,0.1950583615400041,0.4810864116154337,8.427932746951331,4.4493609960633735,10.0,0.0,0.0,False,False,4553.0
10,pi_random_exploration,3,2,Q049,exploitation,0.1742520245069644,0.0708538892638216,11.542937464850018,0.7560590592064204,2.0,0.0,0.0,False,False,163182.0
10,pi_random_exploration,3,3,Q034,exploitation,0.1513407126045919,0.12083849352817,10.666299905465696,1.5382155238966813,7.0,0.0,0.0,False,False,107033.0
10,pi_random_exploration,3,4,Q003,exploitation,0.1476280924915709,0.3462644172200267,7.493796357039979,4.545831803269835,10.0,0.0,1.0,True,False,0.0
10,pi_random_exploration,3,5,Q037,random_exploration,3.855416557038028e-31,1.3420900985515402e-32,7.542810653091077,0.4078316833262613,1.0,0.0,0.0,False,False,76141.0
10,pi_random_exploration,4,1,Q033,exploitation,0.729363323760984,0.5607399509843483,12.692830815644903,0.7220495931904461,2.0,0.0,0.0,False,False,76472.0
10,pi_random_exploration,4,2,Q031,exploitation,0.3936116115733373,0.2414649407336672,12.017654349366246,0.8672429866435716,2.0,0.0,0.0,False,False,62455.0
10,pi_random_exploration,4,3,Q064,exploitation,0.1264632674583721,0.1495836872824436,9.535064828926863,2.3762316032272217,7.0,0.0,0.0,False,False,45673.0
10,pi_random_exploration,4,4,Q070,exploitation,0.1249519535763638,0.2207386886774855,8.157343680401935,3.5585402864398703,9.0,0.0,0.0,False,False,14174.0
10,pi_random_exploration,4,5,Q089,random_exploration,0.0434501265980741,0.0907088845744207,3.508112271715913,5.107316615875758,13.0,0.0,1.0,True,False,0.0
10,pi_random_exploration,5,1,Q011,exploitation,0.0928324439217565,0.2229049070576038,5.438212341402608,5.148062341758154,8.0,0.4000000059604645,0.6000000238418579,True,False,0.0
10,pi_random_exploration,5,2,Q028,exploitation,0.092089338934582,0.0416837478725603,10.960911344653752,0.9720100208394632,4.0,0.0,0.0,False,False,55318.0
10,pi_random_exploration,5,3,Q027,exploitation,0.0708255308430716,0.1502388539584441,5.218388497451228,4.785665412802258,8.0,0.0,1.0,True,False,0.0
10,pi_random_exploration,5,4,Q069,exploitation,0.0649655245313812,0.0481589997007981,9.68011553140695,1.698143064076574,2.0,0.0,0.0,False,False,90845.0
10,pi_random_exploration,5,5,Q024,random_exploration,1.819824007270611e-05,2.2868797974236464e-06,9.89010494666345,0.5719295069026503,3.0,0.0,0.0,False,False,25579.0
10,pi_random_exploration,6,1,Q048,exploitation,0.0491737688026196,0.0111977721976453,11.348555840170276,0.546417360217497,3.0,0.0,0.800000011920929,False,False,42637.0
10,pi_random_exploration,6,2,Q058,exploitation,0.0286022712886632,0.0118908253784393,10.196795785362916,1.0805568258538711,5.0,0.0,0.0,False,False,60312.0
10,pi_random_exploration,6,3,Q062,exploitation,0.0126296384134815,0.0071729766819332,8.596764325265957,1.63357081361653,4.0,0.0,1.0,False,False,0.0
10,pi_random_exploration,6,4,Q008,exploitation,0.011127025499382,0.0081520698732969,7.366245357535923,2.137132997594432,8.0,0.0,1.0,True,False,0.0
10,pi_random_exploration,6,5,Q087,random_exploration,0.0016530880375573,0.0017646943802272,1.34568896229396,3.712398647246438,8.0,1.0,0.0,True,False,0.0
10,pi_random_exploration,7,1,Q016,exploitation,0.0878072722816409,0.1755350967549008,6.38320479233744,4.332997839309824,5.0,0.0,1.0,True,False,357.0
10,pi_random_exploration,7,2,Q051,exploitation,0.0483966748863537,0.0587582453547328,7.401700331698884,2.9206503475201737,7.0,0.0,1.0,True,False,873.0
10,pi_random_exploration,7,3,Q057,exploitation,0.0226332587764058,0.0382049470099775,3.190198408403857,4.525861122916335,5.0,0.0,1.0,True,False,0.0
10,pi_random_exploration,7,4,Q004,exploitation,0.0156308974190972,0.0262404134636817,2.10493757695508,4.711281349563178,7.0,1.0,0.0,True,False,0.0
10,pi_random_exploration,7,5,Q071,random_exploration,0.0099085368163354,0.0019531976606897,10.89513480157276,0.5822851828500012,4.0,0.0,0.0,False,False,60955.0
10,pi_random_exploration,8,1,Q010,exploitation,0.0041420264033554,0.0024780994859647,7.167234730351099,1.9257531987072491,4.0,1.0,0.0,False,False,0.0
10,pi_random_exploration,8,2,Q009,exploitation,0.0004484541178548,0.0001932615623453,6.78856478589433,1.645031634299749,5.0,0.0,0.0,False,False,3295.0
10,pi_random_exploration,8,3,Q045,exploitation,1.4764003793719897e-05,1.011419828649978e-06,10.93677731254274,0.3148043234812851,2.0,0.0,0.0,False,False,104181.0
10,pi_random_exploration,8,4,Q041,exploitation,5.3389463574250845e-08,4.4949276947929245e-09,9.719750969013486,0.476403923277584,2.0,0.0,0.0,False,False,155410.0
10,pi_random_exploration,8,5,Q030,random_exploration,6.601477602604655e-20,4.287376177705293e-22,11.706245149183582,0.0602177545462382,1.0,0.0,0.0,False,False,95814.0
10,pi_uncertainty,1,1,Q026,exploitation,0.9129046428189468,1.5347618976409882,13.265467098036147,1.0970575288429232,3.0,0.0,0.0,False,False,99186.0
10,pi_uncertainty,1,2,Q018,exploitation,0.8900747065102419,0.8129596132318518,12.553969796774163,0.6351250492494589,2.0,0.0,0.0,False,False,207261.0
10,pi_uncertainty,1,3,Q054,exploitation,0.8510103912180311,1.9276795741783057,13.569535251983435,1.724497352519019,4.0,0.0,0.0,False,False,100890.0
10,pi_uncertainty,1,4,Q040,exploitation,0.8315272728239271,0.3950840912514208,12.136006989570635,0.3762565176220065,2.0,0.0,0.0,False,False,114138.0
10,pi_uncertainty,1,5,Q004,uncertainty_exploration,0.0609407043677627,0.1314910540555013,4.043904421945525,4.997537591336967,8.0,0.6000000238418579,0.4000000059604645,True,False,0.0
10,pi_uncertainty,2,1,Q068,exploitation,0.51835676430224,0.2828188815452098,12.282559829698515,0.6695843746640388,5.0,0.0,0.0,False,False,50021.0
10,pi_uncertainty,2,2,Q085,exploitation,0.5073693638024039,1.4020471456569057,12.315182050177786,3.434310926343774,7.0,0.0,1.0,True,False,0.0
10,pi_uncertainty,2,3,Q047,exploitation,0.250844175103242,0.1939383433070381,11.382057080145318,1.2944861326571535,3.0,0.0,0.0,False,False,7770.0
10,pi_uncertainty,2,4,Q070,exploitation,0.2078459775842921,0.4750943596581954,8.954790744327147,4.050713239799833,14.0,0.0,0.0,False,False,14174.0
10,pi_uncertainty,2,5,Q084,uncertainty_exploration,0.1357619777125402,0.3227307488267923,7.084795910119076,4.699101363020956,11.0,0.0,1.0,True,False,0.0
10,pi_uncertainty,3,1,Q034,exploitation,0.606352130071274,0.6721280818714902,12.582506391002235,1.2258640776950287,7.0,0.0,0.0,False,False,107033.0
10,pi_uncertainty,3,2,Q005,exploitation,0.5043697793594494,1.4491951718892324,12.290987887080949,3.5831874167556665,13.0,0.0,0.0,False,False,42083.0
10,pi_uncertainty,3,3,Q060,exploitation,0.4372496483702901,0.3575659487974765,12.07793155322394,1.1004225780637755,5.0,0.0,0.0,False,False,43612.0
10,pi_uncertainty,3,4,Q049,exploitation,0.3011055272095653,0.0780942855490828,12.038990562084097,0.4081711438606575,2.0,0.0,0.0,False,False,163182.0
10,pi_uncertainty,3,5,Q089,uncertainty_exploration,0.0164464892304682,0.0313405161670458,0.9112534067589672,5.315718455572463,13.0,0.6000000238418579,0.4000000059604645,True,False,0.0
10,pi_uncertainty,4,1,Q001,exploitation,0.1945078804290017,0.4766548806784437,8.44063092039762,4.424299812167388,10.0,0.0,1.0,True,False,4553.0
10,pi_uncertainty,4,2,Q003,exploitation,0.1270290050415409,0.2890037628189456,7.04401281729444,4.565985412150944,10.0,0.2000000029802322,0.800000011920929,True,False,0.0
10,pi_uncertainty,4,3,Q064,exploitation,0.0722193322741958,0.0646073274602667,9.316476212764414,2.0111984251005413,5.0,0.0,0.0,False,False,45673.0
10,pi_uncertainty,4,4,Q030,exploitation,0.0453940714653265,0.0068004097452927,11.636079145339744,0.3640254655518187,1.0,0.0,0.0,False,False,95814.0
10,pi_uncertainty,4,5,Q011,uncertainty_exploration,0.0064198179037552,0.0089967364851292,1.4828751588838376,4.3279969282461614,7.0,0.6000000238418579,0.4000000059604645,True,False,0.0
10,pi_uncertainty,5,1,Q057,exploitation,0.0174393028071322,0.0126713523674064,8.005584721977344,2.0126195672383065,5.0,0.0,1.0,True,False,0.0
10,pi_uncertainty,5,2,Q031,exploitation,0.0065291654679622,0.0010865382856422,10.97817044214982,0.5130858161737183,2.0,0.0,0.0,False,False,62455.0
10,pi_uncertainty,5,3,Q051,exploitation,0.0034357926755246,0.0018388472206921,7.516825282920099,1.7517225764212208,7.0,0.0,1.0,True,False,873.0
10,pi_uncertainty,5,4,Q058,exploitation,0.0023818437134307,0.0010448162709022,8.070614779006622,1.4813056309866008,5.0,0.0,0.2000000029802322,True,False,60312.0
10,pi_uncertainty,5,5,Q087,uncertainty_exploration,4.5780725524096786e-05,3.444716761365695e-05,-0.5578335353358357,3.2744891867451176,8.0,1.0,0.0,True,False,0.0
10,pi_uncertainty,6,1,Q045,exploitation,0.0151554703969922,0.0025058113418953,11.243023465056368,0.4657036044560074,2.0,0.0,0.0,False,False,104181.0
10,pi_uncertainty,6,2,Q069,exploitation,0.0134197410777132,0.0059899816712695,9.429005284665068,1.27503705444103,2.0,0.0,0.0,False,False,90845.0
10,pi_uncertainty,6,3,Q024,exploitation,0.0029269453851715,0.0006310488350658,10.279818499984811,0.7155384943678393,3.0,0.0,0.0,False,False,25579.0
10,pi_uncertainty,6,4,Q071,exploitation,0.0020616844894519,0.0004367329183124,10.175355411053808,0.7238402099428369,4.0,0.0,0.0,False,False,60955.0
10,pi_uncertainty,6,5,Q008,uncertainty_exploration,0.00057389684656,0.0003786817967385,4.19492235202933,2.4778421267569315,8.0,0.0,1.0,True,False,0.0
10,pi_uncertainty,7,1,Q009,exploitation,0.0013926689277478,0.0005565147954925,8.04057610484633,1.4081867280418574,5.0,0.0,0.0,False,False,3295.0
10,pi_uncertainty,7,2,Q028,exploitation,0.0003759638518589,7.300725123189232e-05,9.72514272921651,0.749751872298961,4.0,0.0,0.0,False,False,55318.0
10,pi_uncertainty,7,3,Q016,exploitation,0.0001748289194169,8.472359116962072e-05,5.241455930885136,1.9606846011723975,5.0,0.0,0.0,False,False,357.0
10,pi_uncertainty,7,4,Q033,exploitation,0.0001432987972547,1.6815823077590236e-05,10.509753357530524,0.4802665813957673,2.0,0.0,0.0,False,False,76472.0
10,pi_uncertainty,7,5,Q027,uncertainty_exploration,0.0001075429043074,6.221239251289867e-05,3.347702702237057,2.406102667838929,7.0,1.0,0.0,True,False,0.0
10,pi_uncertainty,8,1,Q062,exploitation,3.877708098292931e-06,1.0286486381601488e-06,6.476943212901045,1.2913728049858977,4.0,0.0,1.0,False,False,0.0
10,pi_uncertainty,8,2,Q041,exploitation,3.59345969261385e-08,2.568532324218309e-09,10.047024642737652,0.4093086851249628,2.0,0.0,0.0,False,False,155410.0
10,pi_uncertainty,8,3,Q010,exploitation,6.581448089404495e-11,9.717355747998952e-12,5.879423958805229,0.9917571306254608,4.0,1.0,0.0,False,False,0.0
10,pi_uncertainty,8,4,Q037,exploitation,1.3526649193083657e-12,9.059086330025485e-14,8.850665614114336,0.4864068905450995,1.0,0.0,0.0,False,False,76141.0
10,pi_uncertainty,8,5,Q048,uncertainty_exploration,1.1060153644333219e-10,1.2316855437500445e-11,7.558727268190701,0.7395404766915972,3.0,0.0,1.0,False,False,42637.0
10,imperfection_aware,1,1,Q026,exploitation,0.9129046428189468,1.5347618976409882,13.265467098036147,1.0970575288429232,3.0,0.0,0.0,False,False,99186.0
10,imperfection_aware,1,2,Q018,exploitation,0.8900747065102419,0.8129596132318518,12.553969796774163,0.6351250492494589,2.0,0.0,0.0,False,False,207261.0
10,imperfection_aware,1,3,Q054,exploitation,0.8510103912180311,1.9276795741783057,13.569535251983435,1.724497352519019,4.0,0.0,0.0,False,False,100890.0
10,imperfection_aware,1,4,Q040,exploitation,0.8315272728239271,0.3950840912514208,12.136006989570635,0.3762565176220065,2.0,0.0,0.0,False,False,114138.0
10,imperfection_aware,1,5,Q085,suspicious_exploration,0.4534621126063985,1.3835975394607345,11.303373011465794,4.031385597749945,7.0,0.0,1.0,True,False,0.0
10,imperfection_aware,2,1,Q068,exploitation,0.6545415874363251,0.8070901584867387,12.76202873150391,1.283388890805394,5.0,0.0,0.0,False,False,50021.0
10,imperfection_aware,2,2,Q071,exploitation,0.4944931783155865,0.7621899520914474,12.224904370214396,1.9439738614555735,7.0,0.0,0.0,False,False,60955.0
10,imperfection_aware,2,3,Q060,exploitation,0.3403665691996291,0.2607492473449507,11.77808588659192,1.1511440848192271,5.0,0.0,0.0,False,False,43612.0
10,imperfection_aware,2,4,Q070,exploitation,0.3210168657628113,0.8218770268943663,10.422480477771304,3.93509780061774,14.0,0.0,0.0,False,False,14174.0
10,imperfection_aware,2,5,Q003,suspicious_exploration,0.0930029573589359,0.2230208600937694,5.454907418059293,5.139430247532408,10.0,0.0,1.0,True,False,0.0
10,imperfection_aware,3,1,Q005,exploitation,0.4435638647570859,1.172794714634774,11.750311931393108,3.5326794448719245,13.0,0.0,0.0,False,False,42083.0
10,imperfection_aware,3,2,Q047,exploitation,0.3358464099735574,0.3740943461309294,11.53861611358202,1.68258460062162,3.0,0.0,0.0,False,False,7770.0
10,imperfection_aware,3,3,Q041,exploitation,0.2732533115493115,0.1924075447997284,11.560515162016038,1.1463022391794868,2.0,0.0,0.0,False,False,155410.0
10,imperfection_aware,3,4,Q064,exploitation,0.2554600649509547,0.4182779315590579,10.46001945486332,2.7254398573906204,5.0,0.0,0.0,False,False,45673.0
10,imperfection_aware,3,5,Q084,suspicious_exploration,0.0737292979718743,0.1563143476336089,5.373216493612038,4.748502061929041,11.0,0.0,1.0,True,False,0.0
10,imperfection_aware,4,1,Q049,exploitation,0.6226837676174269,0.3268542075979591,12.42954103398887,0.5688992786976899,2.0,0.0,0.0,False,False,163182.0
10,imperfection_aware,4,2,Q034,exploitation,0.2736579466547195,0.1634910846700743,11.666740932383824,0.9721014029437464,7.0,0.0,0.0,False,False,107033.0
10,imperfection_aware,4,3,Q030,exploitation,0.0930099196068604,0.0178502341200114,11.70779740208432,0.4113149175157554,1.0,0.0,0.0,False,False,95814.0
10,imperfection_aware,4,4,Q010,exploitation,0.0554221639747939,0.0462913371791899,9.117676489591185,1.965657081274228,4.0,0.0,1.0,False,False,0.0
10,imperfection_aware,4,5,Q058,suspicious_exploration,0.1406125061289816,0.2037281496511439,9.190679371609548,2.8407019949338057,5.0,0.0,1.0,True,False,60312.0
10,imperfection_aware,5,1,Q031,exploitation,0.3189770655380917,0.510168180276509,11.092186941559874,2.464189708919128,2.0,0.0,0.0,False,False,62455.0
10,imperfection_aware,5,2,Q033,exploitation,0.1107096358849857,0.0438521604114301,11.250098715533504,0.819161489378999,2.0,0.0,0.0,False,False,76472.0
10,imperfection_aware,5,3,Q069,exploitation,0.0688393128654142,0.0519623158176451,9.710855967158906,1.7116186405677791,2.0,0.0,0.0,False,False,90845.0
10,imperfection_aware,5,4,Q024,exploitation,0.0407637549556535,0.0128529535770773,10.89498538509206,0.7788969266603128,3.0,0.0,0.0,False,False,25579.0
10,imperfection_aware,5,5,Q051,suspicious_exploration,0.2664918907021973,0.6074928632208136,9.918561833971898,3.742318177331648,7.0,0.0,1.0,True,False,873.0
10,imperfection_aware,6,1,Q062,exploitation,4.817150375728214e-05,1.6556541785673977e-05,6.434053267103142,1.491858903185275,4.0,0.0,0.800000011920929,False,False,0.0
10,imperfection_aware,6,2,Q028,exploitation,3.4956827420737824e-16,1.6125065128539785e-17,9.158719425254716,0.3832419969911561,4.0,0.0,0.0,False,False,55318.0
10,imperfection_aware,6,3,Q045,exploitation,2.2205133241633616e-05,1.6262246620181804e-06,10.90337983765276,0.3302171668547299,2.0,0.0,0.0,False,False,104181.0
10,imperfection_aware,6,4,Q037,exploitation,8.896736920845134e-54,1.7319677538923986e-55,7.59962284548456,0.3021915217204751,1.0,0.0,0.0,False,False,76141.0
10,imperfection_aware,6,5,Q011,suspicious_exploration,0.159278374826059,0.3883350886780113,7.625408635138278,4.638259402267625,8.0,1.0,0.0,True,False,0.0
10,imperfection_aware,7,1,Q048,exploitation,0.0043629776241089,0.0013343953894555,9.682102782038852,0.979801778696478,3.0,0.0,1.0,False,True,42637.0
10,imperfection_aware,7,2,Q001,exploitation,0.2405096023802322,0.7848174911978806,8.350388159049874,5.536467641604723,10.0,0.0,1.0,True,True,4553.0
10,imperfection_aware,7,3,Q016,exploitation,0.2055783575596702,0.6270914540900204,7.795156115621657,5.42255875339051,5.0,0.800000011920929,0.2000000029802322,True,True,357.0
10,imperfection_aware,7,4,Q089,exploitation,0.1916662748028167,0.4914099975761069,8.200069352329406,4.6476231416411045,13.0,0.2000000029802322,0.800000011920929,True,True,0.0
10,imperfection_aware,7,5,Q087,suspicious_exploration,0.1771226043812062,0.5372192802580529,7.04956868495177,5.615551223451381,13.0,1.0,0.0,True,True,0.0
10,imperfection_aware,8,1,Q009,exploitation,0.1761101069998295,0.1764525306874711,10.523395598981532,1.8578515487972456,5.0,0.0,0.800000011920929,True,True,3295.0
10,imperfection_aware,8,2,Q027,exploitation,0.1429283759619681,0.4037199243578798,6.363908706049396,5.516798581496534,7.0,0.2000000029802322,0.800000011920929,True,True,0.0
10,imperfection_aware,8,3,Q057,exploitation,0.0944302192122802,0.2332032724060024,5.3181482705213,5.276875111277199,5.0,0.0,1.0,True,True,0.0
10,imperfection_aware,8,4,Q008,exploitation,0.0059959251690553,0.0026449714185304,8.806079496847865,1.3714700457173512,7.0,0.0,1.0,True,True,0.0
10,imperfection_aware,8,5,Q004,suspicious_exploration,6.019911697610321e-17,1.0324940186038679e-17,0.1559899375875924,1.4603603901146185,7.0,1.0,0.0,True,True,0.0
11,random,1,1,Q073,random,0.9262425328841084,0.5122425905706416,12.091755785078677,0.3458063999003405,4.0,0.0,0.0,False,False,31696.0
11,random,1,2,Q046,random,0.8680775166842924,0.2077293642640392,11.78699586682935,0.1754993103249152,3.0,0.0,0.0,False,False,58386.0
11,random,1,3,Q071,random,0.9255345941237888,0.5137734041287052,12.093086278126648,0.3479374156785459,4.0,0.0,0.0,False,False,60955.0
11,random,1,4,Q047,random,2.1960638324670825e-23,2.3471719014456813e-24,0.9192229518322286,1.078531915171883,6.0,0.0,1.0,True,False,7770.0
11,random,1,5,Q030,random,0.4010387224969293,0.6531474373847018,11.018623237711758,2.283092352624516,2.0,0.0,0.0,False,False,95814.0
11,random,2,1,Q091,random,0.176237590277296,0.0689700683907718,10.916317413280584,0.7255164068960015,7.0,0.0,0.6000000238418579,True,False,0.0
11,random,2,2,Q063,random,0.8464358098799811,0.9827145366819464,12.50223183666914,0.8923531404875129,4.0,0.0,0.0,False,False,38893.0
11,random,2,3,Q081,random,1.8293370388224938e-17,2.864069157392318e-18,0.1812588519810969,1.3545254677344865,11.0,0.0,1.0,True,False,0.0
11,random,2,4,Q038,random,0.2503942755570637,0.0883716321795141,11.192839490010352,0.5912552600941434,3.0,0.0,0.0,False,False,80348.0
11,random,2,5,Q015,random,3.517508161449926e-09,1.0388347305549522e-09,1.1434081099536089,1.8043760860685671,2.0,0.0,1.0,False,False,48700.0
11,random,3,1,Q058,random,0.4202724473679819,0.2812863090117434,11.406190964088127,0.9180617787951963,7.0,0.0,0.0,False,False,60312.0
11,random,3,2,Q033,random,0.192536901258816,0.1120311949799408,10.675880316249431,1.0534614480839355,3.0,0.0,0.0,False,False,76472.0
11,random,3,3,Q022,random,0.1673899792946139,0.098842338978847,10.520870374436296,1.109380469851552,3.0,0.0,0.0,False,False,114383.0
11,random,3,4,Q044,random,0.2958278214772467,0.1026887248028628,11.295986279238807,0.5497659680380416,6.0,0.0,0.0,False,False,54574.0
11,random,3,5,Q048,random,0.0003495521979184,4.184439600028939e-05,10.016818834745528,0.4643408345151507,2.0,0.0,0.0,False,False,42637.0
11,random,4,1,Q065,random,0.0464152852901751,0.0128957366932509,10.526608441792357,0.6727794866374638,4.0,0.0,0.0,False,False,38100.0
11,random,4,2,Q006,random,0.3555308819204378,0.5620732289456922,10.792623131958024,2.334293190267811,6.0,0.0,1.0,True,False,2244.0
11,random,4,3,Q075,random,0.6178937148176373,1.1759002481780407,12.2796832054645,2.074876835963274,6.0,0.0,1.0,True,False,0.0
11,random,4,4,Q090,random,1.1515889415477005e-11,2.8594580254134066e-12,0.0918727344106091,1.7299591813435131,12.0,0.0,1.0,True,False,0.0
11,random,4,5,Q095,random,0.234115310362577,0.8636111111828835,7.079582591184132,6.310973693584567,13.0,1.0,0.0,True,False,0.0
11,random,5,1,Q002,random,0.0001859336815647,4.8788979052578505e-05,7.892229698713317,1.057821428608699,8.0,0.0,1.0,True,False,0.0
11,random,5,2,Q088,random,0.0026800356669666,0.0030776929547081,0.9648478221926062,3.839915774855879,11.0,0.0,1.0,True,False,0.0
11,random,5,3,Q012,random,0.193037733853652,0.1105171986461829,10.759538668202312,1.0357901790366089,5.0,0.0,0.0,False,False,1147.0
11,random,5,4,Q004,random,0.156342451947512,0.4535951735522854,6.059078694370054,5.544982067184713,8.0,0.0,1.0,True,False,0.0
11,random,5,5,Q055,random,0.3595188900374353,0.0978363187960589,11.513429612759102,0.3999689917910015,4.0,0.0,0.0,False,False,171271.0
11,random,6,1,Q036,random,0.026998513254614,0.0202115836695152,8.28225510044215,1.9610933223399192,4.0,0.0,1.0,False,False,0.0
11,random,6,2,Q040,random,0.0709839834394887,0.0119645874238843,11.502811090927109,0.3801133393268482,2.0,0.0,0.0,False,False,114138.0
11,random,6,3,Q005,random,0.1053834801542353,0.2094558567481773,6.863497681581837,4.153159920965623,7.0,0.4000000059604645,0.6000000238418579,True,False,42083.0
11,random,6,4,Q032,random,0.2344332429115841,0.2915608614311139,10.520476179054471,2.1268531591362487,4.0,0.0,1.0,False,False,0.0
11,random,6,5,Q076,random,0.0340865141730129,0.0205822333870102,9.26799893712286,1.5313714495999684,3.0,0.0,1.0,False,False,34391.0
11,random,7,1,Q029,random,0.1193472271352144,0.0293024420072811,11.472341276747589,0.4996085753545762,1.0,0.0,0.0,False,False,119441.0
11,random,7,2,Q074,random,0.2367744493730411,0.2062684035127783,10.99650539285127,1.485249014926478,3.0,0.0,1.0,False,False,34285.0
11,random,7,3,Q035,random,0.6037316788824745,0.663436759615754,12.381671617979968,1.2191686614057429,3.0,0.0,0.0,False,False,50709.0
11,random,7,4,Q057,random,0.009770499600475,0.0144598512139061,1.8376680150693492,4.3782172340080105,6.0,0.0,1.0,True,False,0.0
11,random,7,5,Q037,random,0.1688248375407548,0.0522760487478413,11.50443493770005,0.5804776260810215,1.0,0.0,0.0,False,False,76141.0
11,random,8,1,Q053,random,0.228369764704283,0.0808653455460557,11.606736323559383,0.6103947694853429,1.0,0.0,0.0,False,False,110908.0
11,random,8,2,Q008,random,0.0119780923408709,0.0145229484136777,4.140292274331876,3.508108094244414,5.0,1.0,0.0,True,False,0.0
11,random,8,3,Q042,random,0.0829465725059455,0.0338733636459438,10.821158889495536,0.894861296462027,2.0,0.0,0.0,False,False,452.0
11,random,8,4,Q027,random,8.132277701779916e-05,6.559394914795887e-05,-0.7841936858345386,3.4063823481790623,7.0,1.0,0.0,True,False,0.0
11,random,8,5,Q010,random,3.593638173540666e-06,9.402335473457536e-07,6.326918578137726,1.2776305008173992,4.0,0.0,1.0,False,False,0.0
11,gp_m52_pi,1,1,Q073,exploitation,0.9262425328841084,0.5122425905706416,12.091755785078677,0.3458063999003405,4.0,0.0,0.0,False,False,31696.0
11,gp_m52_pi,1,2,Q071,exploitation,0.9255345941237888,0.5137734041287052,12.093086278126648,0.3479374156785459,4.0,0.0,0.0,False,False,60955.0
11,gp_m52_pi,1,3,Q055,exploitation,0.9239945559917452,0.510130234919128,12.089162507106694,0.3478345432594729,5.0,0.0,0.0,False,False,171271.0
11,gp_m52_pi,1,4,Q040,exploitation,0.9089324757513222,0.3865375405118864,11.965556962584165,0.2808067299611304,4.0,0.0,0.0,False,False,114138.0
11,gp_m52_pi,1,5,Q046,exploitation,0.8680775166842924,0.2077293642640392,11.78699586682935,0.1754993103249152,3.0,0.0,0.0,False,False,58386.0
11,gp_m52_pi,2,1,Q057,exploitation,0.6983000985119326,1.4610042474731548,13.128004447451922,2.053820919661213,6.0,0.0,1.0,True,False,0.0
11,gp_m52_pi,2,2,Q075,exploitation,0.5884511433643013,1.0640304742340088,12.517891946756285,2.0436506409037056,6.0,0.0,1.0,True,False,0.0
11,gp_m52_pi,2,3,Q022,exploitation,0.38022564311923,0.2116592227596165,11.817395998576416,0.7990214073730872,2.0,0.0,0.0,False,False,114383.0
11,gp_m52_pi,2,4,Q012,exploitation,0.36916519661001,0.1402726862420865,11.87649436534338,0.5523289299675471,5.0,0.0,0.0,False,False,1147.0
11,gp_m52_pi,2,5,Q042,exploitation,0.3521913633599665,0.2785822683551302,11.61617665097308,1.172426820970125,2.0,0.0,0.0,False,False,452.0
11,gp_m52_pi,3,1,Q033,exploitation,0.5059956430407409,0.5073384806847684,12.079765808659085,1.2480588680426468,3.0,0.0,0.0,False,False,76472.0
11,gp_m52_pi,3,2,Q008,exploitation,0.3286814839597443,0.909200322219588,10.192034948837009,4.213604251789973,8.0,0.0,1.0,True,False,0.0
11,gp_m52_pi,3,3,Q006,exploitation,0.3015368263829319,0.524241149780816,10.639008579830644,2.7346907227016506,7.0,0.0,1.0,True,False,2244.0
11,gp_m52_pi,3,4,Q053,exploitation,0.2758032150678693,0.0992582948577331,11.713295520435416,0.5840429606467141,1.0,0.0,0.0,False,False,110908.0
11,gp_m52_pi,3,5,Q095,exploitation,0.2379780523021268,0.9618824559184268,7.156587624928899,6.880290943659606,13.0,1.0,0.0,True,False,0.0
11,gp_m52_pi,4,1,Q090,exploitation,0.1883152274658205,0.7039017086211661,6.041561073820446,6.808391103983009,11.0,0.0,0.0,False,False,0.0
11,gp_m52_pi,4,2,Q063,exploitation,0.1571705216263142,0.1047679107795992,10.780849953963262,1.2723271620896688,4.0,0.0,0.0,False,False,38893.0
11,gp_m52_pi,4,3,Q088,exploitation,0.1498983045748421,0.5156576129929222,5.173450613229855,6.642645571511242,14.0,0.0,0.0,False,False,0.0
11,gp_m52_pi,4,4,Q091,exploitation,0.1451481551361962,0.4978426302385899,5.002957507233987,6.67445750630585,7.0,0.0,0.0,False,False,0.0
11,gp_m52_pi,4,5,Q058,exploitation,0.1244107575007371,0.0882467298089651,10.411676239301492,1.4302014531122436,7.0,0.0,0.0,False,False,60312.0
11,gp_m52_pi,5,1,Q035,exploitation,0.0882900805892702,0.0351468103191788,10.8962433636748,0.8619205147340381,4.0,0.0,0.0,False,False,50709.0
11,gp_m52_pi,5,2,Q004,exploitation,0.0755705274100718,0.2110858349742628,3.120655977545781,6.2279855134549935,8.0,1.0,0.0,True,False,0.0
11,gp_m52_pi,5,3,Q074,exploitation,0.0482476712474762,0.0375084605455946,8.951116978469612,1.87107614507711,3.0,0.0,1.0,False,False,34285.0
11,gp_m52_pi,5,4,Q044,exploitation,0.0364938673709803,0.0112465546604036,10.673487527536524,0.7738942352605799,5.0,0.0,0.0,False,False,54574.0
11,gp_m52_pi,5,5,Q029,exploitation,0.0339857174193838,0.0217456124063677,9.097953508038492,1.6234171377261035,2.0,0.0,0.0,False,False,119441.0
11,gp_m52_pi,6,1,Q030,exploitation,0.1410978193503142,0.0323956354867125,11.577300528287246,0.449793233599993,1.0,0.0,0.0,False,False,95814.0
11,gp_m52_pi,6,2,Q065,exploitation,0.0611891747218146,0.0225433234077066,10.74366093731264,0.8527251660001363,4.0,0.0,0.0,False,False,38100.0
11,gp_m52_pi,6,3,Q037,exploitation,0.0202836923655787,0.0033771012866103,11.133982031489692,0.4526661618077178,1.0,0.0,0.0,False,False,76141.0
11,gp_m52_pi,6,4,Q038,exploitation,0.0177716090441019,0.0035140048577941,10.912311927064184,0.5464479254337786,2.0,0.0,0.0,False,False,80348.0
11,gp_m52_pi,6,5,Q076,exploitation,0.0106988220321037,0.0031244921256304,10.09247062091216,0.8555534968921902,3.0,0.0,1.0,False,False,34391.0
11,gp_m52_pi,7,1,Q005,exploitation,0.0051696417471257,0.0041440316296873,5.578972276757488,2.5278281390319393,7.0,0.800000011920929,0.2000000029802322,True,False,42083.0
11,gp_m52_pi,7,2,Q047,exploitation,0.0011200213492105,0.0006413618056504,5.79165064834527,2.051215751954418,5.0,0.0,1.0,True,False,7770.0
11,gp_m52_pi,7,3,Q081,exploitation,0.0008643929465581,0.001071359400346,-2.1138742139510533,4.524010306134015,9.0,1.0,0.0,True,False,0.0
11,gp_m52_pi,7,4,Q027,exploitation,0.0008623963866516,0.0012023328019252,-3.8896599384235184,5.089662054901293,7.0,1.0,0.0,True,False,0.0
11,gp_m52_pi,7,5,Q002,exploitation,0.0003826012130568,0.0001511911508712,6.932546909376672,1.5240215888653912,5.0,0.6000000238418579,0.4000000059604645,True,False,0.0
11,gp_m52_pi,8,1,Q010,exploitation,4.345994704420437e-07,1.553114555665352e-07,2.7687365906612325,1.8889986261821985,4.0,1.0,0.0,False,False,0.0
11,gp_m52_pi,8,2,Q015,exploitation,2.4719758961541235e-10,5.2647460155140284e-11,3.421206090514219,1.388840707724821,2.0,0.0,1.0,False,False,48700.0
11,gp_m52_pi,8,3,Q032,exploitation,0.0021677474491559,0.0016918414861492,4.484308419485416,2.656011994659474,4.0,0.0,1.0,False,False,0.0
11,gp_m52_pi,8,4,Q036,exploitation,0.0001206509526933,9.840139131952834e-05,-0.3135076824308322,3.370591273772424,4.0,0.0,1.0,False,False,0.0
11,gp_m52_pi,8,5,Q048,exploitation,0.0006204245486718,7.440026770132331e-05,10.614457322287418,0.4479428594315407,2.0,0.0,0.0,False,False,42637.0
11,gp_m52_ei,1,1,Q038,exploitation,0.4870706746143975,0.7255050805520769,11.5294907783912,1.894543652169787,3.0,0.0,0.0,False,False,80348.0
11,gp_m52_ei,1,2,Q030,exploitation,0.4010387224969293,0.6531474373847018,11.018623237711758,2.283092352624516,2.0,0.0,0.0,False,False,95814.0
11,gp_m52_ei,1,3,Q044,exploitation,0.4262198363388963,0.6524722942568597,11.202934774716672,2.085771563273999,6.0,0.0,0.0,False,False,54574.0
11,gp_m52_ei,1,4,Q029,exploitation,0.4008429243421114,0.6527224489443945,11.01743292658317,2.2832275275284704,2.0,0.0,0.0,False,False,119441.0
11,gp_m52_ei,1,5,Q057,exploitation,0.2636701162532497,0.6405564085908666,9.061166379893823,4.002293887590293,6.0,0.0,1.0,True,False,0.0
11,gp_m52_ei,2,1,Q063,exploitation,0.869560140246643,0.6922222612821567,12.354764570830746,0.581846554405716,4.0,0.0,0.0,False,False,38893.0
11,gp_m52_ei,2,2,Q095,exploitation,0.2043175193220619,0.6411238943528289,7.083355577866619,5.587851250058649,13.0,1.0,0.0,True,False,0.0
11,gp_m52_ei,2,3,Q033,exploitation,0.4759932707927185,0.4905096073641027,11.620667384505245,1.327283282239521,3.0,0.0,0.0,False,False,76472.0
11,gp_m52_ei,2,4,Q058,exploitation,0.3143914240422459,0.464130703223908,10.5950177138694,2.2868749758716582,5.0,0.0,0.0,False,False,60312.0
11,gp_m52_ei,2,5,Q091,exploitation,0.4466975762473708,0.2066673529184713,11.618040206836769,0.6159715566160218,7.0,0.0,0.0,False,False,0.0
11,gp_m52_ei,3,1,Q006,exploitation,0.684453665479414,0.9986816684352076,12.401520279207135,1.4597031726586784,8.0,0.0,1.0,True,False,2244.0
11,gp_m52_ei,3,2,Q002,exploitation,0.3738388320826564,0.3132283263809889,11.310861772586868,1.2114414200407466,8.0,0.0,1.0,True,False,0.0
11,gp_m52_ei,3,3,Q022,exploitation,0.2296400940630032,0.1056266237454777,11.114804651194556,0.7915617399451292,3.0,0.0,0.0,False,False,114383.0
11,gp_m52_ei,3,4,Q012,exploitation,0.2405653321096089,0.0822174936623245,11.292108553746903,0.579824279701161,5.0,0.0,0.0,False,False,1147.0
11,gp_m52_ei,3,5,Q055,exploitation,0.4369022247482168,0.0833983922104444,11.659772724283332,0.2569664835639916,4.0,0.0,0.0,False,False,171271.0
11,gp_m52_ei,4,1,Q004,exploitation,0.2119608341659386,0.7788100607943087,6.883571214650796,6.474741489913203,8.0,1.0,0.0,True,False,0.0
11,gp_m52_ei,4,2,Q081,exploitation,0.1996613410077101,0.7234725560445308,6.587145280905397,6.494611156462496,12.0,0.2000000029802322,0.800000011920929,True,False,0.0
11,gp_m52_ei,4,3,Q047,exploitation,0.5951450968012029,0.6868967554438982,12.372591563382878,1.293948541355629,5.0,0.0,1.0,True,False,7770.0
11,gp_m52_ei,4,4,Q090,exploitation,0.1670417257911159,0.5619025653250789,5.953338730671006,6.323152905541212,11.0,0.0,1.0,True,False,0.0
11,gp_m52_ei,4,5,Q076,exploitation,0.1680431798323361,0.2620517400287553,9.245588589875394,2.926854241416021,3.0,0.0,0.0,False,False,34391.0
11,gp_m52_ei,5,1,Q032,exploitation,0.2529379972731848,0.5070505212206933,9.83401447206069,3.347489309514413,4.0,0.0,1.0,False,False,0.0
11,gp_m52_ei,5,2,Q035,exploitation,0.4917288162439303,0.2417224444564322,12.048112814114289,0.6219366185931893,3.0,0.0,0.0,False,False,50709.0
11,gp_m52_ei,5,3,Q008,exploitation,0.1400819281820358,0.2413070420685069,8.410308621294073,3.3804297577947744,5.0,0.4000000059604645,0.6000000238418579,True,False,0.0
11,gp_m52_ei,5,4,Q053,exploitation,0.4312171143323461,0.1072930403185562,12.002595976279157,0.3371045483050123,2.0,0.0,0.0,False,False,110908.0
11,gp_m52_ei,5,5,Q027,exploitation,0.022739004974656,0.0494737583701194,0.3997368395098553,5.8300348093110115,7.0,0.0,1.0,True,False,0.0
11,gp_m52_ei,6,1,Q074,exploitation,0.068533696584542,0.0317949439903807,10.49568230777849,1.0528147145066862,5.0,0.0,0.0,False,False,34285.0
11,gp_m52_ei,6,2,Q065,exploitation,0.0535467909958781,0.0235407984222892,10.384363478594528,1.0404924809282354,4.0,0.0,0.0,False,False,38100.0
11,gp_m52_ei,6,3,Q040,exploitation,0.1849960343727143,0.0226302811410022,11.860296408118488,0.2238867196518999,2.0,0.0,0.0,False,False,114138.0
11,gp_m52_ei,6,4,Q005,exploitation,0.0114152555048305,0.0123582894880105,4.892708898569345,3.149157999202092,7.0,0.0,1.0,True,False,42083.0
11,gp_m52_ei,6,5,Q073,exploitation,0.0289940588750649,0.0085698119724111,10.607295345115908,0.7668120431598245,4.0,0.0,0.0,False,False,31696.0
11,gp_m52_ei,7,1,Q046,exploitation,0.0209411119348269,0.0012566000355358,11.730386418015838,0.1624925847266611,1.0,0.0,0.0,False,False,58386.0
11,gp_m52_ei,7,2,Q075,exploitation,0.0009147543293544,0.0009394754325328,0.4250609051038765,3.7335412966714414,6.0,0.0,1.0,True,False,0.0
11,gp_m52_ei,7,3,Q088,exploitation,0.0006698752404658,0.0006311789564403,0.8315945626451606,3.501176187006836,11.0,0.0,1.0,True,False,0.0
11,gp_m52_ei,7,4,Q010,exploitation,0.0004282430697086,0.0003871362770173,0.5218633070650132,3.4611927533944904,4.0,1.0,0.0,False,False,0.0
11,gp_m52_ei,7,5,Q036,exploitation,0.0001448179195905,0.0001202000452564,-0.2434671821935756,3.3949022818427395,2.0,1.0,0.0,False,False,0.0
11,gp_m52_ei,8,1,Q015,exploitation,4.70533508241069e-20,6.5981078718891595e-21,0.1891793410376916,1.3052344843070458,2.0,0.0,1.0,False,False,48700.0
11,gp_m52_ei,8,2,Q037,exploitation,0.0042756431510181,0.0005220374973992,11.0305946963923,0.3918680931289183,1.0,0.0,0.0,False,False,76141.0
11,gp_m52_ei,8,3,Q042,exploitation,3.219010858361796e-12,6.561756758907031e-13,2.0563442806144963,1.4563668369143534,2.0,0.0,1.0,False,False,452.0
11,gp_m52_ei,8,4,Q048,exploitation,0.0019942670173144,0.0002767404375127,10.692159320680808,0.4754487564186287,2.0,0.0,0.0,False,False,42637.0
11,gp_m52_ei,8,5,Q071,exploitation,0.0001122645347365,1.0242390412138885e-05,10.664216700004037,0.3785662737258908,1.0,0.0,0.0,False,False,60955.0
11,pi_random_exploration,1,1,Q073,exploitation,0.9262425328841084,0.5122425905706416,12.091755785078677,0.3458063999003405,4.0,0.0,0.0,False,False,31696.0
11,pi_random_exploration,1,2,Q071,exploitation,0.9255345941237888,0.5137734041287052,12.093086278126648,0.3479374156785459,4.0,0.0,0.0,False,False,60955.0
11,pi_random_exploration,1,3,Q055,exploitation,0.9239945559917452,0.510130234919128,12.089162507106694,0.3478345432594729,5.0,0.0,0.0,False,False,171271.0
11,pi_random_exploration,1,4,Q040,exploitation,0.9089324757513222,0.3865375405118864,11.965556962584165,0.2808067299611304,4.0,0.0,0.0,False,False,114138.0
11,pi_random_exploration,1,5,Q022,random_exploration,1.7256773672206711e-09,3.6722679635664576e-11,10.808510361847333,0.1324168660135767,5.0,0.0,0.0,False,False,114383.0
11,pi_random_exploration,2,1,Q057,exploitation,0.592344121703641,1.2426630795358524,12.612240805224602,2.3599397199751757,6.0,0.0,1.0,True,False,0.0
11,pi_random_exploration,2,2,Q075,exploitation,0.3783451550141632,0.6789319911136351,11.26125751405341,2.5812573017048313,6.0,0.0,1.0,True,False,0.0
11,pi_random_exploration,2,3,Q037,exploitation,0.35415037812921,0.1874279043163264,11.76818193418519,0.7826666692228027,1.0,0.0,0.0,False,False,76141.0
11,pi_random_exploration,2,4,Q042,exploitation,0.3531526926892638,0.2658238856366369,11.641057695187635,1.1144512867258345,2.0,0.0,0.0,False,False,452.0
11,pi_random_exploration,2,5,Q033,random_exploration,0.0962653596458205,0.0790116285300428,9.784385226064046,1.7470434335307492,3.0,0.0,0.0,False,False,76472.0
11,pi_random_exploration,3,1,Q006,exploitation,0.4335582578735626,0.5678566592568164,11.764875325561192,1.7698359272951,7.0,0.0,1.0,True,False,2244.0
11,pi_random_exploration,3,2,Q095,exploitation,0.2190131362361272,0.8101833832558392,7.053602596531279,6.456749106195745,13.0,1.0,0.0,True,False,0.0
11,pi_random_exploration,3,3,Q002,exploitation,0.1885635502158529,0.1732142256059743,10.58377630033511,1.6725865526262882,8.0,0.0,1.0,True,False,0.0
11,pi_random_exploration,3,4,Q008,exploitation,0.1173060751869881,0.2042818467323992,7.833328114268614,3.556971229885926,8.0,0.0,1.0,True,False,0.0
11,pi_random_exploration,3,5,Q036,random_exploration,0.0112471589207982,0.0175553578125623,1.6833999162468158,4.547761473644912,4.0,0.0,1.0,False,False,0.0
11,pi_random_exploration,4,1,Q058,exploitation,0.3043056563163694,0.2807159241108052,11.32045752788184,1.446227841904997,7.0,0.0,0.0,False,False,60312.0
11,pi_random_exploration,4,2,Q063,exploitation,0.2858815640160967,0.1843389324865003,11.476552115161343,1.0335999895508714,4.0,0.0,0.0,False,False,38893.0
11,pi_random_exploration,4,3,Q053,exploitation,0.2259204363025573,0.0490238652938773,11.778671889754849,0.3752728002523262,2.0,0.0,0.0,False,False,110908.0
11,pi_random_exploration,4,4,Q030,exploitation,0.2183328784565919,0.3917892098233052,9.622526920886756,3.1349559372463087,2.0,0.0,0.0,False,False,95814.0
11,pi_random_exploration,4,5,Q074,random_exploration,0.0227543422841592,0.0115012764570001,9.35253378884215,1.3542900142526448,3.0,0.0,0.0,False,False,34285.0
11,pi_random_exploration,5,1,Q090,exploitation,0.2439973333371827,1.0573904613177876,6.984787197204516,7.319693573235477,11.0,0.0,0.0,False,False,0.0
11,pi_random_exploration,5,2,Q088,exploitation,0.2000143818717731,0.8007752894907596,6.024996237929086,7.1723242908746645,14.0,0.0,0.0,False,False,0.0
11,pi_random_exploration,5,3,Q091,exploitation,0.2006514708641095,0.8104959948687647,5.992979884461388,7.229898212624195,7.0,0.0,0.0,False,False,0.0
11,pi_random_exploration,5,4,Q004,exploitation,0.1719070786782605,0.6545831814020402,5.334963847345364,7.105057372779015,9.0,1.0,0.0,True,False,0.0
11,pi_random_exploration,5,5,Q005,random_exploration,0.0336470736558662,0.0452845918618563,5.804081187555555,3.419638115511361,7.0,0.0,1.0,True,False,42083.0
11,pi_random_exploration,6,1,Q047,exploitation,0.0899756884200223,0.1074966049341224,8.605111083902086,2.5772875421615224,5.0,0.0,1.0,True,False,7770.0
11,pi_random_exploration,6,2,Q027,exploitation,0.0681925637078812,0.1872972829319751,2.769536315816337,6.238447970835346,7.0,1.0,0.0,True,False,0.0
11,pi_random_exploration,6,3,Q044,exploitation,0.0641482530423012,0.0308241790261659,10.38324872046092,1.1031694103965826,5.0,0.0,0.0,False,False,54574.0
11,pi_random_exploration,6,4,Q081,exploitation,0.0423145679591291,0.1062112449310188,1.4288560388607283,6.165581813268163,11.0,1.0,0.0,True,False,0.0
11,pi_random_exploration,6,5,Q032,random_exploration,0.0002945537215174,0.0001756240247012,4.0272086201993496,2.337730715439576,2.0,1.0,0.0,False,False,0.0
11,pi_random_exploration,7,1,Q035,exploitation,0.021671617154706,0.0053346322689908,10.720117679568425,0.663679961184897,3.0,0.0,0.0,False,False,50709.0
11,pi_random_exploration,7,2,Q065,exploitation,0.0100787301021903,0.0028277473516222,10.138954304691389,0.8272577314111019,4.0,0.0,0.0,False,False,38100.0
11,pi_random_exploration,7,3,Q038,exploitation,0.0020340715351594,0.0001648100792029,11.264757785298867,0.2771659721264936,2.0,0.0,0.0,False,False,80348.0
11,pi_random_exploration,7,4,Q076,exploitation,0.0007066612988739,0.0001231161306648,10.00224628043622,0.6449924473709929,3.0,0.0,0.800000011920929,False,False,34391.0
11,pi_random_exploration,7,5,Q048,random_exploration,1.3197097341958496e-07,5.6084615109040805e-09,10.857688748836075,0.2337664838682745,2.0,0.0,0.4000000059604645,False,False,42637.0
11,pi_random_exploration,8,1,Q010,exploitation,2.0861483032946912e-05,8.874517195276484e-06,4.177943606787304,1.9237659113011585,4.0,1.0,0.0,False,False,0.0
11,pi_random_exploration,8,2,Q012,exploitation,1.82366131279598e-05,2.5790708337368017e-06,9.403808255004735,0.6435837794452588,5.0,0.0,0.0,False,False,1147.0
11,pi_random_exploration,8,3,Q029,exploitation,4.968626506971694e-08,9.564953071948394e-10,11.479366052675832,0.1091697858572268,1.0,0.0,0.0,False,False,119441.0
11,pi_random_exploration,8,4,Q015,exploitation,7.955859041228546e-11,1.5455606378494766e-11,3.748857551359268,1.299511193326063,2.0,0.0,0.0,False,False,48700.0
11,pi_random_exploration,8,5,Q046,random_exploration,3.746547716414082e-09,2.8111810583279396e-11,11.796497210620352,0.0457672509032318,1.0,0.0,0.0,False,False,58386.0
11,pi_uncertainty,1,1,Q073,exploitation,0.9262425328841084,0.5122425905706416,12.091755785078677,0.3458063999003405,4.0,0.0,0.0,False,False,31696.0
11,pi_uncertainty,1,2,Q071,exploitation,0.9255345941237888,0.5137734041287052,12.093086278126648,0.3479374156785459,4.0,0.0,0.0,False,False,60955.0
11,pi_uncertainty,1,3,Q055,exploitation,0.9239945559917452,0.510130234919128,12.089162507106694,0.3478345432594729,5.0,0.0,0.0,False,False,171271.0
11,pi_uncertainty,1,4,Q040,exploitation,0.9089324757513222,0.3865375405118864,11.965556962584165,0.2808067299611304,4.0,0.0,0.0,False,False,114138.0
11,pi_uncertainty,1,5,Q036,uncertainty_exploration,0.1258212733891692,0.2958958458238938,6.168732102703325,4.729864649113864,4.0,0.0,1.0,False,False,0.0
11,pi_uncertainty,2,1,Q057,exploitation,0.5356018710798168,1.14201451443025,12.290223458722055,2.5650927031289816,6.0,0.0,0.4000000059604645,True,False,0.0
11,pi_uncertainty,2,2,Q075,exploitation,0.3425904885118643,0.6329750889841564,10.938391612711587,2.7691343236298467,6.0,0.0,0.6000000238418579,True,False,0.0
11,pi_uncertainty,2,3,Q042,exploitation,0.3197710014562425,0.2270216248843462,11.549205588297792,1.092803186724944,2.0,0.0,0.0,False,False,452.0
11,pi_uncertainty,2,4,Q022,exploitation,0.313663074532727,0.1736217767331551,11.644357872602066,0.8581991987766872,2.0,0.0,0.0,False,False,114383.0
11,pi_uncertainty,2,5,Q095,uncertainty_exploration,0.2397975896487815,0.8550017536999439,7.78035553552384,6.055066946469657,13.0,0.0,1.0,True,False,0.0
11,pi_uncertainty,3,1,Q006,exploitation,0.5469728666297471,0.921788894861198,12.297128445242375,2.000732344760231,7.0,0.0,1.0,True,False,2244.0
11,pi_uncertainty,3,2,Q033,exploitation,0.4543066812959121,0.3026291600652011,11.960076305841117,0.8792916772007804,3.0,0.0,0.0,False,False,76472.0
11,pi_uncertainty,3,3,Q002,exploitation,0.305990561011939,0.3373041372742111,11.18614492542262,1.7247264323437184,8.0,0.0,1.0,True,False,0.0
11,pi_uncertainty,3,4,Q008,exploitation,0.1972009137402866,0.3045034114216449,9.695764391164264,2.7772101785676075,8.0,0.0,1.0,True,False,0.0
11,pi_uncertainty,3,5,Q090,uncertainty_exploration,0.0897208979625707,0.2465161565848381,4.099558628854595,5.930423495995527,11.0,0.0,0.2000000029802322,True,False,0.0
11,pi_uncertainty,4,1,Q058,exploitation,0.2993143326400362,0.3104684310341922,11.199898854258404,1.6359281423969825,7.0,0.0,0.800000011920929,True,False,60312.0
11,pi_uncertainty,4,2,Q063,exploitation,0.2773596873671521,0.1922109321591107,11.39795244062084,1.1224856979683726,4.0,0.0,1.0,False,False,38893.0
11,pi_uncertainty,4,3,Q053,exploitation,0.2574687218063292,0.0658977989910466,11.784292756147869,0.424951875943821,2.0,0.0,0.0,False,False,110908.0
11,pi_uncertainty,4,4,Q030,exploitation,0.2235716939305692,0.3866544362237669,9.780259910858424,3.0002501782372364,2.0,0.0,0.0,False,False,95814.0
11,pi_uncertainty,4,5,Q004,uncertainty_exploration,0.1416339655072717,0.4506978974387089,5.377884944803112,6.228405456677462,9.0,1.0,0.0,True,False,0.0
11,pi_uncertainty,5,1,Q088,exploitation,0.0457806765133509,0.1087772152228672,2.3324355055369663,5.766042121051248,14.0,0.0,1.0,True,False,0.0
11,pi_uncertainty,5,2,Q091,exploitation,0.0389500087080233,0.0884561787654362,2.102707996225597,5.648488033408856,7.0,0.0,1.0,True,False,0.0
11,pi_uncertainty,5,3,Q047,exploitation,0.0376760727685997,0.0490454497365541,6.274826095380826,3.2537443286486023,5.0,0.0,1.0,True,False,7770.0
11,pi_uncertainty,5,4,Q027,exploitation,0.0347173284054966,0.0849707014230976,0.8210483785569291,6.190833287130384,7.0,1.0,0.0,True,False,0.0
11,pi_uncertainty,5,5,Q081,uncertainty_exploration,0.024708272242029,0.0557804998228722,0.3021806842723098,5.984196847482252,11.0,0.6000000238418579,0.4000000059604645,True,False,0.0
11,pi_uncertainty,6,1,Q044,exploitation,0.0408930797086419,0.0158245267646492,10.3980646365919,0.9554867670143404,5.0,0.0,0.0,False,False,54574.0
11,pi_uncertainty,6,2,Q065,exploitation,0.0251128195265197,0.0084145499921927,10.325641177491011,0.8862788570279286,4.0,0.0,0.0,False,False,38100.0
11,pi_uncertainty,6,3,Q035,exploitation,0.0241982328372601,0.006528734684309,10.645475580216852,0.7171355001159079,4.0,0.0,0.0,False,False,50709.0
11,pi_uncertainty,6,4,Q074,exploitation,0.0146136474257475,0.0060933055871283,9.489375740744798,1.1794276486619055,3.0,0.0,1.0,False,False,34285.0
11,pi_uncertainty,6,5,Q005,uncertainty_exploration,0.011311283142319,0.0117296663746405,5.177335665392725,3.01948674411236,7.0,0.0,1.0,True,False,42083.0
11,pi_uncertainty,7,1,Q038,exploitation,0.0005335994181687,3.212601044940967e-05,11.317585874739306,0.2271945011986853,2.0,0.0,0.0,False,False,80348.0
11,pi_uncertainty,7,2,Q076,exploitation,0.000223191245116,3.323500400468824e-05,9.9761066018507,0.5938156632888935,3.0,0.0,0.4000000059604645,False,False,34391.0
11,pi_uncertainty,7,3,Q032,exploitation,0.0002195695047242,0.0001238987366233,4.142823354711801,2.252446028886665,2.0,1.0,0.0,False,False,0.0
11,pi_uncertainty,7,4,Q012,exploitation,0.0001172734606411,1.943046025155179e-05,9.538177349461243,0.6858186902004582,5.0,0.0,0.0,False,False,1147.0
11,pi_uncertainty,7,5,Q010,uncertainty_exploration,1.8079568783075507e-05,7.797834985249488e-06,3.949998953756907,1.963571123777968,4.0,1.0,0.0,False,False,0.0
11,pi_uncertainty,8,1,Q037,exploitation,0.0002215093390494,1.2037740128267166e-05,11.299340088854962,0.2168119786430892,1.0,0.0,0.0,False,False,76141.0
11,pi_uncertainty,8,2,Q046,exploitation,9.017080130239068e-06,1.165728686307665e-07,11.800596661265343,0.060731222741179,1.0,0.0,0.0,False,False,58386.0
11,pi_uncertainty,8,3,Q029,exploitation,1.0286285093874546e-07,2.055883681466482e-09,11.485410520184086,0.1108178535053214,1.0,0.0,0.0,False,False,119441.0
11,pi_uncertainty,8,4,Q048,exploitation,2.1247564347916625e-07,1.0870416407128786e-08,10.659707223675722,0.2770778550257584,2.0,0.0,0.2000000029802322,False,False,42637.0
11,pi_uncertainty,8,5,Q015,uncertainty_exploration,2.3510332343459153e-15,3.4375746820249715e-16,2.8065323975731613,1.1812261610766446,2.0,0.0,1.0,False,False,48700.0
11,imperfection_aware,1,1,Q073,exploitation,0.9262425328841084,0.5122425905706416,12.091755785078677,0.3458063999003405,4.0,0.0,0.0,False,False,31696.0
11,imperfection_aware,1,2,Q071,exploitation,0.9255345941237888,0.5137734041287052,12.093086278126648,0.3479374156785459,4.0,0.0,0.0,False,False,60955.0
11,imperfection_aware,1,3,Q055,exploitation,0.9239945559917452,0.510130234919128,12.089162507106694,0.3478345432594729,5.0,0.0,0.0,False,False,171271.0
11,imperfection_aware,1,4,Q040,exploitation,0.9089324757513222,0.3865375405118864,11.965556962584165,0.2808067299611304,4.0,0.0,0.0,False,False,114138.0
11,imperfection_aware,1,5,Q091,suspicious_exploration,0.8000906827957224,0.483796719211004,12.018088599166347,0.507380747358157,7.0,0.0,1.0,True,False,0.0
11,imperfection_aware,2,1,Q037,exploitation,0.3782871429770185,0.2253937563790637,11.79531567767708,0.8571211656778083,1.0,0.0,0.0,False,False,76141.0
11,imperfection_aware,2,2,Q042,exploitation,0.3663953260529355,0.3033207891239737,11.64885560341343,1.2071870243564888,2.0,0.0,0.0,False,False,452.0
11,imperfection_aware,2,3,Q022,exploitation,0.3298658412687891,0.1972987268621129,11.660430189528444,0.9098180852250422,2.0,0.0,0.0,False,False,114383.0
11,imperfection_aware,2,4,Q053,exploitation,0.3029966017787175,0.100467917644391,11.792454572425797,0.5206533006917993,2.0,0.0,0.0,False,False,110908.0
11,imperfection_aware,2,5,Q057,suspicious_exploration,0.5192063191132942,1.089636008336523,12.184929128811792,2.5730170492156232,6.0,0.0,1.0,True,False,0.0
11,imperfection_aware,3,1,Q033,exploitation,0.2545286772954943,0.1713467028170427,11.320225514474544,1.121877554264914,2.0,0.0,0.0,False,False,76472.0
11,imperfection_aware,3,2,Q058,exploitation,0.0702533400002518,0.0497502779267341,9.702814305655922,1.5999613204767813,7.0,0.0,0.0,False,False,60312.0
11,imperfection_aware,3,3,Q063,exploitation,0.0602415780524647,0.0197683557334474,10.878522713137103,0.7615433308422295,4.0,0.0,0.0,False,False,38893.0
11,imperfection_aware,3,4,Q032,exploitation,0.0449289799290139,0.0740606525026777,5.256211054836548,4.011913686250186,4.0,0.0,1.0,False,False,0.0
11,imperfection_aware,3,5,Q006,suspicious_exploration,0.4753110220116462,0.7855245047395355,11.929089882051487,2.13026978646616,7.0,0.0,1.0,True,False,2244.0
11,imperfection_aware,4,1,Q030,exploitation,0.0176554200966043,0.0084356564582936,9.279592129503053,1.3214786393898632,2.0,0.0,0.0,False,False,95814.0
11,imperfection_aware,4,2,Q029,exploitation,0.0147490247595373,0.0069434678111438,9.165428281654254,1.3302211915570337,2.0,0.0,0.0,False,False,119441.0
11,imperfection_aware,4,3,Q012,exploitation,0.0086413593377412,0.0015188910893343,10.80697268428754,0.5267646295949673,5.0,0.0,0.0,False,False,1147.0
11,imperfection_aware,4,4,Q074,exploitation,0.008179696307451,0.0040552764017608,8.473608509606704,1.4942534311358562,3.0,0.0,0.0,False,False,34285.0
11,imperfection_aware,4,5,Q095,suspicious_exploration,0.2378703850866614,1.012700073039983,6.891898097583474,7.248078982873943,13.0,1.0,0.0,True,False,0.0
11,imperfection_aware,5,1,Q035,exploitation,0.1375428932025478,0.0519397245939374,11.248747908396153,0.744219791487027,4.0,0.0,0.0,False,False,50709.0
11,imperfection_aware,5,2,Q044,exploitation,0.0593590323857191,0.0170661580765193,11.01741870800013,0.6688917491860982,5.0,0.0,0.0,False,False,54574.0
11,imperfection_aware,5,3,Q065,exploitation,0.0515678544195362,0.0186701241758324,10.655852815910984,0.8621441342271233,4.0,0.0,0.0,False,False,38100.0
11,imperfection_aware,5,4,Q046,exploitation,0.0161254212968919,0.0011716642344701,11.625980850273187,0.2031615649630607,1.0,0.0,0.0,False,False,58386.0
11,imperfection_aware,5,5,Q004,suspicious_exploration,0.117971660060907,0.4044050176924356,3.772758991346088,6.993196609451144,8.0,1.0,0.0,True,False,0.0
11,imperfection_aware,6,1,Q076,exploitation,0.0102243965785383,0.0028592197745757,10.152645991438083,0.8232761978777219,3.0,0.0,0.0,False,False,34391.0
11,imperfection_aware,6,2,Q038,exploitation,0.0097289305357481,0.0016237974244146,10.906740587123682,0.4939858755725652,2.0,0.0,0.0,False,False,80348.0
11,imperfection_aware,6,3,Q036,exploitation,6.31441751171322e-09,3.021600193641741e-09,-4.320516868565539,2.8784905022308624,2.0,0.800000011920929,0.2000000029802322,False,False,0.0
11,imperfection_aware,6,4,Q048,exploitation,1.7559520846608097e-05,1.6851601453334313e-06,10.250876807750142,0.4374995227251028,2.0,0.0,0.0,False,False,42637.0
11,imperfection_aware,6,5,Q090,suspicious_exploration,0.0162210397475304,0.0268472170689497,2.169574974644571,4.62449709682635,11.0,0.0,1.0,True,False,0.0
11,imperfection_aware,7,1,Q010,exploitation,2.3853375245486563e-05,8.246504679801099e-06,5.743512076208054,1.5535132219526684,4.0,1.0,0.0,False,True,0.0
11,imperfection_aware,7,2,Q015,exploitation,2.1433370105285858e-12,3.2541185145617693e-13,4.488140081614577,1.0931772524826775,2.0,0.0,0.0,False,True,48700.0
11,imperfection_aware,7,3,Q005,exploitation,0.0116266257957334,0.0109093084531263,5.8798885796260345,2.723862601565005,7.0,0.0,1.0,True,True,42083.0
11,imperfection_aware,7,4,Q027,exploitation,0.0019569345937014,0.002916893524823,-2.6949517021143077,5.114679340683348,7.0,1.0,0.0,True,True,0.0
11,imperfection_aware,7,5,Q081,suspicious_exploration,0.0015887409750384,0.0021214979628991,-1.6807163614873613,4.6581722107180195,9.0,0.4000000059604645,0.6000000238418579,True,True,0.0
11,imperfection_aware,8,1,Q075,exploitation,0.1343682228009678,0.3849652295222561,5.782480410011543,5.676905961601953,6.0,1.0,0.0,True,True,0.0
11,imperfection_aware,8,2,Q088,exploitation,0.0109186869413327,0.0158516868716655,2.3293898709025234,4.2437132792938534,11.0,0.0,1.0,True,True,0.0
11,imperfection_aware,8,3,Q047,exploitation,0.0091365983723978,0.0106945111505746,3.830377120811835,3.4875034009855534,5.0,0.0,1.0,True,True,7770.0
11,imperfection_aware,8,4,Q002,exploitation,0.0033933111659075,0.0022789921249481,6.10369404384598,2.200595663704869,8.0,0.0,1.0,True,True,0.0
11,imperfection_aware,8,5,Q008,suspicious_exploration,0.0009255714865635,0.0006992888471336,3.5178802085316905,2.7442243979948664,7.0,1.0,0.0,True,True,0.0
12,random,1,1,Q042,random,0.0087907516176365,0.0006572042292754,11.124155111741404,0.2236506018602485,3.0,0.0,1.0,False,False,452.0
12,random,1,2,Q005,random,0.0018816035908964,0.001647190070815,2.924329917844081,3.0133811670698916,10.0,0.0,1.0,True,False,42083.0
12,random,1,3,Q072,random,0.2154045085678432,0.3434454398973969,9.452052349827625,2.7965188408962827,8.0,0.0,1.0,True,False,57726.0
12,random,1,4,Q056,random,0.8003570940245696,1.5770136518334943,13.048118404397163,1.6525689541071191,6.0,0.0,1.0,True,False,94093.0
12,random,1,5,Q078,random,0.0582649042594663,0.098780398865661,5.4451072355912356,3.9566974519558538,8.0,0.0,1.0,True,False,51868.0
12,random,2,1,Q025,random,0.507777321489646,0.3761332448596873,11.673111946817968,0.9201673210612372,1.0,0.0,0.0,False,False,51808.0
12,random,2,2,Q091,random,0.008686895935771,0.0117298884859375,2.0345473656904542,4.044487926972814,11.0,0.0,1.0,True,False,0.0
12,random,2,3,Q079,random,0.1260158326822352,0.2644259528914984,6.822796042511957,4.2188367999683845,9.0,1.0,0.0,True,False,32240.0
12,random,2,4,Q052,random,0.3215365955824061,0.1943340846087454,11.224951537639631,0.9283878548242592,3.0,0.0,0.0,False,False,81273.0
12,random,2,5,Q044,random,0.1289368313751597,0.3158919076029821,6.110643911690659,4.900455784808313,6.0,0.0,0.0,False,False,54574.0
12,random,3,1,Q051,random,0.1351603295802595,0.3436306352364827,6.109548928045869,5.030845080340539,7.0,0.0,0.0,False,False,873.0
12,random,3,2,Q006,random,0.0140665098771502,0.0086882492854319,7.802509299097609,1.754858579303692,8.0,0.0,1.0,True,False,2244.0
12,random,3,3,Q058,random,0.13516032659109,0.3436306258826338,6.10954885884026,5.030845080340555,5.0,0.0,0.0,False,False,60312.0
12,random,3,4,Q048,random,0.0065902858462548,0.0012682911666035,10.185675005097949,0.5928134670542073,3.0,0.0,1.0,False,False,42637.0
12,random,3,5,Q083,random,0.1351602774689201,0.3436304721672315,6.109547721557981,5.030845080340621,8.0,1.0,0.0,True,False,0.0
12,random,4,1,Q092,random,0.1504320321112019,0.407080907011985,6.2537523708437694,5.220870650990757,10.0,0.0,1.0,True,False,0.0
12,random,4,2,Q066,random,0.0040087998705353,0.0023426029683373,6.653356953756623,1.8865322595419185,4.0,0.0,0.0,False,False,82233.0
12,random,4,3,Q050,random,0.0778794424010308,0.1760865511473995,4.538728949958495,5.013412815179788,2.0,0.0,0.0,False,False,6338.0
12,random,4,4,Q045,random,0.5693773941738556,0.1019201507559771,11.691350160841306,0.2069799582169858,3.0,0.0,0.0,False,False,104181.0
12,random,4,5,Q067,random,0.0202200851811309,0.0176341253390545,6.794319020731386,2.3720452950766155,4.0,0.0,0.0,False,False,75311.0
12,random,5,1,Q018,random,0.720764177583411,0.407952793373166,11.970117200074142,0.5382632797864236,2.0,0.0,0.0,False,False,207261.0
12,random,5,2,Q002,random,1.0422843634606668e-06,3.395312485122861e-07,3.736725198203264,1.668781231212808,5.0,0.0,1.0,True,False,0.0
12,random,5,3,Q070,random,0.4409077544028064,0.4433692909402794,11.454828489547264,1.3475907095589674,2.0,0.0,0.0,False,False,14174.0
12,random,5,4,Q071,random,0.2350682716840839,0.150570514647053,10.86466678708171,1.0944935118049657,4.0,0.0,0.0,False,False,60955.0
12,random,5,5,Q086,random,0.0975464254639711,0.2163489960719773,5.554712340299795,4.708382380750772,9.0,0.0,1.0,True,False,200.0
12,random,6,1,Q032,random,1.5073471645762814e-15,2.3344758724423943e-16,2.313560723269319,1.259544334235838,2.0,1.0,0.0,False,False,0.0
12,random,6,2,Q001,random,0.058726720020313,0.1317039083873064,4.068550273022695,5.227029563765646,10.0,0.0,1.0,True,False,4553.0
12,random,6,3,Q076,random,0.1217171095243175,0.0800493656032322,10.697442812948498,1.3325060253506982,3.0,0.0,0.0,False,False,34391.0
12,random,6,4,Q012,random,0.0033580234419986,0.0018126378996359,7.453159663061601,1.7702978978468302,7.0,0.0,1.0,True,False,1147.0
12,random,6,5,Q053,random,0.0514641926144715,0.030566985608096,9.944426565918224,1.414817660601754,2.0,0.0,0.0,False,False,110908.0
12,random,7,1,Q062,random,1.2210713042308986e-09,2.084250981697727e-10,5.860714330223328,1.071370361662773,3.0,0.0,1.0,False,False,0.0
12,random,7,2,Q060,random,0.0034970462609029,0.0006498585902986,10.61383056420071,0.6072792922617349,2.0,0.0,0.0,False,False,43612.0
12,random,7,3,Q094,random,0.0696946109999083,0.1650874414871588,4.330191057601716,5.359388595064029,9.0,0.6000000238418579,0.4000000059604645,True,False,0.0
12,random,7,4,Q023,random,0.0653699387463809,0.0282827244794095,10.755599038286144,0.9900404751408654,2.0,0.0,0.0,False,False,130578.0
12,random,7,5,Q061,random,0.092603386002702,0.0223099087811992,11.56705889540146,0.5167815650963834,4.0,0.0,0.0,False,False,61305.0
12,random,8,1,Q021,random,0.0048817032762681,0.0012900763660258,10.086649615509074,0.8378511221134582,2.0,0.0,0.0,False,False,67531.0
12,random,8,2,Q081,random,0.0075753187561972,0.0099191302588646,2.591116454863477,3.977597669112928,6.0,0.0,1.0,True,False,0.0
12,random,8,3,Q090,random,8.80944409784575e-07,4.162256393604192e-07,0.6130650128183213,2.4353899738168945,10.0,0.4000000059604645,0.6000000238418579,True,False,0.0
12,random,8,4,Q022,random,0.0015425503142353,0.0002228981094073,10.756704390089634,0.5052279406035783,1.0,0.0,0.0,False,False,114383.0
12,random,8,5,Q087,random,0.0153704404008873,0.0261097515587795,1.9320867751673445,4.776708261123676,10.0,1.0,0.0,True,False,0.0
12,gp_m52_pi,1,1,Q051,exploitation,0.8107192094903743,1.6817358794905106,13.15916858449635,1.70801973075949,7.0,0.0,1.0,True,False,873.0
12,gp_m52_pi,1,2,Q050,exploitation,0.8071134394708424,1.2648464791061669,12.78158316050865,1.2987433688416956,8.0,0.0,1.0,True,False,6338.0
12,gp_m52_pi,1,3,Q056,exploitation,0.8003570940245696,1.5770136518334943,13.048118404397163,1.6525689541071191,6.0,0.0,1.0,True,False,94093.0
12,gp_m52_pi,1,4,Q052,exploitation,0.7348236687379393,1.070910198402912,12.50712363938396,1.3577611625833677,3.0,0.0,0.6000000238418579,False,False,81273.0
12,gp_m52_pi,1,5,Q025,exploitation,0.668210810304753,0.751344689990313,12.155209347317644,1.1495685703364769,1.0,0.0,0.4000000059604645,False,False,51808.0
12,gp_m52_pi,2,1,Q053,exploitation,0.7094683040048514,0.6866786824265285,12.171353484004326,0.9353953869046306,3.0,0.0,0.0,False,False,110908.0
12,gp_m52_pi,2,2,Q061,exploitation,0.5622912364476218,0.5871729002140593,11.846073521287057,1.2176307170645286,4.0,0.0,0.0,False,False,61305.0
12,gp_m52_pi,2,3,Q045,exploitation,0.44430482859415,0.1301194297847051,11.600412470531015,0.3909636148005939,3.0,0.0,0.0,False,False,104181.0
12,gp_m52_pi,2,4,Q023,exploitation,0.3666211876657795,0.368477944990963,11.15580115839334,1.465223614545464,2.0,0.0,1.0,False,False,130578.0
12,gp_m52_pi,2,5,Q070,exploitation,0.3588622589392946,0.3522982835049429,11.13317459317457,1.443970667454228,2.0,0.0,0.0,False,False,14174.0
12,gp_m52_pi,3,1,Q018,exploitation,0.3228768194398407,0.1208727364734352,11.525819176110186,0.5741400060537158,2.0,0.0,0.0,False,False,207261.0
12,gp_m52_pi,3,2,Q076,exploitation,0.2227038637983678,0.2538150288525173,10.279232201054704,1.9794452301732144,3.0,0.0,1.0,False,False,34391.0
12,gp_m52_pi,3,3,Q078,exploitation,0.2081197408757659,0.4449596204131382,8.710747682231666,3.787364725537906,8.0,0.0,1.0,True,False,51868.0
12,gp_m52_pi,3,4,Q066,exploitation,0.1858356817733351,0.1602302169195045,10.38171720994779,1.576113694406296,4.0,0.0,0.0,False,False,82233.0
12,gp_m52_pi,3,5,Q022,exploitation,0.1580170216830385,0.0417173996840561,11.285162505878082,0.5032420529064704,1.0,0.0,0.0,False,False,114383.0
12,gp_m52_pi,4,1,Q094,exploitation,0.1119934365136683,0.3341047081784324,4.767948037497613,6.154459256244172,20.0,0.0,1.0,True,False,0.0
12,gp_m52_pi,4,2,Q086,exploitation,0.0447276282532038,0.098802879606386,3.114908913976918,5.380054783202349,19.0,0.0,1.0,True,False,200.0
12,gp_m52_pi,4,3,Q092,exploitation,0.0389709038482525,0.0843095236782784,2.7674436397032265,5.3803818104654155,10.0,0.4000000059604645,0.6000000238418579,True,False,0.0
12,gp_m52_pi,4,4,Q044,exploitation,0.0368155083478753,0.0145430372145165,10.479448709751772,0.9907154375586994,6.0,0.0,0.0,False,False,54574.0
12,gp_m52_pi,4,5,Q072,exploitation,0.0357890198907989,0.0171259971744387,10.080404020223009,1.205097041604172,5.0,0.0,0.0,False,False,57726.0
12,gp_m52_pi,5,1,Q067,exploitation,0.038650777716872,0.011900492901796,10.897344785605137,0.7666835008999356,4.0,0.0,0.2000000029802322,False,False,75311.0
12,gp_m52_pi,5,2,Q083,exploitation,0.0194716080896276,0.0321643627907849,2.931119407085185,4.514084173799523,9.0,1.0,0.0,True,False,0.0
12,gp_m52_pi,5,3,Q079,exploitation,0.0096253332160853,0.0100626638215423,5.0011211619490545,3.09770602374313,9.0,1.0,0.0,True,False,32240.0
12,gp_m52_pi,5,4,Q012,exploitation,0.0086701930751094,0.001915924468737,10.676522538005068,0.6620198136521699,7.0,0.0,1.0,True,False,1147.0
12,gp_m52_pi,5,5,Q087,exploitation,0.0083433046982319,0.0126516359574382,1.334746615721877,4.5610213783071565,10.0,1.0,0.0,True,False,0.0
12,gp_m52_pi,6,1,Q071,exploitation,0.0242393155168472,0.0043804299769105,11.304159814641078,0.4802370905462763,4.0,0.0,0.0,False,False,60955.0
12,gp_m52_pi,6,2,Q062,exploitation,0.0068108266868496,0.003376022893185,8.497020452964872,1.521922666633487,3.0,0.0,1.0,False,False,0.0
12,gp_m52_pi,6,3,Q048,exploitation,0.0017615618301117,0.0002208491927098,10.9858638773389,0.4338196890105571,3.0,0.0,1.0,False,False,42637.0
12,gp_m52_pi,6,4,Q081,exploitation,0.0012839640925117,0.0008227919733055,5.400590287480233,2.2721885695843103,6.0,0.800000011920929,0.2000000029802322,True,False,0.0
12,gp_m52_pi,6,5,Q021,exploitation,0.0007924284822807,7.56916052220189e-05,11.143668473098629,0.3508018182569264,2.0,0.0,0.0,False,False,67531.0
12,gp_m52_pi,7,1,Q002,exploitation,0.1273943377644884,0.1683102831704414,9.234152969180228,2.6498062009740084,5.0,0.0,1.0,True,False,0.0
12,gp_m52_pi,7,2,Q006,exploitation,0.1091181772951479,0.1194984338759626,9.454703330664554,2.271738511050579,7.0,0.0,1.0,True,False,2244.0
12,gp_m52_pi,7,3,Q058,exploitation,0.0642834441366131,0.067303901300236,8.600014507768229,2.4028019210562777,5.0,0.0,0.0,False,False,60312.0
12,gp_m52_pi,7,4,Q042,exploitation,0.0604317914322622,0.0253170164457499,10.74446906515187,0.9717056078131984,2.0,0.0,0.0,False,False,452.0
12,gp_m52_pi,7,5,Q060,exploitation,0.0311042275268515,0.0097191272429319,10.75467016312398,0.802800917660362,2.0,0.0,0.0,False,False,43612.0
12,gp_m52_pi,8,1,Q001,exploitation,0.0441061485595453,0.0889980982652568,3.854938012942755,4.925086740802326,10.0,0.0,1.0,True,False,4553.0
12,gp_m52_pi,8,2,Q005,exploitation,0.1270575788543951,0.2018579030828572,8.615783844018456,3.1882851678543234,8.0,0.0,1.0,True,False,42083.0
12,gp_m52_pi,8,3,Q032,exploitation,3.431187866752153e-14,8.730088108312938e-15,-2.508378942754054,1.970517757010472,2.0,1.0,0.0,False,False,0.0
12,gp_m52_pi,8,4,Q090,exploitation,0.0050632840464157,0.0065937443214148,1.6709451893948415,4.114675313049425,10.0,0.0,1.0,True,False,0.0
12,gp_m52_pi,8,5,Q091,exploitation,0.0058357214151827,0.0078951539778596,1.6162325628757817,4.217216750864174,9.0,0.0,1.0,True,False,0.0
12,gp_m52_ei,1,1,Q051,exploitation,0.8107192094903743,1.6817358794905106,13.15916858449635,1.70801973075949,7.0,0.0,1.0,True,False,873.0
12,gp_m52_ei,1,2,Q056,exploitation,0.8003570940245696,1.5770136518334943,13.048118404397163,1.6525689541071191,6.0,0.0,1.0,True,False,94093.0
12,gp_m52_ei,1,3,Q050,exploitation,0.8071134394708424,1.2648464791061669,12.78158316050865,1.2987433688416956,8.0,0.0,1.0,True,False,6338.0
12,gp_m52_ei,1,4,Q052,exploitation,0.7348236687379393,1.070910198402912,12.50712363938396,1.3577611625833677,3.0,0.0,0.6000000238418579,False,False,81273.0
12,gp_m52_ei,1,5,Q025,exploitation,0.668210810304753,0.751344689990313,12.155209347317644,1.1495685703364769,1.0,0.0,0.4000000059604645,False,False,51808.0
12,gp_m52_ei,2,1,Q053,exploitation,0.7094683040048514,0.6866786824265285,12.171353484004326,0.9353953869046306,3.0,0.0,0.0,False,False,110908.0
12,gp_m52_ei,2,2,Q061,exploitation,0.5622912364476218,0.5871729002140593,11.846073521287057,1.2176307170645286,4.0,0.0,0.0,False,False,61305.0
12,gp_m52_ei,2,3,Q078,exploitation,0.2349554390857087,0.5582394299494214,8.721046881999369,4.060375976735448,8.0,0.0,1.0,True,False,51868.0
12,gp_m52_ei,2,4,Q076,exploitation,0.3001476281166263,0.4595341068359695,10.391208975566236,2.412254356823345,4.0,0.0,1.0,False,False,34391.0
12,gp_m52_ei,2,5,Q066,exploitation,0.3262064415490839,0.425810228877349,10.756993413472362,1.9941241718201597,4.0,0.0,0.0,False,False,82233.0
12,gp_m52_ei,3,1,Q094,exploitation,0.1035008236980726,0.2837022357497151,4.400669366714738,5.7490866893120405,20.0,0.0,1.0,True,False,0.0
12,gp_m52_ei,3,2,Q070,exploitation,0.2263066047656532,0.1541485751780628,10.77088626282097,1.1773752963485729,2.0,0.0,0.0,False,False,14174.0
12,gp_m52_ei,3,3,Q092,exploitation,0.0409395011673412,0.0851998055759227,2.716226415113133,5.1376612264336785,10.0,0.0,1.0,True,False,0.0
12,gp_m52_ei,3,4,Q086,exploitation,0.040574367332709,0.0825347220283569,2.885121454340308,5.028527633498574,19.0,0.0,1.0,True,False,200.0
12,gp_m52_ei,3,5,Q018,exploitation,0.2013880587722061,0.0797991857975552,11.062386363962371,0.7085032781141337,2.0,0.0,0.0,False,False,207261.0
12,gp_m52_ei,4,1,Q023,exploitation,0.1827250698941473,0.0744331105446777,11.574773309678108,0.7480045681545956,2.0,0.0,0.0,False,False,130578.0
12,gp_m52_ei,4,2,Q022,exploitation,0.1375647601635773,0.04017164047875,11.62369437105289,0.5754876900437774,2.0,0.0,0.0,False,False,114383.0
12,gp_m52_ei,4,3,Q012,exploitation,0.0702775781460728,0.0357878050604956,10.556271682642569,1.1504623901517887,8.0,0.0,1.0,True,False,1147.0
12,gp_m52_ei,4,4,Q083,exploitation,0.0152078601500893,0.0234531923401606,2.8529218637925404,4.341988916871301,9.0,1.0,0.0,True,False,0.0
12,gp_m52_ei,4,5,Q087,exploitation,0.0135668317866735,0.0217627802043493,2.1394843741477683,4.576530855486636,10.0,1.0,0.0,True,False,0.0
12,gp_m52_ei,5,1,Q067,exploitation,0.060017845349104,0.0310496401821527,10.384085473854316,1.2013539812268277,4.0,0.0,0.2000000029802322,False,False,75311.0
12,gp_m52_ei,5,2,Q072,exploitation,0.0375809626540316,0.0223869009223551,9.601225402823069,1.4894919106494866,5.0,0.0,0.0,False,False,57726.0
12,gp_m52_ei,5,3,Q062,exploitation,0.0090470729824746,0.0047691097502482,8.535471192592087,1.5722341848730914,3.0,0.0,1.0,False,False,0.0
12,gp_m52_ei,5,4,Q071,exploitation,0.0215245322801232,0.0041130755345707,11.208457969441138,0.5156502840374271,5.0,0.0,0.0,False,False,60955.0
12,gp_m52_ei,5,5,Q079,exploitation,0.0018911013207722,0.001877019139697,2.3620400810326685,3.41521347173865,8.0,1.0,0.0,True,False,32240.0
12,gp_m52_ei,6,1,Q002,exploitation,0.0559328611161944,0.0661991636023684,7.830166974117853,2.78110277668132,5.0,0.0,1.0,True,False,0.0
12,gp_m52_ei,6,2,Q006,exploitation,0.0556755846659007,0.057051348175995,8.415122197964982,2.4097092234565904,7.0,0.0,1.0,True,False,2244.0
12,gp_m52_ei,6,3,Q044,exploitation,0.0589877507122273,0.0425294655189469,9.62664184669681,1.6791724968438333,6.0,0.0,0.0,False,False,54574.0
12,gp_m52_ei,6,4,Q058,exploitation,0.0228280051281971,0.0147146521793456,8.80151009561711,1.726357641500053,7.0,0.0,0.0,False,False,60312.0
12,gp_m52_ei,6,5,Q005,exploitation,0.0112214338192528,0.0092606133386577,6.761426876021299,2.405090811038387,10.0,0.0,1.0,True,False,42083.0
12,gp_m52_ei,7,1,Q060,exploitation,0.1291383463060789,0.0657456386414788,11.100955134507618,1.0179660808568396,2.0,0.0,0.0,False,False,43612.0
12,gp_m52_ei,7,2,Q090,exploitation,0.0312838395923238,0.0605300099549281,3.0017959786468977,4.967075651385503,10.0,0.0,1.0,True,False,0.0
12,gp_m52_ei,7,3,Q001,exploitation,0.0063301717899284,0.0083072882515127,2.1331008907982376,4.058521367719128,10.0,0.0,1.0,True,False,4553.0
12,gp_m52_ei,7,4,Q042,exploitation,0.019660651327795,0.0070334808879416,10.239476423475027,0.976443197221596,2.0,0.0,0.0,False,False,452.0
12,gp_m52_ei,7,5,Q045,exploitation,0.0237311333044646,0.0062239012142641,10.866440461585084,0.6988862270899029,2.0,0.0,0.0,False,False,104181.0
12,gp_m52_ei,8,1,Q021,exploitation,3.023263856188776e-05,4.822157041545487e-06,9.409569250106877,0.7085959819064244,2.0,0.0,0.0,False,False,67531.0
12,gp_m52_ei,8,2,Q032,exploitation,5.896722683336358e-17,1.1861188215155209e-17,-1.9422388059659053,1.7131775610179285,2.0,1.0,0.0,False,False,0.0
12,gp_m52_ei,8,3,Q048,exploitation,4.5447895303339723e-07,5.898855381753806e-08,8.888086721285692,0.6850072558286131,3.0,0.0,1.0,False,False,42637.0
12,gp_m52_ei,8,4,Q081,exploitation,0.0042412366215866,0.0048969860242526,2.490138557951762,3.7084811766588586,6.0,0.2000000029802322,0.800000011920929,True,False,0.0
12,gp_m52_ei,8,5,Q091,exploitation,2.8831037578392983e-09,9.983628116165903e-10,-0.1325330106203637,2.1266391557610107,9.0,0.0,1.0,True,False,0.0
12,pi_random_exploration,1,1,Q051,exploitation,0.8107192094903743,1.6817358794905106,13.15916858449635,1.70801973075949,7.0,0.0,1.0,True,False,873.0
12,pi_random_exploration,1,2,Q050,exploitation,0.8071134394708424,1.2648464791061669,12.78158316050865,1.2987433688416956,8.0,0.0,1.0,True,False,6338.0
12,pi_random_exploration,1,3,Q056,exploitation,0.8003570940245696,1.5770136518334943,13.048118404397163,1.6525689541071191,6.0,0.0,1.0,True,False,94093.0
12,pi_random_exploration,1,4,Q052,exploitation,0.7348236687379393,1.070910198402912,12.50712363938396,1.3577611625833677,3.0,0.0,0.6000000238418579,False,False,81273.0
12,pi_random_exploration,1,5,Q006,random_exploration,0.0425583249663278,0.0574481522866705,5.951269977371095,3.3128711122066994,8.0,0.0,1.0,True,False,2244.0
12,pi_random_exploration,2,1,Q053,exploitation,0.6600794500321716,0.5743162299303701,12.026206335091397,0.8990842221924626,3.0,0.0,0.0,False,False,110908.0
12,pi_random_exploration,2,2,Q061,exploitation,0.555868135794471,0.5590884138020257,11.821202204641262,1.181694596963767,4.0,0.0,0.0,False,False,61305.0
12,pi_random_exploration,2,3,Q025,exploitation,0.4952180725951149,0.2625040533058778,11.647165250276656,0.667987420603199,1.0,0.0,0.0,False,False,51808.0
12,pi_random_exploration,2,4,Q045,exploitation,0.4482154647947289,0.111871936404893,11.61198978996201,0.3317359898876356,3.0,0.0,0.0,False,False,104181.0
12,pi_random_exploration,2,5,Q078,random_exploration,0.2859488912267602,0.6900437040408688,9.468813262802874,3.867890634697462,8.0,0.0,1.0,True,False,51868.0
12,pi_random_exploration,3,1,Q066,exploitation,0.4840721042992201,0.5419250644945197,11.598112665450993,1.428779101645107,4.0,0.0,0.0,False,False,82233.0
12,pi_random_exploration,3,2,Q076,exploitation,0.3406205532119413,0.3387902502582442,11.041432416250906,1.4941200434658632,4.0,0.0,1.0,False,False,34391.0
12,pi_random_exploration,3,3,Q067,exploitation,0.2141549529755703,0.2229193869790015,10.206590549828965,1.8288162739936913,4.0,0.0,0.0,False,False,75311.0
12,pi_random_exploration,3,4,Q018,exploitation,0.1778967030319088,0.056805325393384,11.109875461654292,0.5905249253915467,2.0,0.0,0.0,False,False,207261.0
12,pi_random_exploration,3,5,Q090,random_exploration,0.000109709492001,7.866798394558705e-05,0.6455956510091418,2.979151454933063,26.0,0.0,1.0,True,False,0.0
12,pi_random_exploration,4,1,Q023,exploitation,0.0894572375658763,0.0280632826761153,11.341114055344642,0.6774954338579112,2.0,0.0,0.0,False,False,130578.0
12,pi_random_exploration,4,2,Q094,exploitation,0.0856397519872017,0.22592432313944,4.391155895668095,5.745603180563753,10.0,0.0,1.0,True,False,0.0
12,pi_random_exploration,4,3,Q044,exploitation,0.0638618258638278,0.0302160324164311,10.595937073651449,1.0870975494868913,6.0,0.0,0.0,False,False,54574.0
12,pi_random_exploration,4,4,Q072,exploitation,0.0498044993555474,0.0227889381331376,10.447366466636128,1.095715889864602,5.0,0.0,0.0,False,False,57726.0
12,pi_random_exploration,4,5,Q048,random_exploration,0.0004702138742341,4.3455797100934814e-05,11.08845746556092,0.3516817395841179,3.0,0.0,1.0,False,False,42637.0
12,pi_random_exploration,5,1,Q012,exploitation,0.0323337716723904,0.0114950822810943,10.57337868798574,0.9084250783419529,7.0,0.0,1.0,True,False,1147.0
12,pi_random_exploration,5,2,Q086,exploitation,0.0311161961220668,0.0606475501238972,2.9149496428332577,5.007297677022548,17.0,0.0,1.0,True,False,200.0
12,pi_random_exploration,5,3,Q022,exploitation,0.0220198686821864,0.0029511601153045,11.525571792803422,0.3606111674805048,1.0,0.0,0.0,False,False,114383.0
12,pi_random_exploration,5,4,Q083,exploitation,0.0195403413560028,0.0353274673606479,2.0621494129669475,4.938404520475715,14.0,1.0,0.0,True,False,0.0
12,pi_random_exploration,5,5,Q032,random_exploration,1.4302676054526502e-18,1.7940612544905012e-19,2.4789531273915406,1.1211375645470736,2.0,1.0,0.0,False,False,0.0
12,pi_random_exploration,6,1,Q070,exploitation,0.3394067047441235,0.2347108930174839,11.820976500555796,1.0402808026194157,2.0,0.0,0.0,False,False,14174.0
12,pi_random_exploration,6,2,Q060,exploitation,0.0626361589687726,0.0161339476945705,11.34143328012531,0.5938011533584138,2.0,0.0,0.0,False,False,43612.0
12,pi_random_exploration,6,3,Q058,exploitation,0.0208885164964392,0.0110209175449606,9.342324925917517,1.4291717273738536,5.0,0.0,0.0,False,False,60312.0
12,pi_random_exploration,6,4,Q071,exploitation,0.0124041206012259,0.0031364507141023,10.616138659139946,0.728755146591313,4.0,0.0,0.0,False,False,60955.0
12,pi_random_exploration,6,5,Q021,random_exploration,0.0003660119677384,5.410703486809763e-05,10.320798049828523,0.5717417942957691,2.0,0.0,0.0,False,False,67531.0
12,pi_random_exploration,7,1,Q087,exploitation,0.0659817344091782,0.1431601379189536,4.784804666206876,4.956793669033628,10.0,1.0,0.0,True,False,0.0
12,pi_random_exploration,7,2,Q079,exploitation,0.0066710954298269,0.0077765504032978,3.3769565214938977,3.586491692144988,8.0,1.0,0.0,True,False,32240.0
12,pi_random_exploration,7,3,Q092,exploitation,0.0065714044689313,0.008781093433517,2.0412453635041112,4.117340431024783,10.0,0.2000000029802322,0.800000011920929,True,False,0.0
12,pi_random_exploration,7,4,Q062,exploitation,0.0025053009089834,0.0012304968224436,7.616666591220805,1.6516364953526523,3.0,0.0,1.0,False,False,0.0
12,pi_random_exploration,7,5,Q081,random_exploration,0.0003377629629506,0.0002884858838596,0.9652431538146056,3.3202175406653285,6.0,1.0,0.0,True,False,0.0
12,pi_random_exploration,8,1,Q005,exploitation,0.0495356250223917,0.0539439422938737,7.946847563407288,2.6100169600744167,10.0,0.0,1.0,True,False,42083.0
12,pi_random_exploration,8,2,Q042,exploitation,0.0323779526927075,0.011955517509851,10.509445689300165,0.9433407314145672,2.0,0.0,0.0,False,False,452.0
12,pi_random_exploration,8,3,Q001,exploitation,2.716367461394006e-38,1.9622309954827053e-39,0.1157808847317491,0.941831115726679,10.0,0.2000000029802322,0.800000011920929,True,False,4553.0
12,pi_random_exploration,8,4,Q002,exploitation,0.0003813470518151,0.000141446711427,7.4357246503581775,1.4307867808691657,5.0,0.0,1.0,True,False,0.0
12,pi_random_exploration,8,5,Q091,random_exploration,3.6495708887524266e-11,1.0320396939401278e-11,-0.2797754315435785,1.9236700981812396,9.0,0.0,1.0,True,False,0.0
12,pi_uncertainty,1,1,Q051,exploitation,0.8107192094903743,1.6817358794905106,13.15916858449635,1.70801973075949,7.0,0.0,1.0,True,False,873.0
12,pi_uncertainty,1,2,Q050,exploitation,0.8071134394708424,1.2648464791061669,12.78158316050865,1.2987433688416956,8.0,0.0,1.0,True,False,6338.0
12,pi_uncertainty,1,3,Q056,exploitation,0.8003570940245696,1.5770136518334943,13.048118404397163,1.6525689541071191,6.0,0.0,1.0,True,False,94093.0
12,pi_uncertainty,1,4,Q052,exploitation,0.7348236687379393,1.070910198402912,12.50712363938396,1.3577611625833677,3.0,0.0,0.6000000238418579,False,False,81273.0
12,pi_uncertainty,1,5,Q094,uncertainty_exploration,0.0420082200977677,0.0794905892860806,3.615108771297368,4.653238275889508,20.0,0.2000000029802322,0.800000011920929,True,False,0.0
12,pi_uncertainty,2,1,Q053,exploitation,0.5813575786274708,0.4554874240282292,11.838585334573317,0.8930958409312797,3.0,0.0,0.0,False,False,110908.0
12,pi_uncertainty,2,2,Q045,exploitation,0.5433327303792385,0.1738035883689632,11.696679526293622,0.3813829110618529,3.0,0.0,0.0,False,False,104181.0
12,pi_uncertainty,2,3,Q025,exploitation,0.4680961610677425,0.262178804675763,11.596900222071133,0.727886718882623,1.0,0.0,0.0,False,False,51808.0
12,pi_uncertainty,2,4,Q061,exploitation,0.4103068295003856,0.3265807800431607,11.404801068026746,1.1041448512242524,4.0,0.0,0.0,False,False,61305.0
12,pi_uncertainty,2,5,Q086,uncertainty_exploration,0.0362976306847653,0.0671597944807682,3.306678912714837,4.65002074853595,19.0,0.0,1.0,True,False,200.0
12,pi_uncertainty,3,1,Q076,exploitation,0.3697071594421732,0.5405770912294019,10.948633260441724,2.12410503944998,4.0,0.0,1.0,False,False,34391.0
12,pi_uncertainty,3,2,Q078,exploitation,0.2825703934221227,0.6586802367971476,9.497138572773142,3.75164998524548,8.0,0.0,1.0,True,False,51868.0
12,pi_uncertainty,3,3,Q071,exploitation,0.2666723006636285,0.0954050692650034,11.289405873178415,0.587191159573395,7.0,0.0,0.0,False,False,60955.0
12,pi_uncertainty,3,4,Q070,exploitation,0.2559199334542249,0.2112082151652888,10.75456267210058,1.3729317109334125,2.0,0.0,0.0,False,False,14174.0
12,pi_uncertainty,3,5,Q087,uncertainty_exploration,0.0328276898242468,0.0610099220251207,2.9322762802853073,4.738723207260671,10.0,1.0,0.0,True,False,0.0
12,pi_uncertainty,4,1,Q066,exploitation,0.3330190150657389,0.2788695286583188,11.107433765375228,1.2691120681905514,4.0,0.0,1.0,False,False,82233.0
12,pi_uncertainty,4,2,Q018,exploitation,0.1844989239220976,0.0577363412588335,11.140280086111188,0.5731518617725955,2.0,0.0,0.0,False,False,207261.0
12,pi_uncertainty,4,3,Q067,exploitation,0.1509060926068769,0.1251170832644103,10.004753708551506,1.5983831721563018,4.0,0.0,1.0,False,False,75311.0
12,pi_uncertainty,4,4,Q022,exploitation,0.0774784585892616,0.0167557118055978,10.972519428766237,0.4799846683366807,2.0,0.0,0.0,False,False,114383.0
12,pi_uncertainty,4,5,Q092,uncertainty_exploration,0.0040914491167066,0.0053951299036551,0.4185661771293185,4.249162313972698,10.0,0.0,1.0,True,False,0.0
12,pi_uncertainty,5,1,Q023,exploitation,0.1187043156201915,0.0325606064670686,11.591491947875095,0.5588263454763894,1.0,0.0,0.0,False,False,130578.0
12,pi_uncertainty,5,2,Q044,exploitation,0.0575755642266598,0.0253074473146128,10.632343919288823,1.0278894579244322,6.0,0.0,0.0,False,False,54574.0
12,pi_uncertainty,5,3,Q072,exploitation,0.0517503593185204,0.0219791496366847,10.606057502247612,1.0107900828762826,4.0,0.0,0.0,False,False,57726.0
12,pi_uncertainty,5,4,Q012,exploitation,0.0395572111723295,0.0122812934215185,10.89899669875605,0.7704212028775148,8.0,0.0,1.0,True,False,1147.0
12,pi_uncertainty,5,5,Q083,uncertainty_exploration,0.0090051788478892,0.0123778848213728,2.5497821922504853,4.101604716690014,9.0,1.0,0.0,True,False,0.0
12,pi_uncertainty,6,1,Q062,exploitation,0.0065855812970015,0.0030981980413493,8.65884516092268,1.4492691025330826,3.0,0.0,1.0,False,False,0.0
12,pi_uncertainty,6,2,Q079,exploitation,0.0020930149350009,0.0019963958601102,2.9292025739184995,3.255312146482255,8.0,1.0,0.0,True,False,32240.0
12,pi_uncertainty,6,3,Q048,exploitation,0.0007821516585927,8.503083786057328e-05,10.987914729951903,0.399630476047075,3.0,0.0,1.0,False,False,42637.0
12,pi_uncertainty,6,4,Q058,exploitation,0.0005979719858276,0.0001491417463558,9.225742999188764,0.9339938542975592,5.0,0.0,0.0,False,False,60312.0
12,pi_uncertainty,6,5,Q081,uncertainty_exploration,6.17304878177966e-05,4.301539680588479e-05,0.7874443484500064,2.9861543677177074,6.0,1.0,0.0,True,False,0.0
12,pi_uncertainty,7,1,Q006,exploitation,0.0726992841213005,0.0772413415736203,8.778128192501947,2.385756948768461,7.0,0.0,1.0,True,False,2244.0
12,pi_uncertainty,7,2,Q002,exploitation,0.0680700046846639,0.0824277608921431,8.151418899342998,2.751301032482888,5.0,0.0,1.0,True,False,0.0
12,pi_uncertainty,7,3,Q060,exploitation,0.0356556919872681,0.0109078522642401,10.861545268992453,0.770835514920045,2.0,0.0,0.0,False,False,43612.0
12,pi_uncertainty,7,4,Q042,exploitation,0.0350182399476005,0.013073730424481,10.543018558139902,0.9431717755956026,2.0,0.0,0.0,False,False,452.0
12,pi_uncertainty,7,5,Q001,uncertainty_exploration,0.0242950633962762,0.041345683230836,3.3354296012472076,4.521063775779834,10.0,0.0,1.0,True,False,4553.0
12,pi_uncertainty,8,1,Q005,exploitation,0.1348976331955469,0.2013969115316978,8.990162899213917,2.95557328245767,8.0,0.0,1.0,True,False,42083.0
12,pi_uncertainty,8,2,Q090,exploitation,0.0045117164677669,0.0058134051448636,1.5063478239772854,4.115171156239983,10.0,0.0,1.0,True,False,0.0
12,pi_uncertainty,8,3,Q091,exploitation,0.0037072969604834,0.0046804304646397,1.261615481815614,4.104428000024971,9.0,0.0,1.0,True,False,0.0
12,pi_uncertainty,8,4,Q021,exploitation,0.0009848787938142,0.0002310705938141,9.626238337944748,0.8483711715545008,2.0,0.0,0.0,False,False,67531.0
12,pi_uncertainty,8,5,Q032,uncertainty_exploration,1.8630050310361223e-14,4.6607389800593904e-15,-2.5621298900214224,1.956861826486259,2.0,1.0,0.0,False,False,0.0
12,imperfection_aware,1,1,Q052,exploitation,0.7348236687379393,1.070910198402912,12.50712363938396,1.3577611625833677,3.0,0.0,0.6000000238418579,False,False,81273.0
12,imperfection_aware,1,2,Q025,exploitation,0.668210810304753,0.751344689990313,12.155209347317644,1.1495685703364769,1.0,0.0,0.4000000059604645,False,False,51808.0
12,imperfection_aware,1,3,Q021,exploitation,0.4166187827959856,0.4478643228593763,11.343418675100972,1.4806552569209577,3.0,0.0,1.0,False,False,67531.0
12,imperfection_aware,1,4,Q053,exploitation,0.3977072269447729,0.3984196750861802,11.28966640479666,1.4096620978500063,4.0,0.0,0.800000011920929,False,False,110908.0
12,imperfection_aware,1,5,Q051,suspicious_exploration,0.8107192094903743,1.6817358794905106,13.15916858449635,1.70801973075949,7.0,0.0,1.0,True,False,873.0
12,imperfection_aware,2,1,Q066,exploitation,0.4012990976609478,0.5824938166768926,11.146650829868005,2.034199937279919,4.0,0.0,0.2000000029802322,False,False,82233.0
12,imperfection_aware,2,2,Q076,exploitation,0.3146848978906249,0.4932830448950095,10.483672423122744,2.427405172521744,4.0,0.0,1.0,False,False,34391.0
12,imperfection_aware,2,3,Q070,exploitation,0.2914153103204845,0.1140100166241154,11.313026702240547,0.6229269143153465,2.0,0.0,0.0,False,False,14174.0
12,imperfection_aware,2,4,Q045,exploitation,0.2835478694675886,0.0568359146791231,11.470754742468188,0.322220153832609,2.0,0.0,0.0,False,False,104181.0
12,imperfection_aware,2,5,Q056,suspicious_exploration,0.5095117049220623,0.2766592243262687,11.671223799280977,0.6731728800362093,6.0,0.0,0.4000000059604645,True,False,94093.0
12,imperfection_aware,3,1,Q018,exploitation,0.1864936898778403,0.0631772342544621,11.104009253138743,0.6186645944585164,2.0,0.0,0.0,False,False,207261.0
12,imperfection_aware,3,2,Q022,exploitation,0.1103225719187827,0.0278954428363457,11.01422046493318,0.5233052437283117,2.0,0.0,0.0,False,False,114383.0
12,imperfection_aware,3,3,Q044,exploitation,0.0915996911007757,0.065935158886817,9.595679394027323,1.5473641323941727,6.0,0.0,0.0,False,False,54574.0
12,imperfection_aware,3,4,Q023,exploitation,0.0899868173806459,0.0373989616997939,10.453076180818034,0.8965271725355795,2.0,0.0,0.2000000029802322,False,False,130578.0
12,imperfection_aware,3,5,Q078,suspicious_exploration,0.2155849891918209,0.3162444222707286,9.630320442004836,2.5722492513962645,8.0,0.0,1.0,True,False,51868.0
12,imperfection_aware,4,1,Q067,exploitation,0.0588027456528396,0.0262571065695062,10.623439754816667,1.040510811562295,4.0,0.0,0.0,False,False,75311.0
12,imperfection_aware,4,2,Q072,exploitation,0.0481111735247924,0.0211190203426194,10.493527566437375,1.0569666480452815,5.0,0.0,0.0,False,False,57726.0
12,imperfection_aware,4,3,Q058,exploitation,0.0371514557228601,0.0119709947781114,10.811361197328132,0.80705024272912,5.0,0.0,0.0,False,False,60312.0
12,imperfection_aware,4,4,Q061,exploitation,0.00448739839467,0.0006218264086861,11.094744342005027,0.4427818631119089,4.0,0.0,0.0,False,False,61305.0
12,imperfection_aware,4,5,Q094,suspicious_exploration,0.1256927904151424,0.3999426331900967,4.909808282626484,6.401039250157634,20.0,0.0,1.0,True,False,0.0
12,imperfection_aware,5,1,Q062,exploitation,0.0007987202826738,0.0002549185832814,8.554075630479145,1.1714909901903636,3.0,0.0,1.0,False,False,0.0
12,imperfection_aware,5,2,Q050,exploitation,1.1976079642678492e-06,8.177609884952844e-08,10.610281344981884,0.3479985311933193,2.0,0.0,0.0,False,False,6338.0
12,imperfection_aware,5,3,Q060,exploitation,3.1535275467067805e-06,3.0777541591559953e-07,10.088184443426696,0.4791049770881049,2.0,0.0,0.0,False,False,43612.0
12,imperfection_aware,5,4,Q071,exploitation,1.3516489683783649e-05,8.030489664660838e-07,11.101239951962423,0.2741162533457216,4.0,0.0,0.0,False,False,60955.0
12,imperfection_aware,5,5,Q086,suspicious_exploration,0.059053712084195,0.1478478464037016,3.1411319846594195,5.829792521376684,19.0,0.0,1.0,True,False,200.0
12,imperfection_aware,6,1,Q042,exploitation,0.0038489863794476,0.0006538825885645,10.78475377727299,0.5504557326961179,2.0,0.0,0.0,False,True,452.0
12,imperfection_aware,6,2,Q032,exploitation,9.013172650810756e-21,1.4649168825982929e-21,-2.039864265892655,1.5411354622454705,2.0,1.0,0.0,False,True,0.0
12,imperfection_aware,6,3,Q048,exploitation,2.2464636366593813e-07,2.535410189156512e-08,9.172625712937684,0.610113110111034,3.0,0.0,1.0,False,True,42637.0
12,imperfection_aware,6,4,Q012,exploitation,0.0396703429587624,0.0096727124717768,11.190615084279733,0.6047928795164208,7.0,0.0,0.2000000029802322,True,True,1147.0
12,imperfection_aware,6,5,Q006,suspicious_exploration,0.0246427546578231,0.0176148145235608,8.525119345245352,1.8954245309522089,7.0,0.0,1.0,True,True,2244.0
12,imperfection_aware,7,1,Q083,exploitation,0.0638734433826862,0.1481464344405438,4.135721468439866,5.328802208572883,9.0,1.0,0.0,True,True,0.0
12,imperfection_aware,7,2,Q090,exploitation,0.0338863551145369,0.0671350166383587,3.066626331874799,5.028763620106394,10.0,0.0,1.0,True,True,0.0
12,imperfection_aware,7,3,Q092,exploitation,0.0321128824423804,0.0658162123267074,2.5506157291893397,5.242123587675886,10.0,0.0,1.0,True,True,0.0
12,imperfection_aware,7,4,Q087,exploitation,0.0265407889223174,0.0531806907521498,2.075430301549744,5.261095297549064,10.0,1.0,0.0,True,True,0.0
12,imperfection_aware,7,5,Q005,suspicious_exploration,0.0216974501507249,0.0231607770066201,6.439392431791095,2.877557369995831,10.0,0.0,1.0,True,True,42083.0
12,imperfection_aware,8,1,Q081,exploitation,0.0024422815650412,0.0029789030761364,0.6830302225231177,4.110323205753291,6.0,1.0,0.0,True,True,0.0
12,imperfection_aware,8,2,Q002,exploitation,0.0016845042740735,0.0008776543568274,6.947289461569303,1.8092223234739135,5.0,0.0,1.0,True,True,0.0
12,imperfection_aware,8,3,Q079,exploitation,0.0014939523785019,0.0017088892447349,0.3481331976213697,4.00932561339656,8.0,1.0,0.0,True,True,32240.0
12,imperfection_aware,8,4,Q001,exploitation,0.0007425404005546,0.0006704172034422,1.6670921767418738,3.3310368832762944,10.0,0.0,1.0,True,True,4553.0
12,imperfection_aware,8,5,Q091,suspicious_exploration,1.523803277276171e-06,8.249096358375545e-07,-0.5096091766292545,2.7340365730103686,9.0,0.0,1.0,True,True,0.0
13,random,1,1,Q079,random,0.2456761137586465,0.7483357778433178,8.718860050908187,5.133806864125894,9.0,0.0,0.6000000238418579,True,False,32240.0
13,random,1,2,Q024,random,0.0001830673750818,9.310914640075028e-06,11.520453967272918,0.2052233078910948,5.0,0.0,0.0,False,False,25579.0
13,random,1,3,Q082,random,0.1690438466976943,0.5029654688837768,6.9103200123365625,5.5758817062583725,14.0,0.0,0.0,False,False,0.0
13,random,1,4,Q007,random,0.1512112154842037,0.3280126023677698,7.941220117918854,4.179886973620589,7.0,0.0,1.0,True,False,0.0
13,random,1,5,Q095,random,0.075792255051353,0.1837849077566538,4.503044089300305,5.403714635898361,13.0,0.0,1.0,True,False,0.0
13,random,2,1,Q073,random,0.0021128665253253,0.0003720646162817,10.533754041725578,0.6005260156970299,1.0,0.0,0.0,False,False,31696.0
13,random,2,2,Q021,random,0.3415427591378443,0.0851070672868573,12.099082933949248,0.3739220638848824,2.0,0.0,0.0,False,False,67531.0
13,random,2,3,Q064,random,0.1359809968237893,0.1918902158910171,9.188454938463517,2.7884654104021154,6.0,0.0,1.0,True,False,45673.0
13,random,2,4,Q069,random,0.0163226413453613,0.0054917776011066,10.244820516952055,0.9393843267956372,4.0,0.0,0.0,False,False,90845.0
13,random,2,5,Q055,random,0.3706116468827055,0.2103756866269854,11.979703784249242,0.8237653782809765,3.0,0.0,0.0,False,False,171271.0
13,random,3,1,Q074,random,0.0043167463589259,0.0011494743914708,10.009217566992456,0.8538917972815612,3.0,0.0,0.0,False,False,34285.0
13,random,3,2,Q017,random,0.0953691673653226,0.0337782411495542,11.263493245831537,0.7553096925488283,2.0,0.0,0.0,False,False,247107.0
13,random,3,3,Q066,random,0.0539130323741029,0.0202333010371227,10.82502624548676,0.8872361966223734,5.0,0.0,0.0,False,False,82233.0
13,random,3,4,Q094,random,0.0003903924417273,0.0003444554226202,0.8345833533202196,3.398450224201076,9.0,0.0,1.0,True,False,0.0
13,random,3,5,Q081,random,5.959205922245595e-05,3.454537392043094e-05,2.6753735226442625,2.4887909209166397,8.0,1.0,0.0,True,False,0.0
13,random,4,1,Q031,random,0.1355582244510179,0.0561804053928332,11.525697021505495,0.8195254283346948,2.0,0.0,0.0,False,False,62455.0
13,random,4,2,Q049,random,0.053268630895754,0.0153958780221662,11.322623971970929,0.6846269132237258,1.0,0.0,0.0,False,False,163182.0
13,random,4,3,Q034,random,0.1494939068074319,0.0566961838867371,11.666481259545332,0.7328083908132185,5.0,0.0,0.0,False,False,107033.0
13,random,4,4,Q035,random,0.004458157284045,0.0011271104266417,10.313604142530384,0.8083279436395561,4.0,0.0,0.0,False,False,50709.0
13,random,4,5,Q068,random,0.0279560557190937,0.0080369606496465,10.994635483595388,0.7495581189848571,4.0,0.0,0.0,False,False,50021.0
13,random,5,1,Q085,random,0.0309612685089313,0.0648648574060305,2.3726347894398705,5.386049197718503,7.0,0.0,1.0,True,False,0.0
13,random,5,2,Q053,random,0.0724670924096647,0.0205679112662412,11.498050474977546,0.6376864742275196,3.0,0.0,0.0,False,False,110908.0
13,random,5,3,Q080,random,4.010404424364069e-05,1.576819649839735e-05,5.63434036416302,1.722521223427488,6.0,0.0,1.0,True,False,0.0
13,random,5,4,Q062,random,0.0114571825146493,0.0033034881611634,10.520383451626204,0.8383803008125003,3.0,0.0,0.0,False,False,0.0
13,random,5,5,Q001,random,0.0036101291424905,0.0042519608518887,2.1164998912601805,3.838093754624125,10.0,0.0,1.0,True,False,4553.0
13,random,6,1,Q008,random,0.0057798478907343,0.0089675503040904,0.202981876819682,4.840834991294604,5.0,0.0,1.0,True,False,0.0
13,random,6,2,Q030,random,0.1608224916798613,0.0453480564502291,11.897208013004835,0.5351445614016032,2.0,0.0,0.0,False,False,95814.0
13,random,6,3,Q067,random,0.35486253502938,0.4990540987879652,11.654068017164589,2.078076467723484,5.0,0.0,0.0,False,False,75311.0
13,random,6,4,Q040,random,0.0534332735674657,0.0044417121982496,12.110241528133024,0.1968070310140964,2.0,0.0,0.0,False,False,114138.0
13,random,6,5,Q014,random,0.0288533383646652,0.0055331883253204,11.48270730774003,0.497846942278972,2.0,0.0,0.0,False,False,108381.0
13,random,7,1,Q056,random,0.0007256774962999,0.0001868031811544,9.398603925373688,0.9512406409630828,3.0,0.0,0.0,False,False,94093.0
13,random,7,2,Q009,random,0.0248988660183125,0.0264039465864174,6.918905694983819,2.808116709629475,7.0,0.0,1.0,True,False,3295.0
13,random,7,3,Q029,random,3.1225804513232054e-08,9.096494864042297e-10,11.52106897023329,0.167511604899821,1.0,0.0,0.0,False,False,119441.0
13,random,7,4,Q054,random,0.180400620963836,0.1122173535350619,11.380195991543577,1.1461365963088757,2.0,0.0,0.0,False,False,100890.0
13,random,7,5,Q083,random,0.0754137982129983,0.1344728534154806,6.713711033537302,3.9773162710684287,8.0,1.0,0.0,True,False,0.0
13,random,8,1,Q088,random,0.0006623407068672,0.000707322613065,-0.3224948751821799,3.971270646943157,11.0,0.6000000238418579,0.4000000059604645,True,False,0.0
13,random,8,2,Q046,random,0.0127417627681149,0.0013240566309516,11.760535124069694,0.2985889419190717,1.0,0.0,0.0,False,False,58386.0
13,random,8,3,Q012,random,0.0786420007344919,0.0373826957016623,10.939621646089757,1.052107443932095,5.0,0.0,0.0,False,False,1147.0
13,random,8,4,Q045,random,0.0069750710809752,0.0007691719120947,11.597139232979211,0.3377776881462521,2.0,0.0,0.0,False,False,104181.0
13,random,8,5,Q093,random,0.0234309387671241,0.0462989963380794,1.9446876166297775,5.27428847152503,11.0,1.0,0.0,True,False,0.0
13,gp_m52_pi,1,1,Q030,exploitation,0.7049167805049564,0.2436643350692106,12.43281858927455,0.3362074766583876,4.0,0.0,0.0,False,False,95814.0
13,gp_m52_pi,1,2,Q021,exploitation,0.505892314929623,0.0887852478895321,12.254966052866004,0.2184832349990156,2.0,0.0,0.0,False,False,67531.0
13,gp_m52_pi,1,3,Q017,exploitation,0.4878923293642117,0.0434381575986148,12.248304855575212,0.1131352254645184,3.0,0.0,0.0,False,False,247107.0
13,gp_m52_pi,1,4,Q034,exploitation,0.3659620805679169,0.1116711961941032,12.09923240642205,0.4451874356884888,6.0,0.0,0.0,False,False,107033.0
13,gp_m52_pi,1,5,Q067,exploitation,0.3472800339836023,0.5130622822612744,11.38697630309468,2.20223913022647,5.0,0.0,0.0,False,False,75311.0
13,gp_m52_pi,2,1,Q007,exploitation,0.3114082914091677,0.9038306089893374,10.208318439467714,4.511957180527652,7.0,0.0,1.0,True,False,0.0
13,gp_m52_pi,2,2,Q001,exploitation,0.2710023342255551,0.8363301903303075,9.355503073097667,5.037973971048426,10.0,0.0,1.0,True,False,4553.0
13,gp_m52_pi,2,3,Q080,exploitation,0.2228998491065159,0.6968867808629521,8.28857246853471,5.428661719260444,11.0,0.0,1.0,True,False,0.0
13,gp_m52_pi,2,4,Q079,exploitation,0.2226216432437431,0.5543069596984745,9.126021416051248,4.324984117608093,9.0,0.0,0.2000000029802322,True,False,32240.0
13,gp_m52_pi,2,5,Q085,exploitation,0.1883296895190964,0.5914400350659845,7.370654823630371,5.720062931977751,17.0,0.0,1.0,True,False,0.0
13,gp_m52_pi,3,1,Q031,exploitation,0.3170550097112069,0.1550423766334309,12.06817723834278,0.7551287943111138,2.0,0.0,0.0,False,False,62455.0
13,gp_m52_pi,3,2,Q029,exploitation,0.1794778356051071,0.0531076305206248,11.926753251462092,0.5459462262903771,1.0,0.0,0.0,False,False,119441.0
13,gp_m52_pi,3,3,Q082,exploitation,0.1434118184816863,0.3024610121471678,8.043695517113413,4.115877561410795,7.0,1.0,0.0,True,False,0.0
13,gp_m52_pi,3,4,Q095,exploitation,0.1383735784851607,0.3907550022928711,6.382900374263108,5.557531409016732,13.0,1.0,0.0,True,False,0.0
13,gp_m52_pi,3,5,Q083,exploitation,0.1127143697604376,0.2766869987684657,6.297081150096213,5.057256143771653,8.0,1.0,0.0,True,False,0.0
13,gp_m52_pi,4,1,Q064,exploitation,0.0947040746307129,0.0529079570119216,10.861916394728224,1.1930398759320615,6.0,0.0,1.0,True,False,45673.0
13,gp_m52_pi,4,2,Q062,exploitation,0.058293786552236,0.031690635869259,10.436741156578066,1.2686493787331796,3.0,0.0,0.0,False,False,0.0
13,gp_m52_pi,4,3,Q074,exploitation,0.0332040321737943,0.0165799520328872,10.094218077947422,1.2711306060720775,3.0,0.0,0.0,False,False,34285.0
13,gp_m52_pi,4,4,Q054,exploitation,0.0315909352357213,0.0096983315967267,10.965355579285108,0.7870271433787718,3.0,0.0,0.0,False,False,100890.0
13,gp_m52_pi,4,5,Q073,exploitation,0.0303478872234653,0.0115591349191378,10.585742585749786,0.9819443921232804,1.0,0.0,0.0,False,False,31696.0
13,gp_m52_pi,5,1,Q066,exploitation,0.1717045225080636,0.0543693697079888,11.867619279936,0.5910189797352162,3.0,0.0,0.0,False,False,82233.0
13,gp_m52_pi,5,2,Q012,exploitation,0.130564151060759,0.0682831963003802,11.25540877954086,1.0431097764745687,8.0,0.0,0.0,False,False,1147.0
13,gp_m52_pi,5,3,Q056,exploitation,0.1264721827442546,0.0478180045386799,11.5592384504037,0.7595537334772061,3.0,0.0,0.0,False,False,94093.0
13,gp_m52_pi,5,4,Q014,exploitation,0.1223757943765603,0.0342178154089851,11.76938729541779,0.565851071612934,2.0,0.0,0.0,False,False,108381.0
13,gp_m52_pi,5,5,Q093,exploitation,0.0891462075899562,0.2476833664955735,4.345421899352296,6.004435952606444,11.0,1.0,0.0,True,False,0.0
13,gp_m52_pi,6,1,Q049,exploitation,0.334005718061623,0.1631629743977706,12.110426644569127,0.739495936016115,2.0,0.0,0.0,False,False,163182.0
13,gp_m52_pi,6,2,Q053,exploitation,0.2190705904005466,0.1140083356041654,11.723358673538714,0.908279962420411,2.0,0.0,0.0,False,False,110908.0
13,gp_m52_pi,6,3,Q035,exploitation,0.1369340592695889,0.0983214492916585,10.877621686215877,1.4165251482355838,4.0,0.0,0.0,False,False,50709.0
13,gp_m52_pi,6,4,Q055,exploitation,0.1043102908061988,0.0316651950557445,11.628302619206284,0.6356758302504256,3.0,0.0,0.0,False,False,171271.0
13,gp_m52_pi,6,5,Q046,exploitation,0.0976175269515386,0.028287317724175,11.630906221951165,0.6150754079569525,3.0,0.0,0.0,False,False,58386.0
13,gp_m52_pi,7,1,Q068,exploitation,0.1913555985414288,0.0906429162341268,11.677706856877794,0.8590489645966572,4.0,0.0,0.0,False,False,50021.0
13,gp_m52_pi,7,2,Q081,exploitation,0.0319767073708271,0.0513051281887448,4.820814025267568,4.106206932804647,6.0,1.0,0.0,True,False,0.0
13,gp_m52_pi,7,3,Q069,exploitation,0.0326491657657864,0.0202239685615327,9.514140652890145,1.5806337072297636,4.0,0.0,0.0,False,False,90845.0
13,gp_m52_pi,7,4,Q094,exploitation,0.0151429001773421,0.0270637993674717,1.521274555750054,5.034456636214366,9.0,0.2000000029802322,0.800000011920929,True,False,0.0
13,gp_m52_pi,7,5,Q008,exploitation,0.0118634615331688,0.0195290060627938,1.6445694364370675,4.768031929061528,5.0,0.2000000029802322,0.800000011920929,True,False,0.0
13,gp_m52_pi,8,1,Q009,exploitation,7.381715520542546e-07,2.4781929379372745e-07,4.042737370595336,1.7416133608574766,5.0,0.0,1.0,True,False,3295.0
13,gp_m52_pi,8,2,Q024,exploitation,0.0077333911345949,0.0012396677076064,11.251022715480357,0.4859278764103445,3.0,0.0,0.0,False,False,25579.0
13,gp_m52_pi,8,3,Q040,exploitation,0.0037980701560078,0.0005075338429504,11.270347897115627,0.4334996702305599,2.0,0.0,0.0,False,False,114138.0
13,gp_m52_pi,8,4,Q045,exploitation,0.0022224712575375,0.0002924244960655,11.156384793601994,0.4468603594391847,2.0,0.0,0.0,False,False,104181.0
13,gp_m52_pi,8,5,Q088,exploitation,0.0656667285010286,0.1677609858252782,3.613807238912612,5.841329371509969,11.0,1.0,0.0,True,False,0.0
13,gp_m52_ei,1,1,Q080,exploitation,0.2428111455235793,0.8529907032191408,8.107984102577536,5.942669542751643,11.0,0.0,1.0,True,False,0.0
13,gp_m52_ei,1,2,Q079,exploitation,0.2456761137586465,0.7483357778433178,8.718860050908187,5.133806864125894,9.0,0.0,0.6000000238418579,True,False,32240.0
13,gp_m52_ei,1,3,Q083,exploitation,0.1899992046539872,0.6494805896342244,6.7988469374364815,6.211296096090952,14.0,0.0,1.0,True,False,0.0
13,gp_m52_ei,1,4,Q085,exploitation,0.178096002865998,0.6061559802219656,6.446044531370142,6.292443630514672,17.0,0.0,1.0,True,False,0.0
13,gp_m52_ei,1,5,Q067,exploitation,0.3472800339836023,0.5130622822612744,11.38697630309468,2.20223913022647,5.0,0.0,0.0,False,False,75311.0
13,gp_m52_ei,2,1,Q007,exploitation,0.2390137966684926,0.6624252084196354,8.909088188594474,4.711419468463288,7.0,0.0,1.0,True,False,0.0
13,gp_m52_ei,2,2,Q001,exploitation,0.1846917747677026,0.533829975459971,7.501179704611983,5.292343518226735,12.0,0.0,1.0,True,False,4553.0
13,gp_m52_ei,2,3,Q030,exploitation,0.6621882482679358,0.2427450535517411,12.409810275414864,0.3777609670727941,4.0,0.0,0.0,False,False,95814.0
13,gp_m52_ei,2,4,Q095,exploitation,0.0815630667878795,0.2251792579764834,3.787800426293676,6.068930250173472,13.0,0.800000011920929,0.2000000029802322,True,False,0.0
13,gp_m52_ei,2,5,Q093,exploitation,0.0683680927911379,0.1817530515016246,3.2705925035529777,6.035490489313992,11.0,1.0,0.0,True,False,0.0
13,gp_m52_ei,3,1,Q017,exploitation,0.5066605114335185,0.2846340207429486,12.263405485071562,0.6987524880970661,2.0,0.0,0.0,False,False,247107.0
13,gp_m52_ei,3,2,Q031,exploitation,0.2901262151864122,0.1482016623313138,11.801246208144564,0.8146106730546174,2.0,0.0,0.0,False,False,62455.0
13,gp_m52_ei,3,3,Q029,exploitation,0.2015897233812686,0.0721631012894025,11.716823194613063,0.6398848015047839,1.0,0.0,0.0,False,False,119441.0
13,gp_m52_ei,3,4,Q021,exploitation,0.152358546109483,0.0496402943002479,11.60856194780358,0.6266520490282107,2.0,0.0,0.0,False,False,67531.0
13,gp_m52_ei,3,5,Q064,exploitation,0.0718073844010393,0.0383473966312357,10.494114647608928,1.2018259929090416,6.0,0.0,1.0,True,False,45673.0
13,gp_m52_ei,4,1,Q074,exploitation,0.0277067239468774,0.0132128616439552,10.042852987069192,1.2448854402654543,3.0,0.0,0.0,False,False,34285.0
13,gp_m52_ei,4,2,Q073,exploitation,0.0219725868630379,0.0077212542000165,10.522212388950091,0.9457737105154408,1.0,0.0,0.0,False,False,31696.0
13,gp_m52_ei,4,3,Q094,exploitation,0.0040125623743449,0.005158554221514,1.4258537171545402,4.150011974846965,9.0,0.0,1.0,True,False,0.0
13,gp_m52_ei,4,4,Q035,exploitation,0.014917012092749,0.003676213838715,10.916899222923222,0.6954336901707955,4.0,0.0,0.0,False,False,50709.0
13,gp_m52_ei,4,5,Q024,exploitation,0.0215990813616626,0.0036263697882439,11.511985123970952,0.4528641111393935,3.0,0.0,0.0,False,False,25579.0
13,gp_m52_ei,5,1,Q049,exploitation,0.603448884049633,0.3383869925312307,12.59081223413811,0.6223454481188784,3.0,0.0,0.0,False,False,163182.0
13,gp_m52_ei,5,2,Q034,exploitation,0.4631381247476122,0.2240887620149455,12.369070329334724,0.6323341039559145,6.0,0.0,0.0,False,False,107033.0
13,gp_m52_ei,5,3,Q066,exploitation,0.1830406185770234,0.0810802942692856,11.692737431682849,0.8130253712228424,5.0,0.0,0.0,False,False,82233.0
13,gp_m52_ei,5,4,Q055,exploitation,0.1902535863698106,0.0606987238254312,11.919377822223002,0.579503823488996,3.0,0.0,0.0,False,False,171271.0
13,gp_m52_ei,5,5,Q053,exploitation,0.0927158896479016,0.0282890270157063,11.561109690855014,0.65432828499264,2.0,0.0,0.0,False,False,110908.0
13,gp_m52_ei,6,1,Q062,exploitation,0.0227506489349535,0.0141240323266067,9.100741286481195,1.6634277042062833,3.0,0.0,0.0,False,False,0.0
13,gp_m52_ei,6,2,Q082,exploitation,0.0094254510651754,0.0108511937578049,4.398416610406976,3.4188968198022143,7.0,1.0,0.0,True,False,0.0
13,gp_m52_ei,6,3,Q054,exploitation,0.0347381282100685,0.0098333434278463,11.127906977997291,0.7159513607505494,2.0,0.0,0.0,False,False,100890.0
13,gp_m52_ei,6,4,Q056,exploitation,0.022772155525722,0.0064495246357535,10.910351976582623,0.7587690877344329,3.0,0.0,0.0,False,False,94093.0
13,gp_m52_ei,6,5,Q069,exploitation,0.0128813097221768,0.0046223103130874,10.131317850789326,1.0298198555202478,4.0,0.0,0.0,False,False,90845.0
13,gp_m52_ei,7,1,Q081,exploitation,0.2195111362178557,0.3679826893625818,10.164838117474613,2.92402449311528,6.0,1.0,0.0,True,False,0.0
13,gp_m52_ei,7,2,Q046,exploitation,0.0884896630748601,0.0174511805328616,11.851337866108809,0.4268104606574265,1.0,0.0,0.0,False,False,58386.0
13,gp_m52_ei,7,3,Q009,exploitation,0.0186382352457217,0.0134201359992442,8.30728596202264,1.9783209792104497,7.0,0.0,1.0,True,False,3295.0
13,gp_m52_ei,7,4,Q008,exploitation,0.011075414558835,0.0111897789407656,5.681707538842331,2.948665596338671,5.0,0.0,1.0,True,False,0.0
13,gp_m52_ei,7,5,Q045,exploitation,0.037871050739378,0.0065824101314786,11.656630101811036,0.4341074625109669,2.0,0.0,0.0,False,False,104181.0
13,gp_m52_ei,8,1,Q012,exploitation,0.1566901218458629,0.1004532156386779,11.192999323895409,1.2245953438869848,5.0,0.0,0.800000011920929,True,False,1147.0
13,gp_m52_ei,8,2,Q014,exploitation,0.1957231028332878,0.0712079109883833,11.865632133044576,0.6557178545577277,2.0,0.0,0.0,False,False,108381.0
13,gp_m52_ei,8,3,Q040,exploitation,0.0639141376922814,0.0107351501969641,11.84003376161363,0.3858531047617396,2.0,0.0,0.0,False,False,114138.0
13,gp_m52_ei,8,4,Q068,exploitation,0.0805963379138939,0.0303765924132288,11.264163332391997,0.8303768841259573,4.0,0.0,0.0,False,False,50021.0
13,gp_m52_ei,8,5,Q088,exploitation,0.0006173314352676,0.0006533605962136,-0.3492391030706203,3.9547546577393375,11.0,0.4000000059604645,0.6000000238418579,True,False,0.0
13,pi_random_exploration,1,1,Q030,exploitation,0.7049167805049564,0.2436643350692106,12.43281858927455,0.3362074766583876,4.0,0.0,0.0,False,False,95814.0
13,pi_random_exploration,1,2,Q021,exploitation,0.505892314929623,0.0887852478895321,12.254966052866004,0.2184832349990156,2.0,0.0,0.0,False,False,67531.0
13,pi_random_exploration,1,3,Q017,exploitation,0.4878923293642117,0.0434381575986148,12.248304855575212,0.1131352254645184,3.0,0.0,0.0,False,False,247107.0
13,pi_random_exploration,1,4,Q034,exploitation,0.3659620805679169,0.1116711961941032,12.09923240642205,0.4451874356884888,6.0,0.0,0.0,False,False,107033.0
13,pi_random_exploration,1,5,Q062,random_exploration,0.0424410796137816,0.0246778735938854,9.791873950979804,1.4276348024298788,3.0,0.0,1.0,False,False,0.0
13,pi_random_exploration,2,1,Q066,exploitation,0.6639945050872444,1.3218956959657695,13.294129040405036,2.046692116513892,3.0,0.0,0.0,False,False,82233.0
13,pi_random_exploration,2,2,Q012,exploitation,0.6315901636912824,0.4168438232595401,12.665301749850482,0.7073600031493811,8.0,0.0,0.0,False,False,1147.0
13,pi_random_exploration,2,3,Q067,exploitation,0.6116297516766317,1.5315035018306775,13.207746873572992,2.751236519122832,5.0,0.0,0.6000000238418579,True,False,75311.0
13,pi_random_exploration,2,4,Q014,exploitation,0.5786410232803728,0.2103388683540924,12.510064538805215,0.4157068825467986,2.0,0.0,0.0,False,False,108381.0
13,pi_random_exploration,2,5,Q024,random_exploration,4.3018677971638384e-06,1.873692050000162e-07,11.488132410835656,0.2111317962009866,3.0,0.0,0.0,False,False,25579.0
13,pi_random_exploration,3,1,Q049,exploitation,0.3423094367490449,0.1929411144072942,12.084349926009477,0.8450456610860992,3.0,0.0,0.0,False,False,163182.0
13,pi_random_exploration,3,2,Q064,exploitation,0.3290315953149817,1.2703833943649168,9.825689899859777,5.878799676099136,6.0,0.0,0.0,False,False,45673.0
13,pi_random_exploration,3,3,Q007,exploitation,0.3202866275029991,1.3399551440003177,9.422729839873003,6.435783648077011,7.0,0.0,1.0,True,False,0.0
13,pi_random_exploration,3,4,Q046,exploitation,0.2730865174885034,0.0889441812969928,12.10752193631571,0.5303336771281272,3.0,0.0,0.0,False,False,58386.0
13,pi_random_exploration,3,5,Q031,random_exploration,0.0397364857880194,0.0271983029174812,9.450869645139784,1.6973384666815532,2.0,0.0,0.0,False,False,62455.0
13,pi_random_exploration,4,1,Q074,exploitation,0.3711920756778038,0.7972165759890198,11.40378515020288,3.114702188017771,3.0,0.0,0.0,False,False,34285.0
13,pi_random_exploration,4,2,Q095,exploitation,0.2355857617932188,1.074270505446269,6.816876817807614,7.786434539926176,13.0,0.6000000238418579,0.4000000059604645,True,False,0.0
13,pi_random_exploration,4,3,Q085,exploitation,0.2092265424906819,0.8425862745298123,6.664243584941601,7.123076152601514,17.0,0.0,1.0,True,False,0.0
13,pi_random_exploration,4,4,Q054,exploitation,0.1800298788203617,0.1538535558139906,10.985617260313912,1.5754838291556716,2.0,0.0,0.0,False,False,100890.0
13,pi_random_exploration,4,5,Q083,random_exploration,0.0572264734173807,0.1626017927709137,1.928568235274347,6.65129875179853,14.0,0.0,1.0,True,False,0.0
13,pi_random_exploration,5,1,Q069,exploitation,0.1399379364326918,0.1086351091510176,10.780982086691363,1.5237843665079882,4.0,0.0,0.0,False,False,90845.0
13,pi_random_exploration,5,2,Q093,exploitation,0.0579016315289377,0.1434804653255894,3.3230987209680034,5.789315168710522,11.0,0.4000000059604645,0.6000000238418579,True,False,0.0
13,pi_random_exploration,5,3,Q068,exploitation,0.054933351011758,0.020563294169934,11.017072024763612,0.882233739802172,4.0,0.0,0.0,False,False,50021.0
13,pi_random_exploration,5,4,Q094,exploitation,0.0440025988700143,0.1025410933302967,2.7204184953285395,5.689961429825468,9.0,1.0,0.0,True,False,0.0
13,pi_random_exploration,5,5,Q073,random_exploration,7.58247382989883e-08,4.001383543187906e-09,10.87652458498842,0.2954085810099102,1.0,0.0,0.0,False,False,31696.0
13,pi_random_exploration,6,1,Q082,exploitation,0.0112554476795159,0.0169363663637919,2.425293804642961,4.383824198819379,7.0,1.0,0.0,True,False,0.0
13,pi_random_exploration,6,2,Q056,exploitation,0.0101570065308668,0.0037553565999494,9.899963460352248,1.0892569257420246,3.0,0.0,0.0,False,False,94093.0
13,pi_random_exploration,6,3,Q081,exploitation,0.008673829351009,0.0131072625801038,1.6568650363725936,4.526927370119405,11.0,1.0,0.0,True,False,0.0
13,pi_random_exploration,6,4,Q008,exploitation,0.0060084628280314,0.0092584869159137,0.3974946997670505,4.789720251666014,5.0,0.0,1.0,True,False,0.0
13,pi_random_exploration,6,5,Q009,random_exploration,0.0008974325927803,0.0005848562470457,5.0204876814409705,2.372372486861783,5.0,0.0,1.0,True,False,3295.0
13,pi_random_exploration,7,1,Q035,exploitation,0.008341758833362,0.00212771453175,10.591165872933974,0.7672158647360183,4.0,0.0,0.0,False,False,50709.0
13,pi_random_exploration,7,2,Q001,exploitation,0.0032348419944202,0.0040280476729921,1.2712563142455977,4.0971077869503185,10.0,0.0,1.0,True,False,4553.0
13,pi_random_exploration,7,3,Q088,exploitation,0.0022388829082105,0.0027815702383491,0.4415963015949531,4.216878695406158,11.0,1.0,0.0,True,False,0.0
13,pi_random_exploration,7,4,Q080,exploitation,0.0018493156700573,0.0025602236962417,-1.424622428438104,4.7720427153821765,6.0,1.0,0.0,True,False,0.0
13,pi_random_exploration,7,5,Q053,random_exploration,0.0005033878990239,5.469966510483206e-05,11.073831192561409,0.4116459049151088,1.0,0.0,0.0,False,False,110908.0
13,pi_random_exploration,8,1,Q079,exploitation,0.000554243436864,0.0004229752086011,3.058968083615479,2.872540519435168,8.0,1.0,0.0,True,False,32240.0
13,pi_random_exploration,8,2,Q055,exploitation,7.448473270320476e-05,5.847058767936413e-06,11.16426621106377,0.3330839617160651,1.0,0.0,0.0,False,False,171271.0
13,pi_random_exploration,8,3,Q029,exploitation,1.4191357927457302e-10,2.902633687912839e-12,11.57561991583284,0.1350739873263779,1.0,0.0,0.0,False,False,119441.0
13,pi_random_exploration,8,4,Q045,exploitation,4.0541870896692965e-11,1.4937395935260966e-12,10.802424781801356,0.2500787778698178,2.0,0.0,0.0,False,False,104181.0
13,pi_random_exploration,8,5,Q040,random_exploration,7.79764733240016e-13,1.525517095381263e-14,11.41288206781084,0.1435402144418674,2.0,0.0,0.0,False,False,114138.0
13,pi_uncertainty,1,1,Q030,exploitation,0.7049167805049564,0.2436643350692106,12.43281858927455,0.3362074766583876,4.0,0.0,0.0,False,False,95814.0
13,pi_uncertainty,1,2,Q021,exploitation,0.505892314929623,0.0887852478895321,12.254966052866004,0.2184832349990156,2.0,0.0,0.0,False,False,67531.0
13,pi_uncertainty,1,3,Q017,exploitation,0.4878923293642117,0.0434381575986148,12.248304855575212,0.1131352254645184,3.0,0.0,0.0,False,False,247107.0
13,pi_uncertainty,1,4,Q034,exploitation,0.3659620805679169,0.1116711961941032,12.09923240642205,0.4451874356884888,6.0,0.0,0.0,False,False,107033.0
13,pi_uncertainty,1,5,Q085,uncertainty_exploration,0.178096002865998,0.6061559802219656,6.446044531370142,6.292443630514672,17.0,0.0,1.0,True,False,0.0
13,pi_uncertainty,2,1,Q067,exploitation,0.304823263391461,0.4777850169434033,11.173695173812998,2.4558155507586177,5.0,0.0,0.0,False,False,75311.0
13,pi_uncertainty,2,2,Q066,exploitation,0.3013054184809007,0.3188417233850906,11.56071547991744,1.6649684549407,5.0,0.0,0.0,False,False,82233.0
13,pi_uncertainty,2,3,Q007,exploitation,0.2952194359538415,0.8671047162403561,9.922148133188106,4.655206065607636,7.0,0.0,1.0,True,False,0.0
13,pi_uncertainty,2,4,Q001,exploitation,0.2555416937487149,0.7920395070153105,9.037574094562856,5.158636495511262,10.0,0.0,1.0,True,False,4553.0
13,pi_uncertainty,2,5,Q083,uncertainty_exploration,0.1523127303294435,0.4667068714845175,6.377166345221525,5.893845892144253,12.0,1.0,0.0,True,False,0.0
13,pi_uncertainty,3,1,Q031,exploitation,0.1148558123950311,0.0316264104743954,11.748955819462026,0.5650019143152948,2.0,0.0,0.0,False,False,62455.0
13,pi_uncertainty,3,2,Q095,exploitation,0.0911669925378165,0.2181274117163376,5.5620672666067925,5.1480937563992475,13.0,1.0,0.0,True,False,0.0
13,pi_uncertainty,3,3,Q029,exploitation,0.0732019463028907,0.0159198763149441,11.719222408697568,0.4877320365840712,1.0,0.0,0.0,False,False,119441.0
13,pi_uncertainty,3,4,Q093,exploitation,0.0664235067214291,0.144226850036726,4.980796346491256,4.95471559642204,11.0,1.0,0.0,True,False,0.0
13,pi_uncertainty,3,5,Q094,uncertainty_exploration,0.0418809557651668,0.0783494636442374,4.4686484029002465,4.602497812719544,9.0,0.0,1.0,True,False,0.0
13,pi_uncertainty,4,1,Q064,exploitation,0.0686289665818457,0.0994205971629444,7.54328296368387,3.2866988643096526,6.0,0.0,1.0,True,False,45673.0
13,pi_uncertainty,4,2,Q074,exploitation,0.0642871424476286,0.0707245204626417,8.590596269468278,2.5247502332343004,3.0,0.0,0.0,False,False,34285.0
13,pi_uncertainty,4,3,Q079,exploitation,0.0450695190103432,0.0631029763668631,6.655520687158585,3.406018866836747,8.0,0.0,1.0,True,False,32240.0
13,pi_uncertainty,4,4,Q012,exploitation,0.0238339533991103,0.0082336480408709,10.605581149137787,0.9200544719720376,8.0,0.0,0.0,False,False,1147.0
13,pi_uncertainty,4,5,Q080,uncertainty_exploration,0.0181971274200314,0.0271119126177971,3.836617158109339,4.105607630091975,11.0,0.4000000059604645,0.6000000238418579,True,False,0.0
13,pi_uncertainty,5,1,Q024,exploitation,0.0130367838459706,0.0019014074389034,11.497482035840914,0.4180004333532779,3.0,0.0,0.0,False,False,25579.0
13,pi_uncertainty,5,2,Q062,exploitation,0.0076773557459943,0.0020920680191183,10.423859537766768,0.8266507915765325,3.0,0.0,0.0,False,False,0.0
13,pi_uncertainty,5,3,Q035,exploitation,0.0056624647399974,0.0010932923864004,10.898952576483849,0.6036021499561778,4.0,0.0,0.0,False,False,50709.0
13,pi_uncertainty,5,4,Q053,exploitation,0.003594040113109,0.0006682324185354,10.798302416201796,0.6061297162032975,2.0,0.0,0.0,False,False,110908.0
13,pi_uncertainty,5,5,Q081,uncertainty_exploration,5.7879328371157095e-05,3.813996313464384e-05,1.505136920885728,2.8333638617785617,6.0,1.0,0.0,True,False,0.0
13,pi_uncertainty,6,1,Q049,exploitation,0.2832884512934486,0.0674123810269901,12.208282610158236,0.3826524323956187,3.0,0.0,0.0,False,False,163182.0
13,pi_uncertainty,6,2,Q054,exploitation,0.213958066142791,0.1427775175609046,11.49788518983302,1.17272881032589,3.0,0.0,0.0,False,False,100890.0
13,pi_uncertainty,6,3,Q056,exploitation,0.0746383896730417,0.0365542884303391,10.8492558619419,1.0944699042453208,3.0,0.0,0.0,False,False,94093.0
13,pi_uncertainty,6,4,Q069,exploitation,0.0720577959898324,0.0403835464277824,10.586523078395848,1.2604500695941008,4.0,0.0,0.0,False,False,90845.0
13,pi_uncertainty,6,5,Q082,uncertainty_exploration,0.0394706194027221,0.0743168538742164,4.216446790832867,4.673748629108617,7.0,1.0,0.0,True,False,0.0
13,pi_uncertainty,7,1,Q068,exploitation,0.0489335395616536,0.0165752924611644,11.081125463045208,0.8134290012117796,4.0,0.0,0.0,False,False,50021.0
13,pi_uncertainty,7,2,Q008,exploitation,0.0110918621754408,0.0173634794612211,1.979627254215969,4.56799581440733,5.0,0.0,1.0,True,False,0.0
13,pi_uncertainty,7,3,Q040,exploitation,0.0109752389066282,0.001025172701499,11.802341329335304,0.272884499451868,2.0,0.0,0.0,False,False,114138.0
13,pi_uncertainty,7,4,Q088,exploitation,0.0054829484328819,0.007887329919056,0.952513589499751,4.511023170231869,11.0,1.0,0.0,True,False,0.0
13,pi_uncertainty,7,5,Q009,uncertainty_exploration,3.854240468620741e-05,1.8723475431371145e-05,3.997359947326986,2.132458463274232,5.0,0.0,1.0,True,False,3295.0
13,pi_uncertainty,8,1,Q073,exploitation,0.00023744119936,3.003161862102959e-05,10.671579471679651,0.5024987923683072,1.0,0.0,0.0,False,False,31696.0
13,pi_uncertainty,8,2,Q055,exploitation,0.0001087845326174,9.948646332797958e-06,11.021953199310316,0.3801365157664518,1.0,0.0,0.0,False,False,171271.0
13,pi_uncertainty,8,3,Q014,exploitation,8.558203410891294e-06,7.536357086516616e-07,10.644915824790855,0.4146189809231558,2.0,0.0,0.0,False,False,108381.0
13,pi_uncertainty,8,4,Q045,exploitation,2.532267186501479e-06,1.340416285084304e-07,11.231718933751008,0.2621298818790664,2.0,0.0,0.0,False,False,104181.0
13,pi_uncertainty,8,5,Q046,uncertainty_exploration,5.842559253516801e-09,2.0460675713334543e-10,11.223416712978562,0.2110991681218847,1.0,0.0,0.0,False,False,58386.0
13,imperfection_aware,1,1,Q030,exploitation,0.7049167805049564,0.2436643350692106,12.43281858927455,0.3362074766583876,4.0,0.0,0.0,False,False,95814.0
13,imperfection_aware,1,2,Q021,exploitation,0.505892314929623,0.0887852478895321,12.254966052866004,0.2184832349990156,2.0,0.0,0.0,False,False,67531.0
13,imperfection_aware,1,3,Q017,exploitation,0.4878923293642117,0.0434381575986148,12.248304855575212,0.1131352254645184,3.0,0.0,0.0,False,False,247107.0
13,imperfection_aware,1,4,Q034,exploitation,0.3659620805679169,0.1116711961941032,12.09923240642205,0.4451874356884888,6.0,0.0,0.0,False,False,107033.0
13,imperfection_aware,1,5,Q079,suspicious_exploration,0.2456761137586465,0.7483357778433178,8.718860050908187,5.133806864125894,9.0,0.0,0.6000000238418579,True,False,32240.0
13,imperfection_aware,2,1,Q067,exploitation,0.3259148903744597,0.4469432620862686,11.48196374457709,2.0956816790025123,5.0,0.0,0.0,False,False,75311.0
13,imperfection_aware,2,2,Q066,exploitation,0.3193358281664434,0.3205004652877813,11.701799518215816,1.54567278126342,5.0,0.0,0.0,False,False,82233.0
13,imperfection_aware,2,3,Q082,exploitation,0.1779873597059073,0.4373957300782665,8.2331283436865,4.544061918485145,9.0,0.0,0.0,False,False,0.0
13,imperfection_aware,2,4,Q081,exploitation,0.1360959473352414,0.2300870468076088,8.760112003021707,3.3400477468261527,12.0,0.0,0.0,False,False,0.0
13,imperfection_aware,2,5,Q007,suspicious_exploration,0.3029144725987323,0.8599092833810049,10.1271210680546,4.457940243762176,7.0,0.0,1.0,True,False,0.0
13,imperfection_aware,3,1,Q074,exploitation,0.0908530692467604,0.1131587330753279,8.846064894884604,2.681738389409075,3.0,0.0,0.0,False,False,34285.0
13,imperfection_aware,3,2,Q056,exploitation,0.0784061117976468,0.0225060612782205,11.527542363106525,0.6356766379510731,3.0,0.0,0.0,False,False,94093.0
13,imperfection_aware,3,3,Q012,exploitation,0.051204797303523,0.021405730137317,10.79982911320251,0.9966136593316146,8.0,0.0,0.0,False,False,1147.0
13,imperfection_aware,3,4,Q031,exploitation,0.0380510144493793,0.0087104032824215,11.414174335356703,0.5713307167754503,2.0,0.0,0.0,False,False,62455.0
13,imperfection_aware,3,5,Q095,suspicious_exploration,0.1455856723902303,0.4855049703913517,5.582482451944566,6.4848303796662625,13.0,1.0,0.0,True,False,0.0
13,imperfection_aware,4,1,Q062,exploitation,0.1086857071750294,0.0464745722566199,11.332476612970895,0.8877678338411759,3.0,0.0,0.0,False,False,0.0
13,imperfection_aware,4,2,Q054,exploitation,0.0568147865227197,0.013765340402137,11.529205813105824,0.5678414719977888,3.0,0.0,0.0,False,False,100890.0
13,imperfection_aware,4,3,Q053,exploitation,0.0415886918755085,0.0094645227290144,11.45652852543746,0.5604788324097718,2.0,0.0,0.0,False,False,110908.0
13,imperfection_aware,4,4,Q055,exploitation,0.0322091779589272,0.0064699962033122,11.477860557479316,0.513564002779074,3.0,0.0,0.0,False,False,171271.0
13,imperfection_aware,4,5,Q064,suspicious_exploration,0.1511315400936719,0.0761445390118676,11.42595513280118,0.9709509188165184,6.0,0.0,1.0,True,False,45673.0
13,imperfection_aware,5,1,Q046,exploitation,0.3375117887288544,0.1868049109485445,12.0777315015729,0.834437711215364,1.0,0.0,0.0,False,False,58386.0
13,imperfection_aware,5,2,Q045,exploitation,0.242363702785572,0.1216419367993651,11.834006608709238,0.8495172104763609,2.0,0.0,0.0,False,False,104181.0
13,imperfection_aware,5,3,Q049,exploitation,0.2094187250941348,0.1035587794544551,11.720653604620862,0.8744338978704016,1.0,0.0,0.0,False,False,163182.0
13,imperfection_aware,5,4,Q068,exploitation,0.1903173877007175,0.1894777738884488,10.842270544538298,1.808213596530912,4.0,0.0,0.0,False,False,50021.0
13,imperfection_aware,5,5,Q085,suspicious_exploration,0.2215084379528616,0.75172758668328,7.898868347825466,5.903612202921862,7.0,0.0,1.0,True,False,0.0
13,imperfection_aware,6,1,Q035,exploitation,0.2989968289501945,0.29393407737626,11.609735887776129,1.5510404081221554,4.0,0.0,0.0,False,False,50709.0
13,imperfection_aware,6,2,Q040,exploitation,0.1260689967768573,0.0288959347540212,11.89989928727297,0.460788045357296,2.0,0.0,0.0,False,False,114138.0
13,imperfection_aware,6,3,Q024,exploitation,0.0641764086546198,0.015107222989969,11.605839435909427,0.540395463364635,2.0,0.0,0.0,False,False,25579.0
13,imperfection_aware,6,4,Q029,exploitation,0.0241172733486958,0.0043833185101838,11.472910240642753,0.4833050035137572,1.0,0.0,0.0,False,False,119441.0
13,imperfection_aware,6,5,Q093,suspicious_exploration,0.1393885767267946,0.5054006098470907,4.712255872773788,7.123566971880495,11.0,0.800000011920929,0.2000000029802322,True,False,0.0
13,imperfection_aware,7,1,Q069,exploitation,0.0376778659130057,0.0185519725617993,10.239041114929504,1.2306968255977289,4.0,0.0,0.0,False,True,90845.0
13,imperfection_aware,7,2,Q014,exploitation,0.0025752376995368,0.0004916939490442,10.635586764366408,0.6405769577887614,2.0,0.0,0.0,False,True,108381.0
13,imperfection_aware,7,3,Q073,exploitation,0.0004496800534619,7.212061199039776e-05,10.395241643460167,0.6121037544123745,1.0,0.0,0.0,False,True,31696.0
13,imperfection_aware,7,4,Q083,exploitation,0.0319560815713005,0.0633357320287333,3.0287196297738035,5.072809379172183,8.0,1.0,0.0,True,True,0.0
13,imperfection_aware,7,5,Q080,suspicious_exploration,0.0215937468307009,0.0429425079933221,1.5817667928301518,5.364190126917138,6.0,0.0,1.0,True,True,0.0
13,imperfection_aware,8,1,Q008,exploitation,0.0109554942342411,0.0182097127763879,1.2961887531732774,4.856824548655362,5.0,0.0,1.0,True,True,0.0
13,imperfection_aware,8,2,Q094,exploitation,0.0103432475049313,0.0173662744337931,1.0055520392954227,4.936783754021221,9.0,1.0,0.0,True,True,0.0
13,imperfection_aware,8,3,Q001,exploitation,0.0056092575295906,0.0082042743627427,0.8220219555904755,4.576653631313176,10.0,0.0,1.0,True,True,4553.0
13,imperfection_aware,8,4,Q088,exploitation,0.0055796780670559,0.0084324170328482,0.4212288432776168,4.731252666376836,11.0,0.800000011920929,0.2000000029802322,True,True,0.0
13,imperfection_aware,8,5,Q009,suspicious_exploration,0.0005480894701067,0.0003628967054306,4.285430420913399,2.4940711761110705,5.0,0.0,1.0,True,True,3295.0
14,random,1,1,Q060,random,0.0495888956565501,0.0351819194132002,8.986490975979159,1.7001170032248631,7.0,0.0,1.0,True,False,43612.0
14,random,1,2,Q051,random,0.0147518284320245,0.0077467423886148,8.559967438187337,1.483796633101193,7.0,0.0,1.0,True,False,873.0
14,random,1,3,Q030,random,0.0783126786030352,0.037188320974076,10.299762162862413,1.0518586918406967,4.0,0.0,1.0,False,False,95814.0
14,random,1,4,Q007,random,0.8265270681531306,1.2458645637643897,12.923286552719494,1.20522799821639,8.0,0.0,1.0,True,False,0.0
14,random,1,5,Q095,random,0.0261049569555283,0.0475057217156399,2.492875431671568,4.788741945348543,13.0,1.0,0.0,True,False,0.0
14,random,2,1,Q080,random,0.1539514002956523,0.370282216325973,7.084863030413033,4.614280933505611,11.0,0.0,0.6000000238418579,True,False,0.0
14,random,2,2,Q079,random,0.1676260958384002,0.4293417440837859,7.154582932968447,4.810300203372156,14.0,1.0,0.0,True,False,32240.0
14,random,2,3,Q002,random,3.884469887830415e-18,6.706981007977206e-19,-1.3215799615064991,1.5240476729718166,9.0,0.0,1.0,True,False,0.0
14,random,2,4,Q090,random,0.0075749177194352,0.0098664289297608,2.1798027176282577,3.9566950107463774,10.0,0.0,1.0,True,False,0.0
14,random,2,5,Q013,random,6.980106144119519e-07,1.9097866188008838e-07,4.926643709124498,1.4222335068824628,4.0,0.0,1.0,False,False,2639.0
14,random,3,1,Q047,random,0.003081061805851,0.0003828289691663,10.665206674877483,0.4105570496993734,4.0,0.0,1.0,False,False,7770.0
14,random,3,2,Q049,random,0.0007162626181821,6.793488312992083e-05,10.671364445167605,0.3508041303966532,3.0,0.0,0.0,False,False,163182.0
14,random,3,3,Q084,random,0.016449189702056,0.0254269815811465,2.5910204725349617,4.311921173539012,7.0,0.0,1.0,True,False,0.0
14,random,3,4,Q037,random,3.2316307869569263e-125,9.59138273953777e-128,10.106564240695292,0.0708038358260629,1.0,0.0,0.0,False,False,76141.0
14,random,3,5,Q018,random,0.3632985444050542,0.1288778469247268,11.608216007588966,0.5191325886355584,2.0,0.0,0.0,False,False,207261.0
14,random,4,1,Q008,random,1.495241423428437e-13,2.6237474500964172e-14,2.580658362759403,1.3257454519161838,5.0,0.0,1.0,True,False,0.0
14,random,4,2,Q034,random,0.64613349662599,0.7531865029561624,12.711548188202585,1.2264769116269458,3.0,0.0,0.0,False,False,107033.0
14,random,4,3,Q085,random,1.276865655237319e-05,8.168978642837795e-06,-0.2071089115130178,2.9593478098453105,12.0,0.0,1.0,True,False,0.0
14,random,4,4,Q094,random,0.0014496622364562,0.0015592398717197,0.9978862362321204,3.778723972275655,10.0,0.2000000029802322,0.800000011920929,True,False,0.0
14,random,4,5,Q005,random,1.0802761388454077e-08,3.6602454930276072e-09,1.007438612306994,2.008402946117073,8.0,0.0,1.0,True,False,42083.0
14,random,5,1,Q021,random,0.033320235176602,0.0130737227508647,10.420715900339191,0.9983272143828086,2.0,0.0,0.0,False,False,67531.0
14,random,5,2,Q072,random,0.1469353392101652,0.211698320429645,9.31741545634639,2.795477133691272,4.0,0.0,0.0,False,False,57726.0
14,random,5,3,Q068,random,0.1312048227967542,0.2145390489343653,8.600773975153738,3.257713551773912,6.0,0.0,0.0,False,False,50021.0
14,random,5,4,Q041,random,0.0089744165361211,0.0025487958508768,10.245315709710336,0.8477825748664227,2.0,0.0,0.0,False,False,155410.0
14,random,5,5,Q081,random,0.0280217387201773,0.0452507897886281,4.209559281615222,4.209028407747531,6.0,1.0,0.0,True,False,0.0
14,random,6,1,Q059,random,0.0074914127913362,0.0039458136787769,8.354863754063548,1.601810651602508,3.0,0.0,0.0,False,False,128632.0
14,random,6,2,Q048,random,0.048625920679722,0.0188590924387836,10.70569023225424,0.93229525916589,2.0,0.0,0.0,False,False,42637.0
14,random,6,3,Q083,random,0.0974723528360658,0.2214407695116826,5.9999289037619965,4.823594990837082,8.0,1.0,0.0,True,False,0.0
14,random,6,4,Q078,random,0.2737296686970749,0.6950491153935102,9.766500488348086,4.1312430309622785,9.0,0.0,1.0,True,False,51868.0
14,random,6,5,Q052,random,0.1285565040621961,0.0910376626254932,10.645485038929245,1.4173982017578044,2.0,0.0,0.0,False,False,81273.0
14,random,7,1,Q063,random,0.0650191035769956,0.0188411974546596,11.246899236513158,0.6637200130579123,2.0,0.0,0.0,False,False,38893.0
14,random,7,2,Q010,random,0.0031245810160199,0.0022449435997217,5.76807548634381,2.3711354686331827,4.0,1.0,0.0,False,False,0.0
14,random,7,3,Q036,random,0.0044168000656117,0.0061567747824953,0.571963095065378,4.460606549888543,6.0,0.0,1.0,True,False,0.0
14,random,7,4,Q077,random,0.0966982201789566,0.2478004751751069,5.163832624584588,5.449733039216022,9.0,0.0,1.0,True,False,226.0
14,random,7,5,Q073,random,0.024203187353482,0.0058771441052456,10.977832696473277,0.6454134034951413,4.0,0.0,0.0,False,False,31696.0
14,random,8,1,Q057,random,0.1627439416899356,0.4424820132601885,7.193300621943949,5.144647492683332,5.0,0.0,1.0,True,False,0.0
14,random,8,2,Q017,random,0.6439386897347142,0.4315225644524742,12.512650063370558,0.7070630055594749,2.0,0.0,0.0,False,False,247107.0
14,random,8,3,Q029,random,0.2032093174238923,0.0577755355686415,11.830754732085554,0.5070800879770267,1.0,0.0,0.0,False,False,119441.0
14,random,8,4,Q067,random,0.1867629065995936,0.1922152853297419,10.579791280930486,1.8788285041713348,4.0,0.0,0.0,False,False,75311.0
14,random,8,5,Q064,random,0.4971126766287719,0.5359487707162048,12.2419271813173,1.3556860926050107,5.0,0.0,0.0,False,False,45673.0
14,gp_m52_pi,1,1,Q034,exploitation,0.9484640109759284,0.7222085179818674,12.502480574144515,0.4372305602443328,3.0,0.0,0.0,False,False,107033.0
14,gp_m52_pi,1,2,Q064,exploitation,0.9001247135953141,0.4366172332589279,12.210826823115257,0.3283985390245611,5.0,0.0,1.0,True,False,45673.0
14,gp_m52_pi,1,3,Q008,exploitation,0.8512001318338688,1.3836290158418758,13.078207715040634,1.237020810689118,8.0,0.0,1.0,True,False,0.0
14,gp_m52_pi,1,4,Q018,exploitation,0.8284270862728074,0.2051898055073884,11.976788814484486,0.1973222301035437,2.0,0.0,0.0,False,False,207261.0
14,gp_m52_pi,1,5,Q007,exploitation,0.8265270681531306,1.2458645637643897,12.923286552719494,1.20522799821639,8.0,0.0,1.0,True,False,0.0
14,gp_m52_pi,2,1,Q017,exploitation,0.8203865182364021,1.1518151163757016,13.292973860480828,1.1356789813042432,3.0,0.0,0.800000011920929,False,False,247107.0
14,gp_m52_pi,2,2,Q029,exploitation,0.7099046463770603,1.1156114014683038,13.091254090600447,1.5178190973444856,4.0,0.0,0.2000000029802322,False,False,119441.0
14,gp_m52_pi,2,3,Q030,exploitation,0.5761429076044131,0.7533454061375884,12.539756262382802,1.499810617797431,4.0,0.0,0.4000000059604645,False,False,95814.0
14,gp_m52_pi,2,4,Q052,exploitation,0.3988181728413043,0.3249309635180337,11.958151485746932,1.1450043653716957,2.0,0.0,0.0,False,False,81273.0
14,gp_m52_pi,2,5,Q072,exploitation,0.348719616666221,0.4739548749472156,11.465389653951783,2.022609800495119,4.0,0.0,0.0,False,False,57726.0
14,gp_m52_pi,3,1,Q079,exploitation,0.1766787902317844,0.4805664481576445,7.750630718148915,5.03929352704594,15.0,1.0,0.0,True,False,32240.0
14,gp_m52_pi,3,2,Q077,exploitation,0.1737164926559577,0.4438691794924793,7.960072579058037,4.754792236569822,10.0,0.0,1.0,True,False,226.0
14,gp_m52_pi,3,3,Q081,exploitation,0.166451072488239,0.4570361191656418,7.425433358139733,5.1659876485230765,12.0,0.4000000059604645,0.6000000238418579,True,False,0.0
14,gp_m52_pi,3,4,Q080,exploitation,0.1567168106399296,0.4162190180505491,7.313852207682656,5.072924927648931,11.0,0.0,1.0,True,False,0.0
14,gp_m52_pi,3,5,Q078,exploitation,0.1466541135654526,0.2926076720198947,8.357400020115573,3.8730726062238783,11.0,0.0,1.0,True,False,51868.0
14,gp_m52_pi,4,1,Q068,exploitation,0.2180555082117278,0.2067535470798834,11.137076698139154,1.6570903685896756,6.0,0.0,0.0,False,False,50021.0
14,gp_m52_pi,4,2,Q067,exploitation,0.2040815523432525,0.300509857864698,10.257981515697775,2.6230434973668673,8.0,0.0,0.0,False,False,75311.0
14,gp_m52_pi,4,3,Q073,exploitation,0.1640560981656619,0.1076874162530831,11.215412739377278,1.239532657990215,4.0,0.0,0.0,False,False,31696.0
14,gp_m52_pi,4,4,Q095,exploitation,0.137081296179238,0.3751845354094019,6.52454724359285,5.398161081926054,13.0,0.0,1.0,True,False,0.0
14,gp_m52_pi,4,5,Q094,exploitation,0.124055271800389,0.330149761282263,6.226144529063218,5.369437234709301,13.0,0.0,1.0,True,False,0.0
14,gp_m52_pi,5,1,Q051,exploitation,0.1188341772996478,0.156658086588927,9.256934103203449,2.6850891001337858,7.0,0.0,0.800000011920929,True,False,873.0
14,gp_m52_pi,5,2,Q083,exploitation,0.0363291762873144,0.0754075401787928,3.065219730978974,5.215884872685849,8.0,1.0,0.0,True,False,0.0
14,gp_m52_pi,5,3,Q085,exploitation,0.0258105017975695,0.0536096882552153,1.7736981564800924,5.4739695961617825,12.0,0.0,1.0,True,False,0.0
14,gp_m52_pi,5,4,Q084,exploitation,0.0044315436383386,0.0066186031227417,-0.0772762806141678,4.777787176357013,6.0,0.0,1.0,True,False,0.0
14,gp_m52_pi,5,5,Q090,exploitation,0.0023370067624132,0.0025526128663427,1.9777491000728544,3.69424069044412,10.0,0.0,1.0,True,False,0.0
14,gp_m52_pi,6,1,Q063,exploitation,0.0015522453112237,0.000304884389464,10.397727140305236,0.6864112166955837,4.0,0.0,0.0,False,False,38893.0
14,gp_m52_pi,6,2,Q047,exploitation,0.0004364242806266,7.164396406728697e-05,10.338047567886496,0.627752084136529,4.0,0.0,0.0,False,False,7770.0
14,gp_m52_pi,6,3,Q060,exploitation,0.000212292927094,4.072569534149708e-05,9.723356502834042,0.7673058337409427,5.0,0.0,0.0,False,False,43612.0
14,gp_m52_pi,6,4,Q057,exploitation,0.0001426329715372,9.807518054702113e-05,2.2142429203060536,2.8148905248184337,5.0,0.0,1.0,True,False,0.0
14,gp_m52_pi,6,5,Q010,exploitation,0.0001353102489711,8.739834967622941e-05,2.7686798825668606,2.652151028072329,4.0,0.2000000029802322,0.800000011920929,False,False,0.0
14,gp_m52_pi,7,1,Q036,exploitation,1.0413701507945388e-05,1.4149995526018212e-06,9.728200779758108,0.6342780096979437,6.0,0.0,1.0,True,False,0.0
14,gp_m52_pi,7,2,Q013,exploitation,1.0011583454236809e-07,2.533080840445775e-08,5.127663537181123,1.4040672057658874,4.0,0.0,1.0,False,False,2639.0
14,gp_m52_pi,7,3,Q059,exploitation,8.414834331376085e-08,5.779961761964191e-09,10.422623332364385,0.3832597531337097,1.0,0.0,0.0,False,False,128632.0
14,gp_m52_pi,7,4,Q005,exploitation,1.8287750381277243e-14,3.424670155316367e-15,1.331898294710868,1.465235825280171,9.0,0.0,1.0,True,False,42083.0
14,gp_m52_pi,7,5,Q002,exploitation,4.164666835238696e-20,7.802374939585662e-21,-3.4788291302233585,1.746267224335696,5.0,0.0,1.0,True,False,0.0
14,gp_m52_pi,8,1,Q021,exploitation,0.0063574088871641,0.0014571745314382,10.662107357446327,0.7085534881524652,2.0,0.0,0.0,False,False,67531.0
14,gp_m52_pi,8,2,Q037,exploitation,4.375517748114552e-06,4.518995655926612e-07,10.203325925979472,0.500289540099861,1.0,0.0,0.0,False,False,76141.0
14,gp_m52_pi,8,3,Q041,exploitation,0.0014926544791038,0.0003397387497658,10.058633913032846,0.7978275822808334,2.0,0.0,0.0,False,False,155410.0
14,gp_m52_pi,8,4,Q048,exploitation,4.038060663861458e-06,2.454224491244747e-07,11.109251271176518,0.2953805554602901,2.0,0.0,0.0,False,False,42637.0
14,gp_m52_pi,8,5,Q049,exploitation,0.2728603982139027,0.131914316954187,11.95183555927659,0.7874167320361377,3.0,0.0,0.0,False,False,163182.0
14,gp_m52_ei,1,1,Q005,exploitation,0.7184331111384015,1.4256689070903463,12.884544978030991,1.89350469650216,11.0,0.0,1.0,True,False,42083.0
14,gp_m52_ei,1,2,Q008,exploitation,0.8512001318338688,1.3836290158418758,13.078207715040634,1.237020810689118,8.0,0.0,1.0,True,False,0.0
14,gp_m52_ei,1,3,Q007,exploitation,0.8265270681531306,1.2458645637643897,12.923286552719494,1.20522799821639,8.0,0.0,1.0,True,False,0.0
14,gp_m52_ei,1,4,Q034,exploitation,0.9484640109759284,0.7222085179818674,12.502480574144515,0.4372305602443328,3.0,0.0,0.0,False,False,107033.0
14,gp_m52_ei,1,5,Q002,exploitation,0.5219496533230851,0.6432262867555908,11.872642620471172,1.506136873426034,9.0,0.0,0.0,False,False,0.0
14,gp_m52_ei,2,1,Q052,exploitation,0.6871098843878498,1.1910357910919975,12.632381772351764,1.7278894705864247,2.0,0.0,0.0,False,False,81273.0
14,gp_m52_ei,2,2,Q029,exploitation,0.5040643665775595,0.9386997856065248,11.813402386372273,2.32318654022053,4.0,0.0,0.2000000029802322,False,False,119441.0
14,gp_m52_ei,2,3,Q030,exploitation,0.4665991305960831,0.8327228970168369,11.594996190746537,2.323237184659443,4.0,0.0,0.2000000029802322,False,False,95814.0
14,gp_m52_ei,2,4,Q060,exploitation,0.2743142621938279,0.6862035458191934,9.350255502513551,4.067040695391333,7.0,0.0,0.6000000238418579,True,False,43612.0
14,gp_m52_ei,2,5,Q068,exploitation,0.2803249508547292,0.6571518083227034,9.58832114601902,3.783298887855183,6.0,0.0,0.0,False,False,50021.0
14,gp_m52_ei,3,1,Q078,exploitation,0.2571939547853143,0.6971547923498134,8.854291449803707,4.50207005703673,9.0,0.0,1.0,True,False,51868.0
14,gp_m52_ei,3,2,Q079,exploitation,0.2179381786971032,0.6520071879657671,7.715149907402391,5.229353248208151,10.0,1.0,0.0,True,False,32240.0
14,gp_m52_ei,3,3,Q081,exploitation,0.2078535230635397,0.6305128998055362,7.414594215360785,5.3755799965730136,12.0,0.4000000059604645,0.6000000238418579,True,False,0.0
14,gp_m52_ei,3,4,Q080,exploitation,0.2044286631690596,0.596426460675261,7.499436038279495,5.194655106498995,11.0,0.0,1.0,True,False,0.0
14,gp_m52_ei,3,5,Q072,exploitation,0.4320538647731587,0.5647268191168902,11.486937606758016,1.7692104765192338,4.0,0.0,0.0,False,False,57726.0
14,gp_m52_ei,4,1,Q077,exploitation,0.3166549473217088,0.8896652628146183,9.718944174162509,4.340610379062931,9.0,0.0,1.0,True,False,226.0
14,gp_m52_ei,4,2,Q064,exploitation,0.4796833197651545,0.5642819018761899,11.712861080205752,1.5088326498487494,5.0,0.0,0.800000011920929,True,False,45673.0
14,gp_m52_ei,4,3,Q095,exploitation,0.1519938330610036,0.4410894149558156,6.048933909287457,5.584872572518121,13.0,0.0,1.0,True,False,0.0
14,gp_m52_ei,4,4,Q094,exploitation,0.1322934039316986,0.366719713783904,5.6401187578619165,5.512307435652899,13.0,0.0,1.0,True,False,0.0
14,gp_m52_ei,4,5,Q083,exploitation,0.1285009159583049,0.3256047142639731,6.040426479824539,5.072145462715423,8.0,1.0,0.0,True,False,0.0
14,gp_m52_ei,5,1,Q067,exploitation,0.1507344523260242,0.1601575722901662,9.672603543920198,2.0489245072686435,5.0,0.0,0.0,False,False,75311.0
14,gp_m52_ei,5,2,Q051,exploitation,0.1185901016265476,0.130500810835597,9.139110669112064,2.2423679503766674,7.0,0.0,0.4000000059604645,True,False,873.0
14,gp_m52_ei,5,3,Q047,exploitation,0.2664989631839723,0.0971076167587116,11.416801834056209,0.5981876930936423,4.0,0.0,1.0,False,False,7770.0
14,gp_m52_ei,5,4,Q090,exploitation,0.0429174624876375,0.0867123143303466,3.2828196595599293,4.952243286029486,10.0,0.0,1.0,True,False,0.0
14,gp_m52_ei,5,5,Q073,exploitation,0.1406016489373082,0.0768010636180294,10.635618926765376,1.070984743573361,4.0,0.0,0.0,False,False,31696.0
14,gp_m52_ei,6,1,Q017,exploitation,0.1954629880308986,0.1022997607768591,10.980158500651813,0.9436275689455386,2.0,0.0,0.0,False,False,247107.0
14,gp_m52_ei,6,2,Q085,exploitation,0.034638581005563,0.0682270251869198,2.7360399416438397,4.983845655147702,12.0,0.0,1.0,True,False,0.0
14,gp_m52_ei,6,3,Q063,exploitation,0.0813846452514085,0.0383955601630529,10.341549174296937,1.0375166749336782,2.0,0.0,0.0,False,False,38893.0
14,gp_m52_ei,6,4,Q018,exploitation,0.1095932099824765,0.0341571207586615,10.996069593481089,0.6459410216924849,2.0,0.0,0.0,False,False,207261.0
14,gp_m52_ei,6,5,Q049,exploitation,0.0443949611608213,0.0102465764294584,10.83198349096758,0.5627813841677731,3.0,0.0,0.0,False,False,163182.0
14,gp_m52_ei,7,1,Q057,exploitation,0.0017549755869747,0.0018796917410435,1.6055010959722518,3.7072796693525145,5.0,0.0,1.0,True,False,0.0
14,gp_m52_ei,7,2,Q036,exploitation,0.000608329964776,0.0002491616450179,7.471617710745584,1.5320082531484875,6.0,0.0,1.0,True,False,0.0
14,gp_m52_ei,7,3,Q084,exploitation,0.0001937699393289,0.0001849421985097,-1.1924129782359056,3.8383190578026896,6.0,0.0,1.0,True,False,0.0
14,gp_m52_ei,7,4,Q021,exploitation,4.958710137490752e-05,6.979468342726487e-06,10.052929540689636,0.6100419114146823,2.0,0.0,0.0,False,False,67531.0
14,gp_m52_ei,7,5,Q010,exploitation,1.3347286826246074e-05,6.031876443844024e-06,3.665437135145409,2.086237632932278,4.0,1.0,0.0,False,False,0.0
14,gp_m52_ei,8,1,Q013,exploitation,8.77278561115135e-08,2.1924976698102137e-08,5.152784849306327,1.392672433368716,4.0,0.0,1.0,False,False,2639.0
14,gp_m52_ei,8,2,Q037,exploitation,7.983819177294257e-07,6.765629951784543e-08,10.323964238008315,0.4383696018841527,1.0,0.0,0.0,False,False,76141.0
14,gp_m52_ei,8,3,Q041,exploitation,0.000128557980114,2.906968833859576e-05,9.024118063204664,0.931163166533462,2.0,0.0,0.0,False,False,155410.0
14,gp_m52_ei,8,4,Q048,exploitation,8.577590103019349e-07,4.6043841697116974e-08,11.102510996190912,0.2769598998853552,2.0,0.0,0.0,False,False,42637.0
14,gp_m52_ei,8,5,Q059,exploitation,0.0098488625464262,0.0016992133971979,11.23831043810067,0.5099663698030604,1.0,0.0,0.0,False,False,128632.0
14,pi_random_exploration,1,1,Q034,exploitation,0.9484640109759284,0.7222085179818674,12.502480574144515,0.4372305602443328,3.0,0.0,0.0,False,False,107033.0
14,pi_random_exploration,1,2,Q064,exploitation,0.9001247135953141,0.4366172332589279,12.210826823115257,0.3283985390245611,5.0,0.0,1.0,True,False,45673.0
14,pi_random_exploration,1,3,Q008,exploitation,0.8512001318338688,1.3836290158418758,13.078207715040634,1.237020810689118,8.0,0.0,1.0,True,False,0.0
14,pi_random_exploration,1,4,Q018,exploitation,0.8284270862728074,0.2051898055073884,11.976788814484486,0.1973222301035437,2.0,0.0,0.0,False,False,207261.0
14,pi_random_exploration,1,5,Q059,random_exploration,3.2861889188819533e-09,2.6919529568707534e-10,8.881005256325494,0.5013751214679013,3.0,0.0,0.6000000238418579,False,False,128632.0
14,pi_random_exploration,2,1,Q029,exploitation,0.8968544356318844,1.5501121360963868,13.74383212842045,1.1806124336003248,3.0,0.0,0.6000000238418579,False,False,119441.0
14,pi_random_exploration,2,2,Q017,exploitation,0.8875819239289249,1.3871809429265274,13.579271886416326,1.0937282965233557,3.0,0.0,0.0,False,False,247107.0
14,pi_random_exploration,2,3,Q052,exploitation,0.8174796049052022,0.8032374021559321,12.975570978767204,0.7991064266627034,1.0,0.0,0.0,False,False,81273.0
14,pi_random_exploration,2,4,Q030,exploitation,0.8140284837382356,1.090856913884652,13.23099160113891,1.096784393332905,3.0,0.0,0.6000000238418579,False,False,95814.0
14,pi_random_exploration,2,5,Q094,random_exploration,0.1503923825095726,0.4502020816289628,6.275221607721293,5.7757971154432655,13.0,1.0,0.0,True,False,0.0
14,pi_random_exploration,3,1,Q072,exploitation,0.2568083244259979,0.327794274505692,11.042087088325673,2.121032556502429,4.0,0.0,0.0,False,False,57726.0
14,pi_random_exploration,3,2,Q077,exploitation,0.2317912892196399,0.7430734530926228,8.395349291640834,5.501295076608945,10.0,0.0,1.0,True,False,226.0
14,pi_random_exploration,3,3,Q078,exploitation,0.230229325029868,0.5464118919751453,9.415324164994384,4.081140709793829,10.0,0.0,1.0,True,False,51868.0
14,pi_random_exploration,3,4,Q073,exploitation,0.2269830391870219,0.2318881004575592,11.106450824259516,1.7642838598387989,8.0,0.0,0.0,False,False,31696.0
14,pi_random_exploration,3,5,Q010,random_exploration,0.0024877661054571,0.002381388900455,3.381487418069126,3.2208393814894625,4.0,0.0,1.0,False,False,0.0
14,pi_random_exploration,4,1,Q063,exploitation,0.4584972250195387,0.5929990025607826,12.25049433782998,1.6991533268917742,8.0,0.0,0.0,False,False,38893.0
14,pi_random_exploration,4,2,Q067,exploitation,0.3719874364954295,0.540677284037006,11.739780388551896,2.1059789046170363,8.0,0.0,0.0,False,False,75311.0
14,pi_random_exploration,4,3,Q068,exploitation,0.286167571833874,0.2239917875732056,11.719414630019031,1.2542443689764615,4.0,0.0,0.0,False,False,50021.0
14,pi_random_exploration,4,4,Q080,exploitation,0.2185860247303284,0.6355275215102661,8.482366594998714,5.077642800720272,10.0,0.0,1.0,True,False,0.0
14,pi_random_exploration,4,5,Q060,random_exploration,0.2192991381167464,0.206793173692123,11.153228411941022,1.6452545820928373,6.0,0.0,0.0,False,False,43612.0
14,pi_random_exploration,5,1,Q083,exploitation,0.13798825465204,0.4102163726692761,6.049763986080301,5.854418217001945,14.0,1.0,0.0,True,False,0.0
14,pi_random_exploration,5,2,Q079,exploitation,0.1185318787101658,0.2544488329239331,7.255052833933004,4.374756865346523,9.0,1.0,0.0,True,False,32240.0
14,pi_random_exploration,5,3,Q081,exploitation,0.0912623537040586,0.2170492507485373,5.607517021288524,5.11624389227763,6.0,1.0,0.0,True,False,0.0
14,pi_random_exploration,5,4,Q085,exploitation,0.0413703495201767,0.0925850551433086,2.8571068020456973,5.51612141702972,13.0,0.0,1.0,True,False,0.0
14,pi_random_exploration,5,5,Q021,random_exploration,3.7169629831064926e-06,5.614893998619058e-07,9.126741152851112,0.7366514431126724,2.0,0.0,0.0,False,False,67531.0
14,pi_random_exploration,6,1,Q041,exploitation,0.1145575255212309,0.0595095582003663,11.144968873927253,1.0664955523263546,3.0,0.0,0.0,False,False,155410.0
14,pi_random_exploration,6,2,Q047,exploitation,0.1040193703633242,0.0544981629779682,11.04555242575448,1.0977393938270377,4.0,0.0,0.0,False,False,7770.0
14,pi_random_exploration,6,3,Q095,exploitation,0.0831531295161275,0.216036720260521,4.551150816464799,5.6903611551843465,12.0,1.0,0.0,True,False,0.0
14,pi_random_exploration,6,4,Q007,exploitation,0.0752146904987629,0.109905770050916,7.738384591782841,3.2608779329925697,7.0,0.0,1.0,True,False,0.0
14,pi_random_exploration,6,5,Q090,random_exploration,0.0032619790538849,0.0037730781137008,2.0824091669332914,3.8030719979940866,10.0,0.0,1.0,True,False,0.0
14,pi_random_exploration,7,1,Q049,exploitation,0.1619338402580854,0.0429616752980258,11.931710177053958,0.5026355352943437,3.0,0.0,0.0,False,False,163182.0
14,pi_random_exploration,7,2,Q051,exploitation,0.0608475957655301,0.1094976182994612,5.975083363502508,4.169095201834403,7.0,0.0,1.0,True,False,873.0
14,pi_random_exploration,7,3,Q057,exploitation,0.0459165912411878,0.081663180747733,5.1550525271852115,4.313977100575111,5.0,0.0,1.0,True,False,0.0
14,pi_random_exploration,7,4,Q036,exploitation,0.0267336218646644,0.0228767403978247,8.092858320379763,2.244658450463559,6.0,0.0,1.0,True,False,0.0
14,pi_random_exploration,7,5,Q005,random_exploration,2.85167776722522e-08,1.0443131283108064e-08,0.9671111791471344,2.111415606980971,9.0,0.0,1.0,True,False,42083.0
14,pi_random_exploration,8,1,Q084,exploitation,0.0015647266599315,0.001840996449679,0.2860978003972372,4.109171820082021,6.0,0.0,1.0,True,False,0.0
14,pi_random_exploration,8,2,Q002,exploitation,0.000642588333933,0.0005310649138326,2.5131517432592645,3.0797139618651306,5.0,0.0,1.0,True,False,0.0
14,pi_random_exploration,8,3,Q013,exploitation,8.431226006474707e-05,2.4747205540979512e-05,7.773430656305751,1.237179269931395,4.0,0.0,1.0,False,False,2639.0
14,pi_random_exploration,8,4,Q037,exploitation,2.883656323050966e-05,3.526315951079596e-06,10.237469040304129,0.5445148017054905,1.0,0.0,0.0,False,False,76141.0
14,pi_random_exploration,8,5,Q048,random_exploration,3.762026746707129e-06,2.4246925703615177e-07,11.02074448486438,0.3141453059020588,2.0,0.0,0.0,False,False,42637.0
14,pi_uncertainty,1,1,Q034,exploitation,0.9484640109759284,0.7222085179818674,12.502480574144515,0.4372305602443328,3.0,0.0,0.0,False,False,107033.0
14,pi_uncertainty,1,2,Q064,exploitation,0.9001247135953141,0.4366172332589279,12.210826823115257,0.3283985390245611,5.0,0.0,1.0,True,False,45673.0
14,pi_uncertainty,1,3,Q008,exploitation,0.8512001318338688,1.3836290158418758,13.078207715040634,1.237020810689118,8.0,0.0,1.0,True,False,0.0
14,pi_uncertainty,1,4,Q018,exploitation,0.8284270862728074,0.2051898055073884,11.976788814484486,0.1973222301035437,2.0,0.0,0.0,False,False,207261.0
14,pi_uncertainty,1,5,Q095,uncertainty_exploration,0.0261049569555283,0.0475057217156399,2.492875431671568,4.788741945348543,13.0,1.0,0.0,True,False,0.0
14,pi_uncertainty,2,1,Q017,exploitation,0.8621569710200876,1.292808926811865,13.46656008503537,1.114451911496695,3.0,0.0,0.4000000059604645,False,False,247107.0
14,pi_uncertainty,2,2,Q029,exploitation,0.7593363284061693,1.2597764861734209,13.30026296141316,1.4890225680893203,4.0,0.0,1.0,False,False,119441.0
14,pi_uncertainty,2,3,Q030,exploitation,0.6275976558834534,0.8570016894426323,12.730511079058807,1.470894024963439,4.0,0.0,1.0,False,False,95814.0
14,pi_uncertainty,2,4,Q052,exploitation,0.4195767870437826,0.3253332732672907,12.035687261370937,1.0644185307149143,2.0,0.0,0.0,False,False,81273.0
14,pi_uncertainty,2,5,Q083,uncertainty_exploration,0.121762210853033,0.3354459770804492,5.74266841947066,5.581327321409051,14.0,1.0,0.0,True,False,0.0
14,pi_uncertainty,3,1,Q072,exploitation,0.1653826930985998,0.1454157767266654,10.816030833831238,1.6569957525459589,4.0,0.0,0.0,False,False,57726.0
14,pi_uncertainty,3,2,Q080,exploitation,0.1148992688695993,0.2785778283008283,6.453847955176701,4.97447111151746,11.0,0.0,1.0,True,False,0.0
14,pi_uncertainty,3,3,Q073,exploitation,0.0976962653806526,0.1069592303465883,9.419194748964063,2.323453993057383,8.0,0.0,0.0,False,False,31696.0
14,pi_uncertainty,3,4,Q078,exploitation,0.0770619941656827,0.1612516462302828,5.802485932285547,4.648814494682352,11.0,0.0,1.0,True,False,51868.0
14,pi_uncertainty,3,5,Q085,uncertainty_exploration,0.0568019597678775,0.1307958244886344,3.888525546190408,5.396950575581249,12.0,0.0,1.0,True,False,0.0
14,pi_uncertainty,4,1,Q077,exploitation,0.1047287492003302,0.2254497064795827,6.774720435316609,4.504060975167151,10.0,0.0,1.0,True,False,226.0
14,pi_uncertainty,4,2,Q067,exploitation,0.034920005740812,0.0297978017635523,8.51776128769593,2.156610035034662,8.0,0.0,0.0,False,False,75311.0
14,pi_uncertainty,4,3,Q079,exploitation,0.0237646721671651,0.0351930756212254,4.609263855457312,3.9455511697735632,8.0,1.0,0.0,True,False,32240.0
14,pi_uncertainty,4,4,Q060,exploitation,0.0193476793314737,0.0110782510534694,9.190078222226823,1.5659688123804836,6.0,0.0,0.0,False,False,43612.0
14,pi_uncertainty,4,5,Q090,uncertainty_exploration,0.0136841694586611,0.0218483440337609,2.387856029583804,4.5506376461267095,10.0,0.0,1.0,True,False,0.0
14,pi_uncertainty,5,1,Q081,exploitation,0.0239241635286904,0.0294148138145766,5.951455672802391,3.2728976123825384,6.0,1.0,0.0,True,False,0.0
14,pi_uncertainty,5,2,Q051,exploitation,0.0217741944827572,0.0168945025787376,8.207730720230526,2.090678421754886,7.0,0.0,0.4000000059604645,True,False,873.0
14,pi_uncertainty,5,3,Q094,exploitation,0.0116795925843013,0.0183288701570053,2.1028192965436467,4.553350886158108,10.0,1.0,0.0,True,False,0.0
14,pi_uncertainty,5,4,Q063,exploitation,0.0115241108294737,0.0027611160122445,10.845335847260236,0.6962162190664292,2.0,0.0,0.0,False,False,38893.0
14,pi_uncertainty,5,5,Q057,uncertainty_exploration,0.0001970046967151,0.0001450126497991,1.946720497184404,2.9572998352363986,5.0,0.0,1.0,True,False,0.0
14,pi_uncertainty,6,1,Q010,exploitation,0.0003379007912988,0.0002404022763659,3.0266574069235417,2.765617927908558,4.0,0.0,1.0,False,False,0.0
14,pi_uncertainty,6,2,Q059,exploitation,7.77796970971836e-05,8.259052023796204e-06,10.727507348715031,0.4495143769990815,1.0,0.0,0.0,False,False,128632.0
14,pi_uncertainty,6,3,Q047,exploitation,2.1251877353793816e-05,1.8230745616722112e-06,10.840979772587277,0.3875969070024573,4.0,0.0,0.0,False,False,7770.0
14,pi_uncertainty,6,4,Q013,exploitation,7.053659607970577e-06,2.4581401700183764e-06,5.2430705035676,1.6545844138660544,4.0,0.0,1.0,False,False,2639.0
14,pi_uncertainty,6,5,Q084,uncertainty_exploration,7.784049339551544e-07,4.258962903803901e-07,-1.1813756325545055,2.8329554663844188,6.0,0.0,1.0,True,False,0.0
14,pi_uncertainty,7,1,Q005,exploitation,0.0215445922247211,0.021025514444078,7.101084254443472,2.633171542744667,9.0,0.0,1.0,True,False,42083.0
14,pi_uncertainty,7,2,Q068,exploitation,0.0098622435040771,0.0017360020068692,11.214651449141892,0.5202249175723239,4.0,0.0,0.0,False,False,50021.0
14,pi_uncertainty,7,3,Q007,exploitation,0.0086018794996733,0.0067744511584659,6.8020882765221975,2.361346639147597,6.0,0.0,1.0,True,False,0.0
14,pi_uncertainty,7,4,Q036,exploitation,0.000698429174333,0.0002557278156637,8.092763644022826,1.3566231322531264,6.0,0.0,1.0,True,False,0.0
14,pi_uncertainty,7,5,Q002,uncertainty_exploration,2.573216328997978e-12,7.126486419801923e-13,-1.2868770449333995,1.9871769889588784,5.0,0.0,1.0,True,False,0.0
14,pi_uncertainty,8,1,Q049,exploitation,0.2728603982139027,0.131914316954187,11.95183555927659,0.7874167320361377,3.0,0.0,0.0,False,False,163182.0
14,pi_uncertainty,8,2,Q021,exploitation,0.0063574088871641,0.0014571745314382,10.662107357446327,0.7085534881524652,2.0,0.0,0.0,False,False,67531.0
14,pi_uncertainty,8,3,Q041,exploitation,0.0014926544791038,0.0003397387497658,10.058633913032846,0.7978275822808334,2.0,0.0,0.0,False,False,155410.0
14,pi_uncertainty,8,4,Q048,exploitation,4.038060663861458e-06,2.454224491244747e-07,11.109251271176518,0.2953805554602901,2.0,0.0,0.0,False,False,42637.0
14,pi_uncertainty,8,5,Q037,uncertainty_exploration,4.375517748114552e-06,4.518995655926612e-07,10.203325925979472,0.500289540099861,1.0,0.0,0.0,False,False,76141.0
14,imperfection_aware,1,1,Q034,exploitation,0.9484640109759284,0.7222085179818674,12.502480574144515,0.4372305602443328,3.0,0.0,0.0,False,False,107033.0
14,imperfection_aware,1,2,Q018,exploitation,0.8284270862728074,0.2051898055073884,11.976788814484486,0.1973222301035437,2.0,0.0,0.0,False,False,207261.0
14,imperfection_aware,1,3,Q002,exploitation,0.5219496533230851,0.6432262867555908,11.872642620471172,1.506136873426034,9.0,0.0,0.0,False,False,0.0
14,imperfection_aware,1,4,Q072,exploitation,0.2885587399140832,0.1264238655500184,11.399408311879244,0.7000094980825038,4.0,0.0,0.0,False,False,57726.0
14,imperfection_aware,1,5,Q064,suspicious_exploration,0.9001247135953141,0.4366172332589279,12.210826823115257,0.3283985390245611,5.0,0.0,1.0,True,False,45673.0
14,imperfection_aware,2,1,Q017,exploitation,0.9296520114329612,1.522578351991668,13.742795844062584,1.0121182453205244,3.0,0.0,0.4000000059604645,False,False,247107.0
14,imperfection_aware,2,2,Q029,exploitation,0.810040984277522,1.3513250398493442,13.459297622766302,1.3752773936399574,4.0,0.0,1.0,False,False,119441.0
14,imperfection_aware,2,3,Q030,exploitation,0.6716852828998157,0.9038206931419018,12.860532099849218,1.3693930054828587,4.0,0.0,1.0,False,False,95814.0
14,imperfection_aware,2,4,Q052,exploitation,0.4109978330930307,0.2542674070801877,12.058809795445844,0.8575433160958099,2.0,0.0,0.0,False,False,81273.0
14,imperfection_aware,2,5,Q060,suspicious_exploration,0.2582519236992709,0.3962319589437666,10.600750506466849,2.544899712921415,7.0,0.0,1.0,True,False,43612.0
14,imperfection_aware,3,1,Q078,exploitation,0.1345150982746369,0.2399928979878591,8.521110612212766,3.5343118392136548,9.0,0.0,0.0,False,False,51868.0
14,imperfection_aware,3,2,Q068,exploitation,0.0689264275261399,0.0390003186729711,10.524201766168131,1.2827435351961818,6.0,0.0,0.0,False,False,50021.0
14,imperfection_aware,3,3,Q073,exploitation,0.0665506938618191,0.0363943186578309,10.553903846399276,1.2474684345671865,4.0,0.0,0.0,False,False,31696.0
14,imperfection_aware,3,4,Q067,exploitation,0.0641112254656991,0.0602613937416486,9.144694258731375,2.1581623581416207,5.0,0.0,0.0,False,False,75311.0
14,imperfection_aware,3,5,Q079,suspicious_exploration,0.1664939806804871,0.4313196175768313,7.709257881621973,4.873731798534578,14.0,1.0,0.0,True,False,32240.0
14,imperfection_aware,4,1,Q063,exploitation,0.0146395036271472,0.0034166253339326,10.988923734482098,0.6600223928794242,2.0,0.0,0.0,False,False,38893.0
14,imperfection_aware,4,2,Q047,exploitation,0.0007149700764515,0.0001055762573233,10.685899457887322,0.546231874806375,4.0,0.0,0.0,False,False,7770.0
14,imperfection_aware,4,3,Q059,exploitation,0.0006759416913333,9.855722220576094e-05,10.692352781210532,0.5414580811507783,1.0,0.0,0.0,False,False,128632.0
14,imperfection_aware,4,4,Q010,exploitation,3.419846839333644e-08,1.047779291712202e-08,2.9477985684935986,1.757034057522418,4.0,0.6000000238418579,0.4000000059604645,False,False,0.0
14,imperfection_aware,4,5,Q080,suspicious_exploration,0.1705799720819544,0.3463075482268836,8.814486132665147,3.795762442315636,10.0,0.0,1.0,True,False,0.0
14,imperfection_aware,5,1,Q049,exploitation,0.000735541793762,9.612747345158642e-05,10.893128353452312,0.4824824158247254,3.0,0.0,0.0,False,False,163182.0
14,imperfection_aware,5,2,Q048,exploitation,0.0003333738216399,4.186463031050981e-05,10.765021451331384,0.4885713617152398,2.0,0.0,0.0,False,False,42637.0
14,imperfection_aware,5,3,Q013,exploitation,3.167800089816461e-05,1.0766710220107848e-05,6.401674386450033,1.506495614523094,4.0,0.0,1.0,False,False,2639.0
14,imperfection_aware,5,4,Q021,exploitation,2.7209580637022935e-06,3.391595976755367e-07,9.628876111929966,0.6155074087874517,2.0,0.0,0.0,False,False,67531.0
14,imperfection_aware,5,5,Q095,suspicious_exploration,0.1800674651423797,0.6180330329489971,6.6376176673726555,6.32708165130628,13.0,0.0,1.0,True,False,0.0
14,imperfection_aware,6,1,Q041,exploitation,7.880843325821653e-09,5.994006904306831e-10,9.856734260511356,0.4547708337973977,2.0,0.0,0.0,False,True,155410.0
14,imperfection_aware,6,2,Q037,exploitation,3.5410926332750335e-34,4.6130652085633095e-36,10.484374098876094,0.1601619683167492,1.0,0.0,0.0,False,True,76141.0
14,imperfection_aware,6,3,Q077,exploitation,0.1602141588875745,0.4949578044572875,6.596621935566132,5.868646782454973,9.0,0.0,1.0,True,True,226.0
14,imperfection_aware,6,4,Q005,exploitation,0.1594069202504621,0.2009421490349901,10.037389263644464,2.3976280462942423,8.0,0.0,1.0,True,True,42083.0
14,imperfection_aware,6,5,Q083,suspicious_exploration,0.1399030262916377,0.4268021304744147,5.955544346428619,5.988439231479287,8.0,1.0,0.0,True,True,0.0
14,imperfection_aware,7,1,Q081,exploitation,0.0408823756028244,0.0290652588339251,9.3720808595953,1.7554925457683264,6.0,1.0,0.0,True,True,0.0
14,imperfection_aware,7,2,Q094,exploitation,0.0148023421461481,0.0258899030742823,1.681377181865698,4.94001215291307,12.0,0.0,1.0,True,True,0.0
14,imperfection_aware,7,3,Q085,exploitation,0.0120758883312059,0.0190475072596372,2.1469153868176845,4.559647465695304,12.0,0.0,1.0,True,True,0.0
14,imperfection_aware,7,4,Q090,exploitation,0.0082927948667558,0.0119297362207132,2.054669558640968,4.329681218787325,10.0,0.0,1.0,True,True,0.0
14,imperfection_aware,7,5,Q084,suspicious_exploration,0.0077814554249734,0.0102924336597913,2.7346131289286353,4.007001567450374,7.0,0.0,1.0,True,True,0.0
14,imperfection_aware,8,1,Q057,exploitation,0.0174448089364463,0.0261052977831587,3.68335321740664,4.144896366441201,5.0,0.0,1.0,True,True,0.0
14,imperfection_aware,8,2,Q051,exploitation,0.0101204241486176,0.0147600997227692,2.447393155962581,4.298371728152941,7.0,0.0,1.0,True,True,873.0
14,imperfection_aware,8,3,Q008,exploitation,0.0013409244176076,0.0008610718894871,5.6146767391501164,2.2694316208657774,5.0,0.0,1.0,True,True,0.0
14,imperfection_aware,8,4,Q036,exploitation,0.0007585970662591,0.0003364220859822,7.24643656235224,1.6337219768185975,6.0,0.0,1.0,True,True,0.0
14,imperfection_aware,8,5,Q007,suspicious_exploration,0.0001320087756604,4.6264202374943155e-05,7.170282506679584,1.4410407945437365,6.0,0.0,1.0,True,True,0.0
15,random,1,1,Q032,random,1.4366897314397328e-07,6.262188184981171e-09,11.200590927805209,0.2391062091317229,5.0,0.0,0.0,False,False,0.0
15,random,1,2,Q056,random,1.0832400150673056e-15,1.7411176246596268e-17,11.385692238301877,0.1313621099704647,4.0,0.0,0.0,False,False,94093.0
15,random,1,3,Q051,random,1.2339963268398069e-05,5.545345219758896e-06,3.646823282043607,2.0818794591203096,8.0,0.0,1.0,True,False,873.0
15,random,1,4,Q004,random,0.0177000819173598,0.0286164497120798,3.023401668816237,4.470195675159624,9.0,0.0,1.0,True,False,0.0
15,random,1,5,Q095,random,3.1275808178195413e-83,1.034683358143557e-84,0.0490789129532354,0.6416350376542559,34.0,1.0,0.0,True,False,0.0
15,random,2,1,Q074,random,0.2645830492116297,0.7930107055118794,9.32389449890843,4.932126873624157,8.0,0.0,0.0,False,False,34285.0
15,random,2,2,Q026,random,0.5116862390914322,0.926017187754971,12.49314925396067,2.2380425345489794,3.0,0.0,0.0,False,False,99186.0
15,random,2,3,Q088,random,0.516419905835239,0.9262996740044738,12.51840979041394,2.206182192789927,21.0,0.0,0.4000000059604645,True,False,0.0
15,random,2,4,Q005,random,0.6857099638256874,1.2170164875883307,13.285010051888875,1.7725502041646988,10.0,0.0,0.0,False,False,42083.0
15,random,2,5,Q065,random,0.2050103453859288,0.0983573675135222,11.724387122251503,0.8535382443120921,6.0,0.0,0.0,False,False,38100.0
15,random,3,1,Q085,random,0.010711369727646,0.012873304783042,4.329051149075454,3.5204110728492237,12.0,0.0,1.0,True,False,0.0
15,random,3,2,Q064,random,0.1225812267820786,0.04016008377992,11.65733687795207,0.6627579608047299,6.0,0.0,0.0,False,False,45673.0
15,random,3,3,Q024,random,2.0905459334442113e-08,6.480582679196932e-10,11.438713229639504,0.1803506599941693,3.0,0.0,0.0,False,False,25579.0
15,random,3,4,Q001,random,0.1652654576691278,0.4537377342291754,7.3921829712883325,5.174886635487426,7.0,0.0,1.0,True,False,4553.0
15,random,3,5,Q028,random,0.5054119331235347,0.3549731980573639,12.43944882918643,0.8748309443300201,5.0,0.0,0.0,False,False,55318.0
15,random,4,1,Q023,random,0.2497810083434106,0.1500758017160741,11.747444144837395,1.007342607165482,1.0,0.0,0.0,False,False,130578.0
15,random,4,2,Q071,random,0.2700264081314778,0.2459996875904569,11.515200356747735,1.48903392633268,3.0,0.0,0.0,False,False,60955.0
15,random,4,3,Q036,random,6.518249089022018e-11,2.0730697739322216e-11,-1.3047360044351102,2.1367451390633345,2.0,0.0,1.0,False,False,0.0
15,random,4,4,Q094,random,0.0865188528229714,0.2207663010542334,4.8704633104141415,5.546476748971277,12.0,0.4000000059604645,0.6000000238418579,True,False,0.0
15,random,4,5,Q058,random,0.0238342842774854,0.0235636613616741,7.213345203646351,2.6330384358067342,7.0,0.0,0.0,False,False,60312.0
15,random,5,1,Q084,random,0.0105421150699416,0.0130327863695126,4.060820213785668,3.62751326385791,6.0,0.0,1.0,True,False,0.0
15,random,5,2,Q063,random,0.0814859161307069,0.0355066088515771,11.090981956348106,0.9580351152964742,5.0,0.0,0.0,False,False,38893.0
15,random,5,3,Q035,random,0.0613848553248523,0.0460226727821615,9.751025806520174,1.7343605777926985,4.0,0.0,0.0,False,False,50709.0
15,random,5,4,Q010,random,0.0816760773042875,0.0789630273178642,9.466024712420884,2.1246765610487666,4.0,0.0,0.0,False,False,0.0
15,random,5,5,Q034,random,0.3161523880519337,0.1771947498667072,12.013016951381484,0.8664085281858194,3.0,0.0,0.0,False,False,107033.0
15,random,6,1,Q086,random,0.043314684550702,0.092564943619554,3.4651557731840748,5.230624281964368,8.0,0.800000011920929,0.2000000029802322,True,False,200.0
15,random,6,2,Q075,random,0.0179152802012297,0.0252439622480009,4.262474376553906,3.890285428529569,6.0,1.0,0.0,True,False,0.0
15,random,6,3,Q046,random,0.185788224836184,0.0968225906699216,11.576311475074062,0.9527096966267884,2.0,0.0,0.0,False,False,58386.0
15,random,6,4,Q008,random,0.0001045556521181,8.353381581180114e-05,0.0874305617952764,3.3282070618309856,7.0,0.0,1.0,True,False,0.0
15,random,6,5,Q066,random,0.0326352256808556,0.0241809194270011,8.942047103729614,1.8908166143834049,4.0,0.0,0.6000000238418579,False,False,82233.0
15,random,7,1,Q012,random,0.0250978086797334,0.0137966038420205,9.579951705600976,1.4541382517032575,5.0,0.0,1.0,True,False,1147.0
15,random,7,2,Q027,random,8.73316079736787e-05,7.009602338803387e-05,-0.2455132881344957,3.376703024269155,7.0,1.0,0.0,True,False,0.0
15,random,7,3,Q006,random,0.0001472021826943,7.525515057201686e-05,4.864645607730371,2.0891078857930268,4.0,0.0,1.0,False,False,2244.0
15,random,7,4,Q080,random,0.0454648343885018,0.0733461437622251,5.8021978244213255,3.919153037649096,6.0,0.4000000059604645,0.6000000238418579,True,False,0.0
15,random,7,5,Q031,random,0.1627798787675115,0.1134678644332468,11.13097133143964,1.3189030054726223,2.0,0.0,0.0,False,False,62455.0
15,random,8,1,Q014,random,0.0008162409694957,0.000248781996015,8.908871521199682,1.11703642293916,2.0,0.0,0.0,False,False,108381.0
15,random,8,2,Q039,random,3.0043194328184976e-05,8.291357998986066e-06,7.50652925651012,1.226439058367759,2.0,0.0,1.0,False,False,28530.0
15,random,8,3,Q009,random,2.609667194115645e-05,7.912530493083735e-06,6.93928650329792,1.3566143466473275,5.0,0.0,0.800000011920929,True,False,3295.0
15,random,8,4,Q072,random,0.3661660606013595,0.4542486861707689,11.808696107590704,1.8094722974507016,4.0,0.0,0.800000011920929,False,False,57726.0
15,random,8,5,Q090,random,0.0012313190132699,0.0012562268025913,1.4397591589225476,3.6288650505947566,10.0,0.0,1.0,True,False,0.0
15,gp_m52_pi,1,1,Q031,exploitation,0.5472470182205927,0.3407950016244019,12.51531667421902,0.7390843230228177,2.0,0.0,0.0,False,False,62455.0
15,gp_m52_pi,1,2,Q005,exploitation,0.5120316803445534,0.4138792247301654,12.457720529219731,0.9992122506656844,11.0,0.0,0.0,False,False,42083.0
15,gp_m52_pi,1,3,Q065,exploitation,0.509257262569926,0.3464981749111767,12.447161883371065,0.8437736370188981,8.0,0.0,0.0,False,False,38100.0
15,gp_m52_pi,1,4,Q080,exploitation,0.5061946109728603,0.6531935327320907,12.452517006087504,1.6058668332827215,6.0,0.0,1.0,True,False,0.0
15,gp_m52_pi,1,5,Q090,exploitation,0.3472399018075781,0.237383616631058,12.027296892100892,1.0190968874969817,24.0,0.0,0.0,False,False,0.0
15,gp_m52_pi,2,1,Q028,exploitation,0.863712880289886,0.7208172015757407,13.105744216084794,0.6181116576178846,5.0,0.0,0.0,False,False,55318.0
15,gp_m52_pi,2,2,Q094,exploitation,0.1475208978809827,0.413522252578564,6.737816441436243,5.433699643786224,10.0,0.0,1.0,True,False,0.0
15,gp_m52_pi,2,3,Q063,exploitation,0.135730554835204,0.0676585190004381,11.343912034401123,0.9854185569454408,8.0,0.0,0.4000000059604645,True,False,38893.0
15,gp_m52_pi,2,4,Q066,exploitation,0.1255448221387983,0.0690988122572768,11.156479286180412,1.1075141645352244,4.0,0.0,0.0,False,False,82233.0
15,gp_m52_pi,2,5,Q095,exploitation,0.1104175371317279,0.2843139001140355,5.904410253300274,5.328035579027876,11.0,1.0,0.0,True,False,0.0
15,gp_m52_pi,3,1,Q064,exploitation,0.1665382245498724,0.0867631419962955,11.4789450716869,0.9800605843146892,6.0,0.0,0.0,False,False,45673.0
15,gp_m52_pi,3,2,Q001,exploitation,0.1359690635847255,0.3745818001267621,6.446913181757715,5.443848592449254,7.0,0.0,1.0,True,False,4553.0
15,gp_m52_pi,3,3,Q071,exploitation,0.1286682947768686,0.0335077737371109,11.837282023478071,0.5211390421129142,5.0,0.0,0.0,False,False,60955.0
15,gp_m52_pi,3,4,Q008,exploitation,0.0986180023791385,0.0612814360491267,10.730305299021708,1.316261922906666,8.0,0.0,0.0,False,False,0.0
15,gp_m52_pi,3,5,Q006,exploitation,0.0927889177192943,0.0618463392323108,10.535689171669002,1.4291641919237923,7.0,0.0,0.0,False,False,2244.0
15,gp_m52_pi,4,1,Q023,exploitation,0.3291220762183936,0.2340597062096691,11.94865299089524,1.0827174043947232,3.0,0.0,0.0,False,False,130578.0
15,gp_m52_pi,4,2,Q034,exploitation,0.2783426546471926,0.1765892945555732,11.824305608068077,1.0263760629483916,5.0,0.0,0.0,False,False,107033.0
15,gp_m52_pi,4,3,Q026,exploitation,0.2147198390908813,0.1372328320316366,11.541009888117486,1.1220273736511592,3.0,0.0,0.0,False,False,99186.0
15,gp_m52_pi,4,4,Q024,exploitation,0.2126343800666874,0.1383461842717923,11.514285892586187,1.1454646598294111,3.0,0.0,0.0,False,False,25579.0
15,gp_m52_pi,4,5,Q046,exploitation,0.1668701809154471,0.0882529311132332,11.466385002104731,0.9944014710336108,2.0,0.0,0.0,False,False,58386.0
15,gp_m52_pi,5,1,Q056,exploitation,0.141253937651345,0.0676108006746092,11.42009828671052,0.937452305411879,3.0,0.0,0.0,False,False,94093.0
15,gp_m52_pi,5,2,Q014,exploitation,0.1167503745582065,0.0335786907703496,11.726968653701777,0.588063070391071,2.0,0.0,0.0,False,False,108381.0
15,gp_m52_pi,5,3,Q085,exploitation,0.0826321921528531,0.185945546213587,5.580529011975688,4.934520667227384,12.0,0.0,1.0,True,False,0.0
15,gp_m52_pi,5,4,Q058,exploitation,0.0804164313071419,0.1419755447177462,6.970808177868893,3.891368623140037,7.0,0.0,0.0,False,False,60312.0
15,gp_m52_pi,5,5,Q072,exploitation,0.0789689473815331,0.0884137824291089,8.931194356547815,2.47612247554098,4.0,0.0,0.0,False,False,57726.0
15,gp_m52_pi,6,1,Q004,exploitation,0.0473304274663486,0.1139686925747294,2.7122566102446193,5.813006395793993,9.0,1.0,0.0,True,False,0.0
15,gp_m52_pi,6,2,Q086,exploitation,0.0410245549405278,0.0896366533205252,3.0507885688808445,5.3923128155976805,8.0,1.0,0.0,True,False,200.0
15,gp_m52_pi,6,3,Q074,exploitation,0.0167678358410883,0.0067854655626658,10.033662037671292,1.1262262227164357,3.0,0.0,0.0,False,False,34285.0
15,gp_m52_pi,6,4,Q012,exploitation,0.0165094917423161,0.0058753806644298,10.31219275007298,0.9922769655679936,5.0,0.0,0.0,False,False,1147.0
15,gp_m52_pi,6,5,Q051,exploitation,0.0160641990274453,0.0199946208813124,4.966814047355828,3.481768544623422,7.0,0.0,0.0,False,False,873.0
15,gp_m52_pi,7,1,Q088,exploitation,0.0884511868955878,0.2360716763634487,4.626991431476332,5.77669841189294,17.0,0.0,1.0,True,False,0.0
15,gp_m52_pi,7,2,Q032,exploitation,0.0060923728615264,0.0016379722164623,10.335497789836754,0.8345804044307402,5.0,0.0,1.0,True,False,0.0
15,gp_m52_pi,7,3,Q075,exploitation,0.0016353970172988,0.0016491972508714,2.1046911640525483,3.509908159720997,6.0,0.2000000029802322,0.800000011920929,True,False,0.0
15,gp_m52_pi,7,4,Q027,exploitation,0.0008591387699353,0.0008363047055886,1.2837822120304967,3.554589669825233,7.0,1.0,0.0,True,False,0.0
15,gp_m52_pi,7,5,Q084,exploitation,0.0005251038884634,0.000554088380136,-0.6339713248142811,3.986167721214207,6.0,0.0,1.0,True,False,0.0
15,gp_m52_pi,8,1,Q009,exploitation,2.1984497989345967e-06,6.407502882523107e-07,5.7634977354453,1.451338398753823,5.0,0.0,0.0,False,False,3295.0
15,gp_m52_pi,8,2,Q010,exploitation,0.0008739958980505,0.0003447339612302,7.924828391268463,1.4385735317900572,4.0,0.0,0.0,False,False,0.0
15,gp_m52_pi,8,3,Q035,exploitation,0.0692057507063192,0.0407984323778398,10.448715739007238,1.3355076616173165,4.0,0.0,0.0,False,False,50709.0
15,gp_m52_pi,8,4,Q036,exploitation,4.258400062871646e-19,7.911697762734469e-20,-2.492470870055663,1.6853028535875914,2.0,0.0,1.0,False,False,0.0
15,gp_m52_pi,8,5,Q039,exploitation,6.33805896770819e-08,1.0444287237407048e-08,7.526729679243911,0.9275822828826916,2.0,0.0,0.6000000238418579,False,False,28530.0
15,gp_m52_ei,1,1,Q001,exploitation,0.2672521184102792,0.7408351520480875,9.60357245083528,4.546455995494362,7.0,0.0,1.0,True,False,4553.0
15,gp_m52_ei,1,2,Q080,exploitation,0.5061952478850553,0.6531925409367603,12.452519482745588,1.6058612040527092,6.0,0.0,1.0,True,False,0.0
15,gp_m52_ei,1,3,Q005,exploitation,0.512031619793519,0.4138776885166179,12.457720271278369,0.9992087294086353,11.0,0.0,0.0,False,False,42083.0
15,gp_m52_ei,1,4,Q065,exploitation,0.5092570959592915,0.3464967156336978,12.447161458569568,0.8437705205806105,8.0,0.0,0.0,False,False,38100.0
15,gp_m52_ei,1,5,Q031,exploitation,0.5472466638523378,0.3407931562290779,12.515315631132408,0.73908110556086,2.0,0.0,0.0,False,False,62455.0
15,gp_m52_ei,2,1,Q028,exploitation,0.8572459572042959,0.7368032035421359,13.117203050383452,0.6456970934349171,5.0,0.0,0.0,False,False,55318.0
15,gp_m52_ei,2,2,Q094,exploitation,0.1632446391965868,0.4587722503014885,7.2138460683745,5.313577735754465,34.0,0.0,1.0,True,False,0.0
15,gp_m52_ei,2,3,Q095,exploitation,0.1267759105927981,0.3306115229252865,6.44916285790207,5.236120616184628,34.0,1.0,0.0,True,False,0.0
15,gp_m52_ei,2,4,Q088,exploitation,0.1258554515900539,0.3163699705752111,6.632993106953073,5.055460888990341,21.0,0.0,1.0,True,False,0.0
15,gp_m52_ei,2,5,Q058,exploitation,0.107450886770557,0.2272812365013556,6.968201779901399,4.4020183000066595,8.0,0.0,1.0,True,False,60312.0
15,gp_m52_ei,3,1,Q035,exploitation,0.4918280504502125,0.5702321660986222,12.397534525666934,1.466709704730751,4.0,0.0,0.0,False,False,50709.0
15,gp_m52_ei,3,2,Q064,exploitation,0.4936888323985346,0.4828129782463324,12.408049569426534,1.2345568961150244,6.0,0.0,0.0,False,False,45673.0
15,gp_m52_ei,3,3,Q023,exploitation,0.5819595721734591,0.4242610574405556,12.599399945102617,0.8304090279430801,3.0,0.0,0.0,False,False,130578.0
15,gp_m52_ei,3,4,Q034,exploitation,0.38981612282213,0.2125984543971181,12.21092462427078,0.7743296948241751,5.0,0.0,0.0,False,False,107033.0
15,gp_m52_ei,3,5,Q026,exploitation,0.3081726170699566,0.1526706132035879,12.040226048063303,0.773106346595453,3.0,0.0,0.0,False,False,99186.0
15,gp_m52_ei,4,1,Q009,exploitation,0.4793780383073153,0.7884599003247313,12.31844555075047,2.110335273850996,6.0,0.0,0.0,False,False,3295.0
15,gp_m52_ei,4,2,Q075,exploitation,0.1679664310800298,0.5163566778334738,6.8750247561774165,5.770493528427618,8.0,0.0,1.0,True,False,0.0
15,gp_m52_ei,4,3,Q008,exploitation,0.3197777891514757,0.5056738804216823,11.287657795235557,2.4340671457678695,8.0,0.0,0.2000000029802322,True,False,0.0
15,gp_m52_ei,4,4,Q012,exploitation,0.3456515905141775,0.4083268078519848,11.727017054854525,1.7642567321888378,5.0,0.0,0.0,False,False,1147.0
15,gp_m52_ei,4,5,Q006,exploitation,0.2084257381908211,0.2965045803377107,10.38241961405996,2.518994900659354,7.0,0.0,0.0,False,False,2244.0
15,gp_m52_ei,5,1,Q090,exploitation,0.1773409664515985,0.4629057387470596,7.9560541494313135,4.831230749802503,10.0,0.0,1.0,True,False,0.0
15,gp_m52_ei,5,2,Q074,exploitation,0.4294565732891044,0.4533885586162342,12.172820336210874,1.433188030265771,6.0,0.0,0.4000000059604645,True,False,34285.0
15,gp_m52_ei,5,3,Q085,exploitation,0.2234312904822463,0.3533986686770167,10.34000741754176,2.7444382696066434,12.0,0.0,1.0,True,False,0.0
15,gp_m52_ei,5,4,Q063,exploitation,0.3509659867416994,0.2979299474892383,11.94535747122942,1.26001017655019,5.0,0.0,0.0,False,False,38893.0
15,gp_m52_ei,5,5,Q071,exploitation,0.3390145581987096,0.2961157234335732,11.881837864508247,1.3145550926271563,6.0,0.0,0.0,False,False,60955.0
15,gp_m52_ei,6,1,Q046,exploitation,0.1714201338303815,0.0876809912131107,11.52158324618842,0.9551211127907032,2.0,0.0,0.0,False,False,58386.0
15,gp_m52_ei,6,2,Q066,exploitation,0.0288814520199281,0.0146745737401095,9.92501714256786,1.318878987696503,4.0,0.0,0.0,False,False,82233.0
15,gp_m52_ei,6,3,Q024,exploitation,0.0311765416572162,0.0117760346942074,10.619474546437786,0.9701303373712256,3.0,0.0,0.0,False,False,25579.0
15,gp_m52_ei,6,4,Q014,exploitation,0.0233173408464068,0.0089671366616664,10.383973900748732,1.0271430187157238,2.0,0.0,0.0,False,False,108381.0
15,gp_m52_ei,6,5,Q004,exploitation,0.0037218133923286,0.0055141078043803,-0.4588069621013648,4.814971142198606,8.0,1.0,0.0,True,False,0.0
15,gp_m52_ei,7,1,Q051,exploitation,0.1040285166301496,0.1333966689970399,9.045246533386852,2.6866821577706816,7.0,0.0,0.0,False,False,873.0
15,gp_m52_ei,7,2,Q056,exploitation,0.2999837458582678,0.1048066102295814,12.13883317634939,0.5505750752247777,3.0,0.0,0.0,False,False,94093.0
15,gp_m52_ei,7,3,Q072,exploitation,0.0360482272819156,0.0192664075768261,10.00939595652959,1.3445500757268063,4.0,0.0,0.0,False,False,57726.0
15,gp_m52_ei,7,4,Q086,exploitation,0.0005969659198864,0.0006016740038257,0.1961960165019869,3.774739139590317,8.0,1.0,0.0,True,False,200.0
15,gp_m52_ei,7,5,Q027,exploitation,0.0001385455222717,0.0001088444660653,0.7148195784222304,3.2214853912845727,6.0,0.0,1.0,True,False,0.0
15,gp_m52_ei,8,1,Q010,exploitation,4.966769683958669e-05,1.498511484090227e-05,7.33834873380991,1.3075431800072128,4.0,0.2000000029802322,0.0,False,False,0.0
15,gp_m52_ei,8,2,Q032,exploitation,0.0012694820612508,0.0002759874636933,10.09865868093954,0.7715089195856834,5.0,0.0,1.0,True,False,0.0
15,gp_m52_ei,8,3,Q036,exploitation,3.5583879384477646e-08,4.627773569927128e-09,8.413671041724854,0.7449447808191859,7.0,0.0,1.0,True,False,0.0
15,gp_m52_ei,8,4,Q039,exploitation,9.832415298414923e-09,5.661784776251768e-10,10.506059926825216,0.3422166950415864,2.0,0.0,0.0,False,False,28530.0
15,gp_m52_ei,8,5,Q084,exploitation,6.103253485113563e-05,5.1702753373733664e-05,-1.5280342709109125,3.632438452522345,6.0,0.6000000238418579,0.4000000059604645,True,False,0.0
15,pi_random_exploration,1,1,Q031,exploitation,0.5472456923710273,0.3407948050124083,12.515314498447877,0.7390868324071238,2.0,0.0,0.0,False,False,62455.0
15,pi_random_exploration,1,2,Q005,exploitation,0.5120300129345967,0.4138798297112154,12.457716550858546,0.9992188762524924,11.0,0.0,0.0,False,False,42083.0
15,pi_random_exploration,1,3,Q065,exploitation,0.5092560929628778,0.346499277940071,12.447159542482831,0.843779391635536,8.0,0.0,0.0,False,False,38100.0
15,pi_random_exploration,1,4,Q080,exploitation,0.5061938643047765,0.6531940984936463,12.452514079830683,1.605871965009226,6.0,0.0,1.0,True,False,0.0
15,pi_random_exploration,1,5,Q075,random_exploration,7.559113346573148e-06,4.463662559987046e-06,0.3325020952943811,2.7952840312520615,8.0,0.6000000238418579,0.4000000059604645,True,False,0.0
15,pi_random_exploration,2,1,Q028,exploitation,0.8775846818760373,0.7412317241866895,13.132162482785663,0.605832681691387,5.0,0.0,0.0,False,False,55318.0
15,pi_random_exploration,2,2,Q063,exploitation,0.1509027378515085,0.0783326989480502,11.394251791641732,1.0007356608119748,8.0,0.0,0.0,False,False,38893.0
15,pi_random_exploration,2,3,Q094,exploitation,0.1419842558645426,0.3815372309869801,6.795444843971428,5.256570025096729,34.0,0.0,1.0,True,False,0.0
15,pi_random_exploration,2,4,Q066,exploitation,0.1424325887741168,0.0823055862707181,11.2195878731881,1.1295417783833837,4.0,0.0,0.0,False,False,82233.0
15,pi_random_exploration,2,5,Q072,random_exploration,0.0624213105957575,0.0717418193254614,8.358818154121119,2.65107298512289,4.0,0.0,1.0,False,False,57726.0
15,pi_random_exploration,3,1,Q064,exploitation,0.5762142007918458,0.60232861948576,12.658031832077445,1.1989059145042718,6.0,0.0,0.0,False,False,45673.0
15,pi_random_exploration,3,2,Q088,exploitation,0.5505958970605502,0.5005638960112725,12.56425409870167,1.0747545180363114,20.0,0.0,1.0,True,False,0.0
15,pi_random_exploration,3,3,Q074,exploitation,0.4543754707464948,0.5950905591271928,12.22945356913604,1.7286447596371537,6.0,0.0,0.0,False,False,34285.0
15,pi_random_exploration,3,4,Q085,exploitation,0.4087061487019064,0.8929776453569553,11.726552358951835,3.036404589915982,12.0,0.0,1.0,True,False,0.0
15,pi_random_exploration,3,5,Q036,random_exploration,0.1014183136947642,0.1456976927706834,8.574277260594716,3.025731442484134,7.0,0.0,1.0,True,False,0.0
15,pi_random_exploration,4,1,Q071,exploitation,0.3254506727604151,0.2384436826186336,11.920656822061447,1.12024821510543,3.0,0.0,0.0,False,False,60955.0
15,pi_random_exploration,4,2,Q001,exploitation,0.1793789310854039,0.5051471196710468,7.65854533527927,5.196530417239289,7.0,0.0,1.0,True,False,4553.0
15,pi_random_exploration,4,3,Q024,exploitation,0.1414712212930957,0.0538420470302647,11.627514187823826,0.7451263076402017,3.0,0.0,0.0,False,False,25579.0
15,pi_random_exploration,4,4,Q006,exploitation,0.140773555104486,0.1106894768841773,10.767908372419342,1.5412283943245368,7.0,0.0,0.0,False,False,2244.0
15,pi_random_exploration,4,5,Q056,random_exploration,0.1324155775364178,0.0469040095118402,11.642328940178764,0.7042333304952432,4.0,0.0,0.0,False,False,94093.0
15,pi_random_exploration,5,1,Q034,exploitation,0.3021120784486333,0.1921768560832951,11.909303142236638,0.999888201802928,3.0,0.0,0.0,False,False,107033.0
15,pi_random_exploration,5,2,Q023,exploitation,0.2690588061178181,0.1673560035821814,11.800917864818338,1.017868387059614,3.0,0.0,0.0,False,False,130578.0
15,pi_random_exploration,5,3,Q046,exploitation,0.1345172224337068,0.0643464739903336,11.380214497826003,0.9475950678967388,2.0,0.0,0.0,False,False,58386.0
15,pi_random_exploration,5,4,Q026,exploitation,0.0888958708539004,0.0396040520902882,11.129414266596632,0.963327755451447,3.0,0.0,0.0,False,False,99186.0
15,pi_random_exploration,5,5,Q090,random_exploration,0.000128251195636,0.0001049947866343,0.101716841782669,3.3717032378165337,10.0,0.0,1.0,True,False,0.0
15,pi_random_exploration,6,1,Q095,exploitation,0.0783335698730542,0.2229448060618968,3.49889355747718,6.303921894673374,11.0,1.0,0.0,True,False,0.0
15,pi_random_exploration,6,2,Q086,exploitation,0.0558271359044569,0.1113457643585961,4.969755929577255,4.688092877425683,8.0,1.0,0.0,True,False,200.0
15,pi_random_exploration,6,3,Q035,exploitation,0.0385622231586864,0.0227222244750124,9.833192614908103,1.467729546288096,4.0,0.0,0.0,False,False,50709.0
15,pi_random_exploration,6,4,Q058,exploitation,0.0244072300707453,0.0234139337836236,7.409541030024459,2.5469585072881427,7.0,0.0,0.0,False,False,60312.0
15,pi_random_exploration,6,5,Q009,random_exploration,1.4911700239606534e-05,3.5336069608541033e-06,7.883523328553445,1.088446355992067,6.0,0.0,0.0,False,False,3295.0
15,pi_random_exploration,7,1,Q014,exploitation,0.0212577505301715,0.006907611292407,10.646091855401613,0.8782562544260571,2.0,0.0,0.0,False,False,108381.0
15,pi_random_exploration,7,2,Q012,exploitation,0.0099258677569046,0.0033501633448665,10.105856636714009,0.9968167372456171,5.0,0.0,0.0,False,False,1147.0
15,pi_random_exploration,7,3,Q051,exploitation,0.0052122360860112,0.0034305090304936,7.1155108112296315,2.073875556339501,7.0,0.0,0.0,False,False,873.0
15,pi_random_exploration,7,4,Q004,exploitation,0.0035319679403877,0.0054624874674549,-1.1753236884824991,5.0496802506678815,9.0,1.0,0.0,True,False,0.0
15,pi_random_exploration,7,5,Q010,random_exploration,0.0024325512067493,0.0013396726356849,7.199974187874876,1.856504808211322,4.0,0.0,0.0,False,False,0.0
15,pi_random_exploration,8,1,Q027,exploitation,0.0011929425989699,0.0015038799105674,-1.2246591203274262,4.494637692456157,6.0,1.0,0.0,True,False,0.0
15,pi_random_exploration,8,2,Q084,exploitation,0.0001970921152106,0.000201648224627,-2.139315622306264,4.110359356336134,6.0,0.0,1.0,True,False,0.0
15,pi_random_exploration,8,3,Q008,exploitation,7.830173221086665e-05,4.555451276408364e-05,3.1204251268397805,2.4619777791539947,7.0,0.0,1.0,True,False,0.0
15,pi_random_exploration,8,4,Q039,exploitation,2.875449821768154e-06,4.5132577318084114e-07,8.92012735379401,0.7733595275984618,2.0,0.0,0.0,False,False,28530.0
15,pi_random_exploration,8,5,Q032,random_exploration,8.18478316479852e-07,2.4156939183469165e-07,5.115164826566416,1.5254075263448656,2.0,0.2000000029802322,0.800000011920929,False,False,0.0
15,pi_uncertainty,1,1,Q034,exploitation,0.9948856487004792,1.0227087222399789,13.449644655027868,0.3979998880745914,5.0,0.0,0.0,False,False,107033.0
15,pi_uncertainty,1,2,Q023,exploitation,0.9736623737104264,1.10076038222759,13.522677612501948,0.5651897732846481,3.0,0.0,0.0,False,False,130578.0
15,pi_uncertainty,1,3,Q028,exploitation,0.8161166063462257,0.8965659340415952,13.234300598364923,0.8956941561569534,5.0,0.0,0.0,False,False,55318.0
15,pi_uncertainty,1,4,Q090,exploitation,0.7623827622126005,0.9164405896162608,13.194209357458766,1.0737272542343477,24.0,0.0,0.0,False,False,0.0
15,pi_uncertainty,1,5,Q080,uncertainty_exploration,0.2362251901849661,0.855463813479282,7.988296707995465,6.17856286148351,6.0,0.0,1.0,True,False,0.0
15,pi_uncertainty,2,1,Q005,exploitation,0.9294404652079518,2.1726980590938387,14.555094817522916,1.44567906731785,9.0,0.0,0.0,False,False,42083.0
15,pi_uncertainty,2,2,Q006,exploitation,0.6503485381508507,0.9152724862379322,12.99644985929927,1.4727559421162262,7.0,0.0,0.0,False,False,2244.0
15,pi_uncertainty,2,3,Q008,exploitation,0.6014283821263829,0.7860307885383773,12.801343743832582,1.4540701886323226,8.0,0.0,1.0,True,False,0.0
15,pi_uncertainty,2,4,Q001,exploitation,0.3004389295170517,0.9990062404523372,9.687790496731562,5.237217579019972,7.0,0.0,1.0,True,False,4553.0
15,pi_uncertainty,2,5,Q094,uncertainty_exploration,0.1508184782452157,0.4529250425560541,6.446568659314015,5.79033990463833,10.0,0.2000000029802322,0.800000011920929,True,False,0.0
15,pi_uncertainty,3,1,Q064,exploitation,0.4423681730182247,0.5652069680040872,12.179770442445536,1.7094170907511113,7.0,0.0,0.0,False,False,45673.0
15,pi_uncertainty,3,2,Q026,exploitation,0.4102322586371181,0.2317734918190435,12.24969538168953,0.783817122096324,1.0,0.0,0.0,False,False,99186.0
15,pi_uncertainty,3,3,Q024,exploitation,0.4023704692140274,0.2262406710751492,12.23301560441986,0.7870244464829631,3.0,0.0,0.0,False,False,25579.0
15,pi_uncertainty,3,4,Q031,exploitation,0.3145370010179414,0.2646995775536946,11.797996087234456,1.303405346629689,2.0,0.0,0.0,False,False,62455.0
15,pi_uncertainty,3,5,Q095,uncertainty_exploration,0.1383664433453172,0.407563057961664,6.122304361505327,5.796953412447155,11.0,1.0,0.0,True,False,0.0
15,pi_uncertainty,4,1,Q071,exploitation,0.3389752656705677,0.3727233052557502,11.740361001219265,1.6549087201292156,7.0,0.0,0.0,False,False,60955.0
15,pi_uncertainty,4,2,Q063,exploitation,0.3224119071864101,0.2625014845918559,11.851673945141313,1.249350803349469,5.0,0.0,0.0,False,False,38893.0
15,pi_uncertainty,4,3,Q065,exploitation,0.2652495302226346,0.2386124640011256,11.499830104960916,1.479089651970396,6.0,0.0,0.0,False,False,38100.0
15,pi_uncertainty,4,4,Q046,exploitation,0.2077385582281657,0.1211031856882841,11.586231025888315,1.033227274152132,2.0,0.0,0.0,False,False,58386.0
15,pi_uncertainty,4,5,Q004,uncertainty_exploration,0.008912077162404,0.0153432325486106,0.2426800988514958,5.142933721166466,9.0,1.0,0.0,True,False,0.0
15,pi_uncertainty,5,1,Q014,exploitation,0.0733027469166928,0.0317674810708562,11.017080492751267,0.9716688837337352,2.0,0.0,0.0,False,False,108381.0
15,pi_uncertainty,5,2,Q086,exploitation,0.060018581899546,0.1206610361885552,5.1698839268493515,4.668477139851546,9.0,1.0,0.0,True,False,200.0
15,pi_uncertainty,5,3,Q072,exploitation,0.0513924701115046,0.0431629733298963,9.162832240994272,2.0010721966447895,4.0,0.0,0.0,False,False,57726.0
15,pi_uncertainty,5,4,Q012,exploitation,0.0473463151166331,0.020890991077671,10.647579830509182,1.0651372095678522,5.0,0.0,0.0,False,False,1147.0
15,pi_uncertainty,5,5,Q085,uncertainty_exploration,0.0300754685958624,0.0461456646566991,4.98305412105889,3.960516900181002,12.0,0.0,1.0,True,False,0.0
15,pi_uncertainty,6,1,Q056,exploitation,0.3267037261382631,0.1172479615458809,12.181540913994752,0.5479320003106263,3.0,0.0,0.0,False,False,94093.0
15,pi_uncertainty,6,2,Q051,exploitation,0.100739384884473,0.1332294006962851,8.864702009230617,2.7892740759646792,7.0,0.0,1.0,True,False,873.0
15,pi_uncertainty,6,3,Q088,exploitation,0.0823370606453768,0.2187941710206277,4.32527918851765,5.830999761743934,17.0,0.0,1.0,True,False,0.0
15,pi_uncertainty,6,4,Q066,exploitation,0.0183718311316059,0.0081830381616937,9.867051459238937,1.2259543135514444,4.0,0.0,0.0,False,False,82233.0
15,pi_uncertainty,6,5,Q084,uncertainty_exploration,0.0006544812854645,0.0007099316164163,-0.5476687315480957,4.037093729255023,6.0,0.0,1.0,True,False,0.0
15,pi_uncertainty,7,1,Q035,exploitation,0.0606360107373062,0.037606109858825,10.199938325683862,1.4376927946657978,4.0,0.0,0.0,False,False,50709.0
15,pi_uncertainty,7,2,Q074,exploitation,0.0558755666697061,0.0313453425522552,10.330790384618062,1.3184281992365738,3.0,0.0,0.0,False,False,34285.0
15,pi_uncertainty,7,3,Q058,exploitation,0.03288279666578,0.0356140561425548,7.347476952665836,2.760898963103407,7.0,0.0,0.0,False,False,60312.0
15,pi_uncertainty,7,4,Q010,exploitation,0.0004877689352084,0.0002105303364399,7.024618004041488,1.6385086157955593,4.0,0.0,0.0,False,False,0.0
15,pi_uncertainty,7,5,Q027,uncertainty_exploration,4.533963270148868e-06,2.4852603196941735e-06,0.6601825789864941,2.6513401020894007,7.0,0.4000000059604645,0.6000000238418579,True,False,0.0
15,pi_uncertainty,8,1,Q032,exploitation,0.01005956810867,0.0076056546160144,7.245426270164015,2.2297288981325445,5.0,0.0,1.0,True,False,0.0
15,pi_uncertainty,8,2,Q009,exploitation,0.0051240058114255,0.0027988568523111,8.001658203763556,1.72392871824852,5.0,0.0,1.0,True,False,3295.0
15,pi_uncertainty,8,3,Q075,exploitation,0.0049710196953665,0.0057742214313184,2.950174838496431,3.6764929940982154,6.0,1.0,0.0,True,False,0.0
15,pi_uncertainty,8,4,Q036,exploitation,0.0027363921901847,0.0023278723054122,4.539789437672955,2.839579435848083,7.0,0.0,1.0,True,False,0.0
15,pi_uncertainty,8,5,Q039,uncertainty_exploration,0.000381780477621,8.634537281049541e-05,9.491495777323715,0.8723609237513132,2.0,0.0,0.0,False,False,28530.0
15,imperfection_aware,1,1,Q031,exploitation,0.5472459308266011,0.3407935425331531,12.515314555648306,0.7390835664471113,2.0,0.0,0.0,False,False,62455.0
15,imperfection_aware,1,2,Q005,exploitation,0.512031147845286,0.4138773894607997,12.45771911099501,0.9992094693149708,11.0,0.0,0.0,False,False,42083.0
15,imperfection_aware,1,3,Q065,exploitation,0.5092567694346795,0.3464966554462966,12.447160784255884,0.8437712306777779,8.0,0.0,0.0,False,False,38100.0
15,imperfection_aware,1,4,Q090,exploitation,0.3472417303662324,0.2373851197665397,12.027302357440933,1.0190958189176302,24.0,0.0,0.0,False,False,0.0
15,imperfection_aware,1,5,Q080,suspicious_exploration,0.5061939892375676,0.653191335065526,12.452514467582,1.6058645452334877,6.0,0.0,1.0,True,False,0.0
15,imperfection_aware,2,1,Q028,exploitation,0.863712880289886,0.7208172015757407,13.105744216084794,0.6181116576178846,5.0,0.0,0.0,False,False,55318.0
15,imperfection_aware,2,2,Q066,exploitation,0.1255448221387983,0.0690988122572768,11.156479286180412,1.1075141645352244,4.0,0.0,0.0,False,False,82233.0
15,imperfection_aware,2,3,Q064,exploitation,0.0686612962107561,0.0197089052817536,11.460025029760471,0.6511862355904596,6.0,0.0,0.0,False,False,45673.0
15,imperfection_aware,2,4,Q006,exploitation,0.067376082029511,0.0559082856502805,9.602708619014958,1.8887606515846065,7.0,0.0,0.0,False,False,2244.0
15,imperfection_aware,2,5,Q094,suspicious_exploration,0.1475208978809827,0.413522252578564,6.737816441436243,5.433699643786224,10.0,0.0,1.0,True,False,0.0
15,imperfection_aware,3,1,Q023,exploitation,0.465731265060707,0.3756673062620598,12.337183662645776,1.0510693584733286,3.0,0.0,0.0,False,False,130578.0
15,imperfection_aware,3,2,Q034,exploitation,0.373918947042701,0.2696404988622358,12.092412168147307,1.0425423945228804,5.0,0.0,0.0,False,False,107033.0
15,imperfection_aware,3,3,Q063,exploitation,0.2207703153874866,0.1414350753970238,11.569051754624391,1.1155606196684684,5.0,0.0,0.0,False,False,38893.0
15,imperfection_aware,3,4,Q024,exploitation,0.1348685247944804,0.072924427451419,11.246129367394566,1.0704768768527952,3.0,0.0,0.0,False,False,25579.0
15,imperfection_aware,3,5,Q001,suspicious_exploration,0.1864587424334743,0.5156317478585032,7.927441497917823,5.05053788869093,7.0,0.0,1.0,True,False,4553.0
15,imperfection_aware,4,1,Q046,exploitation,0.1310178710901385,0.0306596327154493,11.904499844215936,0.4663734137087836,2.0,0.0,0.0,False,False,58386.0
15,imperfection_aware,4,2,Q071,exploitation,0.1060149972176002,0.0338405582042398,11.596191202028631,0.6661759869485914,5.0,0.0,0.0,False,False,60955.0
15,imperfection_aware,4,3,Q058,exploitation,0.0880815948980116,0.2045018242406666,5.624679332424758,5.029264089010429,7.0,0.0,0.0,False,False,60312.0
15,imperfection_aware,4,4,Q035,exploitation,0.0445058160820166,0.0699354883088154,5.9140120258520765,3.830081389629244,4.0,0.0,0.0,False,False,50709.0
15,imperfection_aware,4,5,Q095,suspicious_exploration,0.1369046811007577,0.3989149895505366,6.1365715570260955,5.748720472971552,11.0,1.0,0.0,True,False,0.0
15,imperfection_aware,5,1,Q014,exploitation,0.7598329839356472,0.8296333795180564,13.1186673689324,0.979201567190586,2.0,0.0,0.0,False,False,108381.0
15,imperfection_aware,5,2,Q010,exploitation,0.2404043431734776,0.3347114979794199,10.761965756493067,2.3625661372975,4.0,0.0,0.0,False,False,0.0
15,imperfection_aware,5,3,Q009,exploitation,0.2019361329133785,0.2167678413969114,10.826659933666456,1.9179008940342148,6.0,0.0,0.0,False,False,3295.0
15,imperfection_aware,5,4,Q012,exploitation,0.1817032368753805,0.1717557543091128,10.847619614420164,1.7383352130129193,5.0,0.0,0.0,False,False,1147.0
15,imperfection_aware,5,5,Q075,suspicious_exploration,0.158215819511652,0.4528583039140115,6.963348047358647,5.454318315522335,6.0,0.0,1.0,True,False,0.0
15,imperfection_aware,6,1,Q072,exploitation,0.1370954969975499,0.1120909341941871,10.66430732782217,1.6125602904852858,4.0,0.0,1.0,False,False,57726.0
15,imperfection_aware,6,2,Q026,exploitation,0.0804151076326366,0.0135721191311295,11.90592836592576,0.3720017490354335,1.0,0.0,0.0,False,False,99186.0
15,imperfection_aware,6,3,Q074,exploitation,0.0682001088393986,0.029536831650909,10.962560370547802,0.9836768028498,3.0,0.0,0.4000000059604645,False,False,34285.0
15,imperfection_aware,6,4,Q056,exploitation,0.0474702351799626,0.0102419152383649,11.558215490091396,0.5206112639651295,3.0,0.0,0.0,False,False,94093.0
15,imperfection_aware,6,5,Q084,suspicious_exploration,0.2047646196854847,0.5220307437077079,8.685712613793026,4.537124705583257,6.0,0.0,1.0,True,False,0.0
15,imperfection_aware,7,1,Q039,exploitation,2.4703778202311273e-44,1.8671339436803023e-46,10.948655680446514,0.1062616362781254,2.0,0.0,0.0,False,True,28530.0
15,imperfection_aware,7,2,Q027,exploitation,0.0468600488763648,0.0975249631786944,3.993281323259642,5.032120848437461,6.0,0.0,1.0,True,True,0.0
15,imperfection_aware,7,3,Q004,exploitation,0.0274298421940704,0.0542711888812991,2.497504987100207,5.171952534278535,8.0,1.0,0.0,True,True,0.0
15,imperfection_aware,7,4,Q088,exploitation,0.0267594195873534,0.0558291427522717,1.862833797403998,5.4719471847895615,20.0,0.0,1.0,True,True,0.0
15,imperfection_aware,7,5,Q086,suspicious_exploration,0.0208650370981948,0.0393131370305289,2.0337564585951515,5.10451528922011,9.0,1.0,0.0,True,True,200.0
15,imperfection_aware,8,1,Q032,exploitation,0.0044557772096566,0.0009437323643363,10.656386941134429,0.6772097728040735,4.0,0.0,1.0,False,True,0.0
15,imperfection_aware,8,2,Q051,exploitation,0.0344981217556894,0.0498882852651212,5.769864019289455,3.661215538865266,7.0,0.0,1.0,True,True,873.0
15,imperfection_aware,8,3,Q008,exploitation,0.0024732527808352,0.0008518864447773,9.16879108821434,1.1595065643308953,7.0,0.0,1.0,True,True,0.0
15,imperfection_aware,8,4,Q085,exploitation,0.0011468099162895,0.0013483564146066,-0.3924950543720218,4.204244411345677,8.0,0.0,1.0,True,True,0.0
15,imperfection_aware,8,5,Q036,suspicious_exploration,3.765377624659208e-06,4.301098109929278e-07,9.93444808055013,0.556737971880614,6.0,0.0,1.0,True,True,0.0
16,random,1,1,Q052,random,0.1807636949811472,0.0774090442860374,11.70800500803514,0.7886120131065065,3.0,0.0,0.0,False,False,81273.0
16,random,1,2,Q057,random,0.08906552410029,0.0380766063612091,11.183295135111624,0.9240669724362344,6.0,0.0,1.0,True,False,0.0
16,random,1,3,Q041,random,0.0672343530849489,0.0807986513827715,8.331973619979822,2.7364064273598796,6.0,0.0,0.0,False,False,155410.0
16,random,1,4,Q076,random,0.0019761481931806,0.000779769026151,8.528472175224813,1.3529437892536484,3.0,0.0,0.0,False,False,34391.0
16,random,1,5,Q086,random,3.037681812219656e-07,9.795724255071824e-08,3.818638801793785,1.7256518011088704,19.0,0.0,1.0,True,False,200.0
16,random,2,1,Q039,random,2.085445403717204e-14,2.2880433596682313e-15,5.955249427442649,0.8566325607639513,2.0,0.0,0.0,False,False,28530.0
16,random,2,2,Q093,random,0.0402940219172769,0.0805461448759841,3.7843428502530823,4.946669621504377,11.0,0.800000011920929,0.2000000029802322,True,False,0.0
16,random,2,3,Q061,random,0.0966442298500243,0.0413138895560657,11.24478845394329,0.9092021585933142,4.0,0.0,0.0,False,False,61305.0
16,random,2,4,Q060,random,0.0003347848714928,3.852099873020564e-05,10.905175963154464,0.4475363694156932,5.0,0.0,0.0,False,False,43612.0
16,random,2,5,Q012,random,0.4999609073090054,0.673655930107759,12.427415278855175,1.688812402315636,5.0,0.0,0.0,False,False,1147.0
16,random,3,1,Q079,random,4.465948277127494e-06,3.0199027474639873e-06,-2.1087593720437434,3.2728182028357646,14.0,0.0,1.0,True,False,32240.0
16,random,3,2,Q028,random,0.0004405727364631,6.95629513614059e-05,10.420674756204653,0.6034065239416978,4.0,0.0,0.0,False,False,55318.0
16,random,3,3,Q036,random,1.7159191705694427e-06,1.2778757472432046e-06,-4.956879632791176,3.744131858892442,4.0,0.0,1.0,False,False,0.0
16,random,3,4,Q021,random,0.0033768532032171,0.0011191192092811,9.484924925578987,1.086351663841383,2.0,0.0,0.0,False,False,67531.0
16,random,3,5,Q040,random,0.0510283519168549,0.0272601829393976,10.34417188812242,1.274284658846293,3.0,0.0,0.0,False,False,114138.0
16,random,4,1,Q053,random,0.0003051091641887,4.6073987643010985e-05,10.402965679130617,0.5907780832732026,2.0,0.0,0.0,False,False,110908.0
16,random,4,2,Q069,random,0.0578585987244355,0.0264455070947595,10.747639804252008,1.067980602209494,2.0,0.0,0.0,False,False,90845.0
16,random,4,3,Q023,random,0.5641363918747705,0.8366150985255207,12.70618269675078,1.725463839615238,2.0,0.0,0.0,False,False,130578.0
16,random,4,4,Q019,random,0.4668960386142059,0.7734608299199927,12.2484878435979,2.1558037009626694,5.0,0.0,0.0,False,False,84493.0
16,random,4,5,Q007,random,0.4308658951053198,1.0280398933231751,11.86432895025506,3.233918140910666,8.0,0.0,0.0,False,False,0.0
16,random,5,1,Q037,random,7.99420817183033e-05,8.152103572560128e-06,10.800254392220586,0.4310578564197102,1.0,0.0,0.0,False,False,76141.0
16,random,5,2,Q049,random,0.094348813736966,0.021333954691341,11.792390308543444,0.4832397590671943,3.0,0.0,0.0,False,False,163182.0
16,random,5,3,Q064,random,0.6972115978234776,1.456576657648064,13.488200659739071,2.053882661516829,5.0,0.0,1.0,True,False,45673.0
16,random,5,4,Q054,random,0.4035818756318829,0.2096223081547096,12.250366844725574,0.7260288893683697,2.0,0.0,0.0,False,False,100890.0
16,random,5,5,Q026,random,0.0036323855796484,0.0006707588359784,10.813061471137658,0.6014323385120728,1.0,0.0,0.0,False,False,99186.0
16,random,6,1,Q032,random,0.0053243773994602,0.0040576438508667,6.306875179954651,2.396499943717888,2.0,1.0,0.0,False,False,0.0
16,random,6,2,Q092,random,0.0018053284328338,0.002160615238573,0.3985964737464718,4.133225440715825,5.0,0.0,1.0,True,False,0.0
16,random,6,3,Q031,random,0.2204288654182509,0.1165924379759655,11.71736809352903,0.9214618455493098,2.0,0.0,0.0,False,False,62455.0
16,random,6,4,Q088,random,0.0144994795239388,0.0236085039250497,2.3619230548058248,4.609871575185576,11.0,0.0,1.0,True,False,0.0
16,random,6,5,Q081,random,0.302987142961567,0.5647197623233964,10.917925088846426,2.9266627523265036,6.0,0.0,0.0,False,False,0.0
16,random,7,1,Q050,random,0.1528501051829553,0.2740260530882141,8.898473125605951,3.445431895458377,8.0,0.0,0.800000011920929,True,False,6338.0
16,random,7,2,Q055,random,0.0468399122663984,0.0077873218962452,11.753688273771814,0.4020123323551068,1.0,0.0,0.0,False,False,171271.0
16,random,7,3,Q048,random,7.090028438267424e-07,6.26924788990919e-08,10.21224221292167,0.4593796338265885,2.0,0.0,0.0,False,False,42637.0
16,random,7,4,Q072,random,0.08363740167712,0.088905216241265,9.215871981689856,2.325617190819424,4.0,0.0,0.0,False,False,57726.0
16,random,7,5,Q073,random,0.0314579493200206,0.0095940429995545,10.972636539718025,0.7823183546078615,8.0,0.0,0.0,False,False,31696.0
16,random,8,1,Q085,random,0.130348761791201,0.4031010834991775,5.487511373918096,6.170354577512462,8.0,0.0,1.0,True,False,0.0
16,random,8,2,Q015,random,5.764104826320022e-05,2.4682644272080827e-05,5.326416789241275,1.841613107669761,2.0,0.0,0.0,False,False,48700.0
16,random,8,3,Q071,random,0.0005065299240381,7.101944128707954e-05,10.68249080790856,0.5309268667214062,1.0,0.0,0.0,False,False,60955.0
16,random,8,4,Q077,random,0.0911279979004547,0.2603739791659937,4.226707171111951,6.148314576299027,9.0,0.0,1.0,True,False,226.0
16,random,8,5,Q024,random,0.0006307560801622,6.101754354454782e-05,11.263679767100491,0.3609449193292708,3.0,0.0,0.0,False,False,25579.0
16,gp_m52_pi,1,1,Q031,exploitation,0.9358197476651192,0.9432246807090352,13.353776356043316,0.6090991809103022,2.0,0.0,0.0,False,False,62455.0
16,gp_m52_pi,1,2,Q021,exploitation,0.5533654471068412,0.2471853810274567,12.498201962771429,0.5263608360683963,2.0,0.0,0.0,False,False,67531.0
16,gp_m52_pi,1,3,Q012,exploitation,0.4748814019753963,0.2278850536658617,12.38858948883684,0.6188635293565651,5.0,0.0,0.0,False,False,1147.0
16,gp_m52_pi,1,4,Q050,exploitation,0.4580414276942992,1.5490872837045049,11.959173305436211,4.445392626416898,8.0,0.0,0.0,False,False,6338.0
16,gp_m52_pi,1,5,Q072,exploitation,0.3411246797077437,0.4038059200424312,11.700012085599212,1.777177527808428,4.0,0.0,0.0,False,False,57726.0
16,gp_m52_pi,2,1,Q052,exploitation,0.2910089499397887,0.1117008913814809,12.091007289694655,0.611463061049406,2.0,0.0,0.0,False,False,81273.0
16,gp_m52_pi,2,2,Q019,exploitation,0.1753962664694562,0.1052007533396616,11.38877703846789,1.1133382291529832,5.0,0.0,0.0,False,False,84493.0
16,gp_m52_pi,2,3,Q007,exploitation,0.1212071086748146,0.1879082321426762,8.752328125200211,3.1439993565588877,8.0,0.0,0.0,False,False,0.0
16,gp_m52_pi,2,4,Q064,exploitation,0.0872064548157761,0.1304222089405848,8.01913252660393,3.2458974899794173,5.0,0.0,0.0,False,False,45673.0
16,gp_m52_pi,2,5,Q023,exploitation,0.0858537481173049,0.0572439230262432,10.443792736601672,1.4514766395832082,4.0,0.0,0.0,False,False,130578.0
16,gp_m52_pi,3,1,Q049,exploitation,0.3188173812717028,0.2586378942317549,11.838763156861408,1.2501213481480304,3.0,0.0,0.0,False,False,163182.0
16,gp_m52_pi,3,2,Q076,exploitation,0.288976338288148,0.4377386524773632,11.0816848468188,2.419032803144171,3.0,0.0,0.0,False,False,34391.0
16,gp_m52_pi,3,3,Q055,exploitation,0.2790392506766691,0.1977524253406764,11.756644825561624,1.145532306195528,3.0,0.0,0.0,False,False,171271.0
16,gp_m52_pi,3,4,Q040,exploitation,0.2393323454796352,0.13650587608165,11.740956990903696,0.969189023741241,2.0,0.0,0.0,False,False,114138.0
16,gp_m52_pi,3,5,Q071,exploitation,0.2235282075128991,0.2330130662274224,11.052502494867149,1.808524497279604,4.0,0.0,0.0,False,False,60955.0
16,gp_m52_pi,4,1,Q057,exploitation,0.1868459368850963,0.4082114288509774,8.880068658343145,3.987854111359904,6.0,0.0,0.0,False,False,0.0
16,gp_m52_pi,4,2,Q026,exploitation,0.0952977442824165,0.0241653908300674,11.719713214199862,0.5408442758013512,1.0,0.0,0.0,False,False,99186.0
16,gp_m52_pi,4,3,Q085,exploitation,0.0805193422022649,0.1361999509575035,7.203304505153836,3.7274012776945664,14.0,0.0,1.0,True,False,0.0
16,gp_m52_pi,4,4,Q054,exploitation,0.0718060068511787,0.0404965862887694,10.571395141376332,1.2692113750254852,2.0,0.0,0.0,False,False,100890.0
16,gp_m52_pi,4,5,Q086,exploitation,0.0502124360148235,0.1035620445849324,4.32453657961352,4.9324673350892425,19.0,0.0,1.0,True,False,200.0
16,gp_m52_pi,5,1,Q069,exploitation,0.112283567359294,0.0532165434500661,11.240777472969802,0.977216656482991,2.0,0.0,0.0,False,False,90845.0
16,gp_m52_pi,5,2,Q093,exploitation,0.1011836134586878,0.3044310421161127,4.345315643514128,6.339845982750479,11.0,0.2000000029802322,0.800000011920929,True,False,0.0
16,gp_m52_pi,5,3,Q060,exploitation,0.0457281258503841,0.0235211573647057,10.32047051719538,1.2484614973873454,5.0,0.0,0.0,False,False,43612.0
16,gp_m52_pi,5,4,Q028,exploitation,0.0339517761342733,0.0142281253999099,10.486163428880198,1.0634137104239283,5.0,0.0,0.0,False,False,55318.0
16,gp_m52_pi,5,5,Q092,exploitation,0.0254268975120812,0.0483246644689155,2.6274130743271096,5.018748491549287,11.0,0.0,1.0,True,False,0.0
16,gp_m52_pi,6,1,Q081,exploitation,0.0110597115491665,0.0178031162282487,1.6753458617308397,4.698764917799699,6.0,1.0,0.0,True,False,0.0
16,gp_m52_pi,6,2,Q077,exploitation,0.0085803093253798,0.011598074926311,2.766079486802947,4.053921524619523,10.0,0.0,1.0,True,False,226.0
16,gp_m52_pi,6,3,Q079,exploitation,0.0036692458317368,0.0047625453777851,1.10370765526409,4.22362334854577,11.0,1.0,0.0,True,False,32240.0
16,gp_m52_pi,6,4,Q061,exploitation,0.000568971493034,0.0001068902499248,10.130639281108255,0.7058835413214299,2.0,0.0,0.0,False,False,61305.0
16,gp_m52_pi,6,5,Q088,exploitation,1.1347364297691322e-06,5.87981703235152e-07,-0.0827108558468223,2.646103538048376,10.0,0.0,1.0,True,False,0.0
16,gp_m52_pi,7,1,Q053,exploitation,0.001847428815603,0.0001938648209883,11.377394365624244,0.3617462439254366,2.0,0.0,0.0,False,False,110908.0
16,gp_m52_pi,7,2,Q073,exploitation,0.0003075311017023,3.553291168108963e-05,10.880199768836142,0.4518053880657108,1.0,0.0,0.0,False,False,31696.0
16,gp_m52_pi,7,3,Q036,exploitation,5.333987482722818e-06,3.825910629022463e-06,-2.745884547601107,3.446030932467112,4.0,0.0,1.0,False,False,0.0
16,gp_m52_pi,7,4,Q041,exploitation,1.319700924650978e-06,2.9901930899681565e-07,7.023324202864281,1.1505629091155642,2.0,0.0,0.0,False,False,155410.0
16,gp_m52_pi,7,5,Q048,exploitation,3.007077819643823e-10,4.93280076568917e-11,5.835938583953952,1.064875437046921,3.0,0.0,1.0,False,False,42637.0
16,gp_m52_pi,8,1,Q015,exploitation,7.60720020528858e-06,2.8890529903661088e-06,4.653306216995039,1.7972869069995114,2.0,0.0,0.0,False,False,48700.0
16,gp_m52_pi,8,2,Q024,exploitation,0.0001466538829462,1.064986735015261e-05,11.352780678680045,0.296812632765966,3.0,0.0,0.0,False,False,25579.0
16,gp_m52_pi,8,3,Q032,exploitation,0.0052102273125055,0.0041258977907785,6.0356859026778995,2.495317590170058,2.0,1.0,0.0,False,False,0.0
16,gp_m52_pi,8,4,Q037,exploitation,1.0221697338426692e-08,4.691288844969234e-10,10.899541054432524,0.2724649485437608,1.0,0.0,0.0,False,False,76141.0
16,gp_m52_pi,8,5,Q039,exploitation,1.9051824328774758e-10,9.831871011548016e-12,10.307779785133992,0.338539587149039,2.0,0.0,0.0,False,False,28530.0
16,gp_m52_ei,1,1,Q050,exploitation,0.4580414276942992,1.5490872837045049,11.959173305436211,4.445392626416898,8.0,0.0,0.0,False,False,6338.0
16,gp_m52_ei,1,2,Q031,exploitation,0.9358197476651192,0.9432246807090352,13.353776356043316,0.6090991809103022,2.0,0.0,0.0,False,False,62455.0
16,gp_m52_ei,1,3,Q077,exploitation,0.1995205491344936,0.4280656699422176,9.183933556639737,3.8462142633146654,11.0,0.0,1.0,True,False,226.0
16,gp_m52_ei,1,4,Q072,exploitation,0.3411246797077437,0.4038059200424312,11.700012085599212,1.777177527808428,4.0,0.0,0.0,False,False,57726.0
16,gp_m52_ei,1,5,Q092,exploitation,0.1223517503130039,0.3496952192599281,5.698752412157778,5.784206101860795,11.0,0.0,1.0,True,False,0.0
16,gp_m52_ei,2,1,Q012,exploitation,0.5941363574277622,0.6405781319194044,12.71585382136908,1.2102229028123224,5.0,0.0,0.0,False,False,1147.0
16,gp_m52_ei,2,2,Q021,exploitation,0.567097074274822,0.5486504630639883,12.61713681246782,1.1217111224018688,2.0,0.0,0.0,False,False,67531.0
16,gp_m52_ei,2,3,Q019,exploitation,0.3888898981330639,0.2671095866855884,12.152079809528532,0.9762146153130185,5.0,0.0,0.0,False,False,84493.0
16,gp_m52_ei,2,4,Q040,exploitation,0.329446740748886,0.2330258062973871,11.952385208808147,1.0764635261817916,3.0,0.0,0.0,False,False,114138.0
16,gp_m52_ei,2,5,Q052,exploitation,0.2961913907666149,0.1539106088267764,11.987160394831232,0.822621714313817,2.0,0.0,0.0,False,False,81273.0
16,gp_m52_ei,3,1,Q007,exploitation,0.2907624854628727,0.5531629986231265,10.756718004652225,3.031546313903985,7.0,0.0,0.0,False,False,0.0
16,gp_m52_ei,3,2,Q041,exploitation,0.2675519002619033,0.4172028680486391,10.841937910282477,2.556523975954645,5.0,0.0,0.0,False,False,155410.0
16,gp_m52_ei,3,3,Q023,exploitation,0.3582007897694492,0.2920398589090129,11.9916138150842,1.200111063830211,2.0,0.0,0.0,False,False,130578.0
16,gp_m52_ei,3,4,Q054,exploitation,0.2448130973045706,0.2294355874400875,11.335057581713034,1.581296383249119,3.0,0.0,0.0,False,False,100890.0
16,gp_m52_ei,3,5,Q026,exploitation,0.28398741112037,0.2126053751038912,11.740729734170682,1.2028143434346033,2.0,0.0,0.0,False,False,99186.0
16,gp_m52_ei,4,1,Q064,exploitation,0.4641326392310985,1.1468794328949192,12.137178507764864,3.225702383134023,5.0,0.0,1.0,True,False,45673.0
16,gp_m52_ei,4,2,Q085,exploitation,0.1667178384406134,0.4769899076999089,7.223268629030006,5.380709124141621,14.0,0.0,1.0,True,False,0.0
16,gp_m52_ei,4,3,Q093,exploitation,0.0927947275222622,0.2289795823920647,5.423760956048419,5.2909336758268735,5.0,1.0,0.0,True,False,0.0
16,gp_m52_ei,4,4,Q086,exploitation,0.0739515532690811,0.1702678401388286,4.9698410094380785,5.154010736752127,19.0,0.0,1.0,True,False,200.0
16,gp_m52_ei,4,5,Q076,exploitation,0.0989552261204679,0.1346384264514795,8.719441205077995,2.8800466341943336,3.0,0.0,0.0,False,False,34391.0
16,gp_m52_ei,5,1,Q081,exploitation,0.0392771995003423,0.0709189808367284,4.537311905532496,4.485308998320646,6.0,1.0,0.0,True,False,0.0
16,gp_m52_ei,5,2,Q060,exploitation,0.074594607778048,0.0538194934437247,10.10167266010604,1.6125250380145495,5.0,0.0,0.0,False,False,43612.0
16,gp_m52_ei,5,3,Q079,exploitation,0.0289542844702656,0.0481818379331625,4.239040127596512,4.31796366467672,9.0,1.0,0.0,True,False,32240.0
16,gp_m52_ei,5,4,Q036,exploitation,0.0260690269040273,0.0467497470249447,3.261571690744046,4.7199002326508355,4.0,0.0,1.0,False,False,0.0
16,gp_m52_ei,5,5,Q049,exploitation,0.1094106120487249,0.0434531127755279,11.415074669697436,0.8233975274480415,2.0,0.0,0.0,False,False,163182.0
16,gp_m52_ei,6,1,Q057,exploitation,0.1835244319710212,0.46807395401978,8.20804795489624,4.677896152587069,6.0,0.0,0.0,False,False,0.0
16,gp_m52_ei,6,2,Q069,exploitation,0.3189358841700699,0.3175184317991459,11.70559374710156,1.5339347076407404,2.0,0.0,0.0,False,False,90845.0
16,gp_m52_ei,6,3,Q071,exploitation,0.2604034029010912,0.2506025585507843,11.40538789806223,1.5919472251615168,4.0,0.0,0.0,False,False,60955.0
16,gp_m52_ei,6,4,Q073,exploitation,0.2309884473768901,0.215232137166382,11.25012584777926,1.6006825765547223,4.0,0.0,0.0,False,False,31696.0
16,gp_m52_ei,6,5,Q055,exploitation,0.2026672775943145,0.0604148903201871,11.984833532660854,0.5320638334037796,1.0,0.0,0.0,False,False,171271.0
16,gp_m52_ei,7,1,Q061,exploitation,0.1289443607079489,0.0642065251206207,11.300745469458064,0.9959695189325666,2.0,0.0,0.0,False,False,61305.0
16,gp_m52_ei,7,2,Q088,exploitation,0.005673976112452,0.0081147736040374,1.110012110742618,4.470171440749881,10.0,0.0,1.0,True,False,0.0
16,gp_m52_ei,7,3,Q053,exploitation,0.0100434719725558,0.0007999296317801,11.881435724998587,0.2349293987729117,2.0,0.0,0.0,False,False,110908.0
16,gp_m52_ei,7,4,Q028,exploitation,0.0059445514237504,0.0005990457278019,11.638838595443916,0.3135629508402443,4.0,0.0,0.0,False,False,55318.0
16,gp_m52_ei,7,5,Q032,exploitation,0.0003570915262046,0.0001987029543341,5.133201863153214,2.1555010927185743,2.0,1.0,0.0,False,False,0.0
16,gp_m52_ei,8,1,Q015,exploitation,2.4565210691390388e-08,5.876458644294248e-09,4.87179218454212,1.3852574463608414,2.0,0.0,1.0,False,False,48700.0
16,gp_m52_ei,8,2,Q024,exploitation,2.410084153548347e-13,6.517158211760838e-15,10.962620480973548,0.2026147384790655,3.0,0.0,0.0,False,False,25579.0
16,gp_m52_ei,8,3,Q037,exploitation,5.5531559095772926e-11,4.817914296513089e-12,8.654226214570132,0.5849191686773387,1.0,0.0,0.0,False,False,76141.0
16,gp_m52_ei,8,4,Q039,exploitation,9.664025675102656e-12,1.3280893350276632e-12,5.979333723067584,0.9608458438604708,2.0,0.0,1.0,False,False,28530.0
16,gp_m52_ei,8,5,Q048,exploitation,1.3618295459418051e-11,1.9649380931688093e-12,5.754550055085604,1.0018382407691269,3.0,0.0,1.0,False,False,42637.0
16,pi_random_exploration,1,1,Q031,exploitation,0.9358197476651192,0.9432246807090352,13.353776356043316,0.6090991809103022,2.0,0.0,0.0,False,False,62455.0
16,pi_random_exploration,1,2,Q021,exploitation,0.5533654471068412,0.2471853810274567,12.498201962771429,0.5263608360683963,2.0,0.0,0.0,False,False,67531.0
16,pi_random_exploration,1,3,Q012,exploitation,0.4748814019753963,0.2278850536658617,12.38858948883684,0.6188635293565651,5.0,0.0,0.0,False,False,1147.0
16,pi_random_exploration,1,4,Q050,exploitation,0.4580414276942992,1.5490872837045049,11.959173305436211,4.445392626416898,8.0,0.0,0.0,False,False,6338.0
16,pi_random_exploration,1,5,Q023,random_exploration,0.0418524912533619,0.0149831895122671,10.904078439803056,0.8808500078828466,5.0,0.0,0.0,False,False,130578.0
16,pi_random_exploration,2,1,Q019,exploitation,0.3063801482345695,0.2275616460535047,11.839669690520877,1.161564510082806,5.0,0.0,0.0,False,False,84493.0
16,pi_random_exploration,2,2,Q052,exploitation,0.2316722905165757,0.0849681084966789,11.965953231502231,0.6294772166877456,2.0,0.0,0.0,False,False,81273.0
16,pi_random_exploration,2,3,Q007,exploitation,0.2235699980200723,0.3863365136746952,10.14866833464226,2.9978127684164964,8.0,0.0,0.0,False,False,0.0
16,pi_random_exploration,2,4,Q041,exploitation,0.1699121149529239,0.2302766242976911,10.006492180550309,2.536465798117848,3.0,0.0,0.0,False,False,155410.0
16,pi_random_exploration,2,5,Q037,random_exploration,7.734929833281636e-11,6.264789886015674e-12,8.957621693880016,0.5421245183803759,1.0,0.0,0.0,False,False,76141.0
16,pi_random_exploration,3,1,Q061,exploitation,0.306884389257108,0.3462554681518724,11.53756017572965,1.76346072280107,4.0,0.0,0.0,False,False,61305.0
16,pi_random_exploration,3,2,Q053,exploitation,0.2772278340526402,0.1180620145037753,12.019779774529372,0.6899057816533222,2.0,0.0,0.0,False,False,110908.0
16,pi_random_exploration,3,3,Q086,exploitation,0.2433867245577652,0.9368716384590968,7.9024317204857315,6.506794490399424,19.0,0.0,1.0,True,False,200.0
16,pi_random_exploration,3,4,Q077,exploitation,0.2359352219914139,0.8994078215888279,7.746630499439247,6.506388930857453,10.0,0.0,1.0,True,False,226.0
16,pi_random_exploration,3,5,Q079,random_exploration,0.2113104943050308,0.7784298301451931,7.217542815387817,6.497259398949188,14.0,0.0,1.0,True,False,32240.0
16,pi_random_exploration,4,1,Q081,exploitation,0.2363250338883776,0.4907555365504406,9.883442890993337,3.542509509669012,6.0,0.0,1.0,True,False,0.0
16,pi_random_exploration,4,2,Q057,exploitation,0.1732910964635303,0.4987722942542624,7.383054541645434,5.359450800901516,6.0,0.0,0.800000011920929,True,False,0.0
16,pi_random_exploration,4,3,Q060,exploitation,0.1594686225479668,0.1601304094370376,10.524247791222976,1.909741693236892,2.0,0.0,0.0,False,False,43612.0
16,pi_random_exploration,4,4,Q028,exploitation,0.1526592027633272,0.0652827227286719,11.58484890609362,0.8221013002154413,4.0,0.0,0.0,False,False,55318.0
16,pi_random_exploration,4,5,Q026,random_exploration,0.0027961191944843,0.0003022665795781,11.429618023226276,0.3601740798215237,1.0,0.0,0.0,False,False,99186.0
16,pi_random_exploration,5,1,Q085,exploitation,0.1487069616243969,0.4653955936080223,6.11844215837492,6.054863645472695,8.0,0.0,1.0,True,False,0.0
16,pi_random_exploration,5,2,Q076,exploitation,0.127160354300569,0.3489620049895932,6.15085895645233,5.506295213535346,3.0,0.0,0.0,False,False,34391.0
16,pi_random_exploration,5,3,Q073,exploitation,0.1092480631510759,0.2609287620504901,6.332392094766171,4.953275910894654,8.0,0.0,0.0,False,False,31696.0
16,pi_random_exploration,5,4,Q071,exploitation,0.1047134790346771,0.2284025528027129,6.69928933390816,4.563856670509669,7.0,0.0,0.0,False,False,60955.0
16,pi_random_exploration,5,5,Q069,random_exploration,0.1002661220624466,0.1968386062511561,7.122573226062926,4.14441845226984,2.0,0.0,0.0,False,False,90845.0
16,pi_random_exploration,6,1,Q064,exploitation,0.2551651897940629,0.1469761424721788,11.796156467299811,0.9591400694181684,5.0,0.0,1.0,True,False,45673.0
16,pi_random_exploration,6,2,Q032,exploitation,0.1022923667512981,0.0421421458379699,11.328759306072376,0.8661704346680501,4.0,0.0,1.0,False,False,0.0
16,pi_random_exploration,6,3,Q092,exploitation,0.0878920066554372,0.236052140734616,4.547998849388698,5.820126172173457,11.0,1.0,0.0,True,False,0.0
16,pi_random_exploration,6,4,Q093,exploitation,0.0548087835607959,0.1258758891068156,3.764371763743501,5.414795208382654,11.0,1.0,0.0,True,False,0.0
16,pi_random_exploration,6,5,Q049,random_exploration,0.018164755033746,0.0020003959882446,11.792226448918257,0.3035296259648323,3.0,0.0,0.0,False,False,163182.0
16,pi_random_exploration,7,1,Q054,exploitation,0.3451981348520613,0.1687560674864526,12.13661585364283,0.7304851526868367,2.0,0.0,0.0,False,False,100890.0
16,pi_random_exploration,7,2,Q055,exploitation,0.1247394981129331,0.0354387753627688,11.768280014811785,0.5725006262111841,1.0,0.0,0.0,False,False,171271.0
16,pi_random_exploration,7,3,Q040,exploitation,0.0939632008298347,0.0245578618379954,11.691520040026962,0.5590031026360454,2.0,0.0,0.0,False,False,114138.0
16,pi_random_exploration,7,4,Q024,exploitation,0.0197278420395038,0.0039045651933844,11.31553069967707,0.5399867181860806,3.0,0.0,0.0,False,False,25579.0
16,pi_random_exploration,7,5,Q015,random_exploration,1.3823830758565343e-06,4.6614812304215074e-07,4.415033187465073,1.7093202433359191,2.0,0.0,1.0,False,False,48700.0
16,pi_random_exploration,8,1,Q072,exploitation,0.2406959201523973,0.6023383827534251,9.4389182947189,4.244862861318408,4.0,0.0,0.0,False,False,57726.0
16,pi_random_exploration,8,2,Q088,exploitation,0.0037252774947613,0.0049388107977209,0.8986855318001847,4.308248882564793,10.0,0.0,1.0,True,False,0.0
16,pi_random_exploration,8,3,Q036,exploitation,3.2562288572544174e-05,2.30757892184618e-05,-0.0993319787127191,3.136881274183984,2.0,1.0,0.0,False,False,0.0
16,pi_random_exploration,8,4,Q048,exploitation,1.4814074984263648e-05,2.2400176128349903e-06,9.526128525917525,0.6947413340511226,3.0,0.0,0.800000011920929,False,False,42637.0
16,pi_random_exploration,8,5,Q039,random_exploration,8.755527328171303e-05,1.2868024626064642e-05,10.107751910142344,0.6182161318282138,1.0,0.0,0.0,False,False,28530.0
16,pi_uncertainty,1,1,Q031,exploitation,0.9358197476651192,0.9432246807090352,13.353776356043316,0.6090991809103022,2.0,0.0,0.0,False,False,62455.0
16,pi_uncertainty,1,2,Q021,exploitation,0.5533654471068412,0.2471853810274567,12.498201962771429,0.5263608360683963,2.0,0.0,0.0,False,False,67531.0
16,pi_uncertainty,1,3,Q012,exploitation,0.4748814019753963,0.2278850536658617,12.38858948883684,0.6188635293565651,5.0,0.0,0.0,False,False,1147.0
16,pi_uncertainty,1,4,Q050,exploitation,0.4580414276942992,1.5490872837045049,11.959173305436211,4.445392626416898,8.0,0.0,0.0,False,False,6338.0
16,pi_uncertainty,1,5,Q092,uncertainty_exploration,0.1223517503130039,0.3496952192599281,5.698752412157778,5.784206101860795,11.0,0.0,1.0,True,False,0.0
16,pi_uncertainty,2,1,Q023,exploitation,0.6118338419883065,0.6716723589687836,12.770180784193796,1.205905545320658,4.0,0.0,0.0,False,False,130578.0
16,pi_uncertainty,2,2,Q019,exploitation,0.401655897365378,0.3716088169025808,12.104778424236104,1.2960653166789713,5.0,0.0,0.0,False,False,84493.0
16,pi_uncertainty,2,3,Q026,exploitation,0.3486381250616551,0.2998044046899698,11.929723371208407,1.2798395251381234,4.0,0.0,0.0,False,False,99186.0
16,pi_uncertainty,2,4,Q054,exploitation,0.3460412938678388,0.3914735649109161,11.758775595794411,1.6887722227509374,5.0,0.0,0.0,False,False,100890.0
16,pi_uncertainty,2,5,Q086,uncertainty_exploration,0.0388949972344417,0.0786698058548373,3.5533441293475705,5.0317290123497695,19.0,0.0,1.0,True,False,200.0
16,pi_uncertainty,3,1,Q007,exploitation,0.2903584262761816,0.438552813783786,11.097572908138892,2.4079604210093795,7.0,0.0,0.0,False,False,0.0
16,pi_uncertainty,3,2,Q041,exploitation,0.2300870141009773,0.1854131821263841,11.403962786701278,1.3859639578320058,2.0,0.0,0.0,False,False,155410.0
16,pi_uncertainty,3,3,Q064,exploitation,0.1506838902642398,0.1741113608835242,10.124553448253108,2.2283666040240777,5.0,0.0,0.0,False,False,45673.0
16,pi_uncertainty,3,4,Q052,exploitation,0.1491869870036745,0.0424594570234029,11.85541494204689,0.5501982451800722,2.0,0.0,0.0,False,False,81273.0
16,pi_uncertainty,3,5,Q057,uncertainty_exploration,0.0374139403354561,0.0565237572183338,5.693402837425111,3.7800225685725346,6.0,0.0,0.2000000029802322,True,False,0.0
16,pi_uncertainty,4,1,Q061,exploitation,0.3236234912458485,0.330358391196806,11.711821246612196,1.564193751258533,4.0,0.0,0.0,False,False,61305.0
16,pi_uncertainty,4,2,Q081,exploitation,0.195548355507319,0.6870246477976334,6.9956238170406655,6.333682220854822,6.0,1.0,0.0,True,False,0.0
16,pi_uncertainty,4,3,Q079,exploitation,0.1783161219600939,0.6101926471054437,6.597675213321397,6.324471154019364,14.0,1.0,0.0,True,False,32240.0
16,pi_uncertainty,4,4,Q060,exploitation,0.1557206585582073,0.1340631534588803,10.760464117100907,1.6470191604280102,5.0,0.0,0.0,False,False,43612.0
16,pi_uncertainty,4,5,Q077,uncertainty_exploration,0.142447473481874,0.4516164532723304,5.800505981071309,6.1970732920230915,10.0,0.0,1.0,True,False,226.0
16,pi_uncertainty,5,1,Q085,exploitation,0.1365122957111457,0.4087220626125284,5.948487059821291,5.910914063020626,8.0,0.0,1.0,True,False,0.0
16,pi_uncertainty,5,2,Q072,exploitation,0.1134802499011383,0.1618525042180092,8.88252024082441,2.9341048106464767,4.0,0.0,0.0,False,False,57726.0
16,pi_uncertainty,5,3,Q069,exploitation,0.0925617270279563,0.0762327084085585,10.086331699385918,1.76678865313581,2.0,0.0,0.0,False,False,90845.0
16,pi_uncertainty,5,4,Q040,exploitation,0.0762785481221929,0.0233572822375623,11.452542039469348,0.6815795781602743,2.0,0.0,0.0,False,False,114138.0
16,pi_uncertainty,5,5,Q093,uncertainty_exploration,0.0384364012985414,0.0781750721064485,3.4604779336122684,5.068661812219715,5.0,1.0,0.0,True,False,0.0
16,pi_uncertainty,6,1,Q076,exploitation,0.1155112909715749,0.1323808147744888,9.61451724195799,2.348664684829445,3.0,0.0,0.0,False,False,34391.0
16,pi_uncertainty,6,2,Q073,exploitation,0.0822018591820038,0.0356425906497823,11.10424869353961,0.951755165404672,4.0,0.0,0.0,False,False,31696.0
16,pi_uncertainty,6,3,Q071,exploitation,0.0588479638189835,0.0205973325541939,11.151726117001136,0.8154936572609937,4.0,0.0,0.0,False,False,60955.0
16,pi_uncertainty,6,4,Q055,exploitation,0.0413917439173481,0.0092846436797745,11.46853616164381,0.552840229707311,3.0,0.0,0.0,False,False,171271.0
16,pi_uncertainty,6,5,Q088,uncertainty_exploration,0.0022924589762217,0.0027997386122365,0.6993397194933149,4.137184656428497,10.0,0.0,1.0,True,False,0.0
16,pi_uncertainty,7,1,Q028,exploitation,0.2916299670870688,0.2015228386121435,11.824098143726683,1.099982665261907,4.0,0.0,0.0,False,False,55318.0
16,pi_uncertainty,7,2,Q053,exploitation,0.0967838932484003,0.0271865908598534,11.651080438482662,0.5972634614037378,2.0,0.0,0.0,False,False,110908.0
16,pi_uncertainty,7,3,Q032,exploitation,0.0518582067854683,0.017029112574514,11.156406485659968,0.781252728248002,4.0,0.0,1.0,False,False,0.0
16,pi_uncertainty,7,4,Q049,exploitation,0.0265671939887811,0.0027871532995765,11.894968819804213,0.2754185953342903,1.0,0.0,0.0,False,False,163182.0
16,pi_uncertainty,7,5,Q015,uncertainty_exploration,0.0242518591969288,0.0164408002482948,8.873567058848812,1.801390094050461,2.0,0.0,1.0,False,False,48700.0
16,pi_uncertainty,8,1,Q036,exploitation,0.1347750295511527,0.2389347381741993,8.551772270925548,3.510380315555546,2.0,1.0,0.0,False,False,0.0
16,pi_uncertainty,8,2,Q048,exploitation,0.0047890932274199,0.0011831270357445,10.394786369772236,0.7846516314708675,3.0,0.0,0.2000000029802322,False,False,42637.0
16,pi_uncertainty,8,3,Q039,exploitation,0.0007910302119611,0.0001465595633474,10.277644319907107,0.6805331753915663,2.0,0.0,0.0,False,False,28530.0
16,pi_uncertainty,8,4,Q024,exploitation,3.313330892476515e-07,1.7565613090769836e-08,11.021194524100768,0.2828614235453214,3.0,0.0,0.0,False,False,25579.0
16,pi_uncertainty,8,5,Q037,uncertainty_exploration,5.34838185963699e-08,3.235543675056155e-09,10.608425607501694,0.3423022107824724,1.0,0.0,0.0,False,False,76141.0
16,imperfection_aware,1,1,Q031,exploitation,0.9358197476651192,0.9432246807090352,13.353776356043316,0.6090991809103022,2.0,0.0,0.0,False,False,62455.0
16,imperfection_aware,1,2,Q021,exploitation,0.5533654471068412,0.2471853810274567,12.498201962771429,0.5263608360683963,2.0,0.0,0.0,False,False,67531.0
16,imperfection_aware,1,3,Q012,exploitation,0.4748814019753963,0.2278850536658617,12.38858948883684,0.6188635293565651,5.0,0.0,0.0,False,False,1147.0
16,imperfection_aware,1,4,Q050,exploitation,0.4580414276942992,1.5490872837045049,11.959173305436211,4.445392626416898,8.0,0.0,0.0,False,False,6338.0
16,imperfection_aware,1,5,Q077,suspicious_exploration,0.1995205491344936,0.4280656699422176,9.183933556639737,3.8462142633146654,11.0,0.0,1.0,True,False,226.0
16,imperfection_aware,2,1,Q023,exploitation,0.558746144556966,0.5937823232159917,12.61148294758673,1.244339495315061,4.0,0.0,0.0,False,False,130578.0
16,imperfection_aware,2,2,Q019,exploitation,0.3758628338221229,0.3500329128018302,12.002579565102694,1.343389865072197,5.0,0.0,0.0,False,False,84493.0
16,imperfection_aware,2,3,Q026,exploitation,0.3289515021031045,0.286955445125901,11.83937077097373,1.3283568399946577,4.0,0.0,0.0,False,False,99186.0
16,imperfection_aware,2,4,Q054,exploitation,0.3193296081816462,0.3616449604707841,11.60857446969969,1.7441464802661717,5.0,0.0,0.0,False,False,100890.0
16,imperfection_aware,2,5,Q085,suspicious_exploration,0.0760730584860685,0.1197927344153237,7.405861671902059,3.506806721149023,14.0,0.0,1.0,True,False,0.0
16,imperfection_aware,3,1,Q041,exploitation,0.2228526003561714,0.2035625647825565,11.217981137696793,1.5861633627607383,2.0,0.0,0.0,False,False,155410.0
16,imperfection_aware,3,2,Q052,exploitation,0.2068765758785863,0.0740382202351368,11.908538754426605,0.6350639025260147,2.0,0.0,0.0,False,False,81273.0
16,imperfection_aware,3,3,Q071,exploitation,0.0774144524469764,0.0530398262154256,10.26387007121765,1.5208694200940105,7.0,0.0,0.0,False,False,60955.0
16,imperfection_aware,3,4,Q055,exploitation,0.0752579913686291,0.0252639908047037,11.350639659245772,0.749066311407115,3.0,0.0,0.0,False,False,171271.0
16,imperfection_aware,3,5,Q007,suspicious_exploration,0.2882606645000739,0.4925803217535785,10.902263661690837,2.7312272480395476,7.0,0.0,1.0,True,False,0.0
16,imperfection_aware,4,1,Q040,exploitation,0.5583614974876051,0.1615992580303885,12.477356890480513,0.3390367258647909,2.0,0.0,0.0,False,False,114138.0
16,imperfection_aware,4,2,Q053,exploitation,0.2647976174716574,0.1620673404835765,11.79462511397788,1.0068906671690057,2.0,0.0,0.0,False,False,110908.0
16,imperfection_aware,4,3,Q049,exploitation,0.2502330959766707,0.1221806622186891,11.876346323836326,0.8181509445294207,1.0,0.0,0.0,False,False,163182.0
16,imperfection_aware,4,4,Q060,exploitation,0.1557506707498531,0.1227053889370692,10.902257114652022,1.5071224590833034,5.0,0.0,0.0,False,False,43612.0
16,imperfection_aware,4,5,Q064,suspicious_exploration,0.4299422881655326,1.055361903306402,11.839683166504598,3.3304665125746493,5.0,0.0,1.0,True,False,45673.0
16,imperfection_aware,5,1,Q076,exploitation,0.1067006763613124,0.1037261271712982,9.90660164767311,2.026075868593908,3.0,0.0,0.0,False,False,34391.0
16,imperfection_aware,5,2,Q061,exploitation,0.0980199090943469,0.0432302638589417,11.21824185469021,0.9353570648922002,2.0,0.0,0.0,False,False,61305.0
16,imperfection_aware,5,3,Q057,exploitation,0.0909005602480421,0.271218012993602,3.850659674464709,6.423553896343132,6.0,0.0,0.0,False,False,0.0
16,imperfection_aware,5,4,Q069,exploitation,0.0208466269432898,0.0038721469786488,11.40263813645003,0.5032692926953277,2.0,0.0,0.0,False,False,90845.0
16,imperfection_aware,5,5,Q086,suspicious_exploration,0.2844400178560375,1.499659750708876,7.604401392802455,8.46614879317686,8.0,1.0,0.0,True,False,200.0
16,imperfection_aware,6,1,Q032,exploitation,0.1115647177755502,0.0506754437928443,11.285067896929675,0.9378321231890232,4.0,0.0,1.0,False,False,0.0
16,imperfection_aware,6,2,Q028,exploitation,0.0441102542916897,0.0083803002065449,11.637020772194443,0.4637095840890941,4.0,0.0,0.0,False,False,55318.0
16,imperfection_aware,6,3,Q072,exploitation,0.0276613470988161,0.0098882095713424,10.63891345270029,0.9333801082536396,4.0,0.0,0.0,False,False,57726.0
16,imperfection_aware,6,4,Q015,exploitation,0.0188524599889999,0.014751894694627,7.966204138079204,2.1469071938848905,2.0,0.0,0.2000000029802322,False,False,48700.0
16,imperfection_aware,6,5,Q081,suspicious_exploration,0.217274537335867,0.8296662695059192,7.207195048062488,6.680546411986758,6.0,1.0,0.0,True,False,0.0
16,imperfection_aware,7,1,Q036,exploitation,0.0001865861425258,0.0001497633295195,0.9159826148501136,3.2350818985725387,2.0,1.0,0.0,False,False,0.0
16,imperfection_aware,7,2,Q024,exploitation,2.8239857325237514e-15,5.35605435447188e-17,11.233992785276618,0.1527974396599858,3.0,0.0,0.0,False,False,25579.0
16,imperfection_aware,7,3,Q073,exploitation,5.9534834928736386e-08,3.133401036481382e-09,10.85588659011817,0.2968306789084928,1.0,0.0,0.0,False,False,31696.0
16,imperfection_aware,7,4,Q048,exploitation,9.462238813581408e-06,1.8481678599811233e-06,8.511315915057216,0.915610630885322,3.0,0.0,1.0,False,False,42637.0
16,imperfection_aware,7,5,Q093,suspicious_exploration,0.0795786445958605,0.2187976224897253,3.8787528451287905,6.07199256768722,11.0,1.0,0.0,True,False,0.0
16,imperfection_aware,8,1,Q037,exploitation,0.015601193068887,0.0026517168628509,11.399654361621964,0.4771106786780443,1.0,0.0,0.0,False,True,76141.0
16,imperfection_aware,8,2,Q039,exploitation,1.490014488692612e-09,5.6620919303403207e-11,11.019551059568595,0.2373339279893535,2.0,0.0,0.0,False,True,28530.0
16,imperfection_aware,8,3,Q092,exploitation,0.0422512788518539,0.0962811473442689,2.7688997396960406,5.598786609075892,5.0,0.800000011920929,0.2000000029802322,True,True,0.0
16,imperfection_aware,8,4,Q079,exploitation,0.0065695942386719,0.0102182256867086,0.5419482961624915,4.792643572706806,9.0,0.2000000029802322,0.800000011920929,True,True,32240.0
16,imperfection_aware,8,5,Q088,suspicious_exploration,0.0019948759623131,0.0023961343471754,0.5798203973640472,4.115276232429379,11.0,0.0,1.0,True,True,0.0
17,random,1,1,Q053,random,0.8904691307347233,0.565582409010416,12.603275324525317,0.4412166492734791,4.0,0.0,0.0,False,False,110908.0
17,random,1,2,Q029,random,0.0097411356497072,0.0014134774681938,11.057839778225937,0.4294068987258674,2.0,0.0,0.0,False,False,119441.0
17,random,1,3,Q018,random,0.0973604172932265,0.0324743711352204,11.14245077616191,0.7083592665973595,2.0,0.0,0.0,False,False,207261.0
17,random,1,4,Q068,random,0.9732936138961676,1.698330665565106,13.750435170776624,0.8746398853718268,6.0,0.0,0.0,False,False,50021.0
17,random,1,5,Q022,random,0.0261936632695834,0.0023462406045595,11.60395622237422,0.23560144141608,3.0,0.0,0.0,False,False,114383.0
17,random,2,1,Q074,random,0.0239730552925754,0.0073097604656264,10.646796798852208,0.8114597277372883,5.0,0.0,0.0,False,False,34285.0
17,random,2,2,Q008,random,0.1652806527053399,0.2167134755308679,9.84716878322073,2.4713360586085873,8.0,0.0,1.0,True,False,0.0
17,random,2,3,Q006,random,0.0866327722611537,0.0339556688840014,11.091830084235868,0.851755851682453,7.0,0.0,0.0,False,False,2244.0
17,random,2,4,Q036,random,0.1134533589517018,0.0950641363827971,10.16870583226534,1.723843656693998,4.0,0.0,1.0,False,False,0.0
17,random,2,5,Q043,random,7.310587767344204e-25,8.161768721523505e-26,0.3517351418493089,1.1632980050588502,1.0,0.0,0.0,False,False,1379.0
17,random,3,1,Q078,random,0.1746195252650738,0.3407505193972415,8.8571916644563,3.626396219665181,9.0,0.0,0.0,False,False,51868.0
17,random,3,2,Q023,random,0.6580210360067684,0.8310606261980666,12.784424574168378,1.3085906839639507,1.0,0.0,0.0,False,False,130578.0
17,random,3,3,Q041,random,0.2875183670461536,0.4468711221680777,10.857730599304483,2.486418390543182,4.0,0.0,0.0,False,False,155410.0
17,random,3,4,Q019,random,0.4863678679297148,0.624978413895741,12.195835152276295,1.6356983824454687,7.0,0.0,0.0,False,False,84493.0
17,random,3,5,Q066,random,0.3833936475207651,0.4299643932766547,11.776047376322545,1.6039241814475635,3.0,0.0,0.0,False,False,82233.0
17,random,4,1,Q013,random,0.2609339876827373,0.1676868355780518,11.571335078165813,1.062353188484313,4.0,0.0,0.0,False,False,2639.0
17,random,4,2,Q027,random,0.1182294219390864,0.2990777841701578,6.145154654467817,5.158091911499117,8.0,1.0,0.0,True,False,0.0
17,random,4,3,Q058,random,0.0621879036200005,0.0283386430189802,10.635470429636571,1.051804027609735,5.0,0.0,0.0,False,False,60312.0
17,random,4,4,Q093,random,0.2471219890925816,0.7784111516237934,8.62943707385281,5.299060491535078,46.0,0.0,1.0,True,False,0.0
17,random,4,5,Q079,random,0.0173550401564381,0.0276713958734251,2.919946191444188,4.419038785845341,9.0,0.0,0.0,False,False,32240.0
17,random,5,1,Q052,random,0.3472595588831741,0.2591246996428578,11.814888454503052,1.1123439256840544,2.0,0.0,0.0,False,False,81273.0
17,random,5,2,Q032,random,9.151701910465733e-08,4.465603783209155e-08,-1.9117228803100144,2.715496208903823,2.0,1.0,0.0,False,False,0.0
17,random,5,3,Q090,random,0.2337225188454626,0.6936931880876649,8.560104424550751,5.0804005782851736,23.0,0.0,0.0,False,False,0.0
17,random,5,4,Q017,random,0.795664741629276,0.4174706073546144,12.618301190409811,0.4436534379890106,2.0,0.0,0.0,False,False,247107.0
17,random,5,5,Q070,random,0.3458884510661075,0.5514593050842322,11.308039856475316,2.380404665893163,11.0,0.0,0.0,False,False,14174.0
17,random,6,1,Q051,random,0.1315783874174858,0.1220057687223792,10.361793348496972,1.846165690656781,8.0,0.0,0.0,False,False,873.0
17,random,6,2,Q089,random,0.0178094200479835,0.0259391626940075,3.9719648850148994,4.0240843968617135,12.0,1.0,0.0,True,False,0.0
17,random,6,3,Q072,random,0.2995125201978187,0.4447947230351233,11.196351884380343,2.34161599634482,6.0,0.0,0.0,False,False,57726.0
17,random,6,4,Q015,random,8.97814231615778e-05,2.112576410941055e-05,8.724772167826726,0.9884280555883764,3.0,0.0,0.0,False,False,48700.0
17,random,6,5,Q071,random,0.0305464668129065,0.0110798884451943,10.677866357220283,0.9342661346499608,3.0,0.0,0.0,False,False,60955.0
17,random,7,1,Q035,random,0.3462875187691341,0.7151039611954004,11.20914917791365,3.081805073606947,3.0,0.0,0.0,False,False,50709.0
17,random,7,2,Q014,random,4.077923925624696e-12,1.9536252870412521e-13,10.098540130519174,0.3407130874229146,2.0,0.0,0.0,False,False,108381.0
17,random,7,3,Q024,random,0.263070661154124,0.1517324037621325,11.824785637211184,0.9509200026441216,3.0,0.0,0.0,False,False,25579.0
17,random,7,4,Q003,random,0.0971222948486784,0.2128013642959623,6.384182876081029,4.655484384423182,7.0,1.0,0.0,True,False,0.0
17,random,7,5,Q081,random,0.2451923171692076,0.6475477939597456,9.355737537800731,4.453901336427808,11.0,0.0,0.0,False,False,0.0
17,random,8,1,Q059,random,0.0487228930111341,0.0141575806107012,11.270304404234109,0.69826299536958,1.0,0.0,0.0,False,False,128632.0
17,random,8,2,Q054,random,0.0758315287869616,0.0377912327256792,10.835518249457756,1.1104712344547465,2.0,0.0,0.0,False,False,100890.0
17,random,8,3,Q082,random,0.035811848557129,0.0539268450496442,5.596508393669659,3.791874824491896,8.0,0.0,1.0,True,False,0.0
17,random,8,4,Q046,random,0.1296728169577935,0.0357103967143848,11.80707361368739,0.5501246884732492,1.0,0.0,0.0,False,False,58386.0
17,random,8,5,Q047,random,0.2908976587218805,0.3766275105810708,11.291482374234084,2.062767260248022,2.0,0.0,0.0,False,False,7770.0
17,gp_m52_pi,1,1,Q054,exploitation,0.980526295285065,0.7889754629974917,12.847269994346714,0.3808038696895418,2.0,0.0,0.0,False,False,100890.0
17,gp_m52_pi,1,2,Q047,exploitation,0.9802221204789782,1.1759812586598817,13.23286109965462,0.569314355545254,5.0,0.0,0.0,False,False,7770.0
17,gp_m52_pi,1,3,Q068,exploitation,0.9732936138961676,1.698330665565106,13.750435170776624,0.8746398853718268,6.0,0.0,0.0,False,False,50021.0
17,gp_m52_pi,1,4,Q041,exploitation,0.9541472101502056,0.6342850448673624,12.6882638856339,0.3719343922003646,4.0,0.0,0.0,False,False,155410.0
17,gp_m52_pi,1,5,Q071,exploitation,0.9281128608739776,1.2927564641890914,13.32611569464738,0.8653980172784564,7.0,0.0,0.0,False,False,60955.0
17,gp_m52_pi,2,1,Q023,exploitation,0.4880594807485816,0.4170738145508423,12.028508012198497,1.085695570775748,3.0,0.0,0.0,False,False,130578.0
17,gp_m52_pi,2,2,Q017,exploitation,0.4233813324592924,0.350940728328345,11.8420542128744,1.1330051930411231,2.0,0.0,0.0,False,False,247107.0
17,gp_m52_pi,2,3,Q058,exploitation,0.3936186557813194,0.6894979237124212,11.392647280005225,2.476329512392145,5.0,0.0,0.0,False,False,60312.0
17,gp_m52_pi,2,4,Q022,exploitation,0.3637028601787352,0.4866987952149086,11.37870636348103,1.9573832564843776,3.0,0.0,0.0,False,False,114383.0
17,gp_m52_pi,2,5,Q024,exploitation,0.3342414595951044,0.4097110353680506,11.266599153309572,1.8550945314660436,3.0,0.0,0.0,False,False,25579.0
17,gp_m52_pi,3,1,Q029,exploitation,0.5508585198420747,0.8266570589073934,12.654290200878714,1.773513306270622,2.0,0.0,0.0,False,False,119441.0
17,gp_m52_pi,3,2,Q008,exploitation,0.3270058657822025,0.6731895038019877,11.01935768772927,3.1419802991212835,8.0,0.0,1.0,True,False,0.0
17,gp_m52_pi,3,3,Q036,exploitation,0.3154599714953305,0.2457067668064299,11.848646855879116,1.2050267250761106,4.0,0.0,1.0,False,False,0.0
17,gp_m52_pi,3,4,Q006,exploitation,0.2766995604121348,0.4754622584237317,10.776675610046128,2.785518218555469,7.0,0.0,0.0,False,False,2244.0
17,gp_m52_pi,3,5,Q019,exploitation,0.2750816441954331,0.5830783450327204,10.370375438436966,3.442932387097073,7.0,0.0,0.0,False,False,84493.0
17,gp_m52_pi,4,1,Q066,exploitation,0.4601943196060258,0.4556613482261586,12.297820768668858,1.2983246732389615,3.0,0.0,0.0,False,False,82233.0
17,gp_m52_pi,4,2,Q046,exploitation,0.3538210145357351,0.0829827021507753,12.297456278864216,0.3469756962861479,3.0,0.0,0.0,False,False,58386.0
17,gp_m52_pi,4,3,Q072,exploitation,0.3529989936043375,0.531673891240414,11.586201264153978,2.2303777395679054,4.0,0.0,0.0,False,False,57726.0
17,gp_m52_pi,4,4,Q093,exploitation,0.2933103988382021,1.1401309972246034,9.069971333489384,6.175033984446818,47.0,0.0,1.0,True,False,0.0
17,gp_m52_pi,4,5,Q090,exploitation,0.2714221249095692,1.0127871641711848,8.722722680541564,6.0883336944649225,38.0,0.0,0.0,False,False,0.0
17,gp_m52_pi,5,1,Q051,exploitation,0.168973615913259,0.1436562187235519,10.900732357799471,1.5934063816643993,7.0,0.0,0.0,False,False,873.0
17,gp_m52_pi,5,2,Q074,exploitation,0.1575477593443707,0.1195690645468531,10.973199810846817,1.4477394512177144,3.0,0.0,0.0,False,False,34285.0
17,gp_m52_pi,5,3,Q018,exploitation,0.1510755904574828,0.0320970433894581,12.005075540520894,0.4094712481484125,2.0,0.0,0.0,False,False,207261.0
17,gp_m52_pi,5,4,Q043,exploitation,0.1484506141704375,0.08375421261853,11.288524284612866,1.0919899418025345,1.0,0.0,0.0,False,False,1379.0
17,gp_m52_pi,5,5,Q052,exploitation,0.1449693224915154,0.0470344965820958,11.759245716542148,0.6315436995899566,2.0,0.0,0.0,False,False,81273.0
17,gp_m52_pi,6,1,Q013,exploitation,0.1370241079881273,0.0650058693778826,11.404029214169707,0.93578653375474,4.0,0.0,0.0,False,False,2639.0
17,gp_m52_pi,6,2,Q003,exploitation,0.1077397905850627,0.2667123688992224,6.049862745338246,5.148976469144848,7.0,1.0,0.0,True,False,0.0
17,gp_m52_pi,6,3,Q070,exploitation,0.0586913354821148,0.0439136066892195,9.69663748136818,1.7440593551657304,8.0,0.0,0.0,False,False,14174.0
17,gp_m52_pi,6,4,Q082,exploitation,0.0465461319077435,0.0679955652237398,6.489814598905003,3.535843552132061,13.0,0.0,0.0,False,False,0.0
17,gp_m52_pi,6,5,Q078,exploitation,0.0133643381635107,0.0137850667360518,5.896707374178131,2.9478666616017724,9.0,0.0,0.0,False,False,51868.0
17,gp_m52_pi,7,1,Q059,exploitation,0.0267295619729126,0.0070368116708289,11.093959010910869,0.6905686747738078,1.0,0.0,0.0,False,False,128632.0
17,gp_m52_pi,7,2,Q053,exploitation,0.0224612005194473,0.0043936962678868,11.374772740231988,0.5249916944921635,1.0,0.0,0.0,False,False,110908.0
17,gp_m52_pi,7,3,Q081,exploitation,0.0109180956718221,0.0152954573459725,3.036792915660257,4.095049003002535,8.0,1.0,0.0,True,False,0.0
17,gp_m52_pi,7,4,Q079,exploitation,0.0076954644638419,0.0082616620251769,4.538101921452202,3.256015404093401,9.0,0.4000000059604645,0.6000000238418579,True,False,32240.0
17,gp_m52_pi,7,5,Q014,exploitation,0.0058120949097528,0.0011526227236297,10.867086224272096,0.6184212073578079,2.0,0.0,0.0,False,False,108381.0
17,gp_m52_pi,8,1,Q015,exploitation,5.603243801158882e-09,1.1697230544989972e-09,5.232397572828733,1.2597980588557922,3.0,0.0,0.800000011920929,False,False,48700.0
17,gp_m52_pi,8,2,Q027,exploitation,0.1914381264826527,0.618166625968021,7.318169821633496,5.855327135602743,7.0,0.0,1.0,True,False,0.0
17,gp_m52_pi,8,3,Q032,exploitation,2.8754685073739456e-05,1.38251311034145e-05,3.814046380092841,2.141176785416177,2.0,1.0,0.0,False,False,0.0
17,gp_m52_pi,8,4,Q035,exploitation,0.0032116078302517,0.0007576152275974,10.310889227262743,0.7766660257134633,3.0,0.0,0.0,False,False,50709.0
17,gp_m52_pi,8,5,Q089,exploitation,0.0826883106307327,0.2037436901749433,4.9331955629375095,5.40247361961765,12.0,1.0,0.0,True,False,0.0
17,gp_m52_ei,1,1,Q068,exploitation,0.9732936138961676,1.698330665565106,13.750435170776624,0.8746398853718268,6.0,0.0,0.0,False,False,50021.0
17,gp_m52_ei,1,2,Q074,exploitation,0.9026877642691362,1.6408344341634586,13.64585781041758,1.2219165357368724,8.0,0.0,0.0,False,False,34285.0
17,gp_m52_ei,1,3,Q071,exploitation,0.9281128608739776,1.2927564641890914,13.32611569464738,0.8653980172784564,7.0,0.0,0.0,False,False,60955.0
17,gp_m52_ei,1,4,Q078,exploitation,0.6466290351331523,1.175495059264837,12.780172977780197,1.9114757381130985,9.0,0.0,0.0,False,False,51868.0
17,gp_m52_ei,1,5,Q047,exploitation,0.9802221204789782,1.1759812586598817,13.23286109965462,0.569314355545254,5.0,0.0,0.0,False,False,7770.0
17,gp_m52_ei,2,1,Q070,exploitation,0.3253226589761714,0.7828690685283843,10.394439330120637,3.680049527640102,11.0,0.0,0.0,False,False,14174.0
17,gp_m52_ei,2,2,Q003,exploitation,0.2840048132299556,0.7347926708295472,9.687568231655431,4.156744665615046,7.0,1.0,0.0,True,False,0.0
17,gp_m52_ei,2,3,Q093,exploitation,0.2841072672770272,0.7351495691775721,9.688824610785243,4.1567447136120395,46.0,0.0,1.0,True,False,0.0
17,gp_m52_ei,2,4,Q090,exploitation,0.284141865788547,0.7352700898305701,9.689248897470078,4.156744626245782,37.0,0.0,0.0,False,False,0.0
17,gp_m52_ei,2,5,Q089,exploitation,0.2839463075120323,0.7345888914957737,9.686850703331118,4.156744610067121,34.0,0.0,1.0,True,False,0.0
17,gp_m52_ei,3,1,Q017,exploitation,0.8504225840317268,1.14370589103462,13.125346491082556,1.0251296056038766,2.0,0.0,0.0,False,False,247107.0
17,gp_m52_ei,3,2,Q023,exploitation,0.7210958118508762,0.8066501853815913,12.68421802996231,1.0633166863576171,3.0,0.0,0.0,False,False,130578.0
17,gp_m52_ei,3,3,Q018,exploitation,0.8218766738393914,0.7205878860777563,12.713455046387873,0.7072282962538607,2.0,0.0,0.0,False,False,207261.0
17,gp_m52_ei,3,4,Q051,exploitation,0.3547240377890516,0.5621649249071641,11.188325614330846,2.3421593870079995,8.0,0.0,1.0,True,False,873.0
17,gp_m52_ei,3,5,Q006,exploitation,0.423388937868993,0.5547517512184017,11.714939281722549,1.7909574962545962,7.0,0.0,0.800000011920929,True,False,2244.0
17,gp_m52_ei,4,1,Q059,exploitation,0.5693397099897155,0.2774084180648195,12.526007360550938,0.5634249041549855,3.0,0.0,0.0,False,False,128632.0
17,gp_m52_ei,4,2,Q066,exploitation,0.2573390738732385,0.1938874807981815,11.612370017886596,1.2511470147641246,3.0,0.0,0.0,False,False,82233.0
17,gp_m52_ei,4,3,Q029,exploitation,0.5644134822181043,0.1641923471012427,12.482451970485624,0.3383588548692015,2.0,0.0,0.0,False,False,119441.0
17,gp_m52_ei,4,4,Q046,exploitation,0.4955388763966438,0.1346664931178305,12.423752563449112,0.3423353765030261,3.0,0.0,0.0,False,False,58386.0
17,gp_m52_ei,4,5,Q052,exploitation,0.2145374999232152,0.0652275956748807,12.005392325514308,0.5338916455110619,2.0,0.0,0.0,False,False,81273.0
17,gp_m52_ei,5,1,Q019,exploitation,0.6370487137132693,0.4414854535407608,12.686187566511608,0.7376516745723019,7.0,0.0,0.0,False,False,84493.0
17,gp_m52_ei,5,2,Q036,exploitation,0.0641909944811268,0.1520864886850841,4.157835585299631,5.43878474391206,4.0,0.0,1.0,False,False,0.0
17,gp_m52_ei,5,3,Q072,exploitation,0.1057797433463804,0.0758376554448267,10.55748054746499,1.496931948011359,4.0,0.0,0.0,False,False,57726.0
17,gp_m52_ei,5,4,Q082,exploitation,0.0310082772642781,0.0412909974460948,6.04026760834013,3.422672073869498,13.0,0.0,1.0,True,False,0.0
17,gp_m52_ei,5,5,Q035,exploitation,0.0755976497650766,0.0339722005333911,10.98952027755981,1.0019077751825591,3.0,0.0,0.0,False,False,50709.0
17,gp_m52_ei,6,1,Q027,exploitation,0.0262234669956579,0.0550296710576903,1.7242159683918077,5.51877152563984,8.0,0.2000000029802322,0.800000011920929,True,False,0.0
17,gp_m52_ei,6,2,Q022,exploitation,0.1328339370978664,0.0306080975071454,11.91802536984964,0.4577827198432069,1.0,0.0,0.0,False,False,114383.0
17,gp_m52_ei,6,3,Q058,exploitation,0.0426595281006422,0.0176421262578564,10.68185359971016,1.0145895091160506,5.0,0.0,0.0,False,False,60312.0
17,gp_m52_ei,6,4,Q054,exploitation,0.0305388834030652,0.007684028643862,11.213719499228707,0.6481074733457401,2.0,0.0,0.0,False,False,100890.0
17,gp_m52_ei,6,5,Q008,exploitation,0.007833867972071,0.0070220002571373,5.869936996359957,2.7136221185817724,8.0,0.0,1.0,True,False,0.0
17,gp_m52_ei,7,1,Q043,exploitation,0.0257839199470903,0.0106804090488952,10.302093791228849,1.091827624911218,1.0,0.0,0.0,False,False,1379.0
17,gp_m52_ei,7,2,Q081,exploitation,0.001826998478873,0.0016912808704451,3.143968917114301,3.1939948613625337,8.0,1.0,0.0,True,False,0.0
17,gp_m52_ei,7,3,Q079,exploitation,0.0015379936356208,0.0010977557018607,5.038871702661815,2.4961514467243697,9.0,1.0,0.0,True,False,32240.0
17,gp_m52_ei,7,4,Q053,exploitation,0.0068003277600289,0.0009652127043721,11.352035209166264,0.4358597763575494,1.0,0.0,0.0,False,False,110908.0
17,gp_m52_ei,7,5,Q041,exploitation,0.002989748968405,0.0009117751633163,9.650383924774118,1.0102925757299104,2.0,0.0,0.0,False,False,155410.0
17,gp_m52_ei,8,1,Q013,exploitation,0.0597176452945593,0.0268462115765747,10.800630040565222,1.044827120192969,4.0,0.0,0.0,False,False,2639.0
17,gp_m52_ei,8,2,Q014,exploitation,0.0001266080881451,1.405175381335972e-05,10.753838386327295,0.4574335201288744,2.0,0.0,0.0,False,False,108381.0
17,gp_m52_ei,8,3,Q015,exploitation,0.0001039702877647,2.3200635515054503e-05,8.978547530813005,0.9298668257636488,3.0,0.0,1.0,False,False,48700.0
17,gp_m52_ei,8,4,Q024,exploitation,8.363541090375694e-05,8.073811783739773e-06,10.89538311331997,0.4070750443135126,3.0,0.0,0.0,False,False,25579.0
17,gp_m52_ei,8,5,Q032,exploitation,1.6585372301285297e-08,7.269582268877378e-09,-1.752064221599344,2.5669998637426397,2.0,1.0,0.0,False,False,0.0
17,pi_random_exploration,1,1,Q054,exploitation,0.980526295285065,0.7889754629974917,12.847269994346714,0.3808038696895418,2.0,0.0,0.0,False,False,100890.0
17,pi_random_exploration,1,2,Q047,exploitation,0.9802221204789782,1.1759812586598817,13.23286109965462,0.569314355545254,5.0,0.0,0.0,False,False,7770.0
17,pi_random_exploration,1,3,Q068,exploitation,0.9732936138961676,1.698330665565106,13.750435170776624,0.8746398853718268,6.0,0.0,0.0,False,False,50021.0
17,pi_random_exploration,1,4,Q041,exploitation,0.9541472101502056,0.6342850448673624,12.6882638856339,0.3719343922003646,4.0,0.0,0.0,False,False,155410.0
17,pi_random_exploration,1,5,Q090,random_exploration,0.2837168463605909,0.7522094509923405,9.624369146902485,4.261086895242907,38.0,0.0,0.0,False,False,0.0
17,pi_random_exploration,2,1,Q072,exploitation,0.4336643977778441,0.489008923988183,11.806497808762444,1.5235360942544551,7.0,0.0,0.0,False,False,57726.0
17,pi_random_exploration,2,2,Q074,exploitation,0.3832070586413292,0.4002235652720184,11.617180510300315,1.4940241659650335,5.0,0.0,0.0,False,False,34285.0
17,pi_random_exploration,2,3,Q071,exploitation,0.3779621181937621,0.3653419075403734,11.628626507579442,1.3910221491809696,4.0,0.0,0.0,False,False,60955.0
17,pi_random_exploration,2,4,Q019,exploitation,0.3464544409866039,0.4349872013939178,11.32120186107287,1.873351569618534,7.0,0.0,0.0,False,False,84493.0
17,pi_random_exploration,2,5,Q022,random_exploration,0.1432868045701334,0.08530135748931,10.822669185191906,1.1620304568794964,3.0,0.0,0.0,False,False,114383.0
17,pi_random_exploration,3,1,Q066,exploitation,0.3216543577239609,0.3677230341298135,11.247923288482436,1.7558285116556605,3.0,0.0,0.0,False,False,82233.0
17,pi_random_exploration,3,2,Q003,exploitation,0.3101375821260209,0.9944529321004149,9.587564351140289,4.9922129692048465,7.0,1.0,0.0,True,False,0.0
17,pi_random_exploration,3,3,Q008,exploitation,0.3002937531036299,0.4857204202396341,10.7269731052992,2.5480283471151344,8.0,0.0,1.0,True,False,0.0
17,pi_random_exploration,3,4,Q032,exploitation,0.2880746208562215,0.3888594529053835,10.854645538565716,2.1580021805750325,4.0,0.0,1.0,False,False,0.0
17,pi_random_exploration,3,5,Q015,random_exploration,1.948029455315873e-08,6.899357598473894e-09,0.7144129380318791,2.064706789677381,3.0,0.0,1.0,False,False,48700.0
17,pi_random_exploration,4,1,Q017,exploitation,0.6965730108782916,0.6704601331563884,12.548357198200527,0.9471006589366068,2.0,0.0,0.0,False,False,247107.0
17,pi_random_exploration,4,2,Q043,exploitation,0.652237436551985,0.645892448514447,12.465591648824612,1.0337668707106646,1.0,0.0,0.0,False,False,1379.0
17,pi_random_exploration,4,3,Q018,exploitation,0.5912664953073022,0.35806761763003,12.218447335671682,0.6821331704936096,2.0,0.0,0.0,False,False,207261.0
17,pi_random_exploration,4,4,Q023,exploitation,0.5781529188823088,0.4222386922369282,12.225781713799346,0.8356906797970908,1.0,0.0,0.0,False,False,130578.0
17,pi_random_exploration,4,5,Q035,random_exploration,0.0537919952117447,0.0204408371965902,10.614891687489813,0.898684617880608,3.0,0.0,0.0,False,False,50709.0
17,pi_random_exploration,5,1,Q052,exploitation,0.2610646137352232,0.1861934992036589,11.67306001974455,1.1788157858784425,2.0,0.0,0.0,False,False,81273.0
17,pi_random_exploration,5,2,Q029,exploitation,0.2292161108592643,0.1096004541825603,11.8171453215479,0.8233207639630644,2.0,0.0,0.0,False,False,119441.0
17,pi_random_exploration,5,3,Q093,exploitation,0.2090671797154782,0.6210954360260524,8.172172571063903,5.255782342040402,23.0,0.0,1.0,True,False,0.0
17,pi_random_exploration,5,4,Q089,exploitation,0.1814302588358403,0.5059789565175006,7.758964089912663,5.130754326815272,12.0,0.2000000029802322,0.800000011920929,True,False,0.0
17,pi_random_exploration,5,5,Q006,random_exploration,0.0540247149593946,0.0524544597312903,8.740091763721493,2.2946094261739685,6.0,0.0,1.0,True,False,2244.0
17,pi_random_exploration,6,1,Q013,exploitation,0.1220249238995873,0.0666694125095818,11.138748323910516,1.106366328868323,4.0,0.0,0.0,False,False,2639.0
17,pi_random_exploration,6,2,Q070,exploitation,0.0865904807012504,0.0710186752283042,9.999726905790418,1.7824950588170347,8.0,0.0,0.0,False,False,14174.0
17,pi_random_exploration,6,3,Q058,exploitation,0.0426207777247963,0.0172888998151756,10.7145880529276,0.9953177654669888,5.0,0.0,0.0,False,False,60312.0
17,pi_random_exploration,6,4,Q078,exploitation,0.0412206423375647,0.0538530729669087,6.832076043349931,3.22192989444435,9.0,0.0,1.0,True,False,51868.0
17,pi_random_exploration,6,5,Q081,random_exploration,0.0085941198132875,0.0102850385768325,3.877196265905602,3.588593520973103,11.0,0.0,1.0,True,False,0.0
17,pi_random_exploration,7,1,Q046,exploitation,0.0873680419089756,0.0175852294485704,11.834932219463983,0.4366886674122237,2.0,0.0,0.0,False,False,58386.0
17,pi_random_exploration,7,2,Q059,exploitation,0.0618999177123983,0.0176929764426525,11.411420647500185,0.6602651428187759,1.0,0.0,0.0,False,False,128632.0
17,pi_random_exploration,7,3,Q051,exploitation,0.043678968038459,0.0304589097602877,9.51354379378654,1.7046112669500146,7.0,0.0,0.6000000238418579,True,False,873.0
17,pi_random_exploration,7,4,Q082,exploitation,0.0280730577523886,0.0392870665454566,5.462709072316833,3.646720987799583,8.0,0.0,1.0,True,False,0.0
17,pi_random_exploration,7,5,Q079,random_exploration,3.8531127283042654e-05,1.9936692099550325e-05,3.4481933784889502,2.2713321560255557,9.0,1.0,0.0,True,False,32240.0
17,pi_random_exploration,8,1,Q036,exploitation,0.0309011306114773,0.0534029611863527,4.1271944554301605,4.444147418316258,2.0,1.0,0.0,False,False,0.0
17,pi_random_exploration,8,2,Q053,exploitation,0.0097503630091987,0.0014408540176896,11.406208490369378,0.4372653395770723,1.0,0.0,0.0,False,False,110908.0
17,pi_random_exploration,8,3,Q027,exploitation,0.0078399801509838,0.0107509010502193,2.3974288913134876,4.151070321326603,7.0,0.0,1.0,True,False,0.0
17,pi_random_exploration,8,4,Q014,exploitation,0.0013905982741979,0.0002209284207675,10.752875549741663,0.5599259506681037,2.0,0.0,0.0,False,False,108381.0
17,pi_random_exploration,8,5,Q024,random_exploration,0.0005474977501739,7.008096832997527e-05,10.853244605893186,0.482199208655645,3.0,0.0,0.0,False,False,25579.0
17,pi_uncertainty,1,1,Q047,exploitation,0.987960188333182,0.8849663762148947,12.944344255439738,0.3915745811066732,5.0,0.0,0.0,False,False,7770.0
17,pi_uncertainty,1,2,Q041,exploitation,0.9845582767006756,0.6756001717187681,12.7348930899102,0.3121902417823973,4.0,0.0,0.0,False,False,155410.0
17,pi_uncertainty,1,3,Q054,exploitation,0.9800495364620916,0.5275385370303955,12.586673412201876,0.255826398134672,2.0,0.0,0.0,False,False,100890.0
17,pi_uncertainty,1,4,Q053,exploitation,0.8367980980895857,0.1831192328178589,12.229324279571737,0.1715090121905927,4.0,0.0,0.0,False,False,110908.0
17,pi_uncertainty,1,5,Q093,uncertainty_exploration,0.2676511987975054,0.6889803243050835,9.44500153852846,4.219826780145728,47.0,0.0,1.0,True,False,0.0
17,pi_uncertainty,2,1,Q071,exploitation,0.7784693785821921,0.1132465920586837,12.15812979294111,0.126619635597658,7.0,0.0,0.0,False,False,60955.0
17,pi_uncertainty,2,2,Q022,exploitation,0.7120828714874999,0.3451931924713358,12.322154807315478,0.4667667245831751,3.0,0.0,0.0,False,False,114383.0
17,pi_uncertainty,2,3,Q046,exploitation,0.5082315151408029,0.1562785341997264,12.068886120754543,0.3817774252502636,1.0,0.0,0.0,False,False,58386.0
17,pi_uncertainty,2,4,Q059,exploitation,0.4415813466957816,0.2125979275092997,11.966262224441452,0.6447009794717405,2.0,0.0,0.0,False,False,128632.0
17,pi_uncertainty,2,5,Q003,uncertainty_exploration,0.2647354303248658,0.7100332991624457,9.286261055561884,4.41266788411977,7.0,0.6000000238418579,0.4000000059604645,True,False,0.0
17,pi_uncertainty,3,1,Q036,exploitation,0.7882933493315909,0.4476218492965084,12.450235544218929,0.4862220218495341,4.0,0.0,1.0,False,False,0.0
17,pi_uncertainty,3,2,Q035,exploitation,0.5721308030547896,1.0108496966791976,12.4312086860582,2.0362878015182866,3.0,0.0,0.0,False,False,50709.0
17,pi_uncertainty,3,3,Q024,exploitation,0.5674732038149495,0.8584518807180259,12.358947294974788,1.7531526609791803,3.0,0.0,0.0,False,False,25579.0
17,pi_uncertainty,3,4,Q032,exploitation,0.3852953826614996,0.73337898357856,11.268904112354486,2.7163855547459295,4.0,0.0,1.0,False,False,0.0
17,pi_uncertainty,3,5,Q081,uncertainty_exploration,0.290447634839143,0.9482492687355194,9.187782957177635,5.204387711478694,12.0,0.0,1.0,True,False,0.0
17,pi_uncertainty,4,1,Q023,exploitation,0.6405682254043147,0.5983130232464041,12.41729954363227,0.989758486050932,1.0,0.0,0.0,False,False,130578.0
17,pi_uncertainty,4,2,Q017,exploitation,0.5396869394428332,0.5183458278112708,12.175597934786545,1.149978961881016,2.0,0.0,0.0,False,False,247107.0
17,pi_uncertainty,4,3,Q019,exploitation,0.5156933143656198,0.6193505362756507,12.119180632751805,1.4784289319034396,7.0,0.0,0.0,False,False,84493.0
17,pi_uncertainty,4,4,Q018,exploitation,0.4735925449280282,0.3081572571411706,12.00534093556504,0.8403611976441054,2.0,0.0,0.0,False,False,207261.0
17,pi_uncertainty,4,5,Q090,uncertainty_exploration,0.2217325273348659,0.6758657004669679,7.998647450491395,5.300885821980959,23.0,0.0,0.0,False,False,0.0
17,pi_uncertainty,5,1,Q006,exploitation,0.3263692899251867,0.416506602673034,11.550512959884772,1.9492086104771325,7.0,0.0,1.0,True,False,2244.0
17,pi_uncertainty,5,2,Q058,exploitation,0.3176459632574019,0.2487154478024993,11.854511465099574,1.208263460705275,5.0,0.0,1.0,True,False,60312.0
17,pi_uncertainty,5,3,Q043,exploitation,0.2856336548816889,0.2192605271657554,11.730693021085456,1.2308458357178382,1.0,0.0,0.0,False,False,1379.0
17,pi_uncertainty,5,4,Q029,exploitation,0.2070275446495386,0.0748330057096177,11.903797359064122,0.6412797160072286,2.0,0.0,0.0,False,False,119441.0
17,pi_uncertainty,5,5,Q027,uncertainty_exploration,0.0002505323392361,0.0002312038866543,-0.2907853888522442,3.654506968305204,8.0,1.0,0.0,True,False,0.0
17,pi_uncertainty,6,1,Q066,exploitation,0.4615676305803149,0.5143576086693914,12.28681451856288,1.458941990917899,3.0,0.0,0.0,False,False,82233.0
17,pi_uncertainty,6,2,Q052,exploitation,0.3031812344079055,0.1310416550369832,12.077951874170504,0.6785317534686356,1.0,0.0,0.0,False,False,81273.0
17,pi_uncertainty,6,3,Q072,exploitation,0.253083676075111,0.2905543296937048,11.153293631343365,1.91674784018033,4.0,0.0,0.0,False,False,57726.0
17,pi_uncertainty,6,4,Q074,exploitation,0.232580495183756,0.2064761656260617,11.316045624923454,1.5218690802661945,3.0,0.0,0.0,False,False,34285.0
17,pi_uncertainty,6,5,Q089,uncertainty_exploration,0.0005686143105409,0.000576313430594,0.0343227988412451,3.80841972497306,12.0,1.0,0.0,True,False,0.0
17,pi_uncertainty,7,1,Q013,exploitation,0.1342548538303046,0.0705898367130586,11.274565226372571,1.0420374526393132,4.0,0.0,0.0,False,False,2639.0
17,pi_uncertainty,7,2,Q070,exploitation,0.0767987791679387,0.0627531866097766,9.835554237151824,1.8164946330679823,8.0,0.0,0.0,False,False,14174.0
17,pi_uncertainty,7,3,Q082,exploitation,0.0355326577398138,0.0487291129843402,6.187049946554355,3.457243141829902,8.0,0.0,1.0,True,False,0.0
17,pi_uncertainty,7,4,Q068,exploitation,0.0323246857937863,0.0083906954918001,11.202005816450578,0.6633065585748634,4.0,0.0,0.0,False,False,50021.0
17,pi_uncertainty,7,5,Q078,uncertainty_exploration,0.0196410558254283,0.0215650132147157,6.249727019214127,2.997183942931023,9.0,0.0,1.0,True,False,51868.0
17,pi_uncertainty,8,1,Q051,exploitation,0.0143910297894514,0.0095121511146581,8.332342648536024,1.8730004041138235,7.0,0.0,1.0,True,False,873.0
17,pi_uncertainty,8,2,Q014,exploitation,0.0040455067337074,0.0007717346650033,10.797999248491733,0.615343234125355,2.0,0.0,0.0,False,False,108381.0
17,pi_uncertainty,8,3,Q008,exploitation,0.000892121335779,0.0007058946275855,3.4254773763720197,2.881616204063279,8.0,0.0,1.0,True,False,0.0
17,pi_uncertainty,8,4,Q079,exploitation,2.750200215056841e-06,1.227119325455997e-06,2.4184147923064883,2.2023643952526437,9.0,1.0,0.0,True,False,32240.0
17,pi_uncertainty,8,5,Q015,uncertainty_exploration,4.349305520149866e-06,9.037776723793176e-07,7.949959297462358,1.0068345932470897,3.0,0.800000011920929,0.2000000029802322,False,False,48700.0
17,imperfection_aware,1,1,Q054,exploitation,0.9855258264376424,0.8006530976304265,12.859792043033124,0.3657118269085716,2.0,0.0,0.0,False,False,100890.0
17,imperfection_aware,1,2,Q047,exploitation,0.9833376412732516,1.1720855522603566,13.229808104316186,0.5492095687726045,5.0,0.0,0.0,False,False,7770.0
17,imperfection_aware,1,3,Q068,exploitation,0.9782986818549936,1.702350136416852,13.756600225119907,0.8394790910413233,6.0,0.0,0.0,False,False,50021.0
17,imperfection_aware,1,4,Q041,exploitation,0.9591269201792352,0.6277518806899478,12.682846801581569,0.357246462685615,4.0,0.0,0.0,False,False,155410.0
17,imperfection_aware,1,5,Q093,suspicious_exploration,0.3100368949005474,0.8612380324293407,9.9167155864698,4.325387638278923,47.0,0.0,1.0,True,False,0.0
17,imperfection_aware,2,1,Q023,exploitation,0.8870210090123769,1.1568861880235282,13.167744690052428,0.9140261772156448,3.0,0.0,0.0,False,False,130578.0
17,imperfection_aware,2,2,Q024,exploitation,0.750870619146993,0.7117797946154656,12.644802601523116,0.8620301146772379,3.0,0.0,0.0,False,False,25579.0
17,imperfection_aware,2,3,Q019,exploitation,0.4624281508221427,0.3084391332857004,11.978725817957786,0.8723904495511623,7.0,0.0,0.0,False,False,84493.0
17,imperfection_aware,2,4,Q035,exploitation,0.3302094054997613,0.1265116498833685,11.805072998294827,0.5825513828539968,3.0,0.0,0.0,False,False,50709.0
17,imperfection_aware,2,5,Q089,suspicious_exploration,0.2857755477021599,0.8912005957919837,9.232438814602354,4.999516422079992,12.0,0.0,1.0,True,False,0.0
17,imperfection_aware,3,1,Q017,exploitation,0.6970309319554705,0.8484227600110541,12.67849024346966,1.1969486676345826,2.0,0.0,0.0,False,False,247107.0
17,imperfection_aware,3,2,Q018,exploitation,0.6056593792468651,0.5143728368228087,12.312953497715084,0.9400119647816286,2.0,0.0,0.0,False,False,207261.0
17,imperfection_aware,3,3,Q066,exploitation,0.5350216488024859,0.5838347203000296,12.176478427475743,1.31366455669708,3.0,0.0,0.2000000029802322,False,False,82233.0
17,imperfection_aware,3,4,Q006,exploitation,0.5091557040571416,0.495664192031422,12.088720319354463,1.2073958967214662,7.0,0.0,0.0,False,False,2244.0
17,imperfection_aware,3,5,Q090,suspicious_exploration,0.2139285310972519,0.2702194808981677,10.300935970808393,2.219891732303701,12.0,0.0,1.0,True,False,0.0
17,imperfection_aware,4,1,Q046,exploitation,0.4010542118441386,0.0946282951282369,12.344686696356217,0.3307568719376352,3.0,0.0,0.0,False,False,58386.0
17,imperfection_aware,4,2,Q059,exploitation,0.2848045600835573,0.122461472111965,12.035142644116856,0.6901500323233198,3.0,0.0,0.0,False,False,128632.0
17,imperfection_aware,4,3,Q029,exploitation,0.2196413926239133,0.0514985021426225,12.111337306388773,0.4088976636504216,2.0,0.0,0.0,False,False,119441.0
17,imperfection_aware,4,4,Q043,exploitation,0.1930279562944949,0.0919800665965643,11.680308888016452,0.8621119751684311,1.0,0.0,0.0,False,False,1379.0
17,imperfection_aware,4,5,Q081,suspicious_exploration,0.0226591353313297,0.0388909383409624,3.217439648907379,4.601186577207542,13.0,0.0,1.0,True,False,0.0
17,imperfection_aware,5,1,Q072,exploitation,0.2879739482159298,0.335844897831853,11.384643915480808,1.864673675863238,7.0,0.0,0.0,False,False,57726.0
17,imperfection_aware,5,2,Q070,exploitation,0.2227955092543894,0.3623730487066445,10.273048641416636,2.824556379863272,11.0,0.0,0.0,False,False,14174.0
17,imperfection_aware,5,3,Q022,exploitation,0.2169842540476038,0.0841047131480341,11.89679552392818,0.6783902245411567,1.0,0.0,0.0,False,False,114383.0
17,imperfection_aware,5,4,Q052,exploitation,0.1704838197395112,0.0666928702688398,11.730990017626809,0.7315169781797369,1.0,0.0,0.0,False,False,81273.0
17,imperfection_aware,5,5,Q003,suspicious_exploration,0.2416891852573045,0.8425812862878144,8.288229803330433,5.905940177291275,7.0,1.0,0.0,True,False,0.0
17,imperfection_aware,6,1,Q013,exploitation,0.141276705722553,0.0862692813175509,11.142441959080838,1.1959218611632954,4.0,0.0,0.0,False,False,2639.0
17,imperfection_aware,6,2,Q058,exploitation,0.0520629513187121,0.0242591286731439,10.627112919006962,1.1078629122401238,5.0,0.0,0.0,False,False,60312.0
17,imperfection_aware,6,3,Q071,exploitation,0.04042968538414,0.0128942849038752,11.050494392274668,0.7888351240561691,4.0,0.0,0.0,False,False,60955.0
17,imperfection_aware,6,4,Q032,exploitation,0.0308503692100988,0.0404792462130054,6.121661847328479,3.3749642758622262,4.0,0.0,1.0,False,False,0.0
17,imperfection_aware,6,5,Q082,suspicious_exploration,0.0533967349101519,0.092767550828735,5.793119889218648,4.11369360917014,8.0,0.0,1.0,True,False,0.0
17,imperfection_aware,7,1,Q074,exploitation,0.1576207381747315,0.1281457778970721,10.87024699845044,1.5506897539824211,3.0,0.0,0.0,False,False,34285.0
17,imperfection_aware,7,2,Q053,exploitation,0.1008180424345389,0.0380979643213373,11.410060633037794,0.7968649213315503,1.0,0.0,0.0,False,False,110908.0
17,imperfection_aware,7,3,Q078,exploitation,0.0984973597670444,0.1497839497650088,8.270754887838791,3.2219432044794885,9.0,0.0,0.0,False,False,51868.0
17,imperfection_aware,7,4,Q014,exploitation,0.0154979970716422,0.0047630143199672,10.565188508745146,0.863368145827349,2.0,0.0,0.0,False,False,108381.0
17,imperfection_aware,7,5,Q051,suspicious_exploration,0.0088950505742537,0.005612615894655,7.959535657470979,1.8852844304798944,7.0,0.0,1.0,True,False,873.0
17,imperfection_aware,8,1,Q036,exploitation,2.813903921435338e-06,1.7667247477459646e-06,-1.628953249317853,3.0962138194462328,2.0,0.800000011920929,0.2000000029802322,False,True,0.0
17,imperfection_aware,8,2,Q015,exploitation,3.310151624268654e-07,6.697138163052478e-08,7.060007785578509,1.0795203143317544,3.0,0.2000000029802322,0.800000011920929,False,True,48700.0
17,imperfection_aware,8,3,Q008,exploitation,0.0005823617440495,0.0004281221923429,3.4716293779517056,2.757899772902182,8.0,0.0,1.0,True,True,0.0
17,imperfection_aware,8,4,Q027,exploitation,9.781897281563568e-05,9.850902807455231e-05,-3.255000952255159,4.210559835461879,7.0,1.0,0.0,True,True,0.0
17,imperfection_aware,8,5,Q079,suspicious_exploration,1.3011683055992555e-06,5.75913768205728e-07,1.8585782764823096,2.2487510352552755,9.0,1.0,0.0,True,True,32240.0
18,random,1,1,Q005,random,0.4396948435430679,0.6075246435015144,12.14622516519189,1.8541594058338664,11.0,0.0,0.0,False,False,42083.0
18,random,1,2,Q072,random,0.3960077606304905,0.2999268554350464,12.146010550886984,1.067790475993169,6.0,0.0,0.800000011920929,True,False,57726.0
18,random,1,3,Q013,random,2.9545084617892807e-05,5.3477464726933385e-06,9.194295773837007,0.8050176622747085,4.0,0.0,0.0,False,False,2639.0
18,random,1,4,Q042,random,0.0003815650219249,5.279756613481778e-05,10.631092361892,0.5337426477973656,3.0,0.0,0.0,False,False,452.0
18,random,1,5,Q092,random,1.6753814766080857e-05,1.0237283223894252e-05,0.8471390877722982,2.7916680072449664,17.0,0.0,1.0,True,False,0.0
18,random,2,1,Q008,random,0.3351718477691759,0.6625187143395092,11.155578484235471,2.988191086499902,10.0,0.0,0.0,False,False,0.0
18,random,2,2,Q061,random,0.1924850856173749,0.0894646559357349,11.696462789524602,0.841550364858283,4.0,0.0,1.0,False,False,61305.0
18,random,2,3,Q033,random,0.0469666838751358,0.0212799004955376,10.593246211443034,1.0951222289961733,4.0,0.0,0.0,False,False,76472.0
18,random,2,4,Q068,random,0.5293343514886035,0.5067307139885443,12.512956114756168,1.1600431503670965,5.0,0.0,1.0,True,False,50021.0
18,random,2,5,Q029,random,0.6244718459407874,0.2840637560914559,12.583636609444694,0.4919066825773877,2.0,0.0,0.0,False,False,119441.0
18,random,3,1,Q077,random,0.0665381640770071,0.1815086024698151,3.080359601501926,6.222849811178926,10.0,0.0,1.0,True,False,226.0
18,random,3,2,Q056,random,0.6505404531144658,0.8121658028567884,12.932769333645236,1.3061393621627526,3.0,0.0,0.0,False,False,94093.0
18,random,3,3,Q011,random,0.1233039943730666,0.3889126001012407,5.044500899020229,6.372262734253825,7.0,0.4000000059604645,0.6000000238418579,True,False,0.0
18,random,3,4,Q066,random,0.0007809971802681,0.0004098159506237,6.325966682398654,1.9291127009006224,5.0,0.0,0.0,False,False,82233.0
18,random,3,5,Q014,random,0.9465677621086542,2.8123955057309376,15.20115638369189,1.7201023096660069,2.0,0.0,0.0,False,False,108381.0
18,random,4,1,Q086,random,0.0358052279293503,0.0763116389427518,2.758462085014168,5.367001599072873,8.0,1.0,0.0,True,False,200.0
18,random,4,2,Q076,random,0.0869131079253614,0.0790242533604247,9.742037082086837,1.9746474606782576,5.0,0.0,0.0,False,False,34391.0
18,random,4,3,Q003,random,0.1013328714598297,0.264617054762598,5.419426168620695,5.5009346260772665,7.0,1.0,0.0,True,False,0.0
18,random,4,4,Q002,random,0.0004137264320681,0.0002945118690698,3.294711790309523,2.7315749877271256,5.0,0.0,1.0,True,False,0.0
18,random,4,5,Q064,random,0.3257960109001415,0.5580259702562342,11.245482058184752,2.617859458996064,8.0,0.0,0.0,False,False,45673.0
18,random,5,1,Q026,random,0.0012847798664235,0.0001691236631075,11.02038881588424,0.4667260780466042,1.0,0.0,0.0,False,False,99186.0
18,random,5,2,Q060,random,0.1285529875252689,0.0528742863313473,11.494630257466367,0.823246436405307,2.0,0.0,0.0,False,False,43612.0
18,random,5,3,Q091,random,1.6099315395474613e-08,6.361493762499352e-09,-0.3783233750810373,2.3161167394776347,9.0,0.0,1.0,True,False,0.0
18,random,5,4,Q004,random,0.0002435108188059,0.0002372028242097,-1.049645839896557,3.864111065321583,7.0,1.0,0.0,True,False,0.0
18,random,5,5,Q050,random,0.0099730642982669,0.0024367731498497,10.748981113151505,0.721246333944985,8.0,0.0,1.0,True,False,6338.0
18,random,6,1,Q052,random,0.1348448092717646,0.0371682033858273,11.82522732257248,0.5457199327057911,3.0,0.0,0.0,False,False,81273.0
18,random,6,2,Q037,random,2.766866619993694e-34,8.105083445789019e-36,8.043676390568493,0.3607278079726255,2.0,0.0,0.0,False,False,76141.0
18,random,6,3,Q065,random,0.3709948988708487,0.388230884738393,11.927840373035329,1.5179551023696596,4.0,0.0,0.0,False,False,38100.0
18,random,6,4,Q053,random,0.0005170192335256,5.0917293351429886e-05,11.2056444411098,0.3724169054732461,2.0,0.0,0.0,False,False,110908.0
18,random,6,5,Q030,random,7.947017995292759e-12,1.0998402025148629e-13,11.77288853801203,0.0971426542883856,1.0,0.0,0.0,False,False,95814.0
18,random,7,1,Q031,random,0.2014463976005389,0.0503859130206551,12.053522113852509,0.4471893085844638,2.0,0.0,0.0,False,False,62455.0
18,random,7,2,Q007,random,0.002376611148198,0.0016967564013457,5.619647350044406,2.41133987808185,6.0,0.0,1.0,True,False,0.0
18,random,7,3,Q080,random,0.1217744025859543,0.3154450247729261,6.307677822154515,5.247899540007403,11.0,0.0,1.0,True,False,0.0
18,random,7,4,Q009,random,2.8980835076924226e-07,7.750743025694e-08,5.2633422007575685,1.4334532405671014,6.0,0.0,1.0,True,False,3295.0
18,random,7,5,Q058,random,6.309086950824665e-06,1.3290922845360417e-06,8.039272636585975,1.0049659089495775,7.0,0.0,0.0,False,False,60312.0
18,random,8,1,Q041,random,3.741578281531227e-18,1.2477047255291837e-19,9.892853800392338,0.2944872999183264,2.0,0.0,0.0,False,False,155410.0
18,random,8,2,Q075,random,0.0054571330893627,0.0064951485613081,2.922829501669346,3.734042699045557,6.0,0.0,1.0,True,False,0.0
18,random,8,3,Q024,random,0.056444981446757,0.0126702738298925,11.592639437044053,0.5266651434612389,3.0,0.0,0.0,False,False,25579.0
18,random,8,4,Q051,random,0.0074298153249115,0.0089304844931378,3.516375660085422,3.658457344782586,2.0,0.0,0.0,False,False,873.0
18,random,8,5,Q073,random,0.0005940388739881,7.907869149678627e-05,10.810837695984924,0.4987289407052414,3.0,0.0,0.0,False,False,31696.0
18,gp_m52_pi,1,1,Q033,exploitation,0.9081496236911002,0.8036453003931585,13.206188447242084,0.5856631043704109,4.0,0.0,0.0,False,False,76472.0
18,gp_m52_pi,1,2,Q031,exploitation,0.8677300238612622,0.8393357716402983,13.21969531592676,0.7099551341717613,3.0,0.0,0.0,False,False,62455.0
18,gp_m52_pi,1,3,Q056,exploitation,0.8179706673525148,0.547526489388223,12.92124630666544,0.5438890599859001,3.0,0.0,0.0,False,False,94093.0
18,gp_m52_pi,1,4,Q065,exploitation,0.8000848529538691,1.3699634575122852,13.637233507267611,1.436771280326414,7.0,0.0,0.0,False,False,38100.0
18,gp_m52_pi,1,5,Q050,exploitation,0.7891687082416153,0.8603131167290474,13.176547982134768,0.9320843375332072,9.0,0.0,0.0,False,False,6338.0
18,gp_m52_pi,2,1,Q005,exploitation,0.76015113796394,1.3370911394279823,13.541972972561643,1.5766975594431984,10.0,0.0,0.0,False,False,42083.0
18,gp_m52_pi,2,2,Q002,exploitation,0.5212236066491085,0.6526330233402131,12.509098414411614,1.5315723006009698,9.0,0.0,0.0,False,False,0.0
18,gp_m52_pi,2,3,Q008,exploitation,0.2151993016587163,0.2502562699213824,10.81883792087254,2.04023205223754,8.0,0.0,0.0,False,False,0.0
18,gp_m52_pi,2,4,Q014,exploitation,0.1595080947158476,0.0532578200446642,11.794849602805208,0.6349652082614615,2.0,0.0,0.0,False,False,108381.0
18,gp_m52_pi,2,5,Q009,exploitation,0.1259318033808903,0.0660387996767121,11.219309998386503,1.054489711285854,6.0,0.0,0.0,False,False,3295.0
18,gp_m52_pi,3,1,Q042,exploitation,0.1782440677752358,0.0927368565415866,11.540835637641525,0.961681744271908,3.0,0.0,0.0,False,False,452.0
18,gp_m52_pi,3,2,Q072,exploitation,0.1696098197775419,0.2245395310083921,10.058557175904452,2.4788145585791876,4.0,0.0,0.0,False,False,57726.0
18,gp_m52_pi,3,3,Q080,exploitation,0.1283333105831191,0.3859306017434389,5.597358454241164,6.021504047984758,13.0,0.0,1.0,True,False,0.0
18,gp_m52_pi,3,4,Q066,exploitation,0.1237850373445264,0.1140507620039985,10.277110766827407,1.8598311774108776,5.0,0.0,0.0,False,False,82233.0
18,gp_m52_pi,3,5,Q068,exploitation,0.1196901879545153,0.0698035518698632,11.032208104211296,1.185999863786184,5.0,0.0,0.0,False,False,50021.0
18,gp_m52_pi,4,1,Q060,exploitation,0.2212653337547938,0.3895077014229726,10.075179653289672,3.0633142092148247,4.0,0.0,0.0,False,False,43612.0
18,gp_m52_pi,4,2,Q092,exploitation,0.1494200639503959,0.4614035504020952,6.227923190454764,5.967383702591722,17.0,0.0,1.0,True,False,0.0
18,gp_m52_pi,4,3,Q077,exploitation,0.1192577404713791,0.3288440284142485,5.812756389449349,5.611940051935635,12.0,0.0,1.0,True,False,226.0
18,gp_m52_pi,4,4,Q076,exploitation,0.1064769026260901,0.1784432826731803,8.075388196911094,3.4943778747857155,5.0,0.0,0.0,False,False,34391.0
18,gp_m52_pi,4,5,Q004,exploitation,0.1037225616561632,0.2583837121857827,5.843960551971884,5.222517939677523,8.0,0.800000011920929,0.2000000029802322,True,False,0.0
18,gp_m52_pi,5,1,Q007,exploitation,0.2427481923220896,0.2842127152935328,11.046031313540524,1.9807453190758308,7.0,0.0,1.0,True,False,0.0
18,gp_m52_pi,5,2,Q052,exploitation,0.1458297120625179,0.0440455032576376,11.808500193213115,0.587090995851831,2.0,0.0,0.0,False,False,81273.0
18,gp_m52_pi,5,3,Q013,exploitation,0.1175927627463807,0.1118563538751037,10.122370177966705,1.9418730749180944,4.0,0.0,0.0,False,False,2639.0
18,gp_m52_pi,5,4,Q064,exploitation,0.087723078722928,0.0902054408158694,9.407176480830016,2.229228329664003,6.0,0.0,0.0,False,False,45673.0
18,gp_m52_pi,5,5,Q086,exploitation,0.0485489694137832,0.1071062047247665,3.626947061919228,5.304498910673093,8.0,1.0,0.0,True,False,200.0
18,gp_m52_pi,6,1,Q030,exploitation,0.0914032833745351,0.0404109706913489,11.160956545186696,0.9508025918046198,2.0,0.0,0.0,False,False,95814.0
18,gp_m52_pi,6,2,Q075,exploitation,0.0874718349290939,0.1627769879675478,6.952156525939499,4.036468198328042,6.0,0.0,1.0,True,False,0.0
18,gp_m52_pi,6,3,Q029,exploitation,0.0487044868906469,0.0177982042801526,10.971913400047216,0.8782058887440269,2.0,0.0,0.0,False,False,119441.0
18,gp_m52_pi,6,4,Q058,exploitation,0.035803557161209,0.0390371790090618,7.481025533533941,2.7456335968905683,8.0,0.0,0.0,False,False,60312.0
18,gp_m52_pi,6,5,Q061,exploitation,0.0311296730066684,0.0140983908830127,10.258405047778329,1.1634436043398042,2.0,0.0,0.0,False,False,61305.0
18,gp_m52_pi,7,1,Q026,exploitation,0.014650067354995,0.0043339516215656,10.604367319601105,0.8365572198747333,1.0,0.0,0.0,False,False,99186.0
18,gp_m52_pi,7,2,Q011,exploitation,0.0036822400602934,0.0045974679243206,1.543015956614954,4.061560768496056,7.0,1.0,0.0,True,False,0.0
18,gp_m52_pi,7,3,Q051,exploitation,0.0033388162544284,0.0021090687774081,6.80538202610541,2.0726944736660156,2.0,0.0,0.0,False,False,873.0
18,gp_m52_pi,7,4,Q041,exploitation,0.0029149387028176,0.000563809952908,10.657027920983754,0.6421562379950724,2.0,0.0,0.0,False,False,155410.0
18,gp_m52_pi,7,5,Q024,exploitation,0.0009282409100099,0.0002693839527167,9.147589452587468,1.0538868839823825,3.0,0.0,0.0,False,False,25579.0
18,gp_m52_pi,8,1,Q003,exploitation,6.388096801928648e-06,3.5538738160525e-06,0.8521056062154218,2.652550654032038,7.0,1.0,0.0,True,False,0.0
18,gp_m52_pi,8,2,Q037,exploitation,3.5298291107670815e-06,5.10150296905811e-07,9.25515091196424,0.7062585239714,2.0,0.0,0.0,False,False,76141.0
18,gp_m52_pi,8,3,Q053,exploitation,2.891034615369769e-05,5.686782123219162e-06,8.90563224218512,0.8757727051830397,2.0,0.0,0.0,False,False,110908.0
18,gp_m52_pi,8,4,Q073,exploitation,0.0030187315414419,0.0006787902436312,10.383940460423297,0.7442949704982486,3.0,0.0,0.0,False,False,31696.0
18,gp_m52_pi,8,5,Q091,exploitation,0.0007106872215946,0.0007285027549176,0.3254836815062942,3.7934337568053023,9.0,0.0,1.0,True,False,0.0
18,gp_m52_ei,1,1,Q065,exploitation,0.8000828810385741,1.369957673478576,13.637225428711297,1.43677370801463,7.0,0.0,0.0,False,False,38100.0
18,gp_m52_ei,1,2,Q008,exploitation,0.6722499035536768,1.2432473216698705,13.266612826261523,1.8806712302642483,10.0,0.0,0.0,False,False,0.0
18,gp_m52_ei,1,3,Q050,exploitation,0.78916649852856,0.8603085751642534,13.176541796895185,0.9320855132327468,9.0,0.0,0.0,False,False,6338.0
18,gp_m52_ei,1,4,Q031,exploitation,0.8677296714457996,0.839334704158616,13.219694096870004,0.7099550890050256,3.0,0.0,0.0,False,False,62455.0
18,gp_m52_ei,1,5,Q033,exploitation,0.9081489220983188,0.8036433801903524,13.206186287418625,0.5856633545155027,4.0,0.0,0.0,False,False,76472.0
18,gp_m52_ei,2,1,Q058,exploitation,0.2951143456718449,0.3585637337894662,11.390451725036506,1.9259425703590072,8.0,0.0,1.0,True,False,60312.0
18,gp_m52_ei,2,2,Q064,exploitation,0.2400975765818152,0.346111360441905,10.69993815412958,2.447124957417331,6.0,0.0,0.0,False,False,45673.0
18,gp_m52_ei,2,3,Q005,exploitation,0.1911491730979521,0.3226288088139575,9.752535731568116,3.06185060774277,10.0,0.0,1.0,True,False,42083.0
18,gp_m52_ei,2,4,Q009,exploitation,0.2560053689075734,0.3067558321269044,11.12065499131898,1.993146039031205,6.0,0.0,1.0,True,False,3295.0
18,gp_m52_ei,2,5,Q014,exploitation,0.4056657823834228,0.2649588865191628,12.21015952210928,0.910822923720739,2.0,0.0,0.0,False,False,108381.0
18,gp_m52_ei,3,1,Q011,exploitation,0.0763901051946,0.1823283985829478,4.83365752591748,5.311253458310393,7.0,0.0,1.0,True,False,0.0
18,gp_m52_ei,3,2,Q004,exploitation,0.0385326460902131,0.0793865342084685,3.3535444861308576,5.132449665466957,8.0,0.0,1.0,True,False,0.0
18,gp_m52_ei,3,3,Q052,exploitation,0.2649766106113115,0.0598989969448351,12.194058088177416,0.3718055604486016,2.0,0.0,0.0,False,False,81273.0
18,gp_m52_ei,3,4,Q030,exploitation,0.2686234663287775,0.0432236229112071,12.265032767172976,0.263456848558928,2.0,0.0,0.0,False,False,95814.0
18,gp_m52_ei,3,5,Q029,exploitation,0.2416560212256083,0.0364731187881367,12.248339755831449,0.255698587537415,2.0,0.0,0.0,False,False,119441.0
18,gp_m52_ei,4,1,Q042,exploitation,0.3933830603609367,0.1924161523309154,12.240478009843793,0.691660696686302,3.0,0.0,0.0,False,False,452.0
18,gp_m52_ei,4,2,Q080,exploitation,0.0604187827851432,0.1239707312851129,5.044502496335348,4.759384018069162,13.0,0.0,1.0,True,False,0.0
18,gp_m52_ei,4,3,Q072,exploitation,0.0464347007878627,0.0291816111475404,9.87045615412781,1.5216885568384757,4.0,0.0,0.0,False,False,57726.0
18,gp_m52_ei,4,4,Q003,exploitation,0.012993750897013,0.0234962364739775,0.8850385274466346,5.184400865734165,7.0,1.0,0.0,True,False,0.0
18,gp_m52_ei,4,5,Q092,exploitation,0.0063417421579354,0.0091693442498145,1.2841925621338026,4.470704875580805,17.0,0.0,1.0,True,False,0.0
18,gp_m52_ei,5,1,Q051,exploitation,0.3049395582442642,0.9932280335236005,9.824031054096483,5.102538034112304,2.0,0.0,0.0,False,False,873.0
18,gp_m52_ei,5,2,Q076,exploitation,0.403335324481632,0.3156115424760601,12.159829653977628,1.0940971337637644,5.0,0.0,0.0,False,False,34391.0
18,gp_m52_ei,5,3,Q077,exploitation,0.0770767750830631,0.2081861575283748,3.876717884525601,6.000552346552212,9.0,0.0,1.0,True,False,226.0
18,gp_m52_ei,5,4,Q091,exploitation,0.089666102337365,0.1785210487341381,6.6564257645013365,4.297806654868561,9.0,0.0,1.0,True,False,0.0
18,gp_m52_ei,5,5,Q073,exploitation,0.2119814495006442,0.1259565675333026,11.590415879018751,1.0470254895612692,3.0,0.0,0.0,False,False,31696.0
18,gp_m52_ei,6,1,Q026,exploitation,0.2643885099170784,0.128640315850973,11.923139150597503,0.80086114059701,1.0,0.0,0.0,False,False,99186.0
18,gp_m52_ei,6,2,Q075,exploitation,0.0527675132165246,0.1140299000390852,4.129450571888054,5.126757687284816,6.0,0.800000011920929,0.2000000029802322,True,False,0.0
18,gp_m52_ei,6,3,Q024,exploitation,0.2283629875198547,0.1112928423397251,11.802335367309109,0.8401026737188289,3.0,0.0,0.0,False,False,25579.0
18,gp_m52_ei,6,4,Q056,exploitation,0.0781423044792924,0.0376086527471451,10.915628981350238,1.066498247751713,3.0,0.0,0.0,False,False,94093.0
18,gp_m52_ei,6,5,Q013,exploitation,0.052818800709686,0.0376015766263708,9.695150349455488,1.6886492816025405,4.0,0.0,0.0,False,False,2639.0
18,gp_m52_ei,7,1,Q002,exploitation,0.1614953718806538,0.1487099264817163,10.702191180242904,1.745761504625211,5.0,0.0,1.0,True,False,0.0
18,gp_m52_ei,7,2,Q086,exploitation,0.0086929801247937,0.0139467627342598,0.9987994322186432,4.805154028059431,8.0,1.0,0.0,True,False,200.0
18,gp_m52_ei,7,3,Q007,exploitation,0.0141689464243717,0.0102414176402049,7.928644685908346,2.0518945234346697,6.0,0.0,1.0,True,False,0.0
18,gp_m52_ei,7,4,Q061,exploitation,0.0087394330143835,0.0026892428051516,10.23860214125355,0.92110250471605,4.0,0.0,0.0,False,False,61305.0
18,gp_m52_ei,7,5,Q037,exploitation,0.0040370699432943,0.0012681357029501,9.742989852499324,1.0134533277313007,2.0,0.0,0.0,False,False,76141.0
18,gp_m52_ei,8,1,Q041,exploitation,1.645070203465818e-06,1.1586132097835558e-07,10.77775836343146,0.3546615035984859,2.0,0.0,0.0,False,False,155410.0
18,gp_m52_ei,8,2,Q053,exploitation,2.3581873323968352e-05,4.835897115823987e-06,8.6757312858758,0.921999154068774,2.0,0.0,0.0,False,False,110908.0
18,gp_m52_ei,8,3,Q060,exploitation,0.2412568977026172,0.2444949826730347,11.221244762258069,1.7177784344202525,2.0,0.0,0.0,False,False,43612.0
18,gp_m52_ei,8,4,Q066,exploitation,0.4187740256813926,0.7440564368719822,11.927045837517928,2.4412668662600616,4.0,0.0,0.0,False,False,82233.0
18,gp_m52_ei,8,5,Q068,exploitation,0.1869288825849196,0.2261312770536119,10.464203252795812,2.2078520457024498,4.0,0.0,0.0,False,False,50021.0
18,pi_random_exploration,1,1,Q033,exploitation,0.9081491148004524,0.8036427456610516,13.20618575490508,0.5856624390359593,4.0,0.0,0.0,False,False,76472.0
18,pi_random_exploration,1,2,Q031,exploitation,0.8677295945631871,0.8393331527802721,13.219692586603577,0.7099539638937332,3.0,0.0,0.0,False,False,62455.0
18,pi_random_exploration,1,3,Q056,exploitation,0.8179704867999193,0.5475229983184654,12.92124306146949,0.5438858940618734,3.0,0.0,0.0,False,False,94093.0
18,pi_random_exploration,1,4,Q065,exploitation,0.8000827570419313,1.3699566717422678,13.637224357354494,1.4367731915224426,7.0,0.0,0.0,False,False,38100.0
18,pi_random_exploration,1,5,Q014,random_exploration,0.0313913023231434,0.0073887075822613,11.303795219098417,0.6039494100017969,2.0,0.0,0.0,False,False,108381.0
18,pi_random_exploration,2,1,Q005,exploitation,0.732151538932812,1.1658310685343418,13.34999954937792,1.489374190730376,11.0,0.0,0.0,False,False,42083.0
18,pi_random_exploration,2,2,Q002,exploitation,0.4734099822303124,0.4792133957673133,12.340361927140696,1.3076147508814462,9.0,0.0,0.0,False,False,0.0
18,pi_random_exploration,2,3,Q008,exploitation,0.2587811503027193,0.3103107353301145,11.141358365151133,1.9876483950027888,8.0,0.0,0.0,False,False,0.0
18,pi_random_exploration,2,4,Q009,exploitation,0.0965316606848198,0.0435241271790813,11.179134436203409,0.9591847169655704,6.0,0.0,0.0,False,False,3295.0
18,pi_random_exploration,2,5,Q042,random_exploration,2.5678056756849343e-05,2.698330592084429e-06,10.522191296250854,0.4705399522152801,3.0,0.0,0.0,False,False,452.0
18,pi_random_exploration,3,1,Q076,exploitation,0.2266115256850628,0.5369958536101844,9.35659536214732,4.094360287847936,6.0,0.0,0.0,False,False,34391.0
18,pi_random_exploration,3,2,Q072,exploitation,0.1874764470007469,0.1931945684241036,10.76022214517591,1.8792770491780268,4.0,0.0,0.2000000029802322,False,False,57726.0
18,pi_random_exploration,3,3,Q080,exploitation,0.1659339724905311,0.4662914157369764,7.293209777688184,5.291211693885334,13.0,0.0,1.0,True,False,0.0
18,pi_random_exploration,3,4,Q064,exploitation,0.1610595949375242,0.2919275960834989,9.022933599553198,3.438647182816201,6.0,0.0,0.0,False,False,45673.0
18,pi_random_exploration,3,5,Q004,random_exploration,0.0972031915128989,0.2324458287115555,5.83528574835148,5.080165342705017,8.0,1.0,0.0,True,False,0.0
18,pi_random_exploration,4,1,Q007,exploitation,0.2349969104527581,0.3051021875314773,10.824622553258925,2.2186607395896045,7.0,0.0,1.0,True,False,0.0
18,pi_random_exploration,4,2,Q077,exploitation,0.1854033145489943,0.4763174441712174,8.221975012372818,4.699192773188461,12.0,0.0,1.0,True,False,226.0
18,pi_random_exploration,4,3,Q075,exploitation,0.1622077246072565,0.400312590789235,7.822084113986898,4.673615499052113,6.0,0.0,1.0,True,False,0.0
18,pi_random_exploration,4,4,Q060,exploitation,0.1352495684733987,0.1502825966391639,10.005143326296825,2.1983910014718666,4.0,0.0,0.0,False,False,43612.0
18,pi_random_exploration,4,5,Q037,random_exploration,3.02745010379835e-22,1.2903036792400089e-23,8.39359926927647,0.418958276865629,2.0,0.0,0.0,False,False,76141.0
18,pi_random_exploration,5,1,Q092,exploitation,0.131672217897043,0.3462153113325074,6.5729353159023125,5.2342728838618795,17.0,0.0,1.0,True,False,0.0
18,pi_random_exploration,5,2,Q091,exploitation,0.0961187427219802,0.233814440597301,5.6737140042943945,5.1793911448318335,9.0,0.0,1.0,True,False,0.0
18,pi_random_exploration,5,3,Q058,exploitation,0.0709509899808131,0.0599781663895863,9.627354629117075,1.906543497541348,8.0,0.0,0.0,False,False,60312.0
18,pi_random_exploration,5,4,Q051,exploitation,0.0659709547376005,0.0826695737499113,8.114639622378691,2.8629107860083067,7.0,0.0,0.0,False,False,873.0
18,pi_random_exploration,5,5,Q003,random_exploration,3.596359299109701e-07,1.59122346994998e-07,0.7604522520537929,2.3541010430971827,7.0,1.0,0.0,True,False,0.0
18,pi_random_exploration,6,1,Q013,exploitation,0.0518180523467689,0.0261554184178033,10.472941490072738,1.2010251658971856,4.0,0.0,0.0,False,False,2639.0
18,pi_random_exploration,6,2,Q041,exploitation,0.0473907726874738,0.0185566152993615,10.84862076354212,0.9450905944404424,2.0,0.0,0.0,False,False,155410.0
18,pi_random_exploration,6,3,Q026,exploitation,0.0457923959804717,0.0186924202090991,10.756425347999937,0.9905511558740748,1.0,0.0,0.0,False,False,99186.0
18,pi_random_exploration,6,4,Q029,exploitation,0.0403214083556674,0.0236169628354044,9.895731572003037,1.449281607112954,2.0,0.0,0.0,False,False,119441.0
18,pi_random_exploration,6,5,Q050,random_exploration,0.0105430624688162,0.0045950773652985,9.477979975160194,1.2788549887798126,2.0,0.0,0.0,False,False,6338.0
18,pi_random_exploration,7,1,Q030,exploitation,0.1337105488531099,0.0686621636413865,11.297866985254554,1.018658548842591,1.0,0.0,0.0,False,False,95814.0
18,pi_random_exploration,7,2,Q066,exploitation,0.0547411218370224,0.0608227531366569,8.233924684886048,2.6201758841855356,5.0,0.0,0.0,False,False,82233.0
18,pi_random_exploration,7,3,Q068,exploitation,0.0321205139694913,0.0320253686301019,7.708682174473527,2.5500620984700144,5.0,0.0,0.0,False,False,50021.0
18,pi_random_exploration,7,4,Q061,exploitation,0.0228959686805237,0.0128127548726592,9.435246655066448,1.4981850103543344,2.0,0.0,0.0,False,False,61305.0
18,pi_random_exploration,7,5,Q024,random_exploration,0.0087066739771105,0.0037275503203319,9.379059863833024,1.2820428942140174,3.0,0.0,0.0,False,False,25579.0
18,pi_random_exploration,8,1,Q086,exploitation,0.022165366224157,0.0387219826629401,2.9830865214599713,4.696533472442421,8.0,1.0,0.0,True,False,200.0
18,pi_random_exploration,8,2,Q073,exploitation,0.0214573362297414,0.0080145234942718,10.386203728583933,1.0083167271476496,3.0,0.0,0.2000000029802322,False,False,31696.0
18,pi_random_exploration,8,3,Q052,exploitation,0.007395368467631,0.0026878574061045,9.729908033626383,1.1067544331365995,2.0,0.0,0.0,False,False,81273.0
18,pi_random_exploration,8,4,Q011,exploitation,0.0004328790826577,0.0003911654842421,0.9116406434685684,3.457339656222996,7.0,1.0,0.0,True,False,0.0
18,pi_random_exploration,8,5,Q053,random_exploration,0.000105417637826,2.9486325671388683e-05,8.111671393843855,1.1646781915882447,2.0,0.0,0.0,False,False,110908.0
18,pi_uncertainty,1,1,Q033,exploitation,0.9081491148004524,0.8036427456610516,13.20618575490508,0.5856624390359593,4.0,0.0,0.0,False,False,76472.0
18,pi_uncertainty,1,2,Q031,exploitation,0.8677295945631871,0.8393331527802721,13.219692586603577,0.7099539638937332,3.0,0.0,0.0,False,False,62455.0
18,pi_uncertainty,1,3,Q056,exploitation,0.8179704867999193,0.5475229983184654,12.92124306146949,0.5438858940618734,3.0,0.0,0.0,False,False,94093.0
18,pi_uncertainty,1,4,Q065,exploitation,0.8000827570419313,1.3699566717422678,13.637224357354494,1.4367731915224426,7.0,0.0,0.0,False,False,38100.0
18,pi_uncertainty,1,5,Q004,uncertainty_exploration,0.0008367990745995,0.0008471538172771,0.7875361003091763,3.703758484000123,8.0,0.0,1.0,True,False,0.0
18,pi_uncertainty,2,1,Q005,exploitation,0.724474193635977,1.1715599103595855,13.339528282221549,1.52963835209828,11.0,0.0,0.0,False,False,42083.0
18,pi_uncertainty,2,2,Q002,exploitation,0.5450522641806989,0.6898723802176097,12.598016526657885,1.5060102065027108,9.0,0.0,0.0,False,False,0.0
18,pi_uncertainty,2,3,Q008,exploitation,0.2429099322450335,0.2861465953785854,11.038876711136467,1.9924797776335763,8.0,0.0,0.2000000029802322,True,False,0.0
18,pi_uncertainty,2,4,Q014,exploitation,0.1553932363917137,0.0464066734018189,11.848200117802422,0.5716219362889383,2.0,0.0,0.0,False,False,108381.0
18,pi_uncertainty,2,5,Q003,uncertainty_exploration,0.0003035559240532,0.0002960325907874,-0.6568983358107836,3.816478158182489,7.0,0.800000011920929,0.2000000029802322,True,False,0.0
18,pi_uncertainty,3,1,Q072,exploitation,0.1598565090858161,0.1963715227770837,10.104281800728645,2.334861674651319,4.0,0.0,1.0,False,False,57726.0
18,pi_uncertainty,3,2,Q051,exploitation,0.1278006452530594,0.0911232720969189,10.802999257563927,1.4290209896286898,7.0,0.0,1.0,True,False,873.0
18,pi_uncertainty,3,3,Q042,exploitation,0.1259050980290865,0.0570994091646858,11.382479564430325,0.9119846075881616,3.0,0.0,1.0,False,False,452.0
18,pi_uncertainty,3,4,Q064,exploitation,0.1233251049851423,0.0950535328347128,10.623632120325816,1.5571092552260923,6.0,0.0,0.0,False,False,45673.0
18,pi_uncertainty,3,5,Q080,uncertainty_exploration,0.0962024227213522,0.252288794704094,5.150420067834843,5.58279449866565,13.0,0.0,1.0,True,False,0.0
18,pi_uncertainty,4,1,Q092,exploitation,0.1201608109261694,0.3357464076414205,5.761408098021819,5.677284615949681,17.0,0.0,1.0,True,False,0.0
18,pi_uncertainty,4,2,Q060,exploitation,0.1198924409750425,0.1824178439959069,8.791677715614595,3.0930045207105468,4.0,0.0,0.0,False,False,43612.0
18,pi_uncertainty,4,3,Q076,exploitation,0.1175032663588921,0.1896145885026508,8.514757270043445,3.2948408694139486,5.0,0.0,0.0,False,False,34391.0
18,pi_uncertainty,4,4,Q009,exploitation,0.1162591264815352,0.1821667102652379,8.599123913815134,3.2066893423544194,6.0,0.0,1.0,True,False,3295.0
18,pi_uncertainty,4,5,Q077,uncertainty_exploration,0.0698769175886451,0.1684744903676732,4.375779089603856,5.452533483150392,12.0,1.0,0.0,True,False,226.0
18,pi_uncertainty,5,1,Q052,exploitation,0.7861532070505615,1.132232575023583,13.409230684289158,1.2376683002825786,2.0,0.0,0.0,False,False,81273.0
18,pi_uncertainty,5,2,Q068,exploitation,0.4949892815426926,0.5353479584630216,12.41045761529503,1.3632714826882275,5.0,0.0,0.0,False,False,50021.0
18,pi_uncertainty,5,3,Q061,exploitation,0.4408889567748999,0.4654661163330174,12.21717131956944,1.414842832927986,2.0,0.0,0.0,False,False,61305.0
18,pi_uncertainty,5,4,Q029,exploitation,0.4393386887560111,0.1825326432676576,12.342440334606422,0.5577636036586635,2.0,0.0,0.0,False,False,119441.0
18,pi_uncertainty,5,5,Q011,uncertainty_exploration,0.0879116801705839,0.2281397690217248,4.81484705004574,5.623535186935441,7.0,1.0,0.0,True,False,0.0
18,pi_uncertainty,6,1,Q007,exploitation,0.1739260576548309,0.1747997371735783,10.672432371480529,1.8696382527968256,7.0,0.0,1.0,True,False,0.0
18,pi_uncertainty,6,2,Q066,exploitation,0.0789508469113859,0.0591842189002076,10.086257938919143,1.6579681384654965,4.0,0.0,0.0,False,False,82233.0
18,pi_uncertainty,6,3,Q013,exploitation,0.0720648456821814,0.0559133612433346,9.878913615746498,1.74496467080901,4.0,0.0,0.0,False,False,2639.0
18,pi_uncertainty,6,4,Q086,exploitation,0.0390355762574427,0.0812623589638713,3.307435051375743,5.176051387493731,8.0,1.0,0.0,True,False,200.0
18,pi_uncertainty,6,5,Q075,uncertainty_exploration,0.0025529666577637,0.0019016610955488,5.424354315047033,2.500908061447472,6.0,0.0,1.0,True,False,0.0
18,pi_uncertainty,7,1,Q050,exploitation,0.2298037480951913,0.1577245648669998,11.554324021574129,1.1808852427157828,2.0,0.0,0.0,False,False,6338.0
18,pi_uncertainty,7,2,Q030,exploitation,0.0889844385275057,0.029680437424903,11.456250194423871,0.7210877115400798,1.0,0.0,0.0,False,False,95814.0
18,pi_uncertainty,7,3,Q026,exploitation,0.0384248739841526,0.0144129475134835,10.77363918889102,0.9348187317333724,1.0,0.0,0.0,False,False,99186.0
18,pi_uncertainty,7,4,Q058,exploitation,0.0239655808982371,0.0162788896611276,8.851862920345015,1.8077639981691296,7.0,0.0,0.4000000059604645,True,False,60312.0
18,pi_uncertainty,7,5,Q091,uncertainty_exploration,3.209256246743754e-05,2.2678994883708228e-05,-0.0838098223619905,3.1302959460584354,9.0,0.0,1.0,True,False,0.0
18,pi_uncertainty,8,1,Q024,exploitation,0.0009808665430053,0.0002937180240445,9.074304060131084,1.0831118465519225,3.0,0.0,0.0,False,False,25579.0
18,pi_uncertainty,8,2,Q041,exploitation,0.0001323889564281,1.2721755084859726e-05,10.986604294972835,0.3950558873683464,2.0,0.0,0.0,False,False,155410.0
18,pi_uncertainty,8,3,Q073,exploitation,1.682571986672568e-05,1.8452674922086405e-06,10.350032042983578,0.5009478966237031,3.0,0.0,0.0,False,False,31696.0
18,pi_uncertainty,8,4,Q037,exploitation,8.097756870285051e-09,7.749019930878608e-10,9.198100267065085,0.5717521468226431,2.0,0.0,0.0,False,False,76141.0
18,pi_uncertainty,8,5,Q053,uncertainty_exploration,1.5795377835077647e-06,2.329198684070167e-07,8.961695460490319,0.7437208410354349,2.0,0.0,0.0,False,False,110908.0
18,imperfection_aware,1,1,Q033,exploitation,0.9081491148004524,0.8036427456610516,13.20618575490508,0.5856624390359593,4.0,0.0,0.0,False,False,76472.0
18,imperfection_aware,1,2,Q031,exploitation,0.8677295945631871,0.8393331527802721,13.219692586603577,0.7099539638937332,3.0,0.0,0.0,False,False,62455.0
18,imperfection_aware,1,3,Q056,exploitation,0.8179704867999193,0.5475229983184654,12.92124306146949,0.5438858940618734,3.0,0.0,0.0,False,False,94093.0
18,imperfection_aware,1,4,Q065,exploitation,0.8000827570419313,1.3699566717422678,13.637224357354494,1.4367731915224426,7.0,0.0,0.0,False,False,38100.0
18,imperfection_aware,1,5,Q066,suspicious_exploration,0.5653063416215395,0.6059379949132478,12.632369789528893,1.2453967478293655,5.0,0.0,1.0,True,False,82233.0
18,imperfection_aware,2,1,Q005,exploitation,0.3175752319770791,0.4711319399569436,11.34125132180152,2.289467094575898,11.0,0.0,0.0,False,False,42083.0
18,imperfection_aware,2,2,Q008,exploitation,0.1271856374777069,0.1578408494219623,9.58951690322039,2.489975145231672,8.0,0.0,0.0,False,False,0.0
18,imperfection_aware,2,3,Q072,exploitation,0.0981166326543199,0.0371033317257412,11.391316920018166,0.8018397462871267,4.0,0.0,0.0,False,False,57726.0
18,imperfection_aware,2,4,Q002,exploitation,0.0985045703561467,0.0763092474767335,10.31009004750961,1.6413135212083472,9.0,0.0,0.0,False,False,0.0
18,imperfection_aware,2,5,Q080,suspicious_exploration,0.1639272876346614,0.281001371387802,9.259728592813232,3.2376414630096875,13.0,0.0,1.0,True,False,0.0
18,imperfection_aware,3,1,Q014,exploitation,0.1708778787365624,0.1160939212033047,11.220495920451857,1.2696776262844849,2.0,0.0,0.0,False,False,108381.0
18,imperfection_aware,3,2,Q042,exploitation,0.1425376893406125,0.0692949774007605,11.411914029748797,0.9501204635419987,3.0,0.0,0.2000000029802322,False,False,452.0
18,imperfection_aware,3,3,Q068,exploitation,0.1391102248665564,0.0686818487577154,11.375292660930535,0.9704539732558306,5.0,0.0,0.0,False,False,50021.0
18,imperfection_aware,3,4,Q051,exploitation,0.1099493305769199,0.0832058080502812,10.50479206146172,1.5673234571804977,7.0,0.0,0.0,False,False,873.0
18,imperfection_aware,3,5,Q007,suspicious_exploration,0.0987056489027424,0.0892262498320914,9.959938465454917,1.9144414669701897,8.0,0.0,1.0,True,False,0.0
18,imperfection_aware,4,1,Q060,exploitation,0.1985468101130106,0.3387735151477919,9.833741716613536,3.063022777917525,4.0,0.0,0.0,False,False,43612.0
18,imperfection_aware,4,2,Q076,exploitation,0.0973979982951603,0.1571937728402574,7.984068304200922,3.4272579713536233,5.0,0.0,0.0,False,False,34391.0
18,imperfection_aware,4,3,Q061,exploitation,0.0798087224874364,0.1067044264016111,8.277284253737134,2.9510924903523357,4.0,0.0,0.0,False,False,61305.0
18,imperfection_aware,4,4,Q064,exploitation,0.0784856899613171,0.1041546842722426,8.268941950306282,2.9382793950972763,6.0,0.0,0.0,False,False,45673.0
18,imperfection_aware,4,5,Q009,suspicious_exploration,0.1503744920267491,0.2541416797619531,9.053053672838285,3.2609528138936748,6.0,0.0,1.0,True,False,3295.0
18,imperfection_aware,5,1,Q058,exploitation,0.0482921284112244,0.0335812280448286,9.647014231150704,1.6733832358275642,8.0,0.0,0.0,False,False,60312.0
18,imperfection_aware,5,2,Q030,exploitation,0.0413738722647526,0.0170546170738181,10.664866193898176,1.0159967585977838,2.0,0.0,0.0,False,False,95814.0
18,imperfection_aware,5,3,Q029,exploitation,0.0401393367646093,0.0163942934959927,10.658736257016685,1.0113049030630918,2.0,0.0,0.0,False,False,119441.0
18,imperfection_aware,5,4,Q050,exploitation,0.0004602302132402,0.0001001789668976,9.678839215646454,0.829489874647649,2.0,0.0,0.0,False,False,6338.0
18,imperfection_aware,5,5,Q077,suspicious_exploration,0.1509823757136388,0.400130864691164,7.154435675743464,5.108502073213574,10.0,0.4000000059604645,0.6000000238418579,True,False,226.0
18,imperfection_aware,6,1,Q013,exploitation,0.0007404627271681,0.0001290890995476,10.382861752229354,0.6433179752245454,4.0,0.0,0.0,False,False,2639.0
18,imperfection_aware,6,2,Q037,exploitation,3.5289569421768145e-14,2.510773284316388e-15,8.304114271967574,0.5507657028180366,2.0,0.0,0.0,False,False,76141.0
18,imperfection_aware,6,3,Q024,exploitation,0.0002671263212645,5.674650758293639e-05,9.52579222963848,0.8379484992238406,3.0,0.0,0.0,False,False,25579.0
18,imperfection_aware,6,4,Q073,exploitation,1.486966999480209e-07,1.0572569255305653e-08,10.430824250342363,0.3896040773110413,3.0,0.0,0.0,False,False,31696.0
18,imperfection_aware,6,5,Q092,suspicious_exploration,0.1507549390186036,0.4296718296904896,6.749169979388389,5.49594045636097,17.0,0.0,1.0,True,False,0.0
18,imperfection_aware,7,1,Q026,exploitation,0.2969153884732018,0.1393872879254033,12.031592693919666,0.7425338000612857,1.0,0.0,0.0,False,False,99186.0
18,imperfection_aware,7,2,Q041,exploitation,0.0049652034224915,0.0007886897369405,11.131218187842524,0.502808485614802,2.0,0.0,0.0,False,False,155410.0
18,imperfection_aware,7,3,Q052,exploitation,0.0028864837177616,0.000944197786256,9.427256283222585,1.0869144374085256,2.0,0.0,0.0,False,False,81273.0
18,imperfection_aware,7,4,Q053,exploitation,1.2635695718481826e-05,3.2315005682140053e-06,7.442077337718421,1.1835410210155075,2.0,0.0,0.0,False,False,110908.0
18,imperfection_aware,7,5,Q003,suspicious_exploration,0.1428071734077119,0.385342178814442,6.799040306830658,5.271195562221105,7.0,1.0,0.0,True,False,0.0
18,imperfection_aware,8,1,Q075,exploitation,0.2098444912489095,0.67411541200456,7.846251906124648,5.677262165566909,6.0,0.0,1.0,True,True,0.0
18,imperfection_aware,8,2,Q011,exploitation,0.1765994616910413,0.5437092109779451,7.1313697628108494,5.704650857010213,7.0,1.0,0.0,True,True,0.0
18,imperfection_aware,8,3,Q086,exploitation,0.1672533510728229,0.5409597824751552,6.5620254291633895,6.077816456989944,8.0,1.0,0.0,True,True,200.0
18,imperfection_aware,8,4,Q004,exploitation,0.1299347974765157,0.3574120067780005,6.239323145643452,5.492376764355047,8.0,1.0,0.0,True,True,0.0
18,imperfection_aware,8,5,Q091,suspicious_exploration,0.0002803725106317,0.00024409380121,0.6153408193651861,3.423913391466719,9.0,0.0,1.0,True,True,0.0
19,random,1,1,Q025,random,2.086733163210277e-39,3.80876585615292e-41,8.541026018663594,0.2415197684355937,1.0,0.4000000059604645,0.0,False,False,51808.0
19,random,1,2,Q084,random,0.2845664765095287,0.7690664262935256,9.230225928103206,4.339073983997918,20.0,0.0,1.0,True,False,0.0
19,random,1,3,Q075,random,0.0251545297830446,0.0254570928608696,6.462223356062817,2.6762842280174906,7.0,0.0,0.0,False,False,0.0
19,random,1,4,Q076,random,0.0983376643228894,0.0882842159512778,9.243973580540848,1.9027552514500945,7.0,0.0,0.0,False,False,34391.0
19,random,1,5,Q067,random,0.0496656634107461,0.0332187216408274,9.059712434322927,1.6023707878412352,8.0,0.0,0.0,False,False,75311.0
19,random,2,1,Q087,random,0.0920423348599523,0.1934828391776412,5.704022322897897,4.514523145521067,19.0,0.0,1.0,True,False,0.0
19,random,2,2,Q036,random,0.2012699755078753,0.1024449068638778,10.938622865917209,0.9102486273578804,7.0,0.0,1.0,True,False,0.0
19,random,2,3,Q033,random,0.0113644118878177,0.0047139695358928,8.950655999908474,1.2071886243045744,2.0,0.0,0.6000000238418579,False,False,76472.0
19,random,2,4,Q045,random,0.3836728268080989,0.311336074863087,11.357347418403815,1.160183549853071,2.0,0.0,0.0,False,False,104181.0
19,random,2,5,Q018,random,0.0147543880712015,0.005682825754661,9.331840105757223,1.0882670399197916,3.0,0.0,0.0,False,False,207261.0
19,random,3,1,Q063,random,0.2116679105679734,0.246233265140178,10.609815305470876,2.050745104286257,4.0,0.0,0.0,False,False,38893.0
19,random,3,2,Q047,random,0.2714820790744742,0.4884051630523475,10.466170903017185,2.9351639490197576,5.0,0.0,0.0,False,False,7770.0
19,random,3,3,Q086,random,0.0768662392455808,0.154469351531301,5.8800896148739135,4.466722475645804,10.0,0.0,1.0,True,False,200.0
19,random,3,4,Q090,random,0.3800894504715537,1.2876831348573012,10.767161103109013,4.863547804231883,10.0,0.0,0.0,False,False,0.0
19,random,3,5,Q070,random,0.1405651748266441,0.1857876676944024,9.458528610994517,2.5916245314854227,3.0,0.0,0.0,False,False,14174.0
19,random,4,1,Q071,random,0.0975022883912448,0.0466219766110703,10.93614946158062,1.0151815043010195,5.0,0.0,0.0,False,False,60955.0
19,random,4,2,Q060,random,0.0325896204497638,0.0128513942542483,10.395698702977388,1.0065148257354564,2.0,0.0,0.0,False,False,43612.0
19,random,4,3,Q061,random,0.050105608833093,0.0174332329378056,10.883468873509331,0.8323668967785489,4.0,0.0,0.0,False,False,61305.0
19,random,4,4,Q007,random,0.0847481695876979,0.0823386382342331,9.338855401493271,2.1202742451114953,7.0,0.0,1.0,True,False,0.0
19,random,4,5,Q017,random,0.4146386338908057,0.2607963064096844,12.064517392714524,0.8682595336201837,2.0,0.0,0.0,False,False,247107.0
19,random,5,1,Q038,random,0.0388566534597957,0.0409981202055534,7.796407295580649,2.625216718703745,2.0,0.0,0.0,False,False,80348.0
19,random,5,2,Q091,random,2.988448566577403e-11,8.03030175869441e-12,0.4143761915160313,1.8356704742948713,13.0,0.0,1.0,True,False,0.0
19,random,5,3,Q082,random,0.019786317136246,0.0321467245921107,3.30778041223207,4.430997306152464,9.0,1.0,0.0,True,False,0.0
19,random,5,4,Q081,random,0.0188792375320883,0.0333784202485209,2.3519336866619156,4.849967257597288,6.0,0.0,1.0,True,False,0.0
19,random,5,5,Q027,random,8.187077066226005e-06,4.98495097789389e-06,0.0495950851594058,2.8723614463435805,7.0,0.0,1.0,True,False,0.0
19,random,6,1,Q093,random,0.0594589970113045,0.1299488839944028,4.501168768742762,5.083212364788181,11.0,1.0,0.0,True,False,0.0
19,random,6,2,Q006,random,2.7279187412903287e-10,6.328870217898326e-11,3.0606838995046513,1.509475407865242,7.0,0.0,1.0,True,False,2244.0
19,random,6,3,Q020,random,0.2494592419418414,0.1734567242429224,11.63896402668669,1.166260839126243,2.0,0.0,0.0,False,False,101000.0
19,random,6,4,Q089,random,0.059157151818894,0.1299583508812013,4.4402097641616605,5.113919458035009,7.0,0.800000011920929,0.2000000029802322,True,False,0.0
19,random,6,5,Q001,random,0.1228451097790157,0.3200519869436597,6.3121359784728694,5.267933397891137,7.0,0.0,1.0,True,False,4553.0
19,random,7,1,Q058,random,0.0116855408100293,0.005469219048958,9.34874376536002,1.3579229372017545,7.0,0.0,0.0,False,False,60312.0
19,random,7,2,Q019,random,0.0085561779366833,0.0057106456213472,7.65357413527212,2.0022804083954613,7.0,0.0,1.0,True,False,84493.0
19,random,7,3,Q041,random,1.4261654569544232e-09,1.6878993194569102e-10,8.032123696866142,0.7399910521899316,2.0,0.0,0.0,False,False,155410.0
19,random,7,4,Q022,random,1.2665629043088483e-06,1.709197256178307e-07,9.198174757953074,0.686312536154667,2.0,0.0,0.0,False,False,114383.0
19,random,7,5,Q037,random,1.4944193565700269e-18,5.220207432874803e-20,9.709076311562391,0.312045779854126,1.0,0.0,0.0,False,False,76141.0
19,random,8,1,Q054,random,0.4665462463341697,0.3646051547363397,12.342165444152704,1.0173984195938306,2.0,0.0,0.0,False,False,100890.0
19,random,8,2,Q035,random,0.1216422350677672,0.1644526235832844,9.23103566710575,2.739543894267261,4.0,0.0,0.0,False,False,50709.0
19,random,8,3,Q095,random,0.1626497725213299,0.514942193525574,6.534220290025946,5.9914660645172395,11.0,1.0,0.0,True,False,0.0
19,random,8,4,Q088,random,0.0005139987941127,0.0004736801112142,0.9829714305435492,3.486287123606869,11.0,0.0,1.0,True,False,0.0
19,random,8,5,Q048,random,0.0009257512359022,0.0001339322095567,10.791717690673446,0.5254817677386953,3.0,0.0,1.0,False,False,42637.0
19,gp_m52_pi,1,1,Q091,exploitation,0.5607480204274824,3.020743716686399,12.662549827493706,6.292856051712518,35.0,0.0,0.0,False,False,0.0
19,gp_m52_pi,1,2,Q090,exploitation,0.5034828007725842,2.352555561126674,11.75150887812192,5.832937864571156,32.0,0.0,0.0,False,False,0.0
19,gp_m52_pi,1,3,Q089,exploitation,0.4911945835104555,2.0899651166130453,11.581686825924685,5.386471670843271,29.0,0.0,1.0,True,False,0.0
19,gp_m52_pi,1,4,Q088,exploitation,0.4285701118723581,1.990435624189134,10.56446924045304,6.3112094324408385,29.0,0.0,0.0,False,False,0.0
19,gp_m52_pi,1,5,Q093,exploitation,0.4072338603980224,2.0655860936734696,10.043658279251105,7.060782343282131,41.0,0.0,1.0,True,False,0.0
19,gp_m52_pi,2,1,Q061,exploitation,0.8762639341437828,0.7516023767704761,12.41435952887756,0.6171780853059521,4.0,0.0,0.0,False,False,61305.0
19,gp_m52_pi,2,2,Q063,exploitation,0.8380105922781793,0.7174270191997963,12.36077727361112,0.6693515190834077,8.0,0.0,0.6000000238418579,True,False,38893.0
19,gp_m52_pi,2,3,Q060,exploitation,0.7644267824598545,0.7447925488215876,12.32570378268186,0.8674779511081372,6.0,0.0,0.6000000238418579,True,False,43612.0
19,gp_m52_pi,2,4,Q071,exploitation,0.5807525547335823,0.5563004220143344,11.923297765017072,1.092692597233411,5.0,0.0,1.0,True,False,60955.0
19,gp_m52_pi,2,5,Q070,exploitation,0.5234304363234102,0.6657990033432964,11.791785658744878,1.5519301000851065,5.0,0.0,1.0,True,False,14174.0
19,gp_m52_pi,3,1,Q054,exploitation,0.6416322237245675,0.157608242630322,11.794898334206897,0.2599383600270112,6.0,0.0,0.0,False,False,100890.0
19,gp_m52_pi,3,2,Q017,exploitation,0.5722160976745886,0.2104188136828147,11.777720043683594,0.4237681843297106,2.0,0.0,0.0,False,False,247107.0
19,gp_m52_pi,3,3,Q041,exploitation,0.5467158989320278,0.3620250968259446,11.792881880182335,0.7863767481467187,6.0,0.0,0.0,False,False,155410.0
19,gp_m52_pi,3,4,Q047,exploitation,0.4961399135732903,0.3250637189863043,11.69260566989428,0.8247773820953314,5.0,0.0,0.0,False,False,7770.0
19,gp_m52_pi,3,5,Q067,exploitation,0.4733408971520687,0.2541215856847523,11.654204241789222,0.6935691854674557,4.0,0.0,0.0,False,False,75311.0
19,gp_m52_pi,4,1,Q022,exploitation,0.3797850909265367,0.1649134528487875,12.236734172155884,0.623589438596591,4.0,0.0,0.0,False,False,114383.0
19,gp_m52_pi,4,2,Q020,exploitation,0.3646962773470634,0.1582544733456951,12.208257236485416,0.6340045553924379,2.0,0.0,0.0,False,False,101000.0
19,gp_m52_pi,4,3,Q019,exploitation,0.206665040895686,0.0698735853871028,11.93664585942178,0.6001300967007698,7.0,0.0,0.0,False,False,84493.0
19,gp_m52_pi,4,4,Q082,exploitation,0.1368006229225811,0.2635607328964904,8.265447914646007,3.801705011148015,9.0,0.0,0.2000000029802322,True,False,0.0
19,gp_m52_pi,4,5,Q076,exploitation,0.1249115848617511,0.0628163931740308,11.261764856818653,1.0130667301752372,3.0,0.0,0.0,False,False,34391.0
19,gp_m52_pi,5,1,Q001,exploitation,0.1436626972779899,0.3778712549030878,6.968212438514726,5.130950089251962,7.0,0.0,1.0,True,False,4553.0
19,gp_m52_pi,5,2,Q038,exploitation,0.1333602674131576,0.0957648086155611,10.844534098393655,1.4253379942921218,2.0,0.0,0.0,False,False,80348.0
19,gp_m52_pi,5,3,Q095,exploitation,0.1011106769567482,0.2660722089407006,5.355271236720342,5.545829208704489,11.0,1.0,0.0,True,False,0.0
19,gp_m52_pi,5,4,Q058,exploitation,0.0720284072597799,0.1320949393484246,6.401680985911946,4.124929214797523,7.0,0.0,0.0,False,False,60312.0
19,gp_m52_pi,5,5,Q018,exploitation,0.049793477769694,0.0067055531689549,11.896480533383873,0.3224927668006393,2.0,0.0,0.0,False,False,207261.0
19,gp_m52_pi,6,1,Q081,exploitation,0.0510307638628748,0.0938928949985737,5.252140950176355,4.388808003241656,8.0,1.0,0.0,True,False,0.0
19,gp_m52_pi,6,2,Q007,exploitation,0.0457011871180941,0.0336674415696461,9.408972809961934,1.7882259876740851,7.0,0.0,1.0,True,False,0.0
19,gp_m52_pi,6,3,Q084,exploitation,0.037725266070623,0.067364274277648,4.494781577456578,4.462354941437112,11.0,0.0,1.0,True,False,0.0
19,gp_m52_pi,6,4,Q087,exploitation,0.0233242115717227,0.0435263746384318,2.5118598755359143,4.984080686200328,8.0,1.0,0.0,True,False,0.0
19,gp_m52_pi,6,5,Q035,exploitation,0.0111600573012248,0.0058865791675236,8.913103789340434,1.538147964785067,4.0,0.0,0.0,False,False,50709.0
19,gp_m52_pi,7,1,Q045,exploitation,0.0324987578690471,0.0052209183162812,11.670639569252756,0.4102050450477538,2.0,0.0,0.0,False,False,104181.0
19,gp_m52_pi,7,2,Q075,exploitation,0.030058855494578,0.0351100120009187,6.759099979785144,3.015262711861401,6.0,0.0,1.0,True,False,0.0
19,gp_m52_pi,7,3,Q036,exploitation,0.0180135129201141,0.0265410122995621,3.904486282404517,4.065154981099729,7.0,0.0,1.0,True,False,0.0
19,gp_m52_pi,7,4,Q086,exploitation,0.0099224227161412,0.0148511931650537,2.1309025081029827,4.420563026134805,10.0,1.0,0.0,True,False,200.0
19,gp_m52_pi,7,5,Q027,exploitation,0.000776644529259,0.0006129709978365,3.241784129489534,2.902728320489639,7.0,0.0,1.0,True,False,0.0
19,gp_m52_pi,8,1,Q006,exploitation,1.3125564088576125e-19,1.5889705233139955e-20,2.4240942286008806,1.113551622870352,7.0,0.0,1.0,True,False,2244.0
19,gp_m52_pi,8,2,Q025,exploitation,9.280772799809417e-16,6.21451759521998e-17,8.06665180401149,0.5485033625505609,1.0,0.0,0.0,False,False,51808.0
19,gp_m52_pi,8,3,Q033,exploitation,0.0001481059877874,3.231439676190824e-05,9.202434923734016,0.8912713084220932,2.0,0.0,0.0,False,False,76472.0
19,gp_m52_pi,8,4,Q037,exploitation,1.9524365889318193e-39,5.082201813680173e-41,7.918208950605448,0.3445675100881634,1.0,0.0,0.0,False,False,76141.0
19,gp_m52_pi,8,5,Q048,exploitation,2.521528742689399e-09,3.3483858067326e-10,7.643700617923411,0.8183525039185258,3.0,0.0,1.0,False,False,42637.0
19,gp_m52_ei,1,1,Q091,exploitation,0.5607480204274824,3.020743716686399,12.662549827493706,6.292856051712518,35.0,0.0,0.0,False,False,0.0
19,gp_m52_ei,1,2,Q090,exploitation,0.5034828007725842,2.352555561126674,11.75150887812192,5.832937864571156,32.0,0.0,0.0,False,False,0.0
19,gp_m52_ei,1,3,Q089,exploitation,0.4911945835104555,2.0899651166130453,11.581686825924685,5.386471670843271,29.0,0.0,1.0,True,False,0.0
19,gp_m52_ei,1,4,Q093,exploitation,0.4072338603980224,2.0655860936734696,10.043658279251105,7.060782343282131,41.0,0.0,1.0,True,False,0.0
19,gp_m52_ei,1,5,Q088,exploitation,0.4285701118723581,1.990435624189134,10.56446924045304,6.3112094324408385,29.0,0.0,0.0,False,False,0.0
19,gp_m52_ei,2,1,Q061,exploitation,0.8762639341437828,0.7516023767704761,12.41435952887756,0.6171780853059521,4.0,0.0,0.0,False,False,61305.0
19,gp_m52_ei,2,2,Q060,exploitation,0.7644267824598545,0.7447925488215876,12.32570378268186,0.8674779511081372,6.0,0.0,0.6000000238418579,True,False,43612.0
19,gp_m52_ei,2,3,Q063,exploitation,0.8380105922781793,0.7174270191997963,12.36077727361112,0.6693515190834077,8.0,0.0,0.6000000238418579,True,False,38893.0
19,gp_m52_ei,2,4,Q070,exploitation,0.5234304363234102,0.6657990033432964,11.791785658744878,1.5519301000851065,5.0,0.0,1.0,True,False,14174.0
19,gp_m52_ei,2,5,Q071,exploitation,0.5807525547335823,0.5563004220143344,11.923297765017072,1.092692597233411,5.0,0.0,1.0,True,False,60955.0
19,gp_m52_ei,3,1,Q084,exploitation,0.2006793594582311,0.4406160327602525,8.40275592782788,3.929744610233675,18.0,0.0,1.0,True,False,0.0
19,gp_m52_ei,3,2,Q001,exploitation,0.3924223166295962,0.3636456986459169,11.34245194022285,1.3117933729698763,7.0,0.0,1.0,True,False,4553.0
19,gp_m52_ei,3,3,Q041,exploitation,0.5467158989320278,0.3620250968259446,11.792881880182335,0.7863767481467187,6.0,0.0,0.0,False,False,155410.0
19,gp_m52_ei,3,4,Q047,exploitation,0.4961399135732903,0.3250637189863043,11.69260566989428,0.8247773820953314,5.0,0.0,0.0,False,False,7770.0
19,gp_m52_ei,3,5,Q067,exploitation,0.4733408971520687,0.2541215856847523,11.654204241789222,0.6935691854674557,4.0,0.0,0.0,False,False,75311.0
19,gp_m52_ei,4,1,Q075,exploitation,0.1503810266172634,0.2556289201447445,8.5698286352893,3.279858881379658,6.0,0.0,0.800000011920929,True,False,0.0
19,gp_m52_ei,4,2,Q007,exploitation,0.2147586944405464,0.2450949164868921,10.381068248801206,2.003448915879484,9.0,0.0,1.0,True,False,0.0
19,gp_m52_ei,4,3,Q095,exploitation,0.0880203843332924,0.199719056118297,5.312629498661919,4.915720852826649,11.0,1.0,0.0,True,False,0.0
19,gp_m52_ei,4,4,Q082,exploitation,0.1011712280395101,0.1839087716698224,7.08029159548401,3.830506927458748,9.0,0.4000000059604645,0.6000000238418579,True,False,0.0
19,gp_m52_ei,4,5,Q022,exploitation,0.3347598837142472,0.1571658550179786,11.660758627440028,0.7100861407370999,4.0,0.0,0.0,False,False,114383.0
19,gp_m52_ei,5,1,Q054,exploitation,0.6390799006692676,0.9623127581627025,12.53294324643502,1.5986347319038066,2.0,0.0,0.0,False,False,100890.0
19,gp_m52_ei,5,2,Q018,exploitation,0.6270053982701863,0.6476365752119202,12.32450499195993,1.113431312625902,2.0,0.0,0.0,False,False,207261.0
19,gp_m52_ei,5,3,Q017,exploitation,0.6261172195346552,0.6463505585287452,12.3220876870309,1.1140348942120273,2.0,0.0,0.0,False,False,247107.0
19,gp_m52_ei,5,4,Q045,exploitation,0.5793589039377491,0.5497423524798606,12.180946635921456,1.084215500614983,2.0,0.0,0.0,False,False,104181.0
19,gp_m52_ei,5,5,Q038,exploitation,0.2744889519295296,0.4026594946874742,10.534828376360531,2.384478900673818,2.0,0.0,0.0,False,False,80348.0
19,gp_m52_ei,6,1,Q058,exploitation,0.0404775398310866,0.0780235935179363,4.1087568560676395,4.76676677828636,7.0,0.0,0.2000000029802322,True,False,60312.0
19,gp_m52_ei,6,2,Q087,exploitation,0.0348762456008386,0.0723221319609579,2.921471175010677,5.2418159038401475,8.0,1.0,0.0,True,False,0.0
19,gp_m52_ei,6,3,Q076,exploitation,0.0777367410451978,0.0629748365650834,9.87518606857597,1.7968775602517106,3.0,0.0,1.0,False,False,34391.0
19,gp_m52_ei,6,4,Q086,exploitation,0.0336289480260249,0.0606110749964172,4.046740185521793,4.579827475532607,13.0,1.0,0.0,True,False,200.0
19,gp_m52_ei,6,5,Q036,exploitation,0.0202230349681173,0.0303159247649657,4.07260255057472,4.077261631978907,7.0,0.0,1.0,True,False,0.0
19,gp_m52_ei,7,1,Q035,exploitation,0.0329236303157247,0.029238211329208,8.264112942951721,2.263416042641878,4.0,0.0,0.0,False,False,50709.0
19,gp_m52_ei,7,2,Q081,exploitation,0.0060331620139394,0.007616717989932,2.580862675847519,3.922684704083961,6.0,1.0,0.0,True,False,0.0
19,gp_m52_ei,7,3,Q019,exploitation,0.0199914224763198,0.0042996230073312,11.224369387131318,0.5858104539496548,7.0,0.0,0.2000000029802322,True,False,84493.0
19,gp_m52_ei,7,4,Q033,exploitation,0.0008832883352485,0.0002622383524071,9.044303819285382,1.081989426393494,2.0,0.0,0.0,False,False,76472.0
19,gp_m52_ei,7,5,Q027,exploitation,8.780467286702855e-06,4.624576824261209e-06,1.791413770143719,2.4770759790176373,7.0,0.0,1.0,True,False,0.0
19,gp_m52_ei,8,1,Q006,exploitation,1.7648034901460286e-19,2.228525827717673e-20,2.066936387779694,1.1575122694397677,7.0,0.0,1.0,True,False,2244.0
19,gp_m52_ei,8,2,Q020,exploitation,3.546365796621839e-15,4.4394343758389264e-17,11.6454011728363,0.1005008361014787,2.0,0.0,0.0,False,False,101000.0
19,gp_m52_ei,8,3,Q025,exploitation,4.220198321648983e-15,2.401726963381846e-16,8.891164654047612,0.4556775119694477,1.0,0.0,0.0,False,False,51808.0
19,gp_m52_ei,8,4,Q037,exploitation,2.3229306445442308e-36,6.601973509847269e-38,7.904226406445288,0.3607817614424514,1.0,0.0,0.0,False,False,76141.0
19,gp_m52_ei,8,5,Q048,exploitation,4.221661879629227e-11,5.3448567492164774e-12,6.853227775688827,0.8585857336780158,3.0,0.0,1.0,False,False,42637.0
19,pi_random_exploration,1,1,Q091,exploitation,0.5607480204274824,3.020743716686399,12.662549827493706,6.292856051712518,35.0,0.0,0.0,False,False,0.0
19,pi_random_exploration,1,2,Q090,exploitation,0.5034828007725842,2.352555561126674,11.75150887812192,5.832937864571156,32.0,0.0,0.0,False,False,0.0
19,pi_random_exploration,1,3,Q089,exploitation,0.4911945835104555,2.0899651166130453,11.581686825924685,5.386471670843271,29.0,0.0,1.0,True,False,0.0
19,pi_random_exploration,1,4,Q088,exploitation,0.4285701118723581,1.990435624189134,10.56446924045304,6.3112094324408385,29.0,0.0,0.0,False,False,0.0
19,pi_random_exploration,1,5,Q075,random_exploration,0.0251545297830446,0.0254570928608696,6.462223356062817,2.6762842280174906,7.0,0.0,0.0,False,False,0.0
19,pi_random_exploration,2,1,Q061,exploitation,0.8595723535873977,0.870344520786007,12.516741493950812,0.7568205924743472,4.0,0.0,0.0,False,False,61305.0
19,pi_random_exploration,2,2,Q063,exploitation,0.7452247426325946,0.7634691453275708,12.32034997690178,0.9396942059884624,8.0,0.0,1.0,True,False,38893.0
19,pi_random_exploration,2,3,Q060,exploitation,0.6888435357011246,0.7227509577261114,12.214550883877973,1.0434243014960365,6.0,0.0,1.0,True,False,43612.0
19,pi_random_exploration,2,4,Q067,exploitation,0.4864432633025689,0.4854238909241835,11.6574160301029,1.2701494373535054,8.0,0.0,1.0,True,False,75311.0
19,pi_random_exploration,2,5,Q006,random_exploration,1.484301922109683e-17,1.8402831492799008e-18,2.6140641338924335,1.0756089466435528,8.0,0.0,1.0,True,False,2244.0
19,pi_random_exploration,3,1,Q017,exploitation,0.2914761671842297,0.0598193963843471,11.521176017261231,0.3267483960634405,2.0,0.0,0.0,False,False,247107.0
19,pi_random_exploration,3,2,Q070,exploitation,0.265238484197709,0.2860175373362777,10.588398141191863,1.7730382559464193,5.0,0.0,1.0,True,False,14174.0
19,pi_random_exploration,3,3,Q045,exploitation,0.0461309017468454,0.0097119430701252,10.841464625423946,0.5102927965038242,2.0,0.0,0.0,False,False,104181.0
19,pi_random_exploration,3,4,Q095,exploitation,0.0409945886716378,0.0880724690395194,2.4778624843178627,5.3026734589689974,11.0,0.0,1.0,True,False,0.0
19,pi_random_exploration,3,5,Q081,random_exploration,0.0073462293067055,0.0096200626632159,1.9646546001252512,3.9903448931882504,11.0,0.6000000238418579,0.4000000059604645,True,False,0.0
19,pi_random_exploration,4,1,Q086,exploitation,0.0071438255715625,0.007198105682346,4.884275962253164,3.078964207370547,14.0,0.0,1.0,True,False,200.0
19,pi_random_exploration,4,2,Q001,exploitation,0.0065703134812774,0.0060648191988874,5.374065809737238,2.8442336001316812,7.0,0.0,1.0,True,False,4553.0
19,pi_random_exploration,4,3,Q036,exploitation,0.0026658216358322,0.0005757971815962,10.414341983275133,0.7225537956928999,7.0,0.0,1.0,True,False,0.0
19,pi_random_exploration,4,4,Q035,exploitation,0.0017894923527575,0.0005853251737815,9.134603074407464,1.130416276546225,4.0,0.0,0.0,False,False,50709.0
19,pi_random_exploration,4,5,Q037,random_exploration,9.94771072397935e-10,9.131091180547668e-11,8.953948135132979,0.5790682379194416,1.0,0.0,0.0,False,False,76141.0
19,pi_random_exploration,5,1,Q018,exploitation,0.592068860931801,0.4825515657647954,12.641156254963668,0.9171443193629368,3.0,0.0,0.0,False,False,207261.0
19,pi_random_exploration,5,2,Q033,exploitation,0.4971433897062712,0.3019437274453965,12.422112314143018,0.7636947954453676,2.0,0.0,0.4000000059604645,False,False,76472.0
19,pi_random_exploration,5,3,Q047,exploitation,0.2735059622598209,0.3110331045372787,11.31298057951767,1.8507460853903928,5.0,0.0,1.0,True,False,7770.0
19,pi_random_exploration,5,4,Q007,exploitation,0.2563081629469161,0.4014341291811856,10.72240400033978,2.6042407211879803,9.0,0.0,1.0,True,False,0.0
19,pi_random_exploration,5,5,Q058,random_exploration,0.0997210744382497,0.0580816972508353,10.848091557013106,1.2309538367446098,7.0,0.0,0.0,False,False,60312.0
19,pi_random_exploration,6,1,Q038,exploitation,0.1751411084761826,0.1049137435704835,11.388607420616466,1.112341117174274,2.0,0.0,0.0,False,False,80348.0
19,pi_random_exploration,6,2,Q020,exploitation,0.1549437902317557,0.0925074195282958,11.266307832993077,1.143595293102137,2.0,0.0,0.0,False,False,101000.0
19,pi_random_exploration,6,3,Q025,exploitation,0.0100527684492284,0.0036069995537089,9.967822285513831,1.058246239337648,1.0,0.0,0.0,False,False,51808.0
19,pi_random_exploration,6,4,Q093,exploitation,0.0046261463430017,0.0065353235693983,0.712432127596367,4.501344932238802,11.0,1.0,0.0,True,False,0.0
19,pi_random_exploration,6,5,Q041,random_exploration,1.5466235575067307e-05,4.947128366333979e-06,6.31634201906989,1.4667592970976633,2.0,0.0,0.4000000059604645,False,False,155410.0
19,pi_random_exploration,7,1,Q054,exploitation,0.5775440400473711,0.4549271652046315,12.604023563723889,0.9019924796848384,2.0,0.0,0.0,False,False,100890.0
19,pi_random_exploration,7,2,Q076,exploitation,0.1816618616999005,0.2502686835437542,10.124327333515916,2.533692739098401,3.0,0.0,1.0,False,False,34391.0
19,pi_random_exploration,7,3,Q019,exploitation,0.1597587999842294,0.0555353504008001,11.769766546960588,0.660821159037561,7.0,0.0,1.0,True,False,84493.0
19,pi_random_exploration,7,4,Q071,exploitation,0.0925942384883151,0.0817013970856484,9.919804206125718,1.892736172438274,5.0,0.0,1.0,True,False,60955.0
19,pi_random_exploration,7,5,Q048,random_exploration,0.0019419497854464,0.0003196534831405,10.795669814175598,0.5651755966241839,3.0,0.0,1.0,False,False,42637.0
19,pi_random_exploration,8,1,Q084,exploitation,0.0591176236384513,0.1343139072597304,4.164285412835253,5.289443622104659,6.0,0.0,1.0,True,False,0.0
19,pi_random_exploration,8,2,Q087,exploitation,0.0369136364960414,0.0841657013607352,2.208921258126586,5.716149506510983,8.0,1.0,0.0,True,False,0.0
19,pi_random_exploration,8,3,Q082,exploitation,0.0154668427228956,0.0240673015411564,2.9923030119495806,4.372385042739118,8.0,1.0,0.0,True,False,0.0
19,pi_random_exploration,8,4,Q027,exploitation,0.0030406183284871,0.0043051574551885,-0.4215938256455587,4.683721403063745,7.0,0.0,1.0,True,False,0.0
19,pi_random_exploration,8,5,Q022,random_exploration,1.0051945989115065e-15,1.4365123035140718e-17,11.499119246406032,0.1169243514672781,2.0,0.0,0.0,False,False,114383.0
19,pi_uncertainty,1,1,Q091,exploitation,0.5607480204274824,3.020743716686399,12.662549827493706,6.292856051712518,35.0,0.0,0.0,False,False,0.0
19,pi_uncertainty,1,2,Q090,exploitation,0.5034828007725842,2.352555561126674,11.75150887812192,5.832937864571156,32.0,0.0,0.0,False,False,0.0
19,pi_uncertainty,1,3,Q089,exploitation,0.4911945835104555,2.0899651166130453,11.581686825924685,5.386471670843271,29.0,0.0,1.0,True,False,0.0
19,pi_uncertainty,1,4,Q088,exploitation,0.4285701118723581,1.990435624189134,10.56446924045304,6.3112094324408385,29.0,0.0,0.0,False,False,0.0
19,pi_uncertainty,1,5,Q093,uncertainty_exploration,0.4072338603980224,2.0655860936734696,10.043658279251105,7.060782343282131,41.0,0.0,1.0,True,False,0.0
19,pi_uncertainty,2,1,Q061,exploitation,0.8762639341437828,0.7516023767704761,12.41435952887756,0.6171780853059521,4.0,0.0,0.0,False,False,61305.0
19,pi_uncertainty,2,2,Q063,exploitation,0.8380105922781793,0.7174270191997963,12.36077727361112,0.6693515190834077,8.0,0.0,0.6000000238418579,True,False,38893.0
19,pi_uncertainty,2,3,Q060,exploitation,0.7644267824598545,0.7447925488215876,12.32570378268186,0.8674779511081372,6.0,0.0,0.6000000238418579,True,False,43612.0
19,pi_uncertainty,2,4,Q071,exploitation,0.5807525547335823,0.5563004220143344,11.923297765017072,1.092692597233411,5.0,0.0,1.0,True,False,60955.0
19,pi_uncertainty,2,5,Q095,uncertainty_exploration,0.0476606537291356,0.0933521736415284,3.8222843092682712,4.723282162840154,11.0,0.0,1.0,True,False,0.0
19,pi_uncertainty,3,1,Q054,exploitation,0.6713632126627056,0.1768881543437496,11.819603128654894,0.2682492107834208,6.0,0.0,0.0,False,False,100890.0
19,pi_uncertainty,3,2,Q017,exploitation,0.6021795952797935,0.242476210967566,11.816507252398203,0.44758419323132,2.0,0.0,0.0,False,False,247107.0
19,pi_uncertainty,3,3,Q041,exploitation,0.5494259160147157,0.3581849659008133,11.796445871019063,0.7717484787654212,6.0,0.0,0.0,False,False,155410.0
19,pi_uncertainty,3,4,Q047,exploitation,0.4623472881635602,0.2895766462048793,11.623148356646302,0.8192578608585518,5.0,0.0,0.0,False,False,7770.0
19,pi_uncertainty,3,5,Q086,uncertainty_exploration,0.074794247924911,0.1553617205068801,5.0141002588255414,4.640214119495012,14.0,0.2000000029802322,0.800000011920929,True,False,200.0
19,pi_uncertainty,4,1,Q038,exploitation,0.6165820886635742,0.6201434921392379,12.753261053995818,1.0983554351875835,2.0,0.0,0.0,False,False,80348.0
19,pi_uncertainty,4,2,Q018,exploitation,0.547318489091066,0.0387887977602059,12.437579777981592,0.0841035065865231,3.0,0.0,0.0,False,False,207261.0
19,pi_uncertainty,4,3,Q022,exploitation,0.5237667657714421,0.211937669308915,12.456998345383058,0.4935029600634441,4.0,0.0,0.0,False,False,114383.0
19,pi_uncertainty,4,4,Q020,exploitation,0.4875814943361702,0.1949346570775931,12.411758263385623,0.508213004709117,2.0,0.0,0.0,False,False,101000.0
19,pi_uncertainty,4,5,Q087,uncertainty_exploration,0.0229920167229686,0.0396207394107211,3.226204279265765,4.610971077610772,8.0,1.0,0.0,True,False,0.0
19,pi_uncertainty,5,1,Q067,exploitation,0.1829490866322914,0.0521719622130265,11.954257681632535,0.5234812954951513,4.0,0.0,0.0,False,False,75311.0
19,pi_uncertainty,5,2,Q001,exploitation,0.0992675720926048,0.2230527039894076,6.316140818478598,4.753261178635211,7.0,0.0,1.0,True,False,4553.0
19,pi_uncertainty,5,3,Q082,exploitation,0.0678235600477126,0.1153266143076936,6.658926375750239,3.865876060912517,9.0,0.0,1.0,True,False,0.0
19,pi_uncertainty,5,4,Q076,exploitation,0.0656775441363451,0.024747017685462,11.127754229942283,0.8615084964909862,7.0,0.0,0.0,False,False,34391.0
19,pi_uncertainty,5,5,Q084,uncertainty_exploration,0.0233794542720627,0.0366287579830939,4.109663067375052,4.183058562675221,18.0,0.0,1.0,True,False,0.0
19,pi_uncertainty,6,1,Q007,exploitation,0.0354301962892964,0.0236977271962948,9.380450657534968,1.686879350836729,7.0,0.0,1.0,True,False,0.0
19,pi_uncertainty,6,2,Q058,exploitation,0.016343683361546,0.0214772905920873,4.592110861242731,3.668458708939771,7.0,0.0,0.0,False,False,60312.0
19,pi_uncertainty,6,3,Q045,exploitation,0.0108139553863923,0.0010840013435429,11.753869863408273,0.2933208082483897,2.0,0.0,0.0,False,False,104181.0
19,pi_uncertainty,6,4,Q070,exploitation,0.0075478711053911,0.0011226628387412,11.329201330238885,0.4519942425265257,3.0,0.0,0.0,False,False,14174.0
19,pi_uncertainty,6,5,Q081,uncertainty_exploration,0.0004324939443208,0.0003705185128025,1.508330587254913,3.2779563088693076,6.0,1.0,0.0,True,False,0.0
19,pi_uncertainty,7,1,Q019,exploitation,0.0640605783250134,0.0129314606338048,11.722267081521876,0.4635485914769326,7.0,0.0,0.0,False,False,84493.0
19,pi_uncertainty,7,2,Q035,exploitation,0.0601874575569803,0.0513674277412898,9.350800709029857,1.9809273479294724,4.0,0.0,0.0,False,False,50709.0
19,pi_uncertainty,7,3,Q075,exploitation,0.0201434131558244,0.0216867811830878,6.4193960956023295,2.929684348592392,6.0,0.0,1.0,True,False,0.0
19,pi_uncertainty,7,4,Q036,exploitation,0.0164033771215493,0.0237468634124507,3.805300184899776,4.039597880276124,7.0,0.0,1.0,True,False,0.0
19,pi_uncertainty,7,5,Q027,uncertainty_exploration,0.0007084063894481,0.0005541340460978,3.1877590254924546,2.895403170105712,7.0,0.0,1.0,True,False,0.0
19,pi_uncertainty,8,1,Q033,exploitation,0.0001480978340351,3.231236467374736e-05,9.202437299122629,0.8912671420730716,2.0,0.0,0.0,False,False,76472.0
19,pi_uncertainty,8,2,Q048,exploitation,2.521021083643029e-09,3.347676593637182e-10,7.6436985308441185,0.8183481693743013,3.0,0.0,1.0,False,False,42637.0
19,pi_uncertainty,8,3,Q006,exploitation,1.3126439166499206e-19,1.589077791167428e-20,2.4241018069249556,1.113551688184188,7.0,0.0,1.0,True,False,2244.0
19,pi_uncertainty,8,4,Q025,exploitation,9.277884697871877e-16,6.212521863764291e-17,8.0666540992227,0.5485004140317946,1.0,0.0,0.0,False,False,51808.0
19,pi_uncertainty,8,5,Q037,uncertainty_exploration,1.9505263828856953e-39,5.07717402987948e-41,7.918207575069115,0.344565657236664,1.0,0.0,0.0,False,False,76141.0
19,imperfection_aware,1,1,Q091,exploitation,0.5607480204274824,3.020743716686399,12.662549827493706,6.292856051712518,35.0,0.0,0.0,False,False,0.0
19,imperfection_aware,1,2,Q090,exploitation,0.5034828007725842,2.352555561126674,11.75150887812192,5.832937864571156,32.0,0.0,0.0,False,False,0.0
19,imperfection_aware,1,3,Q088,exploitation,0.4285701118723581,1.990435624189134,10.56446924045304,6.3112094324408385,29.0,0.0,0.0,False,False,0.0
19,imperfection_aware,1,4,Q070,exploitation,0.3568403763755305,0.4249375809441108,11.056410082631364,1.7556441271473568,5.0,0.0,0.0,False,False,14174.0
19,imperfection_aware,1,5,Q089,suspicious_exploration,0.4911945835104555,2.0899651166130453,11.581686825924685,5.386471670843271,29.0,0.0,1.0,True,False,0.0
19,imperfection_aware,2,1,Q061,exploitation,0.7626849438915924,0.5224930678261075,12.13788301816055,0.6116331409220102,4.0,0.0,0.0,False,False,61305.0
19,imperfection_aware,2,2,Q063,exploitation,0.7009717124668585,0.4781207973469632,12.052271279424794,0.667084399868191,8.0,0.0,0.0,False,False,38893.0
19,imperfection_aware,2,3,Q060,exploitation,0.4846735723064996,0.299369749302493,11.67031456758884,0.7877669603558642,6.0,0.0,0.0,False,False,43612.0
19,imperfection_aware,2,4,Q017,exploitation,0.3651803010207276,0.1195529118802207,11.535825818093496,0.4780569381171901,2.0,0.0,0.0,False,False,247107.0
19,imperfection_aware,2,5,Q067,suspicious_exploration,0.4371432222136725,0.3144925663988906,11.547398959995425,0.9682145306581862,8.0,0.0,0.2000000029802322,True,False,75311.0
19,imperfection_aware,3,1,Q041,exploitation,0.4179691567639455,0.2773181035920332,12.238616192621066,0.912468513132391,6.0,0.0,0.0,False,False,155410.0
19,imperfection_aware,3,2,Q047,exploitation,0.2266455265106586,0.1216286707572929,11.732248027896077,0.9271849266199006,5.0,0.0,0.0,False,False,7770.0
19,imperfection_aware,3,3,Q019,exploitation,0.1472069920272776,0.0446593428448485,11.810673906804466,0.5883777967418775,7.0,0.0,0.0,False,False,84493.0
19,imperfection_aware,3,4,Q018,exploitation,0.0376554461428309,0.0070597616474912,11.594057583349102,0.4686489229967803,3.0,0.0,0.0,False,False,207261.0
19,imperfection_aware,3,5,Q001,suspicious_exploration,0.1216436658983264,0.1900642333927287,8.733285900020125,3.166150978768783,7.0,0.0,1.0,True,False,4553.0
19,imperfection_aware,4,1,Q038,exploitation,0.4882969649456942,0.4013267044514149,12.396952996216148,1.0439138153911078,2.0,0.0,0.0,False,False,80348.0
19,imperfection_aware,4,2,Q054,exploitation,0.4518380713073103,0.2598454180770813,12.335457965555674,0.7612271791386863,2.0,0.0,0.0,False,False,100890.0
19,imperfection_aware,4,3,Q020,exploitation,0.4327876003336643,0.1340403620597035,12.356673658461984,0.4188709020822849,2.0,0.0,0.0,False,False,101000.0
19,imperfection_aware,4,4,Q022,exploitation,0.4045399166524353,0.1102705249909778,12.335621394840423,0.380605624470781,2.0,0.0,0.0,False,False,114383.0
19,imperfection_aware,4,5,Q081,suspicious_exploration,0.1078520441093462,0.221792883812804,7.133260302736008,4.276399337427877,12.0,0.0,1.0,True,False,0.0
19,imperfection_aware,5,1,Q058,exploitation,0.0138807655784658,0.0180691598617928,4.276138039612859,3.7041239533396033,7.0,0.0,0.0,False,False,60312.0
19,imperfection_aware,5,2,Q045,exploitation,0.0121132521542833,0.0013395676207835,11.70742340468699,0.3195702666582178,2.0,0.0,0.0,False,False,104181.0
19,imperfection_aware,5,3,Q035,exploitation,0.0033243576494881,0.0016440187301382,8.022011881571323,1.6233079427745751,4.0,0.0,0.0,False,False,50709.0
19,imperfection_aware,5,4,Q076,exploitation,0.0021125492924075,0.0006537525746356,9.40837906380687,1.055352096177003,3.0,0.0,0.0,False,False,34391.0
19,imperfection_aware,5,5,Q095,suspicious_exploration,0.1418856320589531,0.3682777922302092,6.9842764292832715,5.078249571432542,11.0,1.0,0.0,True,False,0.0
19,imperfection_aware,6,1,Q033,exploitation,1.0244507592105513e-08,9.762355869309735e-10,9.25529477743168,0.5656896276309651,2.0,0.0,0.0,False,False,76472.0
19,imperfection_aware,6,2,Q071,exploitation,5.61725029922838e-10,3.502793606429156e-11,9.998088849331028,0.3988786874016363,5.0,0.0,0.0,False,False,60955.0
19,imperfection_aware,6,3,Q048,exploitation,1.1340737573065309e-17,7.090352712583253e-19,7.812276140943789,0.5443111822988967,3.0,0.0,1.0,False,False,42637.0
19,imperfection_aware,6,4,Q025,exploitation,1.2566417416360406e-35,3.570632999842347e-37,8.000660964376959,0.3569197222688756,1.0,0.0,0.0,False,False,51808.0
19,imperfection_aware,6,5,Q093,suspicious_exploration,0.0719070828678011,0.1776328068392889,4.303280030314241,5.557989167728613,11.0,1.0,0.0,True,False,0.0
19,imperfection_aware,7,1,Q037,exploitation,3.806334776459674e-20,7.08493637947314e-22,10.843913182496609,0.1736751187108788,1.0,0.0,0.0,False,True,76141.0
19,imperfection_aware,7,2,Q086,exploitation,0.140819724061921,0.3870325550227166,6.627897218393363,5.386817612117601,14.0,1.0,0.0,True,True,200.0
19,imperfection_aware,7,3,Q007,exploitation,0.1055019814683129,0.1039296413550955,9.853470016639418,2.057955754821361,7.0,0.0,1.0,True,True,0.0
19,imperfection_aware,7,4,Q082,exploitation,0.0981478651882034,0.2229964360162206,6.202735418749198,4.817330455502237,8.0,1.0,0.0,True,True,0.0
19,imperfection_aware,7,5,Q075,suspicious_exploration,0.0533745754431541,0.0975071654780016,5.449905802043114,4.325956240223536,6.0,0.0,1.0,True,True,0.0
19,imperfection_aware,8,1,Q084,exploitation,0.0495683666290572,0.1021017616527321,4.287368146832266,4.936294686149352,6.0,0.0,1.0,True,True,0.0
19,imperfection_aware,8,2,Q087,exploitation,0.0284600102449479,0.0594451966751089,2.0841760150976896,5.432675962091112,8.0,1.0,0.0,True,True,0.0
19,imperfection_aware,8,3,Q036,exploitation,0.0093085125476763,0.0120717015743991,3.353239370890406,3.856315106466045,6.0,0.0,1.0,True,True,0.0
19,imperfection_aware,8,4,Q027,exploitation,0.0018474438300581,0.0023653609384174,-0.385707929668496,4.413657533474248,7.0,0.0,1.0,True,True,0.0
19,imperfection_aware,8,5,Q006,suspicious_exploration,2.9159644332533436e-08,8.222275315482395e-09,3.6154871558553814,1.6246846984673868,7.0,0.0,1.0,True,True,2244.0
2,random,1,1,Q014,random,5.405052336666825e-95,6.093218715531413e-97,7.233769759204977,0.2338203723508361,5.0,0.0,0.800000011920929,True,False,108381.0
2,random,1,2,Q052,random,1.196193840804514e-28,2.8881470772156432e-30,9.069930739217163,0.2708781748995199,3.0,0.0,0.0,False,False,81273.0
2,random,1,3,Q020,random,5.321654628234822e-05,1.5027925731018043e-06,11.588395950694572,0.1219506719963424,4.0,0.0,0.0,False,False,101000.0
2,random,1,4,Q062,random,8.968170396878629e-185,5.158610432108862e-187,7.223524796677548,0.1670088068299455,4.0,0.6000000238418579,0.4000000059604645,False,False,0.0
2,random,1,5,Q005,random,0.0392193967516285,0.0758110821228721,3.6088983332917146,4.802833802030706,10.0,0.0,1.0,True,False,42083.0
2,random,2,1,Q069,random,0.2283872568949926,0.4764287844919244,9.385080596242204,3.5958622936059874,2.0,0.0,0.0,False,False,90845.0
2,random,2,2,Q021,random,0.5313275167121343,0.4000337999913725,12.132560361476544,0.910247903209858,2.0,0.0,0.0,False,False,67531.0
2,random,2,3,Q034,random,0.3826616493277837,0.8775791038449166,11.081133798413765,3.2826861856674805,5.0,0.0,0.0,False,False,107033.0
2,random,2,4,Q012,random,0.2826800859256368,0.7066691670771521,9.74826179882096,4.022880158409458,9.0,0.0,0.0,False,False,1147.0
2,random,2,5,Q009,random,0.3999202324737685,1.3317093086424008,10.875909443229322,4.673958009559442,8.0,0.0,0.4000000059604645,True,False,3295.0
2,random,3,1,Q056,random,0.0379550011605871,0.02152429758142,9.547860258759238,1.4159165295109235,3.0,0.0,0.0,False,False,94093.0
2,random,3,2,Q033,random,0.0426904693155242,0.032687100162887,8.829889992446258,1.8782476274910125,2.0,0.0,0.0,False,False,76472.0
2,random,3,3,Q006,random,0.0332094352647177,0.0184185067795103,9.469483223531896,1.4118241378546288,5.0,0.0,0.0,False,False,2244.0
2,random,3,4,Q027,random,0.0295020156249752,0.0513446327265849,3.556054081519948,4.504353060913147,6.0,1.0,0.0,True,False,0.0
2,random,3,5,Q072,random,0.006909455445083,0.0018572159749749,10.032106206006908,0.8241081615822304,6.0,0.0,1.0,True,False,57726.0
2,random,4,1,Q019,random,0.1786135575206202,0.0805028442495999,11.294434421023627,0.8326335859858758,2.0,0.0,0.0,False,False,84493.0
2,random,4,2,Q082,random,0.0476609082581505,0.1045435571691978,3.238296215175681,5.289492961977779,10.0,0.0,1.0,True,False,0.0
2,random,4,3,Q035,random,0.1666420932687338,0.1106717331491618,10.852430545098336,1.249150163402362,4.0,0.0,0.6000000238418579,False,False,50709.0
2,random,4,4,Q064,random,0.201975555804744,0.3537924455447412,9.449195152069857,3.1294732129919014,5.0,0.0,0.0,False,False,45673.0
2,random,4,5,Q022,random,0.708501088214557,0.3051303503155964,12.28982771510741,0.4167848241551616,3.0,0.0,0.0,False,False,114383.0
2,random,5,1,Q054,random,0.0004768291565586,6.974727988855688e-05,10.223694399930087,0.5561124626376052,2.0,0.0,0.0,False,False,100890.0
2,random,5,2,Q013,random,0.1758960861271882,0.3033676516266127,9.082329106818936,3.1990326732023098,4.0,0.0,0.0,False,False,2639.0
2,random,5,3,Q004,random,0.0106394334064152,0.0131945637796411,3.6888615744439903,3.635322697829176,7.0,1.0,0.0,True,False,0.0
2,random,5,4,Q007,random,0.2112201529190756,0.4167917960973339,9.26879230163127,3.480720699669934,7.0,0.0,0.0,False,False,0.0
2,random,5,5,Q090,random,0.0376259862316443,0.0131315941142423,10.508897150373212,0.8724991807936127,10.0,0.0,1.0,True,False,0.0
2,random,6,1,Q041,random,0.0043759206129575,0.0011250989741713,9.902238512714682,0.823455431628867,2.0,0.0,0.0,False,False,155410.0
2,random,6,2,Q079,random,0.0619337749411675,0.1638505492580562,2.658305832790308,6.110646731674358,8.0,0.0,1.0,True,False,32240.0
2,random,6,3,Q071,random,0.2766423908666265,0.1659535127382068,11.4844569216668,0.9725158138701424,3.0,0.0,0.0,False,False,60955.0
2,random,6,4,Q010,random,0.7678968749348363,1.6790193640900275,13.47806399761514,1.9360318389480928,4.0,1.0,0.0,False,False,0.0
2,random,6,5,Q016,random,0.250737195053491,0.89574941050177,8.039908125846914,5.9822513242121795,5.0,0.0,1.0,True,False,357.0
2,random,7,1,Q077,random,0.1109150707681657,0.2762943022950124,5.769849604402307,5.149612619394335,9.0,1.0,0.0,True,False,226.0
2,random,7,2,Q046,random,0.0069250984559991,0.0006370488244005,11.367026182735977,0.2819775246819786,1.0,0.0,0.0,False,False,58386.0
2,random,7,3,Q026,random,0.5010020134822755,0.9632360815983636,12.067053548871932,2.406890502944112,1.0,0.0,0.0,False,False,99186.0
2,random,7,4,Q093,random,0.0713609263048577,0.1572666211680599,4.7833353766141675,4.965220568138081,19.0,0.0,1.0,True,False,0.0
2,random,7,5,Q081,random,0.1701124467463547,0.4714537157513949,7.115667469549631,5.185311856141559,6.0,0.0,1.0,True,False,0.0
2,random,8,1,Q024,random,0.3368165331635346,0.3008355642562055,11.493416361507755,1.347664271142497,3.0,0.0,0.0,False,False,25579.0
2,random,8,2,Q042,random,0.0034307493619814,0.0014378323852653,8.352090918339366,1.3718984741238651,3.0,0.0,0.0,False,False,452.0
2,random,8,3,Q036,random,0.0034941272068755,0.0026487897460389,5.378220822006344,2.477488996253499,4.0,0.0,1.0,False,False,0.0
2,random,8,4,Q085,random,0.0922968124968564,0.2393141771072844,4.677051691880029,5.56547505263853,7.0,0.0,1.0,True,False,0.0
2,random,8,5,Q039,random,6.330704105488453e-09,7.650000747792024e-10,7.924857782651888,0.7268425764421206,1.0,1.0,0.0,False,False,28530.0
2,gp_m52_pi,1,1,Q022,exploitation,0.8992984399076163,0.6132176826640686,12.652135145889751,0.4626984050340665,3.0,0.0,0.0,False,False,114383.0
2,gp_m52_pi,1,2,Q019,exploitation,0.8447440412013072,0.8274214300949747,12.827165070990883,0.7554681453526805,7.0,0.0,0.0,False,False,84493.0
2,gp_m52_pi,1,3,Q046,exploitation,0.8413941909621812,0.1719687371691404,12.21975844949017,0.1587177983635185,1.0,0.0,0.0,False,False,58386.0
2,gp_m52_pi,1,4,Q020,exploitation,0.8343081654673092,0.5658185961912441,12.57984093971042,0.5341463737977974,4.0,0.0,0.0,False,False,101000.0
2,gp_m52_pi,1,5,Q012,exploitation,0.8269259435212521,1.2321918479570326,13.18258030773124,1.1905186290440253,9.0,0.0,0.6000000238418579,True,False,1147.0
2,gp_m52_pi,2,1,Q071,exploitation,0.7576458819421504,0.1070277116668141,12.14983440249079,0.1271215433217903,3.0,0.0,0.0,False,False,60955.0
2,gp_m52_pi,2,2,Q035,exploitation,0.3748347360831129,0.5953466101090816,11.329102393460106,2.293834715035293,5.0,0.0,1.0,True,False,50709.0
2,gp_m52_pi,2,3,Q024,exploitation,0.3733714200810396,0.5891829389474427,11.323809293045423,2.2827937888169827,3.0,0.0,0.0,False,False,25579.0
2,gp_m52_pi,2,4,Q026,exploitation,0.3644064600267614,0.4646251505884307,11.41492450309232,1.8634967161507845,1.0,0.0,0.0,False,False,99186.0
2,gp_m52_pi,2,5,Q005,exploitation,0.2735125126724853,0.5346927893245937,10.145038162807012,3.1814905613876094,7.0,0.0,1.0,True,False,42083.0
2,gp_m52_pi,3,1,Q009,exploitation,0.4388127539083563,1.0902909676117505,11.547089666840725,3.3375669521817093,5.0,0.0,0.0,False,False,3295.0
2,gp_m52_pi,3,2,Q034,exploitation,0.4048056644706846,0.283558997774312,11.825432940269543,0.9777850236746232,2.0,0.0,0.0,False,False,107033.0
2,gp_m52_pi,3,3,Q085,exploitation,0.3779933877430946,0.724969393615006,11.203336404570424,2.7599601760855483,13.0,0.0,1.0,True,False,0.0
2,gp_m52_pi,3,4,Q052,exploitation,0.3512327596662621,0.4490733785153281,11.336287764979346,1.8972017716562344,2.0,0.0,0.0,False,False,81273.0
2,gp_m52_pi,3,5,Q007,exploitation,0.2883776965784397,0.4899702735437141,10.54553531625128,2.715267072972906,7.0,0.0,0.0,False,False,0.0
2,gp_m52_pi,4,1,Q033,exploitation,0.2300703040436439,0.2784065267564579,10.523738183936336,2.081286364786807,2.0,0.0,0.0,False,False,76472.0
2,gp_m52_pi,4,2,Q072,exploitation,0.2143086437988183,0.2703016074393196,10.307319292198995,2.215484560916821,4.0,0.0,1.0,False,False,57726.0
2,gp_m52_pi,4,3,Q056,exploitation,0.2052812701570445,0.2469964402420676,10.300168970173344,2.1397867381641245,3.0,0.0,0.0,False,False,94093.0
2,gp_m52_pi,4,4,Q081,exploitation,0.1839896435641353,0.3149053084054981,9.23682548450906,3.1370574160574236,6.0,0.6000000238418579,0.4000000059604645,True,False,0.0
2,gp_m52_pi,4,5,Q079,exploitation,0.1802803240595819,0.2174731514334402,10.02848323627601,2.223046021549312,8.0,0.0,1.0,True,False,32240.0
2,gp_m52_pi,5,1,Q090,exploitation,0.1091891979302626,0.1225351829104136,9.196035666247775,2.327634537115255,10.0,0.0,1.0,True,False,0.0
2,gp_m52_pi,5,2,Q014,exploitation,0.0878266121899066,0.020382853144713,11.379803597963026,0.5030084862452409,2.0,0.0,0.0,False,False,108381.0
2,gp_m52_pi,5,3,Q021,exploitation,0.0721635325252017,0.0342691761978372,10.502224262801803,1.0677586663906318,2.0,0.0,0.0,False,False,67531.0
2,gp_m52_pi,5,4,Q004,exploitation,0.0682187054867247,0.137519869866366,5.242888269073239,4.578409150074788,7.0,0.0,1.0,True,False,0.0
2,gp_m52_pi,5,5,Q069,exploitation,0.0442602606842136,0.0275506796752037,9.474604607652635,1.518507172431147,2.0,0.0,0.0,False,False,90845.0
2,gp_m52_pi,6,1,Q039,exploitation,0.030169719817834,0.0163921224145785,9.427861711719554,1.4018736928983409,1.0,1.0,0.0,False,False,28530.0
2,gp_m52_pi,6,2,Q064,exploitation,0.0187281377407056,0.0230675940403017,5.023542379328289,3.38216828207106,5.0,0.0,1.0,True,False,45673.0
2,gp_m52_pi,6,3,Q093,exploitation,0.016227074690019,0.0287893662902606,1.4591736966953484,4.956973068292979,19.0,1.0,0.0,True,False,0.0
2,gp_m52_pi,6,4,Q036,exploitation,0.0141121163578613,0.0257243852025569,0.7016371231328407,5.177103951774831,6.0,0.0,1.0,True,False,0.0
2,gp_m52_pi,6,5,Q006,exploitation,0.0072812367322472,0.0030928494967636,8.895981863119301,1.2955061715431069,5.0,0.0,1.0,True,False,2244.0
2,gp_m52_pi,7,1,Q062,exploitation,0.0057952859974988,0.0044053077269909,6.075436146094978,2.37111478324319,4.0,1.0,0.0,False,False,0.0
2,gp_m52_pi,7,2,Q016,exploitation,0.0022612240038749,0.0029874450966971,-0.660351287338778,4.480588251278106,5.0,0.0,1.0,True,False,357.0
2,gp_m52_pi,7,3,Q054,exploitation,0.0007314050434808,0.0001577084629511,9.527023032884124,0.7963593469211623,2.0,0.0,0.0,False,False,100890.0
2,gp_m52_pi,7,4,Q077,exploitation,0.0005314827167421,0.0004871006315627,0.7373136712745874,3.4594038233292417,9.0,0.0,1.0,True,False,226.0
2,gp_m52_pi,7,5,Q027,exploitation,0.0002108436825337,0.000164694407762,1.0398014265010067,3.125585668429102,6.0,1.0,0.0,True,False,0.0
2,gp_m52_pi,8,1,Q010,exploitation,0.4204248498626888,0.6117552980345775,11.660282584678678,1.9955786779417943,4.0,1.0,0.0,False,False,0.0
2,gp_m52_pi,8,2,Q013,exploitation,9.161199026219588e-05,4.2357222145446706e-05,4.803029845451567,1.9400705713317083,4.0,0.0,1.0,False,False,2639.0
2,gp_m52_pi,8,3,Q041,exploitation,0.0043501618870763,0.0019442196141687,8.303560704688213,1.4321667115142964,2.0,0.0,0.0,False,False,155410.0
2,gp_m52_pi,8,4,Q042,exploitation,3.0451886159252183e-06,5.896273774940183e-07,7.755604064577855,0.9518434208459248,3.0,0.0,0.0,False,False,452.0
2,gp_m52_pi,8,5,Q082,exploitation,0.0423091553072846,0.0867302654383509,3.3773944904071858,5.035449715099536,7.0,0.0,1.0,True,False,0.0
2,gp_m52_ei,1,1,Q062,exploitation,0.4096730067522041,1.090264222528361,11.217246760551042,3.6944501850585416,4.0,0.6000000238418579,0.4000000059604645,False,False,0.0
2,gp_m52_ei,1,2,Q012,exploitation,0.5435205512551324,0.602092633172971,12.205342353732403,1.3204458718774192,9.0,0.0,0.6000000238418579,True,False,1147.0
2,gp_m52_ei,1,3,Q013,exploitation,0.1814043164625629,0.495930250552474,7.483786789982368,5.0297682143497795,6.0,0.0,0.2000000029802322,True,False,2639.0
2,gp_m52_ei,1,4,Q041,exploitation,0.1786482226374538,0.4856674833612303,7.438127898060956,5.021982893307679,4.0,0.0,0.0,False,False,155410.0
2,gp_m52_ei,1,5,Q019,exploitation,0.1384031891514494,0.3752525659286451,6.258385677282551,5.3356391119237445,7.0,0.0,0.0,False,False,84493.0
2,gp_m52_ei,2,1,Q081,exploitation,0.1752167889544276,0.5512590781365442,6.6065108621653446,5.841505119497866,6.0,0.0,1.0,True,False,0.0
2,gp_m52_ei,2,2,Q090,exploitation,0.1735509040373789,0.5447466809390257,6.567812606456147,5.842422388447235,10.0,0.0,1.0,True,False,0.0
2,gp_m52_ei,2,3,Q082,exploitation,0.1735486723584726,0.5447378564832476,6.567761754486807,5.842422391928806,10.0,0.0,1.0,True,False,0.0
2,gp_m52_ei,2,4,Q085,exploitation,0.1735487079663802,0.5447379972881207,6.567762565814424,5.842422391928914,13.0,0.0,1.0,True,False,0.0
2,gp_m52_ei,2,5,Q072,exploitation,0.1735486645307146,0.5447378255298295,6.567761576131012,5.842422391928778,6.0,0.2000000029802322,0.800000011920929,True,False,57726.0
2,gp_m52_ei,3,1,Q077,exploitation,0.1223172545598519,0.3312008736376047,5.684920780010442,5.480183067469709,10.0,0.0,1.0,True,False,226.0
2,gp_m52_ei,3,2,Q010,exploitation,0.1125256744923489,0.2988734828724733,5.420047804357338,5.473896762250603,4.0,1.0,0.0,False,False,0.0
2,gp_m52_ei,3,3,Q016,exploitation,0.1003049961204981,0.2589247417631561,5.087174024742839,5.449092924468067,5.0,0.0,1.0,True,False,357.0
2,gp_m52_ei,3,4,Q079,exploitation,0.0970672930348208,0.2491345198980047,4.979213395935725,5.454059858148825,8.0,1.0,0.0,True,False,32240.0
2,gp_m52_ei,3,5,Q035,exploitation,0.0763012834414477,0.1831165077259601,4.420439746595985,5.341564878134785,5.0,0.0,1.0,True,False,50709.0
2,gp_m52_ei,4,1,Q052,exploitation,0.7183869346178559,1.704039282756424,13.369449134807176,2.2635182618276453,3.0,0.0,0.0,False,False,81273.0
2,gp_m52_ei,4,2,Q034,exploitation,0.6016832799755514,1.1905371134397589,12.628154419403495,2.2007447821447688,2.0,0.0,0.0,False,False,107033.0
2,gp_m52_ei,4,3,Q033,exploitation,0.5817659784809555,1.151131270801484,12.526344368906756,2.2543898073014157,2.0,0.0,0.0,False,False,76472.0
2,gp_m52_ei,4,4,Q022,exploitation,0.6502964639111798,0.9970590665107816,12.68057564886443,1.6045940648962094,3.0,0.0,0.0,False,False,114383.0
2,gp_m52_ei,4,5,Q020,exploitation,0.6454051879194906,0.9869102742142256,12.661592472180589,1.6103843395118649,4.0,0.0,0.0,False,False,101000.0
2,gp_m52_ei,5,1,Q007,exploitation,0.1463113601511029,0.3866849768959002,6.6589212322770885,5.133182662245002,6.0,0.0,1.0,True,False,0.0
2,gp_m52_ei,5,2,Q014,exploitation,0.2190588719094599,0.3689999876034482,9.781444758419664,2.9399473386777424,2.0,0.0,0.0,False,False,108381.0
2,gp_m52_ei,5,3,Q069,exploitation,0.0935497607728739,0.2241769178968961,5.293585895321551,5.129912306005566,2.0,0.0,0.0,False,False,90845.0
2,gp_m52_ei,5,4,Q021,exploitation,0.1349152829426416,0.1718815220844535,9.27808024351855,2.522018069154153,2.0,0.0,0.0,False,False,67531.0
2,gp_m52_ei,5,5,Q054,exploitation,0.1415007318336629,0.0492584227371259,11.329330390559086,0.6815173369052223,2.0,0.0,0.0,False,False,100890.0
2,gp_m52_ei,6,1,Q093,exploitation,0.190096483032346,0.6544341636754702,6.572345868791623,6.254595025588356,19.0,0.0,1.0,True,False,0.0
2,gp_m52_ei,6,2,Q004,exploitation,0.0964756979437239,0.2646539988216787,4.462473085392355,5.836507555223407,7.0,0.0,1.0,True,False,0.0
2,gp_m52_ei,6,3,Q071,exploitation,0.2372617514097142,0.1377305897807154,11.35368347780656,0.9890738587958888,3.0,0.0,0.0,False,False,60955.0
2,gp_m52_ei,6,4,Q027,exploitation,0.0454393243849487,0.1041151361395139,2.6486632268075008,5.5668624867735605,7.0,0.0,1.0,True,False,0.0
2,gp_m52_ei,6,5,Q026,exploitation,0.0920298733112539,0.0243071136966476,11.307499158432485,0.5672483238860826,1.0,0.0,0.0,False,False,99186.0
2,gp_m52_ei,7,1,Q036,exploitation,0.0758127513755318,0.0192006799620477,11.251813894323965,0.5643651305217315,4.0,0.0,1.0,False,False,0.0
2,gp_m52_ei,7,2,Q039,exploitation,0.0616282813775021,0.009848803562027,11.491617280779362,0.3694351082342911,1.0,0.0,0.0,False,False,28530.0
2,gp_m52_ei,7,3,Q064,exploitation,0.007034498803594,0.0050606141938734,6.65474133074737,2.2016997617937486,5.0,0.0,0.0,False,False,45673.0
2,gp_m52_ei,7,4,Q056,exploitation,0.0209732017040227,0.0013816632216461,11.698221369782638,0.1783567650784804,3.0,0.0,0.0,False,False,94093.0
2,gp_m52_ei,7,5,Q005,exploitation,0.000121819895798,8.181167506129375e-05,1.8838102435428628,2.773944370014197,7.0,0.0,1.0,True,False,42083.0
2,gp_m52_ei,8,1,Q006,exploitation,0.0404789479160942,0.0518802487047704,6.529843080915306,3.169440654409673,4.0,0.0,1.0,False,False,2244.0
2,gp_m52_ei,8,2,Q009,exploitation,0.0907377809067802,0.1095790564326772,8.585684369915327,2.600851211896559,5.0,0.0,1.0,True,False,3295.0
2,gp_m52_ei,8,3,Q024,exploitation,0.1758234792822668,0.0687235405349658,11.38567652748002,0.7250720022565683,3.0,0.0,0.0,False,False,25579.0
2,gp_m52_ei,8,4,Q042,exploitation,0.0222465345814734,0.0154407274408008,8.313295268656276,1.86507599776022,3.0,0.0,0.0,False,False,452.0
2,gp_m52_ei,8,5,Q046,exploitation,0.0086387737515574,0.0008404761999777,11.366827995933168,0.2915807753671041,1.0,0.0,0.0,False,False,58386.0
2,pi_random_exploration,1,1,Q054,exploitation,0.7649761494061078,1.3937021304850024,13.231804173672394,1.6206999212862592,2.0,0.0,0.0,False,False,100890.0
2,pi_random_exploration,1,2,Q041,exploitation,0.7514500720163519,1.3378273248361916,13.159415418680869,1.617540761842903,4.0,0.0,0.0,False,False,155410.0
2,pi_random_exploration,1,3,Q022,exploitation,0.6678396163949525,1.543446917349783,13.086864843116995,2.363967422062159,3.0,0.0,0.0,False,False,114383.0
2,pi_random_exploration,1,4,Q026,exploitation,0.6630262479383696,1.5246698601306756,13.056933305869013,2.367099331503053,3.0,0.0,0.0,False,False,99186.0
2,pi_random_exploration,1,5,Q085,random_exploration,0.1912771623669948,0.5193296208035943,7.761019218628983,4.924405925769842,13.0,0.0,1.0,True,False,0.0
2,pi_random_exploration,2,1,Q042,exploitation,0.5678600333891919,0.3154530628703081,12.170999462804575,0.6434924780623528,3.0,0.0,0.0,False,False,452.0
2,pi_random_exploration,2,2,Q024,exploitation,0.4828480062887161,0.7911955145832579,11.970944177000796,2.0941751894667417,3.0,0.0,0.0,False,False,25579.0
2,pi_random_exploration,2,3,Q035,exploitation,0.4455380773172576,0.7457521720945507,11.755432342628522,2.231415498864074,5.0,0.0,1.0,True,False,50709.0
2,pi_random_exploration,2,4,Q012,exploitation,0.3699544368088447,1.349552116452622,10.302279219391664,5.297790997461527,9.0,0.0,0.800000011920929,True,False,1147.0
2,pi_random_exploration,2,5,Q046,random_exploration,0.0755564953818854,0.0150899689802897,11.42170167396503,0.4453200959244145,1.0,0.0,0.0,False,False,58386.0
2,pi_random_exploration,3,1,Q010,exploitation,0.5985150530138387,1.1806794744189604,12.610558867693335,2.2025604935707084,4.0,0.4000000059604645,0.6000000238418579,False,False,0.0
2,pi_random_exploration,3,2,Q064,exploitation,0.3607579742792646,0.4357292537045967,11.429165280537957,1.7726811381974594,5.0,0.0,0.0,False,False,45673.0
2,pi_random_exploration,3,3,Q005,exploitation,0.2861072469780845,1.0038393115274231,8.885398817086632,5.622606475544327,10.0,0.0,1.0,True,False,42083.0
2,pi_random_exploration,3,4,Q069,exploitation,0.2551186544842656,0.2888133993605059,10.819664285763176,1.8851994432702457,2.0,0.0,0.0,False,False,90845.0
2,pi_random_exploration,3,5,Q019,random_exploration,0.057189424082044,0.1256338539079098,3.941179074672147,5.142994595294788,7.0,0.0,0.0,False,False,84493.0
2,pi_random_exploration,4,1,Q071,exploitation,0.6999337041110102,0.4509844028525301,12.391819009397974,0.6310655844933452,3.0,0.0,0.0,False,False,60955.0
2,pi_random_exploration,4,2,Q013,exploitation,0.4821904684072249,0.3286483828347595,12.02208008957992,0.8717194421322776,4.0,0.0,0.0,False,False,2639.0
2,pi_random_exploration,4,3,Q007,exploitation,0.3811201152967959,0.7907739864971907,11.160901698259588,2.9751625489933833,7.0,0.0,1.0,True,False,0.0
2,pi_random_exploration,4,4,Q090,exploitation,0.2575942301202695,0.7479051060582126,8.92433536324859,4.81986610185092,10.0,0.0,1.0,True,False,0.0
2,pi_random_exploration,4,5,Q077,random_exploration,0.0911021007902113,0.2278141236827977,4.882365914507844,5.381295327002676,10.0,0.0,1.0,True,False,226.0
2,pi_random_exploration,5,1,Q020,exploitation,0.2343550507038033,0.1085805731238727,11.48684462218464,0.7924094917888898,3.0,0.0,0.0,False,False,101000.0
2,pi_random_exploration,5,2,Q036,exploitation,0.226941942445185,0.083291970479643,11.586272879115684,0.6338630082212919,6.0,0.0,1.0,True,False,0.0
2,pi_random_exploration,5,3,Q093,exploitation,0.1894720040372671,0.5372706753730654,7.524207433497387,5.156371498456185,19.0,0.0,1.0,True,False,0.0
2,pi_random_exploration,5,4,Q081,exploitation,0.179993329934659,0.514361409818838,7.238280852504493,5.268491777571889,6.0,0.0,1.0,True,False,0.0
2,pi_random_exploration,5,5,Q021,random_exploration,0.0270834684368196,0.0063597408667158,10.87706097069118,0.6148780788280755,3.0,0.0,0.0,False,False,67531.0
2,pi_random_exploration,6,1,Q052,exploitation,0.537260776757665,1.2354459059533422,12.319264174728415,2.7610585905860705,2.0,0.0,0.0,False,False,81273.0
2,pi_random_exploration,6,2,Q072,exploitation,0.3810461017074998,1.0095219818650931,10.910851622878113,3.799225365374307,4.0,1.0,0.0,False,False,57726.0
2,pi_random_exploration,6,3,Q034,exploitation,0.3639470367391077,0.1610970059021938,11.835802353802094,0.64727674540684,2.0,0.0,0.0,False,False,107033.0
2,pi_random_exploration,6,4,Q039,exploitation,0.3386676377345176,0.4638367237529652,11.20297881531214,2.062064453218291,1.0,1.0,0.0,False,False,28530.0
2,pi_random_exploration,6,5,Q079,random_exploration,7.201612710076455e-07,3.1898828219521345e-07,0.9770959194873255,2.299880692810099,8.0,0.2000000029802322,0.800000011920929,True,False,32240.0
2,pi_random_exploration,7,1,Q016,exploitation,0.1758191402930953,0.4975598518079333,7.171352534687701,5.249699693582193,5.0,0.0,1.0,True,False,357.0
2,pi_random_exploration,7,2,Q056,exploitation,0.1232878444349878,0.1502953345513661,9.207164124202896,2.4629560422097527,3.0,0.0,0.0,False,False,94093.0
2,pi_random_exploration,7,3,Q014,exploitation,0.1125808131201977,0.0881833474022797,10.103206764980914,1.614126728618256,2.0,0.0,0.0,False,False,108381.0
2,pi_random_exploration,7,4,Q033,exploitation,0.0732303875099725,0.0954228474419305,7.817694020671128,2.922097147580711,2.0,0.0,0.0,False,False,76472.0
2,pi_random_exploration,7,5,Q006,random_exploration,0.0340304145209644,0.0478820381116663,5.548517201164343,3.5692629626799515,4.0,0.0,1.0,False,False,2244.0
2,pi_random_exploration,8,1,Q062,exploitation,0.0319587328989126,0.0453236783466209,5.335860725686479,3.629809153651064,4.0,0.0,1.0,False,False,0.0
2,pi_random_exploration,8,2,Q004,exploitation,0.0196525928588268,0.0239179756060158,5.214414467292477,3.322012838064841,7.0,0.0,1.0,True,False,0.0
2,pi_random_exploration,8,3,Q082,exploitation,0.0044511798417089,0.0055986268432792,1.5402548794909103,4.022031176585244,7.0,0.0,1.0,True,False,0.0
2,pi_random_exploration,8,4,Q009,exploitation,0.0015704388613268,0.0007655806510047,7.033659109811438,1.7021072570630842,5.0,1.0,0.0,True,False,3295.0
2,pi_random_exploration,8,5,Q027,random_exploration,0.0003023609721842,0.0002461107403597,1.1339628558171224,3.1862034397215457,7.0,0.0,1.0,True,False,0.0
2,pi_uncertainty,1,1,Q069,exploitation,0.6424912772413954,0.2928242499267822,12.236915683687162,0.4817721225255109,2.0,0.0,0.0,False,False,90845.0
2,pi_uncertainty,1,2,Q062,exploitation,0.485305999970245,1.138389018435638,11.950871940651524,2.989524930016999,4.0,0.6000000238418579,0.4000000059604645,False,False,0.0
2,pi_uncertainty,1,3,Q071,exploitation,0.4713566006718029,0.1094556554047777,12.0394021796552,0.300667817625061,3.0,0.0,0.0,False,False,60955.0
2,pi_uncertainty,1,4,Q034,exploitation,0.4257696558684387,0.9767780371018204,11.475704874112346,3.1273765646796416,5.0,0.0,0.0,False,False,107033.0
2,pi_uncertainty,1,5,Q004,uncertainty_exploration,0.0834079668612153,0.1987244748173871,4.850768417015308,5.215335088238933,7.0,0.0,1.0,True,False,0.0
2,pi_uncertainty,2,1,Q010,exploitation,0.7971495543809615,2.0612683532051546,13.87435679103988,2.180860968209474,4.0,0.6000000238418579,0.4000000059604645,False,False,0.0
2,pi_uncertainty,2,2,Q021,exploitation,0.6794163446399409,0.8884512223800797,12.674878110700591,1.3171270814624636,4.0,0.0,0.0,False,False,67531.0
2,pi_uncertainty,2,3,Q022,exploitation,0.669500320771497,0.6862432806682148,12.519782841819934,1.0461556316240708,3.0,0.0,0.0,False,False,114383.0
2,pi_uncertainty,2,4,Q046,exploitation,0.6510150890297299,0.1857165499083003,12.176756487711366,0.2982722852357298,1.0,0.0,0.0,False,False,58386.0
2,pi_uncertainty,2,5,Q090,uncertainty_exploration,0.155571708827084,0.4802980962201864,6.077542763388755,5.907695063768262,10.0,0.0,1.0,True,False,0.0
2,pi_uncertainty,3,1,Q064,exploitation,0.6589460025415395,1.978314411797603,13.333575129952877,3.1069417111265896,5.0,0.0,0.0,False,False,45673.0
2,pi_uncertainty,3,2,Q054,exploitation,0.4552751086075009,0.6775750501567275,11.840547209110916,1.9623648863153609,2.0,0.0,0.0,False,False,100890.0
2,pi_uncertainty,3,3,Q041,exploitation,0.3642744771761754,0.4507254269515831,11.433295315846152,1.8086769613198892,4.0,0.0,0.0,False,False,155410.0
2,pi_uncertainty,3,4,Q019,exploitation,0.3267993933868776,0.1669590842626386,11.711000379067688,0.7799298932578218,2.0,0.0,0.0,False,False,84493.0
2,pi_uncertainty,3,5,Q085,uncertainty_exploration,0.1343282438113784,0.3942484289211069,5.627648786924924,5.815929773235391,13.0,0.0,1.0,True,False,0.0
2,pi_uncertainty,4,1,Q013,exploitation,0.4149488904265189,0.6298837651549869,11.610988252658942,2.0947464049128484,4.0,0.0,1.0,False,False,2639.0
2,pi_uncertainty,4,2,Q007,exploitation,0.3364506823255869,0.9141630575027266,10.329518516721578,4.101409623676431,7.0,0.0,1.0,True,False,0.0
2,pi_uncertainty,4,3,Q026,exploitation,0.3007869613404197,0.1587438843788562,11.627166616497249,0.830893762856312,1.0,0.0,0.0,False,False,99186.0
2,pi_uncertainty,4,4,Q014,exploitation,0.2897973341891032,0.1824137131820796,11.50470478527086,1.004199723015348,2.0,0.0,0.0,False,False,108381.0
2,pi_uncertainty,4,5,Q093,uncertainty_exploration,0.1660116649346081,0.5490253212714864,6.021136999793799,6.2263730733495635,19.0,0.6000000238418579,0.4000000059604645,True,False,0.0
2,pi_uncertainty,5,1,Q012,exploitation,0.1412305763210786,0.1237430310040589,10.21653192765946,1.7161000193669742,8.0,0.0,1.0,True,False,1147.0
2,pi_uncertainty,5,2,Q077,exploitation,0.109241726775817,0.3126656176070406,4.75655386353688,5.935826442911517,10.0,0.2000000029802322,0.800000011920929,True,False,226.0
2,pi_uncertainty,5,3,Q081,exploitation,0.0940165840774955,0.270410159390941,3.963611823827644,6.151074427178826,6.0,1.0,0.0,True,False,0.0
2,pi_uncertainty,5,4,Q016,exploitation,0.0619979092071258,0.1209202823032056,5.132668634296689,4.504139687165811,7.0,0.0,1.0,True,False,357.0
2,pi_uncertainty,5,5,Q082,uncertainty_exploration,0.0077344952050763,0.0118901349461878,0.7781992488941585,4.659990125457678,7.0,0.0,1.0,True,False,0.0
2,pi_uncertainty,6,1,Q024,exploitation,0.0314254338428512,0.0065621270626914,11.064436043517563,0.5357209177847104,3.0,0.0,0.0,False,False,25579.0
2,pi_uncertainty,6,2,Q035,exploitation,0.0254689776055771,0.0312864467214182,5.730338254968216,3.243167595929039,4.0,0.0,1.0,False,False,50709.0
2,pi_uncertainty,6,3,Q079,exploitation,0.0224482764701748,0.0358836380325149,3.456022684998773,4.290431559928454,8.0,0.0,1.0,True,False,32240.0
2,pi_uncertainty,6,4,Q020,exploitation,0.0024947445839883,0.0001526685934761,11.483014700921746,0.2058592906738597,2.0,0.0,0.0,False,False,101000.0
2,pi_uncertainty,6,5,Q072,uncertainty_exploration,5.141125477359611e-05,3.014056743367232e-05,2.210557055757091,2.536270470994775,4.0,0.0,1.0,False,False,57726.0
2,pi_uncertainty,7,1,Q052,exploitation,0.2062475596926786,0.1315588010061959,11.132608154350756,1.1328712361734068,2.0,0.0,0.0,False,False,81273.0
2,pi_uncertainty,7,2,Q027,exploitation,0.0337314113032479,0.0594781705196707,3.8714915905438825,4.478625346336803,7.0,0.2000000029802322,0.800000011920929,True,False,0.0
2,pi_uncertainty,7,3,Q036,exploitation,0.0046076985334045,0.0042094302483704,4.4782290886551195,2.912020193260102,4.0,0.0,1.0,False,False,0.0
2,pi_uncertainty,7,4,Q033,exploitation,0.0027844831576467,0.0008173183539375,9.348986978283268,0.9783144330546624,2.0,0.0,0.0,False,False,76472.0
2,pi_uncertainty,7,5,Q006,uncertainty_exploration,3.1152642805313534e-09,1.1558589708611256e-09,-1.1523115485223467,2.2740615024219895,4.0,0.0,1.0,False,False,2244.0
2,pi_uncertainty,8,1,Q039,exploitation,0.354424294585457,0.4683203696857378,11.331566611954216,1.9534973371664597,1.0,1.0,0.0,False,False,28530.0
2,pi_uncertainty,8,2,Q009,exploitation,0.2384094332969978,0.452319290633448,9.764694385283915,3.2277515899804214,5.0,0.0,1.0,True,False,3295.0
2,pi_uncertainty,8,3,Q005,exploitation,0.1435955844453951,0.3153764720723416,7.50064064123645,4.2848369543962095,7.0,0.0,1.0,True,False,42083.0
2,pi_uncertainty,8,4,Q056,exploitation,0.0293188436253457,0.0138341984668374,9.749808731873593,1.222274798908929,3.0,0.0,0.0,False,False,94093.0
2,pi_uncertainty,8,5,Q042,uncertainty_exploration,1.4924198733591291e-09,1.7851859202442616e-10,7.629200856295864,0.747047582187658,3.0,0.0,0.0,False,False,452.0
2,imperfection_aware,1,1,Q010,exploitation,0.5631698472014558,1.0501770265469998,12.406398609556158,2.1721180634519257,4.0,1.0,0.0,False,False,0.0
2,imperfection_aware,1,2,Q064,exploitation,0.4896806098788731,0.319908729253144,12.039575721330838,0.8284767021167383,5.0,0.0,0.0,False,False,45673.0
2,imperfection_aware,1,3,Q056,exploitation,0.3009009537767879,0.0543118217711389,11.912745395296657,0.2841312478058092,3.0,0.0,0.0,False,False,94093.0
2,imperfection_aware,1,4,Q069,exploitation,0.2187505240013705,0.1128432613692358,11.361686011443652,0.9007009305866541,2.0,0.0,0.0,False,False,90845.0
2,imperfection_aware,1,5,Q013,suspicious_exploration,0.226197088067055,0.3379447397688785,10.12019985263944,2.582821406046592,6.0,0.0,0.2000000029802322,True,False,2639.0
2,imperfection_aware,2,1,Q042,exploitation,0.8193735486404734,1.409174444220504,13.33350251819544,1.3937806802177477,3.0,0.0,0.0,False,False,452.0
2,imperfection_aware,2,2,Q034,exploitation,0.6900058728912726,2.0276374160127184,13.507803538040278,2.917708457756894,3.0,0.0,0.0,False,False,107033.0
2,imperfection_aware,2,3,Q019,exploitation,0.5222551609943491,1.3957375980465856,12.2432481409802,3.2651069671536104,5.0,0.0,0.0,False,False,84493.0
2,imperfection_aware,2,4,Q071,exploitation,0.4429875818382367,0.0243636577206615,12.050463920075504,0.0735312200371474,3.0,0.0,0.0,False,False,60955.0
2,imperfection_aware,2,5,Q079,suspicious_exploration,0.6882779447500553,1.4926486712239488,13.120702397642829,2.158346401182088,8.0,0.0,1.0,True,False,32240.0
2,imperfection_aware,3,1,Q046,exploitation,0.7965122394520643,0.183237353286898,12.222075658094752,0.1942378734822723,1.0,0.0,0.0,False,False,58386.0
2,imperfection_aware,3,2,Q014,exploitation,0.6883127120637179,1.2446403854456514,12.944721335011604,1.7995542535204214,4.0,0.0,0.0,False,False,108381.0
2,imperfection_aware,3,3,Q022,exploitation,0.6865431637655636,0.2087275104554033,12.208431864085544,0.3032937563998434,3.0,0.0,0.0,False,False,114383.0
2,imperfection_aware,3,4,Q021,exploitation,0.5067929417479135,1.1153442171102308,12.107613478259651,2.7369455229237296,4.0,0.0,0.0,False,False,67531.0
2,imperfection_aware,3,5,Q005,suspicious_exploration,0.3368505820578913,0.6759391257603506,10.786163546520406,3.027603594492698,7.0,0.0,1.0,True,False,42083.0
2,imperfection_aware,4,1,Q052,exploitation,0.3564002725514895,0.3601189815964929,11.51238258557975,1.4904356855573062,2.0,0.0,0.0,False,False,81273.0
2,imperfection_aware,4,2,Q026,exploitation,0.3197865554133104,0.3801644412706134,11.20409400302218,1.8298569250176395,1.0,0.0,0.0,False,False,99186.0
2,imperfection_aware,4,3,Q024,exploitation,0.2851888096083241,0.3758775983718679,10.861055606856752,2.1144709001707525,3.0,0.0,0.0,False,False,25579.0
2,imperfection_aware,4,4,Q020,exploitation,0.2400452622054241,0.0799513268691151,11.661715608203142,0.5654445426561573,2.0,0.0,0.0,False,False,101000.0
2,imperfection_aware,4,5,Q085,suspicious_exploration,0.2115089117711572,0.4910351200376547,8.781285039655595,4.093530931567183,12.0,0.0,1.0,True,False,0.0
2,imperfection_aware,5,1,Q054,exploitation,0.1587266071833525,0.0942785727539351,10.930391354724858,1.1309503100936449,2.0,0.0,0.0,False,False,100890.0
2,imperfection_aware,5,2,Q012,exploitation,0.1313905011527101,0.0889298502181533,10.551425855085355,1.3480312915709252,7.0,0.0,0.0,False,False,1147.0
2,imperfection_aware,5,3,Q006,exploitation,0.0088848449516426,0.0030591899135474,9.622146347190498,1.0288895747967768,4.0,0.0,1.0,False,False,2244.0
2,imperfection_aware,5,4,Q041,exploitation,0.0039719094852129,0.0016003886483132,8.605257345693648,1.3018715597273267,3.0,0.0,0.0,False,False,155410.0
2,imperfection_aware,5,5,Q004,suspicious_exploration,0.3023848756679848,0.4628280916887189,10.816230811770469,2.405117778193266,7.0,0.0,1.0,True,False,0.0
2,imperfection_aware,6,1,Q072,exploitation,0.0740560138141197,0.1389878439214809,5.986614799086968,4.200150263254179,4.0,0.0,1.0,False,False,57726.0
2,imperfection_aware,6,2,Q062,exploitation,0.0173103098977718,0.0128981582091452,7.6965276868132495,2.0657640998652695,4.0,0.0,1.0,False,False,0.0
2,imperfection_aware,6,3,Q035,exploitation,0.0013415920210224,0.0014615602102453,0.5037427987909551,3.850009833740045,4.0,0.0,1.0,False,False,50709.0
2,imperfection_aware,6,4,Q033,exploitation,0.0006004692985054,0.0002724236998671,6.560258702750241,1.6984661650107034,2.0,0.0,0.0,False,False,76472.0
2,imperfection_aware,6,5,Q007,suspicious_exploration,0.7039105547991036,1.5153416289473796,13.184226066600726,2.096802773540595,6.0,0.0,0.2000000029802322,True,False,0.0
2,imperfection_aware,7,1,Q039,exploitation,0.0644020118957935,0.0629562294325418,8.654669856909793,2.2427309556295763,1.0,1.0,0.0,False,True,28530.0
2,imperfection_aware,7,2,Q036,exploitation,0.0433318876274504,0.0841298422778662,3.919915148039821,4.751799909544449,4.0,0.0,1.0,False,True,0.0
2,imperfection_aware,7,3,Q093,exploitation,0.2519448476228472,0.9657645759335132,7.777294932260435,6.409078053530862,19.0,0.0,1.0,True,True,0.0
2,imperfection_aware,7,4,Q090,exploitation,0.2075751822234867,0.7461875229751913,6.86807768533622,6.372760098779495,10.0,0.0,1.0,True,True,0.0
2,imperfection_aware,7,5,Q027,suspicious_exploration,0.1958591167320991,0.6881534615301617,6.638264738263095,6.331241882729202,7.0,1.0,0.0,True,True,0.0
2,imperfection_aware,8,1,Q081,exploitation,0.1635772931658184,0.548372177225741,5.853420232601447,6.335170046684105,6.0,0.0,1.0,True,True,0.0
2,imperfection_aware,8,2,Q077,exploitation,0.1188949263002238,0.3614673164862558,4.751617360824777,6.191622886462852,9.0,0.2000000029802322,0.800000011920929,True,True,226.0
2,imperfection_aware,8,3,Q016,exploitation,0.1073601342117205,0.298244008939125,4.886913625733847,5.782342288333628,5.0,0.0,1.0,True,True,357.0
2,imperfection_aware,8,4,Q082,exploitation,0.095662668274782,0.261230212243031,4.456424064196542,5.819826844083149,7.0,0.0,1.0,True,True,0.0
2,imperfection_aware,8,5,Q009,suspicious_exploration,0.0052392920885055,0.0036859900169458,6.38957281330771,2.2157309677707127,5.0,1.0,0.0,True,True,3295.0
3,random,1,1,Q007,random,6.066976708997303e-17,9.571646409263105e-18,0.8887813206021073,1.343169653657026,10.0,0.0,1.0,True,False,0.0
3,random,1,2,Q073,random,2.236993614994832e-08,2.577232873094687e-09,8.35269260620973,0.6689649494099769,9.0,0.0,0.0,False,False,31696.0
3,random,1,3,Q067,random,0.0396314506943962,0.0415398132648337,7.449269503436144,2.6002351419875427,7.0,0.0,1.0,True,False,75311.0
3,random,1,4,Q054,random,0.3312727802067021,0.1777703277661066,11.6569855673907,0.8149424443317367,2.0,0.0,0.0,False,False,100890.0
3,random,1,5,Q084,random,0.0092442266291522,0.0135937702609869,1.7042763973280266,4.375941299828391,7.0,0.0,1.0,True,False,0.0
3,random,2,1,Q064,random,0.1040075866552233,0.0492360691256258,10.763806127577602,0.9918822826419696,5.0,0.0,1.0,True,False,45673.0
3,random,2,2,Q046,random,0.0049583771659022,0.0001794019443699,11.71724761735626,0.1145452381481277,3.0,0.0,0.0,False,False,58386.0
3,random,2,3,Q031,random,0.1783303250162818,0.0417246025993385,11.614045805340082,0.4324199805886193,3.0,0.0,0.0,False,False,62455.0
3,random,2,4,Q087,random,0.021262603078363,0.0371289854109043,2.4398882053613535,4.719486382070937,13.0,1.0,0.0,True,False,0.0
3,random,2,5,Q083,random,0.0050958947090515,0.0062302956968464,2.0936136827350973,3.8606599790461993,14.0,1.0,0.0,True,False,0.0
3,random,3,1,Q061,random,0.6211178934618972,0.4508180854633142,12.2557153068557,0.7881760492786971,4.0,0.0,0.0,False,False,61305.0
3,random,3,2,Q005,random,5.1132941392516524e-20,6.4837116152946146e-21,1.2982448113023564,1.179152249809405,10.0,0.0,1.0,True,False,42083.0
3,random,3,3,Q042,random,0.1691164680119583,0.0911769427096959,11.045155218023218,1.010243440807442,3.0,0.0,0.0,False,False,452.0
3,random,3,4,Q093,random,0.0001187872531253,8.873775012435627e-05,0.6561095484500639,3.089960730358965,11.0,1.0,0.0,True,False,0.0
3,random,3,5,Q092,random,5.016649593944187e-05,3.519023957810621e-05,0.1935928846042891,3.038480034908527,11.0,1.0,0.0,True,False,0.0
3,random,4,1,Q012,random,0.1339557520327264,0.1222368804483764,10.008019306260667,1.8094010887576475,5.0,0.0,1.0,True,False,1147.0
3,random,4,2,Q023,random,0.1071039978492437,0.0378608152388841,11.098250811619549,0.7361672606308497,3.0,0.0,0.0,False,False,130578.0
3,random,4,3,Q004,random,0.0682057985244311,0.151763663143517,4.486140629804937,5.053749102908431,10.0,0.0,1.0,True,False,0.0
3,random,4,4,Q043,random,2.9532105620362963e-34,1.1463513523025009e-35,6.208471102284529,0.4778021782181385,3.0,0.0,0.0,False,False,1379.0
3,random,4,5,Q013,random,9.00883635473134e-09,2.01417038601703e-09,4.5137897227902055,1.3319353267181735,6.0,0.0,1.0,True,False,2639.0
3,random,5,1,Q026,random,0.1908651040518534,0.0728080357794839,11.407080557144134,0.6922809527401997,1.0,0.0,0.0,False,False,99186.0
3,random,5,2,Q085,random,0.0519492391611989,0.0928969355218758,5.095901258460556,4.253199808781424,12.0,0.0,1.0,True,False,0.0
3,random,5,3,Q053,random,0.3185059069647268,0.1470296426619563,11.67682704847863,0.7116213283914885,1.0,0.0,0.0,False,False,110908.0
3,random,5,4,Q095,random,0.063179241420257,0.1437019762561487,4.0093584554314114,5.235614500903903,12.0,1.0,0.0,True,False,0.0
3,random,5,5,Q039,random,6.2950361738661e-07,1.2291285266888008e-07,7.075817982564301,1.0187142951521957,1.0,1.0,0.0,False,False,28530.0
3,random,6,1,Q016,random,0.0021137885514512,0.000956085023265,7.600260592829647,1.54242870956685,5.0,1.0,0.0,True,False,357.0
3,random,6,2,Q001,random,1.067670316426976e-11,2.908622876074805e-12,-0.7167933886732074,1.9009189495054124,10.0,0.0,1.0,True,False,4553.0
3,random,6,3,Q056,random,0.0053461420732362,0.0016118814490288,9.593386710269757,0.9477563210771828,4.0,0.0,0.0,False,False,94093.0
3,random,6,4,Q065,random,0.3890163826159378,0.3081894067264297,11.695276661221818,1.1258224612515615,4.0,0.0,0.0,False,False,38100.0
3,random,6,5,Q068,random,0.0564857341467048,0.0213373894943819,10.608044791797695,0.8861847204491526,4.0,0.0,0.0,False,False,50021.0
3,random,7,1,Q018,random,0.7018210896007274,0.7797044788067005,12.587430752028649,1.0852604752380095,2.0,0.0,0.0,False,False,207261.0
3,random,7,2,Q057,random,0.0631788924489791,0.1395423418455443,4.240958502572946,5.084095984128281,5.0,0.0,1.0,True,False,0.0
3,random,7,3,Q002,random,0.0393514480321962,0.0430503318753614,7.235713009130076,2.7168384660304334,8.0,0.0,1.0,True,False,0.0
3,random,7,4,Q076,random,0.0106970190698277,0.0052231147557695,8.72117924871975,1.4304690195519794,3.0,0.0,0.0,False,False,34391.0
3,random,7,5,Q038,random,0.8214151761307874,0.7260536898797144,12.669700096837412,0.7136107326135779,2.0,0.0,0.0,False,False,80348.0
3,random,8,1,Q036,random,0.0003872771346188,0.0001784898777317,6.281008312120539,1.7760879577650912,6.0,0.0,0.0,False,False,0.0
3,random,8,2,Q019,random,0.0028035923477977,0.0013722259745566,7.735718723788076,1.630385407961489,5.0,0.0,0.0,False,False,84493.0
3,random,8,3,Q032,random,0.0058897035324703,0.0029556583094803,8.315258577101826,1.562911120368307,4.0,0.0,0.0,False,False,0.0
3,random,8,4,Q025,random,2.6742357246055994e-08,2.4061620403605973e-09,9.424712129141682,0.5197391466869753,1.0,0.0,0.0,False,False,51808.0
3,random,8,5,Q011,random,0.0002682725358172,0.0002404405258151,0.0163973255281959,3.5343715075105733,7.0,1.0,0.0,True,False,0.0
3,gp_m52_pi,1,1,Q061,exploitation,0.7359070154018454,0.8214045966635589,12.667513373514897,1.0382198922645718,4.0,0.0,0.0,False,False,61305.0
3,gp_m52_pi,1,2,Q053,exploitation,0.6416495433505616,0.4117101134492278,12.259012669694409,0.6789873353845413,2.0,0.0,0.0,False,False,110908.0
3,gp_m52_pi,1,3,Q057,exploitation,0.5832700495247602,0.4074984914899452,12.179696196384745,0.7945577254408346,6.0,0.0,1.0,True,False,0.0
3,gp_m52_pi,1,4,Q065,exploitation,0.5022829777648851,0.3855910006646575,12.018119163482918,0.9596348740332538,4.0,0.0,0.0,False,False,38100.0
3,gp_m52_pi,1,5,Q046,exploitation,0.3689441048327637,0.137514122615888,11.831270518031005,0.5419285086388083,3.0,0.0,0.0,False,False,58386.0
3,gp_m52_pi,2,1,Q019,exploitation,0.4303700912024113,0.2661905349913234,11.86547643680365,0.8387927850256826,7.0,0.0,0.0,False,False,84493.0
3,gp_m52_pi,2,2,Q018,exploitation,0.2121435298336139,0.0795303562232141,11.484922302984408,0.660452350548851,3.0,0.0,0.0,False,False,207261.0
3,gp_m52_pi,2,3,Q005,exploitation,0.1551718224105701,0.1894222855266458,9.64134276035611,2.3373897722717705,10.0,0.0,0.0,False,False,42083.0
3,gp_m52_pi,2,4,Q068,exploitation,0.1183926373736729,0.0375936141318579,11.246861391055637,0.647275712324121,6.0,0.0,0.0,False,False,50021.0
3,gp_m52_pi,2,5,Q076,exploitation,0.1083047399376377,0.0617130053642736,10.549836933584128,1.1838763384723514,3.0,0.0,0.0,False,False,34391.0
3,gp_m52_pi,3,1,Q038,exploitation,0.5552895790603118,0.6778406595605245,12.451279229704577,1.4351584928492815,2.0,0.0,0.0,False,False,80348.0
3,gp_m52_pi,3,2,Q001,exploitation,0.2341172726907661,0.7548484590159898,8.250601168133553,5.516113159626939,10.0,0.0,1.0,True,False,4553.0
3,gp_m52_pi,3,3,Q011,exploitation,0.1721696839136426,0.553201442159999,6.58450604150897,5.993101722948231,12.0,0.0,1.0,True,False,0.0
3,gp_m52_pi,3,4,Q092,exploitation,0.1684016205986409,0.4527307304374778,7.407900444860619,5.043034481938988,11.0,0.800000011920929,0.2000000029802322,True,False,0.0
3,gp_m52_pi,3,5,Q031,exploitation,0.143913705245988,0.1322705719605083,10.346842503682064,1.792169435849879,3.0,0.0,0.0,False,False,62455.0
3,gp_m52_pi,4,1,Q095,exploitation,0.0525765118691496,0.106849073262765,4.434741210416327,4.824208258033731,12.0,1.0,0.0,True,False,0.0
3,gp_m52_pi,4,2,Q002,exploitation,0.0234644083892337,0.0141386518949583,9.056634929922875,1.6080509290351008,8.0,0.0,1.0,True,False,0.0
3,gp_m52_pi,4,3,Q012,exploitation,0.0183718663980357,0.0049329010046176,10.708203992714528,0.7390284774488377,5.0,0.0,0.0,False,False,1147.0
3,gp_m52_pi,4,4,Q023,exploitation,0.0145265267650149,0.0027458194091516,11.083864596113209,0.5350433467485404,2.0,0.0,0.0,False,False,130578.0
3,gp_m52_pi,4,5,Q026,exploitation,0.0026593118372932,0.0003933208164205,10.872474711895787,0.4948788488973973,2.0,0.0,0.0,False,False,99186.0
3,gp_m52_pi,5,1,Q064,exploitation,0.1250101755331936,0.0757008452846827,10.84873850024634,1.2196822847229412,5.0,0.0,0.0,False,False,45673.0
3,gp_m52_pi,5,2,Q083,exploitation,0.0510404203037058,0.1092574882536861,3.904417873769761,5.105868724869286,14.0,1.0,0.0,True,False,0.0
3,gp_m52_pi,5,3,Q085,exploitation,0.0332370963239897,0.0558507480323635,4.402482668429444,4.277028306078248,14.0,0.0,1.0,True,False,0.0
3,gp_m52_pi,5,4,Q054,exploitation,0.0297817547225403,0.0056490281500709,11.32804075479861,0.4902828576375727,2.0,0.0,0.0,False,False,100890.0
3,gp_m52_pi,5,5,Q087,exploitation,0.0141726817757563,0.0244618686779989,1.5095903187469784,4.899557793956376,13.0,1.0,0.0,True,False,0.0
3,gp_m52_pi,6,1,Q007,exploitation,0.0046479370639302,0.0017504023399141,9.131989519352524,1.1994530121771938,7.0,0.0,0.4000000059604645,True,False,0.0
3,gp_m52_pi,6,2,Q067,exploitation,0.0040564129912259,0.0022399578544996,7.537368870658325,1.780796557179,6.0,0.0,1.0,True,False,75311.0
3,gp_m52_pi,6,3,Q073,exploitation,0.0005906210367749,8.77712212022637e-05,10.445273655901945,0.5569714992261605,4.0,0.0,0.0,False,False,31696.0
3,gp_m52_pi,6,4,Q036,exploitation,0.0003255932992928,0.0002610562506303,1.6008121614926143,3.1240374425462383,7.0,0.0,1.0,True,False,0.0
3,gp_m52_pi,6,5,Q032,exploitation,0.0002082635613139,0.0001285374601065,3.5291079714924645,2.4714310512882744,7.0,0.0,1.0,True,False,0.0
3,gp_m52_pi,7,1,Q056,exploitation,0.0074467416633898,0.0028978100016903,9.368395746095592,1.1841445396001526,4.0,0.0,0.4000000059604645,False,False,94093.0
3,gp_m52_pi,7,2,Q093,exploitation,0.0048064992678835,0.0062520121205326,1.5574943767623983,4.129932426762428,5.0,1.0,0.0,True,False,0.0
3,gp_m52_pi,7,3,Q004,exploitation,0.0036666327308299,0.0055501589968241,-0.956253295700833,4.925931639510616,7.0,1.0,0.0,True,False,0.0
3,gp_m52_pi,7,4,Q084,exploitation,0.0015523812129629,0.0016864769041601,1.0247059730796844,3.796545535881833,7.0,1.0,0.0,True,False,0.0
3,gp_m52_pi,7,5,Q016,exploitation,0.0004791088625201,0.0002838621966364,4.815045665453448,2.251826881176058,5.0,0.0,0.0,False,False,357.0
3,gp_m52_pi,8,1,Q013,exploitation,3.5416087915503986e-15,4.3960496659468565e-16,4.495650336834341,0.9965440133006028,4.0,0.0,0.0,False,False,2639.0
3,gp_m52_pi,8,2,Q025,exploitation,0.0001006580860935,2.414448031170022e-05,8.529464717477252,1.0013222084930316,2.0,0.0,1.0,False,False,51808.0
3,gp_m52_pi,8,3,Q039,exploitation,2.931181838125329e-05,9.465958042468223e-06,6.478100387056519,1.4368420184935564,3.0,0.0,1.0,False,False,28530.0
3,gp_m52_pi,8,4,Q042,exploitation,0.0006559558675375,0.0002797870481741,7.151447694912255,1.587213793010352,3.0,0.0,1.0,False,False,452.0
3,gp_m52_pi,8,5,Q043,exploitation,0.0004910484264164,0.00019393786934,7.312848669260443,1.4986289239614177,3.0,0.0,1.0,False,False,1379.0
3,gp_m52_ei,1,1,Q061,exploitation,0.7359070154018454,0.8214045966635589,12.667513373514897,1.0382198922645718,4.0,0.0,0.0,False,False,61305.0
3,gp_m52_ei,1,2,Q053,exploitation,0.6416495433505616,0.4117101134492278,12.259012669694409,0.6789873353845413,2.0,0.0,0.0,False,False,110908.0
3,gp_m52_ei,1,3,Q057,exploitation,0.5832700495247602,0.4074984914899452,12.179696196384745,0.7945577254408346,6.0,0.0,1.0,True,False,0.0
3,gp_m52_ei,1,4,Q065,exploitation,0.5022829777648851,0.3855910006646575,12.018119163482918,0.9596348740332538,4.0,0.0,0.0,False,False,38100.0
3,gp_m52_ei,1,5,Q064,exploitation,0.3143230314509164,0.3634215016831331,11.14634677906935,1.7911930010372163,5.0,0.0,0.0,False,False,45673.0
3,gp_m52_ei,2,1,Q019,exploitation,0.7593599461537702,0.4584147953703654,12.394185681927574,0.5417973039060541,7.0,0.0,0.0,False,False,84493.0
3,gp_m52_ei,2,2,Q095,exploitation,0.0897956795831145,0.2296300112335773,4.606458659844849,5.518695956551561,12.0,1.0,0.0,True,False,0.0
3,gp_m52_ei,2,3,Q005,exploitation,0.1023539122924064,0.1091271952980786,9.170061772321866,2.241324948416896,10.0,0.0,0.0,False,False,42083.0
3,gp_m52_ei,2,4,Q011,exploitation,0.0417164105303693,0.0919204114441541,2.6226944851458525,5.424238531183517,12.0,0.0,1.0,True,False,0.0
3,gp_m52_ei,2,5,Q018,exploitation,0.2825881451087059,0.0704696361108841,11.781788496947964,0.4013405235042336,4.0,0.0,0.0,False,False,207261.0
3,gp_m52_ei,3,1,Q068,exploitation,0.3109236832272865,0.1174110799488606,11.962027281515798,0.5873718806275181,6.0,0.0,0.0,False,False,50021.0
3,gp_m52_ei,3,2,Q073,exploitation,0.2414103963503682,0.0984988088226551,11.766492457915124,0.691458026428482,8.0,0.0,0.0,False,False,31696.0
3,gp_m52_ei,3,3,Q076,exploitation,0.1118721519492201,0.043557775318651,11.27426998358438,0.8034221338394714,3.0,0.0,0.0,False,False,34391.0
3,gp_m52_ei,3,4,Q001,exploitation,0.0263633379618529,0.0209866833536836,8.199138919128355,2.0920395072324256,10.0,0.0,1.0,True,False,4553.0
3,gp_m52_ei,3,5,Q023,exploitation,0.0877087491375462,0.0186451938919654,11.627267268024768,0.4608646637595538,2.0,0.0,0.0,False,False,130578.0
3,gp_m52_ei,4,1,Q083,exploitation,0.0113346947903024,0.0160339077903274,2.8668972667706116,4.118035416229949,14.0,1.0,0.0,True,False,0.0
3,gp_m52_ei,4,2,Q046,exploitation,0.0264882918347621,0.0029991563231052,11.676295682470716,0.2973695391333454,1.0,0.0,0.0,False,False,58386.0
3,gp_m52_ei,4,3,Q085,exploitation,0.0029247659397286,0.0027055258941131,3.789842557861903,3.0702441835661407,14.0,0.0,1.0,True,False,0.0
3,gp_m52_ei,4,4,Q038,exploitation,0.0166351791060187,0.0021692648099677,11.478421977784048,0.3632633444599881,2.0,0.0,0.0,False,False,80348.0
3,gp_m52_ei,4,5,Q087,exploitation,0.0016701388817864,0.0018193256361172,1.1438360138380863,3.785210356088399,13.0,1.0,0.0,True,False,0.0
3,gp_m52_ei,5,1,Q031,exploitation,0.0103604284139122,0.0023578857896839,10.704193978669077,0.6690546061686572,2.0,0.0,0.0,False,False,62455.0
3,gp_m52_ei,5,2,Q002,exploitation,0.0040135908146203,0.0020955520078982,7.783917768735952,1.6853823785375115,8.0,0.0,0.0,False,False,0.0
3,gp_m52_ei,5,3,Q012,exploitation,0.0021201951710026,0.0005129961625198,9.892769010794051,0.8249005731826681,5.0,0.0,0.0,False,False,1147.0
3,gp_m52_ei,5,4,Q054,exploitation,0.0037252406298969,0.000487995254359,11.112575314717995,0.4256951227743114,2.0,0.0,0.0,False,False,100890.0
3,gp_m52_ei,5,5,Q026,exploitation,0.0028812589765341,0.0003619526227517,11.099071437958145,0.4174823342650245,1.0,0.0,0.0,False,False,99186.0
3,gp_m52_ei,6,1,Q093,exploitation,0.0038794374560098,0.0046949928408908,1.8189762951279995,3.91857567678544,11.0,1.0,0.0,True,False,0.0
3,gp_m52_ei,6,2,Q007,exploitation,0.0043012923891827,0.0016123386112541,9.092407051224397,1.2024297863315454,7.0,0.0,0.4000000059604645,True,False,0.0
3,gp_m52_ei,6,3,Q067,exploitation,0.0018166250219781,0.0008794545082723,7.3915868457344125,1.6710947771359288,6.0,0.0,1.0,True,False,75311.0
3,gp_m52_ei,6,4,Q036,exploitation,0.0003258682518072,0.0002664546888752,1.3910416384642836,3.185780673724402,7.0,0.0,1.0,True,False,0.0
3,gp_m52_ei,6,5,Q032,exploitation,0.0001982001861433,0.000123785989804,3.3661983077434554,2.508290479636621,7.0,0.0,1.0,True,False,0.0
3,gp_m52_ei,7,1,Q004,exploitation,0.0038280622657882,0.005850005906706,-0.9600084057533432,4.954027237432744,7.0,1.0,0.0,True,False,0.0
3,gp_m52_ei,7,2,Q056,exploitation,0.007142546248692,0.0027715553380595,9.346619444613443,1.1857566196462117,4.0,0.0,0.0,False,False,94093.0
3,gp_m52_ei,7,3,Q084,exploitation,0.0018287439364101,0.0020253565332969,1.146947057009494,3.820958369147851,7.0,1.0,0.0,True,False,0.0
3,gp_m52_ei,7,4,Q092,exploitation,0.0012221236251339,0.0013870974170149,0.0119375236129988,4.039325973511473,5.0,1.0,0.0,True,False,0.0
3,gp_m52_ei,7,5,Q016,exploitation,0.0005168620193747,0.0003085391107696,4.844681495632116,2.257434576227518,5.0,0.0,0.0,False,False,357.0
3,gp_m52_ei,8,1,Q013,exploitation,3.541187043214393e-15,4.3955113903946837e-16,4.495647274251915,0.9965424784460446,4.0,0.0,0.0,False,False,2639.0
3,gp_m52_ei,8,2,Q025,exploitation,0.0001006626558555,2.414567370497185e-05,8.529470504484902,1.0013237421756849,2.0,0.0,1.0,False,False,51808.0
3,gp_m52_ei,8,3,Q039,exploitation,2.931086442837993e-05,9.46561738006987e-06,6.47810011399708,1.4368393437286875,3.0,0.0,1.0,False,False,28530.0
3,gp_m52_ei,8,4,Q042,exploitation,0.0006559654900976,0.0002797916485957,7.151450476100336,1.5872150083924637,3.0,0.0,1.0,False,False,452.0
3,gp_m52_ei,8,5,Q043,exploitation,0.000491046700599,0.000193937169708,7.312846500582875,1.498629132973181,3.0,0.0,1.0,False,False,1379.0
3,pi_random_exploration,1,1,Q061,exploitation,0.7359070154018454,0.8214045966635589,12.667513373514897,1.0382198922645718,4.0,0.0,0.0,False,False,61305.0
3,pi_random_exploration,1,2,Q053,exploitation,0.6416495433505616,0.4117101134492278,12.259012669694409,0.6789873353845413,2.0,0.0,0.0,False,False,110908.0
3,pi_random_exploration,1,3,Q057,exploitation,0.5832700495247602,0.4074984914899452,12.179696196384745,0.7945577254408346,6.0,0.0,1.0,True,False,0.0
3,pi_random_exploration,1,4,Q065,exploitation,0.5022829777648851,0.3855910006646575,12.018119163482918,0.9596348740332538,4.0,0.0,0.0,False,False,38100.0
3,pi_random_exploration,1,5,Q073,random_exploration,2.236993614994832e-08,2.577232873094687e-09,8.35269260620973,0.6689649494099769,9.0,0.0,0.0,False,False,31696.0
3,pi_random_exploration,2,1,Q019,exploitation,0.7637253020249812,0.4542548046672501,12.393458515075409,0.5301562603291627,7.0,0.0,0.0,False,False,84493.0
3,pi_random_exploration,2,2,Q018,exploitation,0.2841904198545867,0.0693335081247728,11.78908615300386,0.3918769418475425,4.0,0.0,0.0,False,False,207261.0
3,pi_random_exploration,2,3,Q064,exploitation,0.1659723688542785,0.0850307134011771,11.07676803768492,0.9646005970597616,5.0,0.0,0.0,False,False,45673.0
3,pi_random_exploration,2,4,Q095,exploitation,0.0944333804298475,0.2486511314925669,4.620144146732421,5.626200203642739,12.0,1.0,0.0,True,False,0.0
3,pi_random_exploration,2,5,Q007,random_exploration,0.0098545426006368,0.0078044684051671,6.554312339481119,2.3407755731867885,10.0,0.0,0.0,False,False,0.0
3,pi_random_exploration,3,1,Q085,exploitation,0.0612699645222362,0.1293289294289635,4.709168040674659,4.884452624170841,14.0,0.0,1.0,True,False,0.0
3,pi_random_exploration,3,2,Q011,exploitation,0.0611756386630295,0.1526583780747764,3.327998475424205,5.775961310347704,12.0,0.0,1.0,True,False,0.0
3,pi_random_exploration,3,3,Q083,exploitation,0.0552083935891631,0.1287266502580727,3.4867171789518387,5.490758448042269,14.0,1.0,0.0,True,False,0.0
3,pi_random_exploration,3,4,Q076,exploitation,0.0449084008499405,0.0199496877347335,10.417528170088756,1.0812595987614215,3.0,0.0,0.0,False,False,34391.0
3,pi_random_exploration,3,5,Q056,random_exploration,4.690586876998415e-07,4.4268803611303e-08,9.811677015279212,0.4975459689630429,4.0,0.0,0.0,False,False,94093.0
3,pi_random_exploration,4,1,Q038,exploitation,0.0608723437197701,0.006166180682837,11.888598169684874,0.2346641127468236,2.0,0.0,0.0,False,False,80348.0
3,pi_random_exploration,4,2,Q002,exploitation,0.0271942408042787,0.0271697736095258,7.221740544367379,2.614711725149076,8.0,0.0,1.0,True,False,0.0
3,pi_random_exploration,4,3,Q025,exploitation,0.0268221297956523,0.0081516069715074,10.7140791107344,0.7968396133010545,3.0,0.0,0.0,False,False,51808.0
3,pi_random_exploration,4,4,Q032,exploitation,0.0244201915762684,0.0258787332629955,6.70941377776826,2.813388121278008,8.0,0.0,0.4000000059604645,True,False,0.0
3,pi_random_exploration,4,5,Q046,random_exploration,6.201475461426593e-06,1.2082264594986746e-07,11.845246696731166,0.0930107023146682,1.0,0.0,0.0,False,False,58386.0
3,pi_random_exploration,5,1,Q031,exploitation,0.4447711965295991,0.4322625073894332,12.071641558129553,1.2967538633752251,2.0,0.0,0.0,False,False,62455.0
3,pi_random_exploration,5,2,Q067,exploitation,0.2370696548737024,0.4266939781501776,10.056191769543698,3.0674331947463194,6.0,0.0,1.0,True,False,75311.0
3,pi_random_exploration,5,3,Q068,exploitation,0.0759520108201641,0.0213195355578126,11.355806953052126,0.6252847584977389,4.0,0.0,0.0,False,False,50021.0
3,pi_random_exploration,5,4,Q093,exploitation,0.064948443536007,0.1638246941002266,3.5002483821994943,5.7784356097548475,11.0,1.0,0.0,True,False,0.0
3,pi_random_exploration,5,5,Q092,random_exploration,0.0410256730518321,0.0935667692700837,2.4642002386787363,5.628562010382724,11.0,1.0,0.0,True,False,0.0
3,pi_random_exploration,6,1,Q023,exploitation,0.0202773162518072,0.0051728801623189,10.831172367573028,0.6936174860222349,2.0,0.0,0.0,False,False,130578.0
3,pi_random_exploration,6,2,Q054,exploitation,0.0180048181075124,0.0041412774479315,10.92100861058459,0.634642577257607,2.0,0.0,0.0,False,False,100890.0
3,pi_random_exploration,6,3,Q087,exploitation,0.0094468576947915,0.0166762471627828,-0.0522298715720115,5.24103626128622,13.0,1.0,0.0,True,False,0.0
3,pi_random_exploration,6,4,Q026,exploitation,0.0012511100313197,0.0002053344732039,10.489077198203868,0.5830695675334885,2.0,0.0,0.0,False,False,99186.0
3,pi_random_exploration,6,5,Q012,random_exploration,0.0001574833330299,4.372493204259369e-05,8.180082287080467,1.1301778892522851,5.0,0.0,1.0,True,False,1147.0
3,pi_random_exploration,7,1,Q042,exploitation,0.0017466984430871,0.0004798840769261,9.473339148865822,0.9513059775074872,2.0,0.0,0.0,False,False,452.0
3,pi_random_exploration,7,2,Q043,exploitation,0.0003347774078593,7.8248975041637e-05,9.159149057748436,0.9091169312524946,1.0,0.0,0.0,False,False,1379.0
3,pi_random_exploration,7,3,Q004,exploitation,0.0002716074845025,0.0002604345177531,-0.8158144577313138,3.778399871819376,7.0,1.0,0.0,True,False,0.0
3,pi_random_exploration,7,4,Q084,exploitation,0.000143682691719,0.0001169625520198,0.1718705925306807,3.331062371787913,7.0,1.0,0.0,True,False,0.0
3,pi_random_exploration,7,5,Q039,random_exploration,5.491931531588299e-07,8.256204266381128e-08,8.410947662814136,0.7881554273885748,2.0,0.0,0.2000000029802322,False,False,28530.0
3,pi_random_exploration,8,1,Q001,exploitation,0.0052064446421972,0.0065744340764229,2.057435966839755,3.979339341643122,10.0,0.6000000238418579,0.4000000059604645,True,False,4553.0
3,pi_random_exploration,8,2,Q016,exploitation,0.003861668891218,0.0035376655859174,4.346670211468318,2.967444891882035,5.0,0.0,0.4000000059604645,True,False,357.0
3,pi_random_exploration,8,3,Q005,exploitation,8.894190703293563e-06,3.92758949282698e-06,3.3450268612446967,2.075680980595512,7.0,0.0,1.0,True,False,42083.0
3,pi_random_exploration,8,4,Q036,exploitation,1.2707285835396864e-11,3.988322205051642e-12,-2.3064852232626434,2.182330142102489,2.0,1.0,0.0,False,False,0.0
3,pi_random_exploration,8,5,Q013,random_exploration,5.771423755368417e-10,1.0698276695245291e-10,5.039589027059823,1.1849482410394905,4.0,0.0,1.0,False,False,2639.0
3,pi_uncertainty,1,1,Q061,exploitation,0.7359070154018454,0.8214045966635589,12.667513373514897,1.0382198922645718,4.0,0.0,0.0,False,False,61305.0
3,pi_uncertainty,1,2,Q053,exploitation,0.6416495433505616,0.4117101134492278,12.259012669694409,0.6789873353845413,2.0,0.0,0.0,False,False,110908.0
3,pi_uncertainty,1,3,Q057,exploitation,0.5832700495247602,0.4074984914899452,12.179696196384745,0.7945577254408346,6.0,0.0,1.0,True,False,0.0
3,pi_uncertainty,1,4,Q065,exploitation,0.5022829777648851,0.3855910006646575,12.018119163482918,0.9596348740332538,4.0,0.0,0.0,False,False,38100.0
3,pi_uncertainty,1,5,Q085,uncertainty_exploration,0.0876221522673915,0.232963460893157,4.197789474563811,5.765093688476255,14.0,0.0,1.0,True,False,0.0
3,pi_uncertainty,2,1,Q019,exploitation,0.7169587212099775,0.4276015968207545,12.339878098245698,0.5702913860956408,7.0,0.0,0.0,False,False,84493.0
3,pi_uncertainty,2,2,Q018,exploitation,0.2756509345141522,0.0707549532651369,11.764391869310328,0.4166353319009855,4.0,0.0,0.0,False,False,207261.0
3,pi_uncertainty,2,3,Q064,exploitation,0.1516082770805025,0.0797148063753313,10.970192759644648,1.0125050408785674,5.0,0.0,0.0,False,False,45673.0
3,pi_uncertainty,2,4,Q005,exploitation,0.107514640781082,0.1211552997773432,9.105328080759756,2.3448718263248844,10.0,0.0,0.0,False,False,42083.0
3,pi_uncertainty,2,5,Q095,uncertainty_exploration,0.0741296271028411,0.1814662404743596,4.093922087136406,5.477391071170335,12.0,1.0,0.0,True,False,0.0
3,pi_uncertainty,3,1,Q023,exploitation,0.1627326859047466,0.0405015270729546,11.78866534993863,0.4709437057351986,2.0,0.0,0.0,False,False,130578.0
3,pi_uncertainty,3,2,Q068,exploitation,0.1546936525725012,0.0523171749080114,11.592982077957274,0.6480584263554852,6.0,0.0,0.0,False,False,50021.0
3,pi_uncertainty,3,3,Q073,exploitation,0.0743021139072366,0.0254996436297807,11.14299840177431,0.7675711593870763,8.0,0.0,0.0,False,False,31696.0
3,pi_uncertainty,3,4,Q001,exploitation,0.049724498041984,0.0473787365630954,8.491627375318386,2.2822709326034487,10.0,0.0,1.0,True,False,4553.0
3,pi_uncertainty,3,5,Q011,uncertainty_exploration,0.0202989010058299,0.0374647507606945,1.977761657287748,5.017535312903371,12.0,0.0,1.0,True,False,0.0
3,pi_uncertainty,4,1,Q046,exploitation,0.0217412587659618,0.0021669642082272,11.709387372521409,0.2686178540814588,1.0,0.0,0.0,False,False,58386.0
3,pi_uncertainty,4,2,Q083,exploitation,0.0142623572613853,0.021200530785458,3.017504895383639,4.216557922633556,12.0,1.0,0.0,True,False,0.0
3,pi_uncertainty,4,3,Q038,exploitation,0.0143225856832468,0.0017170763498158,11.507910261648458,0.3399061542422279,2.0,0.0,0.0,False,False,80348.0
3,pi_uncertainty,4,4,Q031,exploitation,0.0055255738309351,0.0010560240928802,10.729957371495177,0.5988726070792117,3.0,0.0,0.0,False,False,62455.0
3,pi_uncertainty,4,5,Q087,uncertainty_exploration,0.001986774413685,0.0022614160860524,1.0158179557249492,3.901017390596349,13.0,1.0,0.0,True,False,0.0
3,pi_uncertainty,5,1,Q002,exploitation,0.0041513569964206,0.0022116256961371,7.726410533248998,1.7144608664592955,8.0,0.0,0.0,False,False,0.0
3,pi_uncertainty,5,2,Q054,exploitation,0.003753985079982,0.0004826165583999,11.135599764847536,0.4174931665392806,2.0,0.0,0.0,False,False,100890.0
3,pi_uncertainty,5,3,Q026,exploitation,0.0024223353677994,0.000294547038521,11.096566573955853,0.4100450129304261,1.0,0.0,0.0,False,False,99186.0
3,pi_uncertainty,5,4,Q012,exploitation,0.0017934190735132,0.0004366627566692,9.801500514595956,0.8413177076047118,5.0,0.0,0.0,False,False,1147.0
3,pi_uncertainty,5,5,Q093,uncertainty_exploration,0.0002994335515527,0.00024024078413,1.4662146409351946,3.1425190309517617,11.0,1.0,0.0,True,False,0.0
3,pi_uncertainty,6,1,Q007,exploitation,0.0043481286962626,0.0016211272380642,9.11691845402208,1.1947773321931845,7.0,0.0,0.4000000059604645,True,False,0.0
3,pi_uncertainty,6,2,Q067,exploitation,0.0036602310972763,0.0019020155079014,7.715807669872742,1.691310548675277,6.0,0.0,1.0,True,False,75311.0
3,pi_uncertainty,6,3,Q076,exploitation,0.001067865875206,0.000251781952411,9.64917151982187,0.8475545974627074,3.0,0.0,0.0,False,False,34391.0
3,pi_uncertainty,6,4,Q036,exploitation,0.0002732000507723,0.0002180420511215,1.3839060959174925,3.1437965433185657,7.0,0.0,1.0,True,False,0.0
3,pi_uncertainty,6,5,Q004,uncertainty_exploration,4.070945574096219e-07,2.180323699290201e-07,-1.7423640110548524,2.837446620178084,7.0,0.800000011920929,0.2000000029802322,True,False,0.0
3,pi_uncertainty,7,1,Q056,exploitation,0.0064791442652867,0.00243103344328,9.3748951949525,1.1577238709042146,4.0,0.0,0.0,False,False,94093.0
3,pi_uncertainty,7,2,Q039,exploitation,0.001217277432606,0.0006582901423738,6.415792016663939,1.9251915369271777,3.0,0.0,1.0,False,False,28530.0
3,pi_uncertainty,7,3,Q084,exploitation,0.0011147648631859,0.0011717489064188,0.7344895585047251,3.766489517560234,7.0,1.0,0.0,True,False,0.0
3,pi_uncertainty,7,4,Q092,exploitation,0.0008245217800694,0.0008787785525286,-0.0323517382881517,3.9033176124146207,5.0,1.0,0.0,True,False,0.0
3,pi_uncertainty,7,5,Q016,uncertainty_exploration,0.0003799741473446,0.0002200076880099,4.729835337186729,2.2340175847260086,5.0,0.0,0.0,False,False,357.0
3,pi_uncertainty,8,1,Q042,exploitation,0.0071397563959013,0.0025108305922277,9.618626079640324,1.0746724062116682,3.0,0.0,1.0,False,False,452.0
3,pi_uncertainty,8,2,Q043,exploitation,0.0045083391883848,0.0013176347664996,9.814015424610984,0.9334854196853632,1.0,0.0,0.0,False,False,1379.0
3,pi_uncertainty,8,3,Q025,exploitation,0.0009793568134518,0.000208573876104,9.866234383375373,0.7704067990607978,2.0,0.0,0.0,False,False,51808.0
3,pi_uncertainty,8,4,Q013,exploitation,1.4311088659964456e-15,1.7613048006725658e-16,4.3415909880229435,1.0016939943706928,4.0,0.0,0.0,False,False,2639.0
3,pi_uncertainty,8,5,Q032,uncertainty_exploration,3.2390966354964394e-08,8.954941841839855e-09,3.668418558396742,1.5880118739468292,2.0,0.6000000238418579,0.4000000059604645,False,False,0.0
3,imperfection_aware,1,1,Q061,exploitation,0.735907772605321,0.8214085831734481,12.66751754551621,1.0382226946515722,4.0,0.0,0.0,False,False,61305.0
3,imperfection_aware,1,2,Q053,exploitation,0.6416492209205017,0.4117099597714627,12.259012216676808,0.6789877021645497,2.0,0.0,0.0,False,False,110908.0
3,imperfection_aware,1,3,Q065,exploitation,0.5022848340752202,0.3855946541836423,12.018123648920774,0.9596383847634,4.0,0.0,0.0,False,False,38100.0
3,imperfection_aware,1,4,Q046,exploitation,0.3689434562869655,0.137513597787027,11.831269825102204,0.5419277950520491,3.0,0.0,0.0,False,False,58386.0
3,imperfection_aware,1,5,Q057,suspicious_exploration,0.583270431580922,0.4074982969868845,12.179696708545425,0.7945564614586316,6.0,0.0,1.0,True,False,0.0
3,imperfection_aware,2,1,Q019,exploitation,0.430369988403014,0.2661911765529849,11.86547581043417,0.838795104312211,7.0,0.0,0.0,False,False,84493.0
3,imperfection_aware,2,2,Q018,exploitation,0.2121461965721482,0.0795318981882658,11.484926697844942,0.6604544532382108,3.0,0.0,0.0,False,False,207261.0
3,imperfection_aware,2,3,Q005,exploitation,0.155172590247,0.1894230659446559,9.641355136875886,2.337384991335849,10.0,0.0,0.0,False,False,42083.0
3,imperfection_aware,2,4,Q068,exploitation,0.1183934654366955,0.0375942054709175,11.246858574225854,0.6472803797550052,6.0,0.0,0.0,False,False,50021.0
3,imperfection_aware,2,5,Q095,suspicious_exploration,0.0830003219328874,0.2044537902224213,4.536774047825592,5.3970676445088905,12.0,1.0,0.0,True,False,0.0
3,imperfection_aware,3,1,Q038,exploitation,0.5586285655472605,0.6946282423986609,12.466515654262166,1.456181759053875,2.0,0.0,0.0,False,False,80348.0
3,imperfection_aware,3,2,Q031,exploitation,0.1465413931568857,0.1405336678831496,10.294133767281,1.8619337314934152,3.0,0.0,0.0,False,False,62455.0
3,imperfection_aware,3,3,Q007,exploitation,0.1073909426249223,0.0906730885287017,10.071697695857084,1.7573561084183438,7.0,0.0,0.0,False,False,0.0
3,imperfection_aware,3,4,Q016,exploitation,0.0423451239143933,0.0561438903458856,6.637296866249966,3.256452832387623,5.0,0.0,0.0,False,False,357.0
3,imperfection_aware,3,5,Q001,suspicious_exploration,0.2152239549683732,0.6692808389216878,7.950442720964358,5.455552512848268,10.0,0.0,1.0,True,False,4553.0
3,imperfection_aware,4,1,Q043,exploitation,0.1429074768190217,0.3670538362519688,6.897212332847515,5.01666675797268,3.0,0.0,0.0,False,False,1379.0
3,imperfection_aware,4,2,Q042,exploitation,0.1425858198503132,0.3661949584463125,6.887677395678484,5.01889355071191,3.0,0.0,0.0,False,False,452.0
3,imperfection_aware,4,3,Q012,exploitation,0.0576274697309835,0.0185382183488242,11.067084956210778,0.7521581661559812,5.0,0.0,0.0,False,False,1147.0
3,imperfection_aware,4,4,Q076,exploitation,0.023829499162098,0.0084090194963965,10.390464131780275,0.939849613813852,3.0,0.0,0.0,False,False,34391.0
3,imperfection_aware,4,5,Q011,suspicious_exploration,0.1558940066727682,0.4892897020052486,6.180054504266241,6.002788326307905,10.0,0.0,1.0,True,False,0.0
3,imperfection_aware,5,1,Q054,exploitation,0.3217921971698628,0.1157996348411609,11.996054158198852,0.5526013613926679,2.0,0.0,0.0,False,False,100890.0
3,imperfection_aware,5,2,Q023,exploitation,0.020681765168837,0.0043405274731566,11.090621060911582,0.5692124339572072,2.0,0.0,0.0,False,False,130578.0
3,imperfection_aware,5,3,Q067,exploitation,0.0017784325134391,0.0011654444237467,5.646673434217474,2.265887301043841,6.0,0.0,0.0,False,False,75311.0
3,imperfection_aware,5,4,Q056,exploitation,0.0014409896904028,0.0003010694634881,10.063328407329427,0.7343527497290491,4.0,0.0,0.0,False,False,94093.0
3,imperfection_aware,5,5,Q064,suspicious_exploration,0.5497513859440016,0.5557301069611453,12.401305788257147,1.1962163444193423,5.0,0.0,0.4000000059604645,True,False,45673.0
3,imperfection_aware,6,1,Q073,exploitation,0.0076344380438221,0.0015374129205047,10.768884307842928,0.6112500109490494,4.0,0.0,0.0,False,False,31696.0
3,imperfection_aware,6,2,Q039,exploitation,0.0014338962213065,0.0005013897633793,8.58596984873152,1.229478221313201,1.0,0.0,0.0,False,False,28530.0
3,imperfection_aware,6,3,Q013,exploitation,1.5322688939214194e-16,1.964598848350461e-17,3.4459722272532174,1.0777170283861652,4.0,0.0,0.0,False,False,2639.0
3,imperfection_aware,6,4,Q026,exploitation,0.0001271434892106,1.4338091502611312e-05,10.551989101440975,0.4646787374782501,1.0,0.0,0.0,False,False,99186.0
3,imperfection_aware,6,5,Q083,suspicious_exploration,0.1601848819148426,0.5444601885623681,5.835365001518419,6.457064363214736,14.0,1.0,0.0,True,False,0.0
3,imperfection_aware,7,1,Q032,exploitation,0.0890135680622945,0.087435033730212,9.391817533828466,2.123408051717433,4.0,0.0,1.0,False,True,0.0
3,imperfection_aware,7,2,Q025,exploitation,7.545645296601644e-05,1.1467545799124162e-05,9.809733951954923,0.6444029070024598,1.0,0.0,0.0,False,True,51808.0
3,imperfection_aware,7,3,Q002,exploitation,0.0992441401983292,0.124441301129078,8.840836676142088,2.652601833670758,8.0,0.0,1.0,True,True,0.0
3,imperfection_aware,7,4,Q036,exploitation,0.0454907834369527,0.0505787719622293,7.686685565399475,2.7008274578026628,6.0,0.0,1.0,True,True,0.0
3,imperfection_aware,7,5,Q085,suspicious_exploration,0.0442086788184565,0.0814219560057138,4.595230001410396,4.493768348491424,12.0,0.0,1.0,True,True,0.0
3,imperfection_aware,8,1,Q087,exploitation,0.1082342450423157,0.3278061588628249,4.473200164987841,6.293452159636836,13.0,1.0,0.0,True,True,0.0
3,imperfection_aware,8,2,Q093,exploitation,0.0713295991923877,0.1852515748916224,3.6732461693274296,5.851792069993114,11.0,1.0,0.0,True,True,0.0
3,imperfection_aware,8,3,Q084,exploitation,0.055684662042391,0.1241521886522262,3.9047024393429592,5.242887959369098,7.0,0.2000000029802322,0.800000011920929,True,True,0.0
3,imperfection_aware,8,4,Q092,exploitation,0.0371145023552428,0.0824592950116779,2.3161805845466175,5.565517925414268,11.0,0.6000000238418579,0.4000000059604645,True,True,0.0
3,imperfection_aware,8,5,Q004,suspicious_exploration,0.0221302275113679,0.0438927555734552,1.5233363427909898,5.333226530638941,7.0,1.0,0.0,True,True,0.0
4,random,1,1,Q089,random,0.0088887485300233,0.0112789942339281,2.6682570066118982,3.79159519504352,12.0,1.0,0.0,True,False,0.0
4,random,1,2,Q072,random,0.1160545550163751,0.1441992195920754,8.615488423307198,2.5437887967259165,7.0,0.0,1.0,True,False,57726.0
4,random,1,3,Q045,random,0.4475500807277996,0.0330209098172805,11.642232602240432,0.0981367934957589,6.0,0.0,1.0,True,False,104181.0
4,random,1,4,Q003,random,0.0085372314647532,0.0107852148397983,2.613725992862841,3.7908032993628535,10.0,1.0,0.0,True,False,0.0
4,random,1,5,Q037,random,0.0363438887475656,0.0468578435547399,5.840747834855773,3.2396196234907597,5.0,1.0,0.0,True,False,76141.0
4,random,2,1,Q006,random,0.0380479497040833,0.0322281032141239,7.905188756256505,2.1140935837661554,8.0,0.0,1.0,True,False,2244.0
4,random,2,2,Q066,random,0.021207790350079,0.0154961772387354,7.646124013296824,1.975465531541436,5.0,0.0,1.0,True,False,82233.0
4,random,2,3,Q047,random,5.292275276495189e-05,1.580479898152077e-05,6.653975286773324,1.290036999842715,6.0,0.0,0.0,False,False,7770.0
4,random,2,4,Q028,random,0.0742503439848571,0.0999600972833103,7.30415148434273,3.0114045914173517,8.0,0.0,1.0,True,False,55318.0
4,random,2,5,Q083,random,0.0051097807490452,0.0054962008168827,2.934100823740608,3.39564548926733,9.0,1.0,0.0,True,False,0.0
4,random,3,1,Q031,random,0.2359607807031529,0.1764242953115198,10.737211458254968,1.2760868678244996,2.0,0.0,0.0,False,False,62455.0
4,random,3,2,Q015,random,0.0015145674035102,0.0005574277959399,7.834626005205902,1.288650298484488,3.0,0.0,1.0,False,False,48700.0
4,random,3,3,Q022,random,0.0782746141542112,0.0190375219934193,10.89184291449147,0.538780189273655,2.0,0.0,0.0,False,False,114383.0
4,random,3,4,Q078,random,0.0118031129222006,0.0089123824338252,6.701924728103682,2.188334535251703,12.0,0.0,1.0,True,False,51868.0
4,random,3,5,Q034,random,0.7078725809532334,0.4675040465234217,12.005207830243862,0.6397078231146359,7.0,0.0,0.0,False,False,107033.0
4,random,4,1,Q033,random,0.5725096816067314,0.3430534852575813,11.783478789465114,0.690289386977431,2.0,0.0,0.0,False,False,76472.0
4,random,4,2,Q039,random,0.0002900563501055,3.487220352429982e-05,10.0338656372351,0.4718310570639724,1.0,0.0,0.0,False,False,28530.0
4,random,4,3,Q088,random,2.3109316662466328e-05,1.5627343512498494e-05,-0.7410887128317052,3.0433233915997224,14.0,0.0,1.0,True,False,0.0
4,random,4,4,Q014,random,0.4467897766682233,0.1652974657881858,11.591429602154996,0.4925157792586679,3.0,0.0,0.0,False,False,108381.0
4,random,4,5,Q065,random,0.414252582730293,0.3836522651166802,11.380254650976951,1.2790274780394528,4.0,0.0,0.0,False,False,38100.0
4,random,5,1,Q053,random,0.2602287197044453,0.0432258953597431,11.480695664762978,0.2748361503778916,2.0,0.0,0.0,False,False,110908.0
4,random,5,2,Q092,random,0.0035779686602511,0.0041131557701701,1.5740021861646012,3.7491423151457663,10.0,0.0,1.0,True,False,0.0
4,random,5,3,Q012,random,0.3513789039897278,0.0654350838225804,11.551887081167228,0.2762822430770223,5.0,0.0,0.0,False,False,1147.0
4,random,5,4,Q074,random,0.1036871044571473,0.0656974233345475,9.982393266657894,1.328441073299341,6.0,0.0,0.0,False,False,34285.0
4,random,5,5,Q050,random,0.1347940966482065,0.1093207297178772,9.884452763434318,1.605838243501064,2.0,0.0,0.0,False,False,6338.0
4,random,6,1,Q009,random,0.0012045547816724,0.0005769005504421,6.479424884563452,1.70632419176966,5.0,0.0,0.0,False,False,3295.0
4,random,6,2,Q073,random,0.336934007376036,0.1963737212482865,11.28727738887422,0.8792757251460295,3.0,0.0,0.0,False,False,31696.0
4,random,6,3,Q060,random,0.7377767357175897,0.759092723849572,12.264777997336104,0.9543685369139662,4.0,0.0,0.0,False,False,43612.0
4,random,6,4,Q044,random,0.6531344019048874,0.5119107433895248,11.979147789062754,0.8172525624465595,5.0,0.0,0.0,False,False,54574.0
4,random,6,5,Q038,random,0.4343006893260829,0.0672239194682124,11.62274330305309,0.208983130969251,2.0,0.0,0.0,False,False,80348.0
4,random,7,1,Q043,random,0.4821463252649458,0.2242177926098091,11.630688434173088,0.5948080391111773,1.0,0.0,0.0,False,False,1379.0
4,random,7,2,Q042,random,0.6379274428956198,0.3932539398921209,11.888633258761374,0.655428662865299,3.0,0.0,0.0,False,False,452.0
4,random,7,3,Q019,random,0.1991949689498691,0.0565332405280809,11.227449481284031,0.5090194107650908,2.0,0.0,0.0,False,False,84493.0
4,random,7,4,Q046,random,0.92506007909272,0.20848300767865,11.86105137513336,0.1414868815877961,1.0,0.0,0.0,False,False,58386.0
4,random,7,5,Q041,random,1.1311235105153238e-06,1.0985792768155317e-07,9.31184066370822,0.4960333447557724,2.0,0.0,0.0,False,False,155410.0
4,random,8,1,Q062,random,0.0004383929045059,0.0002169963329839,5.667658438137993,1.8922519474554755,3.0,0.4000000059604645,0.6000000238418579,False,False,0.0
4,random,8,2,Q059,random,0.365565294545868,0.3799524670319502,11.442537192410075,1.5170487641345,2.0,0.0,0.0,False,False,128632.0
4,random,8,3,Q017,random,0.2173677083700664,0.2031152031185433,10.687023212947867,1.634595204108632,2.0,0.0,0.0,False,False,247107.0
4,random,8,4,Q058,random,0.0710737863789414,0.0505853188712675,9.608393931324024,1.6046938902603591,5.0,0.0,0.0,False,False,60312.0
4,random,8,5,Q002,random,0.0081218140952145,0.004993229773683,7.507142532765483,1.854329332378062,5.0,0.0,0.0,False,False,0.0
4,gp_m52_pi,1,1,Q034,exploitation,0.4585317184932629,0.3707397238859998,11.544563800369769,1.0621800256906992,7.0,0.0,1.0,True,False,107033.0
4,gp_m52_pi,1,2,Q019,exploitation,0.4528657001451341,0.4047607323515868,11.515230248095667,1.1816994221923418,8.0,0.0,1.0,True,False,84493.0
4,gp_m52_pi,1,3,Q022,exploitation,0.3819826011675732,0.1881149982916036,11.44333767931094,0.7054618931350634,2.0,0.0,1.0,False,False,114383.0
4,gp_m52_pi,1,4,Q045,exploitation,0.3658750645779979,0.0813177170930288,11.544006210587574,0.3242899384894949,6.0,0.0,1.0,True,False,104181.0
4,gp_m52_pi,1,5,Q014,exploitation,0.3625721333224472,0.2885975841457719,11.245286546964332,1.1657993850943378,4.0,0.2000000029802322,0.800000011920929,False,False,108381.0
4,gp_m52_pi,2,1,Q060,exploitation,0.17752970957537,0.0766804732332006,10.918181130897477,0.7992205651888975,6.0,0.0,1.0,True,False,43612.0
4,gp_m52_pi,2,2,Q044,exploitation,0.148541066537785,0.0390661312158051,11.126617708621726,0.5089605345084525,6.0,0.0,1.0,True,False,54574.0
4,gp_m52_pi,2,3,Q012,exploitation,0.1326164540076506,0.0093915179966233,11.500511208912304,0.1407451484289201,8.0,0.0,1.0,True,False,1147.0
4,gp_m52_pi,2,4,Q028,exploitation,0.1216430187661549,0.0419526747328346,10.841871203673488,0.6988656531583661,8.0,0.0,1.0,True,False,55318.0
4,gp_m52_pi,2,5,Q053,exploitation,0.1116372788263883,0.0153402391097738,11.311841138123068,0.2836725021603445,2.0,0.0,1.0,False,False,110908.0
4,gp_m52_pi,3,1,Q017,exploitation,0.8317146655695713,1.0990585720781867,12.662547505685945,1.046066084927783,2.0,0.0,0.0,False,False,247107.0
4,gp_m52_pi,3,2,Q046,exploitation,0.7001789396843039,0.1120460540595273,11.739559446848745,0.1566785529216024,1.0,0.0,0.0,False,False,58386.0
4,gp_m52_pi,3,3,Q065,exploitation,0.1343554218728733,0.1087507074141065,9.883361746853964,1.6038848578597706,6.0,0.0,1.0,True,False,38100.0
4,gp_m52_pi,3,4,Q038,exploitation,0.0517487105865508,0.0063091372483814,11.18489994822107,0.290159061853648,2.0,0.0,0.0,False,False,80348.0
4,gp_m52_pi,3,5,Q059,exploitation,0.0469116652870046,0.009655819844492,10.823572701957138,0.4975894910669177,2.0,0.0,0.0,False,False,128632.0
4,gp_m52_pi,4,1,Q089,exploitation,0.0328486118653421,0.054644926851287,4.6216124287157,4.241258659044684,12.0,1.0,0.0,True,False,0.0
4,gp_m52_pi,4,2,Q073,exploitation,0.0186775568706781,0.0085029667299101,9.824220225797154,1.250496454275231,8.0,0.0,0.4000000059604645,True,False,31696.0
4,gp_m52_pi,4,3,Q031,exploitation,0.0158526884113244,0.0066723815065383,9.894423278361218,1.1792519080915962,2.0,0.0,0.0,False,False,62455.0
4,gp_m52_pi,4,4,Q083,exploitation,0.0138654731781225,0.0180077419868814,4.29225834692965,3.6960732879135674,9.0,1.0,0.0,True,False,0.0
4,gp_m52_pi,4,5,Q092,exploitation,0.0086117141120311,0.0117903448709726,2.6509692616246383,4.104537857172405,21.0,0.0,1.0,True,False,0.0
4,gp_m52_pi,5,1,Q033,exploitation,0.0076941407911745,0.0018667205095917,10.644571089083383,0.7358353285283655,3.0,0.0,0.0,False,False,76472.0
4,gp_m52_pi,5,2,Q003,exploitation,0.0046479118820182,0.0059130743107283,1.888613632126165,4.05192373046907,10.0,1.0,0.0,True,False,0.0
4,gp_m52_pi,5,3,Q072,exploitation,0.0011313017959323,0.0003739177824234,8.815189751284457,1.1830697310786809,4.0,0.0,1.0,False,False,57726.0
4,gp_m52_pi,5,4,Q078,exploitation,0.0010252621944231,0.0007164507930313,4.6605890088935285,2.5194477191146336,9.0,0.0,0.0,False,False,51868.0
4,gp_m52_pi,5,5,Q074,exploitation,0.0006170796798865,0.0002211099818677,8.10161509749237,1.3389494149062242,3.0,0.0,0.0,False,False,34285.0
4,gp_m52_pi,6,1,Q047,exploitation,0.0051134032839561,0.0020556751984468,9.16858777200446,1.2690462950397643,5.0,0.0,0.0,False,False,7770.0
4,gp_m52_pi,6,2,Q066,exploitation,0.0032268945521589,0.0011530923202208,9.224400088404872,1.1760021377935148,4.0,0.0,1.0,False,False,82233.0
4,gp_m52_pi,6,3,Q041,exploitation,0.0012438354893409,0.0003529423711797,9.376969123767218,1.0085209782960327,4.0,0.0,0.0,False,False,155410.0
4,gp_m52_pi,6,4,Q050,exploitation,0.0006006350861469,0.000155739159328,9.283916053215515,0.9706928054843356,2.0,0.0,1.0,False,False,6338.0
4,gp_m52_pi,6,5,Q002,exploitation,0.0004287886130938,0.0001963976294263,6.582223976601184,1.753514329176658,5.0,0.0,1.0,True,False,0.0
4,gp_m52_pi,7,1,Q058,exploitation,0.0029818149749372,0.0016027441925442,7.530087838314184,1.7810526018267157,5.0,0.0,1.0,True,False,60312.0
4,gp_m52_pi,7,2,Q088,exploitation,0.0003975516808772,0.0003758875328866,0.2255259525993409,3.637524931574642,10.0,0.0,1.0,True,False,0.0
4,gp_m52_pi,7,3,Q037,exploitation,2.1627118885631897e-05,5.844819173198777e-06,7.438237586057425,1.2200755967816317,2.0,0.0,1.0,False,False,76141.0
4,gp_m52_pi,7,4,Q042,exploitation,1.5422785707877404e-05,5.105258489193049e-06,6.101445555685343,1.5181028586879266,3.0,0.0,1.0,False,False,452.0
4,gp_m52_pi,7,5,Q009,exploitation,8.246010449295397e-06,3.5972607219701496e-06,3.5651898795409847,2.057310990058814,5.0,0.0,1.0,True,False,3295.0
4,gp_m52_pi,8,1,Q006,exploitation,5.551125968939965e-07,1.71394112565771e-07,4.545752583630425,1.618105668335967,5.0,0.0,1.0,True,False,2244.0
4,gp_m52_pi,8,2,Q015,exploitation,4.085582422246748e-07,1.251622643926633e-07,4.425127355331561,1.6228094024384272,3.0,0.0,1.0,False,False,48700.0
4,gp_m52_pi,8,3,Q039,exploitation,0.0004492838686189,0.0001698594892872,7.636134742278131,1.4429898759905562,1.0,0.0,0.0,False,False,28530.0
4,gp_m52_pi,8,4,Q043,exploitation,0.0002200198568857,8.09587174265406e-05,7.265652937846815,1.4686148392850464,1.0,0.0,0.0,False,False,1379.0
4,gp_m52_pi,8,5,Q062,exploitation,9.28189212440018e-05,4.000495322238216e-05,5.672571550809419,1.80721547501667,3.0,0.0,1.0,False,False,0.0
4,gp_m52_ei,1,1,Q053,exploitation,0.4400741144960224,0.28640866034633,11.523541787844929,0.8729894557588553,4.0,1.0,0.0,False,False,110908.0
4,gp_m52_ei,1,2,Q022,exploitation,0.4404563853831643,0.2861373428145194,11.524681391631898,0.871029708397631,2.0,0.0,1.0,False,False,114383.0
4,gp_m52_ei,1,3,Q088,exploitation,0.2787900171567406,0.2416494585731714,10.8332787399521,1.4014969718792505,17.0,0.0,1.0,True,False,0.0
4,gp_m52_ei,1,4,Q038,exploitation,0.2828565287541758,0.1757981523500773,11.080834523134852,0.9999325672061324,2.0,0.0,1.0,False,False,80348.0
4,gp_m52_ei,1,5,Q059,exploitation,0.2829237295757109,0.1757587517545966,11.0813452479825,0.999389019798742,4.0,1.0,0.0,False,False,128632.0
4,gp_m52_ei,2,1,Q028,exploitation,0.5251616477442365,0.7358734553925041,11.882401888805688,1.706203340470651,9.0,0.0,1.0,True,False,55318.0
4,gp_m52_ei,2,2,Q060,exploitation,0.5158966197586132,0.7341080448847946,11.844519561938183,1.7512626748548596,8.0,0.0,1.0,True,False,43612.0
4,gp_m52_ei,2,3,Q017,exploitation,0.4834610908887348,0.643168914182669,11.704262006522065,1.6990290483824486,3.0,0.0,1.0,False,False,247107.0
4,gp_m52_ei,2,4,Q065,exploitation,0.4291463701866512,0.576960656037264,11.448732403383572,1.8257640798468244,7.0,0.0,1.0,True,False,38100.0
4,gp_m52_ei,2,5,Q034,exploitation,0.6579864546370668,0.5743684006731183,12.14282279459612,0.9044905447603102,7.0,0.0,1.0,True,False,107033.0
4,gp_m52_ei,3,1,Q012,exploitation,0.1474279219305389,0.071872150149302,11.437517760270143,0.945141733629364,5.0,0.0,0.0,False,False,1147.0
4,gp_m52_ei,3,2,Q089,exploitation,0.025584620098914,0.0374066945843673,4.904751515800285,3.857746971468143,12.0,1.0,0.0,True,False,0.0
4,gp_m52_ei,3,3,Q044,exploitation,0.0260108906298989,0.0060727417851782,11.233318295881515,0.6146634457528471,6.0,0.0,0.6000000238418579,True,False,54574.0
4,gp_m52_ei,3,4,Q003,exploitation,0.0046843333422212,0.0057991741966262,2.1899563554100707,3.9401244385464977,10.0,0.800000011920929,0.2000000029802322,True,False,0.0
4,gp_m52_ei,3,5,Q083,exploitation,0.0044083905842474,0.0046153197207437,3.6516234979974143,3.3507813106912385,9.0,1.0,0.0,True,False,0.0
4,gp_m52_ei,4,1,Q073,exploitation,0.0517453009184134,0.0286790122699539,10.279942474857036,1.3190571192589318,8.0,0.0,1.0,True,False,31696.0
4,gp_m52_ei,4,2,Q074,exploitation,0.0187547722927884,0.0121764253665612,8.719755454251631,1.7824589193246991,7.0,0.0,1.0,True,False,34285.0
4,gp_m52_ei,4,3,Q072,exploitation,0.0070860976984694,0.0032705630055607,8.965317105465445,1.411515947928193,4.0,0.0,0.6000000238418579,False,False,57726.0
4,gp_m52_ei,4,4,Q078,exploitation,0.0022333100129954,0.0017278397196689,4.960006215308786,2.626489128286626,9.0,0.0,0.4000000059604645,True,False,51868.0
4,gp_m52_ei,4,5,Q046,exploitation,0.0154443917713393,0.0016970043537299,11.76103239485798,0.3088012959632751,1.0,0.0,0.0,False,False,58386.0
4,gp_m52_ei,5,1,Q047,exploitation,0.1413744866621922,0.1287197717297121,10.512480917951155,1.7828739465880774,5.0,0.0,0.0,False,False,7770.0
4,gp_m52_ei,5,2,Q019,exploitation,0.3387493716831383,0.10652733768802,12.230692958443427,0.4734260100909065,2.0,0.0,0.0,False,False,84493.0
4,gp_m52_ei,5,3,Q041,exploitation,0.1463494322856435,0.1063551330718217,10.942485963631285,1.4113926163881416,4.0,0.0,0.0,False,False,155410.0
4,gp_m52_ei,5,4,Q066,exploitation,0.0343970721728233,0.0184367624777755,9.957080899121337,1.3575895933981208,4.0,0.0,1.0,False,False,82233.0
4,gp_m52_ei,5,5,Q092,exploitation,0.0005537292117162,0.000485313036721,1.6667061914632022,3.2991602201106542,10.0,0.0,1.0,True,False,0.0
4,gp_m52_ei,6,1,Q045,exploitation,0.094284823390898,0.031215783319717,11.497146140352896,0.7076505014216405,2.0,0.0,0.0,False,False,104181.0
4,gp_m52_ei,6,2,Q058,exploitation,0.0009982805679448,0.0003200132395666,8.848463696622787,1.158011728758349,5.0,0.0,1.0,True,False,60312.0
4,gp_m52_ei,6,3,Q062,exploitation,0.0004963591443649,0.0002219111964417,6.845880748568549,1.6952347620165136,3.0,0.0,1.0,False,False,0.0
4,gp_m52_ei,6,4,Q031,exploitation,0.0005954174065902,0.0001731708173327,8.896620585656295,1.089443981380819,2.0,0.0,0.0,False,False,62455.0
4,gp_m52_ei,6,5,Q050,exploitation,3.503744297967274e-05,8.227417158386286e-06,8.309735231280435,1.035667265508727,2.0,0.0,1.0,False,False,6338.0
4,gp_m52_ei,7,1,Q033,exploitation,0.042585128792009,0.0182483592714634,10.617366204886372,1.0515674042649878,3.0,0.0,0.0,False,False,76472.0
4,gp_m52_ei,7,2,Q009,exploitation,0.0078648786614641,0.007026012819915,5.898586908603272,2.703375822424639,5.0,0.0,0.0,False,False,3295.0
4,gp_m52_ei,7,3,Q037,exploitation,0.0092040954324245,0.0055026588469956,8.231841972402844,1.7798890341019724,2.0,0.0,0.0,False,False,76141.0
4,gp_m52_ei,7,4,Q042,exploitation,0.007352332338653,0.0053814666935459,6.986942614623419,2.2301607606519926,3.0,0.0,1.0,False,False,452.0
4,gp_m52_ei,7,5,Q006,exploitation,0.005068071620551,0.0044618256073657,5.276125959085663,2.781422704052819,7.0,0.0,1.0,True,False,2244.0
4,gp_m52_ei,8,1,Q002,exploitation,0.0001053641164953,4.251682555670637e-05,6.200846796341797,1.680269155514756,5.0,0.0,0.0,False,False,0.0
4,gp_m52_ei,8,2,Q014,exploitation,0.0127059373619652,0.0051178416646688,9.839913111183645,1.1577499386092045,2.0,0.0,0.0,False,False,108381.0
4,gp_m52_ei,8,3,Q015,exploitation,1.1459812824603843e-08,2.713337981880828e-09,4.597355102801827,1.401161724776543,3.0,0.0,1.0,False,False,48700.0
4,gp_m52_ei,8,4,Q039,exploitation,4.2500999521571805e-06,1.0615055659650946e-06,7.034650851717288,1.2113003686804689,1.0,0.0,0.0,False,False,28530.0
4,gp_m52_ei,8,5,Q043,exploitation,1.969913784835437e-06,4.639748717629431e-07,6.992264481588419,1.1778695457115889,1.0,0.0,0.0,False,False,1379.0
4,pi_random_exploration,1,1,Q034,exploitation,0.4585341309608856,0.3707318047948312,11.54457350434327,1.0621488534561545,7.0,0.0,1.0,True,False,107033.0
4,pi_random_exploration,1,2,Q019,exploitation,0.4528636178734217,0.4047509375305993,11.515226450901618,1.1816790382104263,8.0,0.0,1.0,True,False,84493.0
4,pi_random_exploration,1,3,Q022,exploitation,0.3819775455731261,0.188113688927307,11.44332577854766,0.705470379946626,2.0,0.0,1.0,False,False,114383.0
4,pi_random_exploration,1,4,Q045,exploitation,0.365874499526096,0.0813190298908801,11.544003685150612,0.3242958845961247,6.0,0.0,1.0,True,False,104181.0
4,pi_random_exploration,1,5,Q014,random_exploration,0.3625582625104726,0.2885874362183134,11.245235636889582,1.1658215441993494,4.0,0.2000000029802322,0.800000011920929,False,False,108381.0
4,pi_random_exploration,2,1,Q060,exploitation,0.17752970957537,0.0766804732332006,10.918181130897477,0.7992205651888975,6.0,0.0,1.0,True,False,43612.0
4,pi_random_exploration,2,2,Q044,exploitation,0.148541066537785,0.0390661312158051,11.126617708621726,0.5089605345084525,6.0,0.0,1.0,True,False,54574.0
4,pi_random_exploration,2,3,Q012,exploitation,0.1326164540076506,0.0093915179966233,11.500511208912304,0.1407451484289201,8.0,0.0,1.0,True,False,1147.0
4,pi_random_exploration,2,4,Q028,exploitation,0.1216430187661549,0.0419526747328346,10.841871203673488,0.6988656531583661,8.0,0.0,1.0,True,False,55318.0
4,pi_random_exploration,2,5,Q065,random_exploration,0.0958974609109655,0.0504064374633714,10.195808653140656,1.1196825834726585,6.0,0.0,1.0,True,False,38100.0
4,pi_random_exploration,3,1,Q017,exploitation,0.8384489032747056,1.1230131914102497,12.691164192755936,1.046295453510553,2.0,0.0,0.0,False,False,247107.0
4,pi_random_exploration,3,2,Q046,exploitation,0.5410527190931638,0.1797110392237139,11.69824798321234,0.397060880862043,3.0,0.0,0.0,False,False,58386.0
4,pi_random_exploration,3,3,Q053,exploitation,0.3554823582930351,0.140740808553561,11.440683043091774,0.5846097882502876,2.0,0.0,1.0,False,False,110908.0
4,pi_random_exploration,3,4,Q038,exploitation,0.2684973148431671,0.0862344454067547,11.332616341727858,0.5259459909497056,2.0,0.0,0.0,False,False,80348.0
4,pi_random_exploration,3,5,Q041,random_exploration,0.0005565678825463,0.000173672535013,7.829124056637847,1.1742016757283622,4.0,0.0,0.0,False,False,155410.0
4,pi_random_exploration,4,1,Q047,exploitation,0.4420629517700306,0.2525121085627909,12.316163207754704,0.7644904839778478,2.0,0.0,0.0,False,False,7770.0
4,pi_random_exploration,4,2,Q074,exploitation,0.1407114772190769,0.1714399866008125,9.854953852862137,2.3884127167194165,7.0,0.0,1.0,True,False,34285.0
4,pi_random_exploration,4,3,Q078,exploitation,0.0941728446196208,0.1583398303702758,7.698892586980413,3.5946245149268816,9.0,0.0,1.0,True,False,51868.0
4,pi_random_exploration,4,4,Q003,exploitation,0.0494154307774697,0.0957486621391824,4.759527728346493,4.645761326059053,10.0,1.0,0.0,True,False,0.0
4,pi_random_exploration,4,5,Q031,random_exploration,0.0004781017648418,0.0001321679201299,8.956617199181016,1.0508182085123752,2.0,0.0,0.0,False,False,62455.0
4,pi_random_exploration,5,1,Q059,exploitation,0.0389688318293475,0.0149214973100762,10.748879504794992,0.9523035268256524,2.0,0.0,0.0,False,False,128632.0
4,pi_random_exploration,5,2,Q089,exploitation,0.0243126433827804,0.0393571986872562,3.948359757291061,4.30010729239793,12.0,1.0,0.0,True,False,0.0
4,pi_random_exploration,5,3,Q073,exploitation,0.015547113086603,0.007393929194214,9.548361393327658,1.3355287469138617,3.0,0.0,0.0,False,False,31696.0
4,pi_random_exploration,5,4,Q033,exploitation,0.0142630144710613,0.0051152171271946,10.199698189195582,1.0173094592149776,3.0,0.0,0.0,False,False,76472.0
4,pi_random_exploration,5,5,Q083,random_exploration,0.0114527304530292,0.0149739301952511,3.778411026865592,3.801819789564857,9.0,1.0,0.0,True,False,0.0
4,pi_random_exploration,6,1,Q072,exploitation,0.0013778270194084,0.0005319776209705,8.35095161391338,1.3617101451950353,4.0,0.0,0.0,False,False,57726.0
4,pi_random_exploration,6,2,Q066,exploitation,0.0005598339801457,0.000208589552336,7.860674883062314,1.4014969353040971,4.0,0.0,1.0,False,False,82233.0
4,pi_random_exploration,6,3,Q092,exploitation,0.0003910244952869,0.0003679575646314,0.2540338713813268,3.6240811710799816,11.0,0.0,1.0,True,False,0.0
4,pi_random_exploration,6,4,Q006,exploitation,0.0003643406148333,0.0001498726438011,7.050905655987366,1.59141311036522,5.0,0.0,0.0,False,False,2244.0
4,pi_random_exploration,6,5,Q088,random_exploration,0.000191541370249,0.0001782935886914,-0.8760367394653512,3.7459446341582927,14.0,0.0,1.0,True,False,0.0
4,pi_random_exploration,7,1,Q050,exploitation,0.0048149556919597,0.0017796553295169,9.38998411819158,1.173341594689439,2.0,0.0,0.4000000059604645,False,False,6338.0
4,pi_random_exploration,7,2,Q058,exploitation,0.0017424091097476,0.0008644870978974,7.407822221295498,1.718281922303388,5.0,0.0,1.0,True,False,60312.0
4,pi_random_exploration,7,3,Q037,exploitation,0.0001693665780425,4.876268757577132e-05,8.245284607308578,1.1670259729977053,2.0,0.0,0.0,False,False,76141.0
4,pi_random_exploration,7,4,Q002,exploitation,9.463579467248082e-05,3.4723297386347494e-05,6.690544424706692,1.5368756959126293,5.0,0.0,0.6000000238418579,True,False,0.0
4,pi_random_exploration,7,5,Q039,random_exploration,3.501318436024134e-06,8.932387035579911e-07,6.823647088168308,1.2470899225274157,3.0,0.0,1.0,False,False,28530.0
4,pi_random_exploration,8,1,Q042,exploitation,0.0831371554626206,0.0437157813876358,10.833273191387336,1.151727615359272,3.0,0.0,0.0,False,False,452.0
4,pi_random_exploration,8,2,Q009,exploitation,0.0645944957049077,0.05699477005432,9.35766930592612,2.0232621712693937,5.0,0.0,0.0,False,False,3295.0
4,pi_random_exploration,8,3,Q043,exploitation,0.0342710880485104,0.0144446429876486,10.4821105995074,1.0681029701164877,1.0,0.0,0.0,False,False,1379.0
4,pi_random_exploration,8,4,Q015,exploitation,0.0013106866650614,0.0004953831971305,8.401413219742066,1.3380562675219334,3.0,0.0,1.0,False,False,48700.0
4,pi_random_exploration,8,5,Q062,random_exploration,0.0007200661307113,0.000362592474095,6.495015834859961,1.8617900115863448,3.0,0.0,1.0,False,False,0.0
4,pi_uncertainty,1,1,Q012,exploitation,0.4545715573295323,0.0809163227182249,11.628366105567643,0.2348958082923057,8.0,1.0,0.0,True,False,1147.0
4,pi_uncertainty,1,2,Q073,exploitation,0.446394090104143,0.0320524795331525,11.642283551557451,0.0956300406654433,8.0,0.0,1.0,True,False,31696.0
4,pi_uncertainty,1,3,Q045,exploitation,0.4475456177503599,0.0330154130018446,11.642233454772006,0.098121929967248,6.0,0.0,1.0,True,False,104181.0
4,pi_uncertainty,1,4,Q022,exploitation,0.4404563820562551,0.286137832601316,11.524681159446818,0.8710312092051138,2.0,0.0,1.0,False,False,114383.0
4,pi_uncertainty,1,5,Q089,uncertainty_exploration,0.0088886614817894,0.0112788549847689,2.6682570066118654,3.7915894033535382,12.0,1.0,0.0,True,False,0.0
4,pi_uncertainty,2,1,Q053,exploitation,0.8090436524741974,0.6270398752309349,12.21699639426243,0.6400895412927198,2.0,0.0,1.0,False,False,110908.0
4,pi_uncertainty,2,2,Q046,exploitation,0.6672800976702362,0.2031631230859397,11.792082386286255,0.3116586902484421,3.0,0.0,1.0,False,False,58386.0
4,pi_uncertainty,2,3,Q034,exploitation,0.4173011600743113,0.4524425606643735,11.345742355263422,1.492194502374386,7.0,0.0,1.0,True,False,107033.0
4,pi_uncertainty,2,4,Q019,exploitation,0.2922753111592842,0.3029911255922449,10.755784016654442,1.6488939538160077,8.0,0.0,1.0,True,False,84493.0
4,pi_uncertainty,2,5,Q003,uncertainty_exploration,0.0065989937699163,0.0078825259176879,2.539253663783845,3.679038980538088,10.0,0.0,1.0,True,False,0.0
4,pi_uncertainty,3,1,Q044,exploitation,0.1941830159345844,0.1494475196681443,10.458212693737812,1.3901293001849335,6.0,0.0,1.0,True,False,54574.0
4,pi_uncertainty,3,2,Q060,exploitation,0.1712514626692981,0.1733259443988338,9.86288624303479,1.8904033409455716,6.0,0.0,1.0,True,False,43612.0
4,pi_uncertainty,3,3,Q017,exploitation,0.1531320297585371,0.1197506181646975,10.12040555731948,1.5022207294854508,3.0,0.0,1.0,False,False,247107.0
4,pi_uncertainty,3,4,Q065,exploitation,0.1436305251101452,0.1134114371126014,10.018109805581492,1.5403915726637547,6.0,0.0,1.0,True,False,38100.0
4,pi_uncertainty,3,5,Q083,uncertainty_exploration,0.0059190692913376,0.0065965251436079,2.925633870765209,3.46917582102563,9.0,1.0,0.0,True,False,0.0
4,pi_uncertainty,4,1,Q038,exploitation,0.004925277349456,0.0008580050559121,11.003238480918291,0.5518499858737643,2.0,0.0,0.0,False,False,80348.0
4,pi_uncertainty,4,2,Q074,exploitation,0.0048034366613161,0.0021090776777063,8.81712285554651,1.394178291622209,3.0,0.0,0.2000000029802322,False,False,34285.0
4,pi_uncertainty,4,3,Q059,exploitation,0.0047291865975969,0.0008853165845288,10.882820025043207,0.5952775321538459,2.0,0.0,0.0,False,False,128632.0
4,pi_uncertainty,4,4,Q031,exploitation,0.0032545541857632,0.0011166329946436,9.357509120037072,1.1283013142366978,3.0,0.0,0.0,False,False,62455.0
4,pi_uncertainty,4,5,Q088,uncertainty_exploration,8.102086464746807e-05,6.414484254792133e-05,-0.186276867293734,3.344209864893996,14.0,0.0,1.0,True,False,0.0
4,pi_uncertainty,5,1,Q078,exploitation,0.0075290317212984,0.0061922130386004,6.350344820502776,2.499912385814967,9.0,0.0,0.0,False,False,51868.0
4,pi_uncertainty,5,2,Q033,exploitation,0.002702157411555,0.0005394797653992,10.57174196992566,0.6671140743778913,3.0,0.0,0.0,False,False,76472.0
4,pi_uncertainty,5,3,Q014,exploitation,0.00126204355095,0.0002227260558456,10.535076627436762,0.6265659605269804,2.0,0.0,0.0,False,False,108381.0
4,pi_uncertainty,5,4,Q028,exploitation,0.000470418674155,9.243283583306132e-05,9.954457198916106,0.7476990416252408,4.0,0.0,0.0,False,False,55318.0
4,pi_uncertainty,5,5,Q092,uncertainty_exploration,1.7313109037816165e-05,1.0832774024425751e-05,0.6088513023582554,2.8542896379979124,10.0,0.0,1.0,True,False,0.0
4,pi_uncertainty,6,1,Q047,exploitation,0.0025053972647559,0.0008840567155582,9.097642848062,1.1865772153771743,5.0,0.0,0.0,False,False,7770.0
4,pi_uncertainty,6,2,Q041,exploitation,0.0006065519988162,0.0001550806110557,9.332484769422802,0.956522075462536,4.0,0.0,0.0,False,False,155410.0
4,pi_uncertainty,6,3,Q072,exploitation,0.000514088494236,0.0001599374104182,8.56410182822149,1.1769207959126906,4.0,0.0,0.0,False,False,57726.0
4,pi_uncertainty,6,4,Q006,exploitation,0.0003964638673724,0.0001510516569453,7.508711674534588,1.4660208474827745,5.0,0.0,1.0,True,False,2244.0
4,pi_uncertainty,6,5,Q009,uncertainty_exploration,1.7498516745498876e-05,6.726489588900267e-06,5.174496692310235,1.752695050447164,5.0,0.0,1.0,True,False,3295.0
4,pi_uncertainty,7,1,Q066,exploitation,0.00356519892601,0.0014612739418797,8.82973477168245,1.3371452082580757,4.0,0.0,1.0,False,False,82233.0
4,pi_uncertainty,7,2,Q050,exploitation,0.0016270996836018,0.0005543338463136,8.936867868785768,1.186249548798722,2.0,0.0,0.6000000238418579,False,False,6338.0
4,pi_uncertainty,7,3,Q058,exploitation,0.0010290834212263,0.0004718670101667,7.334313182445791,1.6527418313726996,5.0,0.0,1.0,True,False,60312.0
4,pi_uncertainty,7,4,Q037,exploitation,8.646867372557533e-05,2.4944858015586095e-05,7.867167191017144,1.2143019243086013,2.0,0.0,0.0,False,False,76141.0
4,pi_uncertainty,7,5,Q062,uncertainty_exploration,7.588585280585027e-08,2.311695160810932e-08,3.474451296590524,1.7052290286336655,4.0,0.6000000238418579,0.4000000059604645,False,False,0.0
4,pi_uncertainty,8,1,Q042,exploitation,0.0065598550689387,0.0023963552225557,9.635046497939513,1.1257934743302902,3.0,0.0,1.0,False,False,452.0
4,pi_uncertainty,8,2,Q043,exploitation,0.001868978446218,0.0005921161804527,9.263899597292514,1.091124450874846,1.0,0.0,0.0,False,False,1379.0
4,pi_uncertainty,8,3,Q002,exploitation,5.520967779612127e-05,2.00698226336545e-05,6.369268298155111,1.5668822400225877,5.0,0.0,0.0,False,False,0.0
4,pi_uncertainty,8,4,Q015,exploitation,4.593418775766314e-06,1.2452211367382635e-06,6.614739224344093,1.3105333944378434,3.0,0.0,1.0,False,False,48700.0
4,pi_uncertainty,8,5,Q039,uncertainty_exploration,2.4228470456690643e-06,4.958241713444977e-07,7.786818260059204,1.015182067213354,1.0,0.0,0.0,False,False,28530.0
4,imperfection_aware,1,1,Q022,exploitation,0.4404567608823753,0.2861383812345646,11.524681913705814,0.8710317577986465,2.0,0.0,1.0,False,False,114383.0
4,imperfection_aware,1,2,Q053,exploitation,0.4400744894228075,0.2864096921002121,11.52354231131396,0.8729914875071967,4.0,1.0,0.0,False,False,110908.0
4,imperfection_aware,1,3,Q046,exploitation,0.4325585327246758,0.0212679444992462,11.643873966336788,0.0665138827310788,3.0,0.6000000238418579,0.4000000059604645,False,False,58386.0
4,imperfection_aware,1,4,Q014,exploitation,0.4032125823743754,0.0123934682853742,11.64463991434147,0.0429821750074667,4.0,0.2000000029802322,0.800000011920929,False,False,108381.0
4,imperfection_aware,1,5,Q012,suspicious_exploration,0.4545714782614686,0.0809153134966545,11.628366385990212,0.2348929404098497,8.0,1.0,0.0,True,False,1147.0
4,imperfection_aware,2,1,Q017,exploitation,0.2325230070430931,0.2841099641006455,10.126963202161969,2.0947583255959272,2.0,0.0,1.0,False,False,247107.0
4,imperfection_aware,2,2,Q038,exploitation,0.0577275103369392,0.0151938701280018,10.688874650925468,0.6152195236268613,2.0,0.0,0.0,False,False,80348.0
4,imperfection_aware,2,3,Q031,exploitation,0.0251511824236307,0.0223325166806014,7.061078354473481,2.3481537942465085,3.0,0.0,1.0,False,False,62455.0
4,imperfection_aware,2,4,Q033,exploitation,0.0187322755352747,0.0122907593212407,7.908742385979736,1.8016228161589685,3.0,0.0,1.0,False,False,76472.0
4,imperfection_aware,2,5,Q034,suspicious_exploration,0.1738575920909771,0.1773530986428197,9.875140195456332,1.8978900672406205,7.0,0.0,1.0,True,False,107033.0
4,imperfection_aware,3,1,Q019,exploitation,0.0324942697808399,0.0082740983957323,11.227752958533165,0.6501944333945507,2.0,0.0,0.0,False,False,84493.0
4,imperfection_aware,3,2,Q002,exploitation,0.0074926254215284,0.0045250123955698,7.95959452551696,1.8366100981218385,5.0,0.0,0.0,False,False,0.0
4,imperfection_aware,3,3,Q006,exploitation,0.0064801281913791,0.0034268025854444,8.373125214622764,1.6316638847297191,5.0,0.0,0.0,False,False,2244.0
4,imperfection_aware,3,4,Q028,exploitation,0.0038658079907797,0.0015478169711721,8.973418388918475,1.2968164729203344,5.0,0.0,0.0,False,False,55318.0
4,imperfection_aware,3,5,Q065,suspicious_exploration,0.1062875601760191,0.0796987129685734,10.477947353840488,1.5640664424956208,6.0,0.0,1.0,True,False,38100.0
4,imperfection_aware,4,1,Q060,exploitation,0.3224698334897775,0.3398395626006715,11.682446324810249,1.6170333226687166,4.0,0.0,1.0,False,False,43612.0
4,imperfection_aware,4,2,Q047,exploitation,0.088696106495607,0.0970992548305247,9.23329318116328,2.368194864366118,5.0,0.0,0.0,False,False,7770.0
4,imperfection_aware,4,3,Q041,exploitation,0.0556390289590117,0.0448102799257841,9.411232721011826,1.894126061104016,4.0,0.0,0.0,False,False,155410.0
4,imperfection_aware,4,4,Q072,exploitation,0.0350534522391691,0.0351333798568318,7.842122703527793,2.5316967103830135,4.0,0.0,1.0,False,False,57726.0
4,imperfection_aware,4,5,Q078,suspicious_exploration,0.1497086358715976,0.3374061640947647,7.910263413238824,4.353269452794547,11.0,0.0,1.0,True,False,51868.0
4,imperfection_aware,5,1,Q074,exploitation,0.2904371045561642,0.4438844947565409,11.08245590955536,2.4363427384326446,6.0,0.0,0.0,False,False,34285.0
4,imperfection_aware,5,2,Q073,exploitation,0.253985320742523,0.2983579929253123,11.13072122599767,1.9589996487575023,4.0,0.0,0.0,False,False,31696.0
4,imperfection_aware,5,3,Q044,exploitation,0.0743053211514469,0.0411635181074874,10.637884681924328,1.2390101317639286,5.0,0.0,0.0,False,False,54574.0
4,imperfection_aware,5,4,Q059,exploitation,0.0442281924958652,0.0186514206652758,10.674803564982875,1.028868392339617,2.0,0.0,0.0,False,False,128632.0
4,imperfection_aware,5,5,Q092,suspicious_exploration,0.0661679167410648,0.1481662691066664,4.732498621578691,5.11316674882383,21.0,0.0,1.0,True,False,0.0
4,imperfection_aware,6,1,Q045,exploitation,0.0518740082537025,0.0204652788724823,10.900586947165952,0.9385630420584506,2.0,0.0,0.0,False,False,104181.0
4,imperfection_aware,6,2,Q066,exploitation,0.0090150049374082,0.004920162268659,8.576391889498671,1.6284088098395688,4.0,0.0,1.0,False,False,82233.0
4,imperfection_aware,6,3,Q050,exploitation,0.0012374915657568,0.0004813719585517,8.241832663120846,1.3830858968911657,2.0,0.0,1.0,False,False,6338.0
4,imperfection_aware,6,4,Q042,exploitation,0.0001010536817607,4.2753665217393406e-05,5.865359763341096,1.7657620204120044,3.0,0.0,1.0,False,False,452.0
4,imperfection_aware,6,5,Q083,suspicious_exploration,0.0230076725351851,0.035516140922176,4.186966322150264,4.130111023968435,9.0,1.0,0.0,True,False,0.0
4,imperfection_aware,7,1,Q037,exploitation,6.004447597959954e-06,1.3403063833972132e-06,7.7564393515442145,1.0670976737831437,2.0,0.0,0.0,False,False,76141.0
4,imperfection_aware,7,2,Q062,exploitation,9.594494407458174e-07,3.085181590446725e-07,4.55967875775284,1.6523016447405567,3.0,0.0,1.0,False,False,0.0
4,imperfection_aware,7,3,Q015,exploitation,6.308437550939469e-11,1.2491347068224832e-11,3.8652340957116857,1.3312687548500388,3.0,0.0,1.0,False,False,48700.0
4,imperfection_aware,7,4,Q043,exploitation,4.0951014695454024e-08,8.017933845356147e-09,6.438200742659533,1.1168200056836357,2.0,0.2000000029802322,0.800000011920929,False,False,1379.0
4,imperfection_aware,7,5,Q003,suspicious_exploration,0.0180524874040468,0.0308261862009165,2.556508572014975,4.710058014824194,10.0,1.0,0.0,True,False,0.0
4,imperfection_aware,8,1,Q009,exploitation,0.0335451891783315,0.0323823220899942,7.934468452916212,2.45382042356429,5.0,0.0,0.0,False,True,3295.0
4,imperfection_aware,8,2,Q058,exploitation,0.0187576443006049,0.01624809523455,7.480897072889801,2.378085605533958,5.0,0.0,0.0,False,True,60312.0
4,imperfection_aware,8,3,Q039,exploitation,0.0021513793765819,0.0011063637730628,7.427871087599493,1.7511699621247148,1.0,0.0,0.0,False,True,28530.0
4,imperfection_aware,8,4,Q089,exploitation,0.0070400611597304,0.009858677675543,1.9059013217187104,4.2854450640254775,11.0,1.0,0.0,True,True,0.0
4,imperfection_aware,8,5,Q088,suspicious_exploration,0.0010037972333608,0.0011139488717577,0.0488621188465572,4.007216513631065,10.0,0.0,1.0,True,True,0.0
5,random,1,1,Q021,random,0.313541273872964,0.1480976627883808,11.895899382775584,0.7324254685507506,2.0,0.0,0.0,False,False,67531.0
5,random,1,2,Q026,random,0.0135274847156958,0.0035439840706094,10.59881103365915,0.7476863185616015,2.0,0.0,0.0,False,False,99186.0
5,random,1,3,Q036,random,1.0630844940255184e-10,3.210037302928731e-11,-0.4966053620341499,2.00700026504482,2.0,0.0,1.0,False,False,0.0
5,random,1,4,Q076,random,0.1472563877995127,0.2066715907319714,9.398628927970496,2.7217238550356253,9.0,0.0,0.0,False,False,34391.0
5,random,1,5,Q059,random,0.0869708036250969,0.0318652476111354,11.169984098882717,0.7956144112905119,2.0,0.0,0.0,False,False,128632.0
5,random,2,1,Q007,random,0.1072202674680142,0.1637218125709622,8.304880130807584,3.17923980280997,7.0,0.0,0.0,False,False,0.0
5,random,2,2,Q019,random,0.0709736980140212,0.0220725582238408,11.221734330382748,0.7013620844964581,7.0,0.0,0.0,False,False,84493.0
5,random,2,3,Q023,random,0.0661683355811555,0.0362500682145797,10.36909337905884,1.250968021562331,1.0,0.0,0.0,False,False,130578.0
5,random,2,4,Q081,random,5.073070713359312e-07,2.140787275733471e-07,1.405644669050023,2.218567476377074,9.0,0.0,1.0,True,False,0.0
5,random,2,5,Q025,random,1.0612540065036022e-09,1.4845201457727164e-10,6.975830826749152,0.8810591876666105,3.0,0.0,0.800000011920929,False,False,51808.0
5,random,3,1,Q042,random,0.1621707084605869,0.0750325864261782,11.388129073384608,0.8762492699565374,2.0,0.0,1.0,False,False,452.0
5,random,3,2,Q074,random,0.2069751484098264,0.5905829000692023,8.115761419706478,5.06263314925392,3.0,0.0,0.0,False,False,34285.0
5,random,3,3,Q013,random,3.413565250672985e-17,4.4426005501692505e-18,2.9276229314231896,1.1166625330333229,4.0,0.0,1.0,False,False,2639.0
5,random,3,4,Q055,random,0.0027482187850509,0.0002344741953934,11.46135059704392,0.2846809170668705,3.0,0.0,0.0,False,False,171271.0
5,random,3,5,Q001,random,0.0471722328620092,0.0963276288627533,4.000439505439234,4.932295048657695,11.0,0.0,1.0,True,False,4553.0
5,random,4,1,Q028,random,0.2027084181464837,0.4077504870469184,9.264862470382916,3.590056124563897,8.0,0.0,0.0,False,False,55318.0
5,random,4,2,Q048,random,0.2011664192090397,0.2470554674351249,10.412172093839276,2.1965970131289674,4.0,0.0,1.0,False,False,42637.0
5,random,4,3,Q067,random,0.0041407023458693,0.0043344759334672,3.354899655761898,3.3695347549256773,7.0,0.0,0.0,False,False,75311.0
5,random,4,4,Q075,random,0.0016421711924113,0.001914767996166,0.3250415063662801,4.056988921786757,6.0,0.0,1.0,True,False,0.0
5,random,4,5,Q082,random,0.006980387947972,0.0095052798851736,1.9990388236143064,4.170695546843958,7.0,0.0,1.0,True,False,0.0
5,random,5,1,Q063,random,0.9536464141510772,2.6243477237992368,14.846549514542874,1.5433477224565135,4.0,0.0,0.0,False,False,38893.0
5,random,5,2,Q044,random,0.9618472177286634,1.689362809340902,13.926651406142865,0.9449241594800132,5.0,0.0,1.0,True,False,54574.0
5,random,5,3,Q004,random,0.1984162010039978,0.8013789286781159,6.107371126188243,7.251771611611538,9.0,0.2000000029802322,0.800000011920929,True,False,0.0
5,random,5,4,Q022,random,3.97023627641514e-06,1.601088506107943e-07,11.375676223313263,0.1961283580247497,1.0,0.0,0.0,False,False,114383.0
5,random,5,5,Q029,random,3.0618888392209787e-20,2.789310109501648e-22,11.472744122833738,0.0852093978637993,1.0,0.0,0.0,False,False,119441.0
5,random,6,1,Q031,random,0.3525934486793041,0.2900968877946946,11.790583886090385,1.2189290880120405,2.0,0.0,0.0,False,False,62455.0
5,random,6,2,Q093,random,0.1872941474446329,0.6998641502775445,6.199499886818924,6.816262975279312,19.0,0.0,1.0,True,False,0.0
5,random,6,3,Q088,random,0.0679666478103104,0.1770923241995475,3.4219574453616346,5.921626726966689,17.0,0.0,1.0,True,False,0.0
5,random,6,4,Q060,random,0.0213444595075146,0.0097149692026229,9.759780988340188,1.2295395056003555,2.0,0.0,0.0,False,False,43612.0
5,random,6,5,Q043,random,1.9939152220162748e-93,3.0080220859787215e-95,5.900439104059872,0.3102738659572954,1.0,0.0,0.0,False,False,1379.0
5,random,7,1,Q050,random,0.0921911143539025,0.0337427601230429,11.208686154180697,0.7857967998271177,8.0,0.0,1.0,True,False,6338.0
5,random,7,2,Q057,random,9.41903477924333e-05,6.716001401850915e-05,1.096560284616192,2.987373391361438,5.0,0.0,1.0,True,False,0.0
5,random,7,3,Q035,random,0.1270721972921019,0.0414789927645181,11.504751990596349,0.6550559780445,3.0,0.0,0.4000000059604645,False,False,50709.0
5,random,7,4,Q012,random,0.0125691488340323,0.0040867534254214,10.156452569251735,0.9357002942805618,5.0,0.0,0.6000000238418579,True,False,1147.0
5,random,7,5,Q027,random,0.066416585799658,0.1825816085757915,2.8231132324722275,6.273109036902088,7.0,1.0,0.0,True,False,0.0
5,random,8,1,Q014,random,4.766754731924353e-06,4.501488883302154e-07,10.23354713746618,0.455831839321207,2.0,0.0,0.0,False,False,108381.0
5,random,8,2,Q020,random,0.0050492098914663,0.0006151752402167,11.261202957120458,0.3850568609776318,2.0,0.0,0.0,False,False,101000.0
5,random,8,3,Q039,random,1.1797452889345932e-08,7.779909165438545e-10,10.074579985625611,0.3899387772766191,1.0,0.0,0.0,False,False,28530.0
5,random,8,4,Q033,random,0.3249666467998687,0.2156195106696873,11.79103013874312,1.015101681948151,2.0,0.0,0.0,False,False,76472.0
5,random,8,5,Q056,random,0.2437214499229302,0.1051849272009886,11.745384390267194,0.7292165394571425,3.0,0.0,0.0,False,False,94093.0
5,gp_m52_pi,1,1,Q029,exploitation,0.5635929059998901,0.3474210233711625,12.366629496792552,0.7176849113049049,1.0,0.0,0.0,False,False,119441.0
5,gp_m52_pi,1,2,Q033,exploitation,0.3478450121735799,0.2114420976262543,11.897550835797514,0.9055160957225328,3.0,0.0,0.0,False,False,76472.0
5,gp_m52_pi,1,3,Q021,exploitation,0.313541273872964,0.1480976627883808,11.895899382775584,0.7324254685507506,2.0,0.0,0.0,False,False,67531.0
5,gp_m52_pi,1,4,Q044,exploitation,0.2187981826099044,0.6030375858627401,8.51637181795485,4.812014432653347,5.0,0.0,1.0,True,False,54574.0
5,gp_m52_pi,1,5,Q057,exploitation,0.1844095837938777,0.2745697531681323,9.800709426989384,2.7273437119518524,6.0,0.0,1.0,True,False,0.0
5,gp_m52_pi,2,1,Q074,exploitation,0.1361848411200591,0.3035771710860775,7.41855770486622,4.403321249217002,3.0,0.0,0.0,False,False,34285.0
5,gp_m52_pi,2,2,Q001,exploitation,0.1250395559865243,0.3512820472728092,5.743936895532402,5.658184653964428,10.0,0.0,1.0,True,False,4553.0
5,gp_m52_pi,2,3,Q026,exploitation,0.1018943543859124,0.0219288967393479,11.676256714222472,0.4528392606133894,2.0,0.0,0.0,False,False,99186.0
5,gp_m52_pi,2,4,Q050,exploitation,0.0817881050390242,0.1589827393867726,6.301869042214917,4.270821513890184,8.0,0.0,1.0,True,False,6338.0
5,gp_m52_pi,2,5,Q031,exploitation,0.0774213311682348,0.1535223525599352,5.989804658344918,4.401652202898932,2.0,0.0,0.0,False,False,62455.0
5,gp_m52_pi,3,1,Q019,exploitation,0.473638468426765,0.1271338449620516,12.228816204508783,0.3466490918308989,7.0,0.0,0.0,False,False,84493.0
5,gp_m52_pi,3,2,Q023,exploitation,0.3119050173910487,0.1114912571342232,11.979360853164188,0.5553549329986004,1.0,0.0,0.0,False,False,130578.0
5,gp_m52_pi,3,3,Q007,exploitation,0.2250123628143459,0.2909188839180431,10.56072904411248,2.2386398836677106,7.0,0.0,0.0,False,False,0.0
5,gp_m52_pi,3,4,Q063,exploitation,0.2222487559562254,0.1217240601871101,11.523957671853289,0.9518201856901064,7.0,0.0,0.0,False,False,38893.0
5,gp_m52_pi,3,5,Q013,exploitation,0.1991142644315041,0.1946421870024014,10.770446101012794,1.7534466808162628,4.0,0.0,0.0,False,False,2639.0
5,gp_m52_pi,4,1,Q035,exploitation,0.4206168888200577,0.4063260521610423,11.986407961211611,1.3245650183327808,3.0,0.0,0.0,False,False,50709.0
5,gp_m52_pi,4,2,Q067,exploitation,0.2334219233311699,0.2248156824987441,11.051704140906544,1.6492515334011764,4.0,0.0,0.0,False,False,75311.0
5,gp_m52_pi,4,3,Q028,exploitation,0.2270267286778939,0.0653228976088884,11.879741718603338,0.4968745258875818,5.0,0.0,0.0,False,False,55318.0
5,gp_m52_pi,4,4,Q056,exploitation,0.2198232911861387,0.1192806380445469,11.52062343886584,0.9460725286592804,5.0,0.0,0.0,False,False,94093.0
5,gp_m52_pi,4,5,Q093,exploitation,0.2029278476054419,0.8300477762690486,6.185526604179399,7.298060978417788,19.0,0.0,1.0,True,False,0.0
5,gp_m52_pi,5,1,Q055,exploitation,0.5053654104751581,0.3030729626490785,12.261786167562704,0.7470314018909424,3.0,0.0,0.0,False,False,171271.0
5,gp_m52_pi,5,2,Q076,exploitation,0.3672901411592616,0.9193755539540456,11.015476241477792,3.6463722491247066,8.0,0.0,0.0,False,False,34391.0
5,gp_m52_pi,5,3,Q020,exploitation,0.2904418545939937,0.0940812581764875,11.966653404719128,0.5163710967577606,2.0,0.0,0.0,False,False,101000.0
5,gp_m52_pi,5,4,Q012,exploitation,0.2612926785580309,0.3967033285875722,10.64778155291086,2.508671605109035,5.0,0.0,0.0,False,False,1147.0
5,gp_m52_pi,5,5,Q059,exploitation,0.1365819060547564,0.047865162829396,11.493673137996453,0.6917885462600225,2.0,0.0,0.0,False,False,128632.0
5,gp_m52_pi,6,1,Q004,exploitation,0.2185067339851288,0.9247841389720276,6.506200769171998,7.392171786926248,8.0,1.0,0.0,True,False,0.0
5,gp_m52_pi,6,2,Q081,exploitation,0.1779020121876185,0.6939312352006126,5.590816281908884,7.213553333210183,9.0,1.0,0.0,True,False,0.0
5,gp_m52_pi,6,3,Q088,exploitation,0.1290082676518794,0.4614565927240877,4.160189956437034,7.153752132510276,12.0,0.0,1.0,True,False,0.0
5,gp_m52_pi,6,4,Q060,exploitation,0.1053994364330795,0.1091162349452415,9.544775145102705,2.1631971397550944,2.0,0.0,0.0,False,False,43612.0
5,gp_m52_pi,6,5,Q027,exploitation,0.060621178846621,0.1606464586244308,2.732172365721013,6.143320538618751,7.0,0.0,1.0,True,False,0.0
5,gp_m52_pi,7,1,Q075,exploitation,0.0429414791772248,0.0826800755332756,4.146880408129894,4.71891237399568,6.0,0.0,1.0,True,False,0.0
5,gp_m52_pi,7,2,Q082,exploitation,0.0221287536193453,0.0434822795141989,1.6227199186123906,5.283748284563577,7.0,1.0,0.0,True,False,0.0
5,gp_m52_pi,7,3,Q042,exploitation,0.0005373186639742,0.0002087414020889,7.459832413340544,1.4653161022393475,3.0,0.0,1.0,False,False,452.0
5,gp_m52_pi,7,4,Q022,exploitation,0.0002070794641653,1.0732048182428757e-05,11.51872917931011,0.2075989700977399,1.0,0.0,0.0,False,False,114383.0
5,gp_m52_pi,7,5,Q043,exploitation,0.000202471076775,6.854480412226012e-05,7.449008691868856,1.3579149305431637,2.0,0.0,1.0,False,False,1379.0
5,gp_m52_pi,8,1,Q014,exploitation,7.221142252428952e-06,8.003458241947159e-07,9.971797637347592,0.5256922079136707,2.0,0.0,0.0,False,False,108381.0
5,gp_m52_pi,8,2,Q025,exploitation,1.9660008102909074e-23,7.168881501515425e-25,8.602912901568372,0.3683561438525497,1.0,0.0,0.0,False,False,51808.0
5,gp_m52_pi,8,3,Q036,exploitation,1.6910732316932317e-33,1.6872345338113698e-34,-2.3209191358754824,1.2139756918856015,2.0,0.0,1.0,False,False,0.0
5,gp_m52_pi,8,4,Q039,exploitation,1.6163339262555273e-33,5.830288119694074e-35,6.980027415319771,0.439023316962943,1.0,0.0,0.0,False,False,28530.0
5,gp_m52_pi,8,5,Q048,exploitation,7.943158867902599e-12,6.740276598452001e-13,8.237483432459523,0.5956254513494327,3.0,0.0,0.2000000029802322,False,False,42637.0
5,gp_m52_ei,1,1,Q044,exploitation,0.2187981826099044,0.6030375858627401,8.51637181795485,4.812014432653347,5.0,0.0,1.0,True,False,54574.0
5,gp_m52_ei,1,2,Q007,exploitation,0.1803610609219416,0.4049305762865206,8.470633105548401,4.136922763505735,7.0,0.0,0.0,False,False,0.0
5,gp_m52_ei,1,3,Q013,exploitation,0.1772921822408817,0.3697954224829718,8.677663560852139,3.860802759061468,5.0,0.0,0.0,False,False,2639.0
5,gp_m52_ei,1,4,Q029,exploitation,0.5635929059998901,0.3474210233711625,12.366629496792552,0.7176849113049049,1.0,0.0,0.0,False,False,119441.0
5,gp_m52_ei,1,5,Q074,exploitation,0.1309938186680347,0.2950255101111967,7.21669600469769,4.488738395489882,3.0,0.0,0.0,False,False,34285.0
5,gp_m52_ei,2,1,Q035,exploitation,0.3548243536669683,1.0393582918930062,10.640089377726804,4.328575626319615,3.0,0.0,1.0,False,False,50709.0
5,gp_m52_ei,2,2,Q023,exploitation,0.3544105789561774,1.033939335357667,10.64105966476768,4.313089815210896,2.0,0.0,0.0,False,False,130578.0
5,gp_m52_ei,2,3,Q026,exploitation,0.353376377477389,1.0304923997971174,10.627807425981446,4.316432148842813,2.0,0.0,0.0,False,False,99186.0
5,gp_m52_ei,2,4,Q048,exploitation,0.338834271463437,0.9772369030917928,10.447211275736846,4.341494019727059,5.0,0.0,0.800000011920929,True,False,42637.0
5,gp_m52_ei,2,5,Q020,exploitation,0.3548266500448622,0.9682120525772914,10.750448711257928,4.03223885132143,2.0,0.0,0.0,False,False,101000.0
5,gp_m52_ei,3,1,Q067,exploitation,0.4267143090679259,1.3630824275252036,11.448111372593765,4.349915893560118,7.0,0.0,0.0,False,False,75311.0
5,gp_m52_ei,3,2,Q050,exploitation,0.4773371038772256,1.3517190640943142,12.044745982268402,3.64180351103468,8.0,0.0,1.0,True,False,6338.0
5,gp_m52_ei,3,3,Q019,exploitation,0.398002478346858,1.2417690815289546,11.117138247864505,4.388817023292591,7.0,0.0,0.0,False,False,84493.0
5,gp_m52_ei,3,4,Q063,exploitation,0.4799032881028163,1.2482500187341266,12.083650556557869,3.335331756862143,7.0,0.0,0.0,False,False,38893.0
5,gp_m52_ei,3,5,Q056,exploitation,0.4905231589513512,1.1258131704159495,12.182659030603109,2.9077534598272528,5.0,0.0,0.0,False,False,94093.0
5,gp_m52_ei,4,1,Q093,exploitation,0.1794660716721853,0.6207219890330844,6.397295196659243,6.381548346532051,19.0,0.2000000029802322,0.800000011920929,True,False,0.0
5,gp_m52_ei,4,2,Q012,exploitation,0.5781204977566916,0.4827697103447966,12.440072645094386,0.9555836804698116,7.0,0.0,0.0,False,False,1147.0
5,gp_m52_ei,4,3,Q082,exploitation,0.167960170868329,0.4586933905035881,7.31889693157445,5.126322998812734,7.0,0.0,1.0,True,False,0.0
5,gp_m52_ei,4,4,Q088,exploitation,0.091497212356525,0.2639941180844074,3.990930133512806,6.203710508089768,17.0,0.0,1.0,True,False,0.0
5,gp_m52_ei,4,5,Q014,exploitation,0.5127523506562421,0.2133763834829321,12.268171892526926,0.5139970000477724,2.0,0.0,0.0,False,False,108381.0
5,gp_m52_ei,5,1,Q059,exploitation,0.2732638806261868,0.1243757296591876,11.80496600950662,0.7409522473268713,2.0,0.0,0.0,False,False,128632.0
5,gp_m52_ei,5,2,Q076,exploitation,0.0749822371924391,0.07050609685813,9.229073274933436,2.099573558325486,8.0,0.0,0.0,False,False,34391.0
5,gp_m52_ei,5,3,Q022,exploitation,0.1834261200748038,0.038552510391071,11.90382195184532,0.3855526347637368,1.0,0.0,0.0,False,False,114383.0
5,gp_m52_ei,5,4,Q081,exploitation,0.02121555631149,0.0363275725418819,2.8579399814617723,4.6291589266812485,8.0,1.0,0.0,True,False,0.0
5,gp_m52_ei,5,5,Q060,exploitation,0.077195997641841,0.0299792189718057,11.02336167459238,0.8625105055458007,2.0,0.0,0.0,False,False,43612.0
5,gp_m52_ei,6,1,Q004,exploitation,0.0068839061889318,0.0110389519010874,0.1365571859736514,4.9183428868977686,8.0,0.0,1.0,True,False,0.0
5,gp_m52_ei,6,2,Q057,exploitation,0.0237460531526001,0.0074962716773384,10.584649057753497,0.8411637725111168,6.0,0.0,1.0,True,False,0.0
5,gp_m52_ei,6,3,Q055,exploitation,0.0240376378107583,0.0050545358242215,11.14596790569608,0.559401884752121,3.0,0.0,0.0,False,False,171271.0
5,gp_m52_ei,6,4,Q075,exploitation,0.0096077407534352,0.0036161113663866,9.640121459088936,1.1154447108201098,6.0,0.0,1.0,True,False,0.0
5,gp_m52_ei,6,5,Q021,exploitation,0.0162128886387921,0.0029743472156274,11.155167950174464,0.512626651201145,2.0,0.0,0.0,False,False,67531.0
5,gp_m52_ei,7,1,Q031,exploitation,0.1356683393913563,0.0933203644946825,10.755818899416797,1.3599402691643347,2.0,0.0,0.0,False,False,62455.0
5,gp_m52_ei,7,2,Q033,exploitation,0.1399264220676622,0.0725660504588466,11.15168002840266,1.0179604601450452,3.0,0.0,0.0,False,False,76472.0
5,gp_m52_ei,7,3,Q027,exploitation,0.0126527049086888,0.0185933316122767,2.799746382477112,4.225849433206461,7.0,0.0,1.0,True,False,0.0
5,gp_m52_ei,7,4,Q028,exploitation,0.0138471894796793,0.0049093298331191,10.030073688986048,1.009119161090149,4.0,0.0,0.0,False,False,55318.0
5,gp_m52_ei,7,5,Q042,exploitation,0.0104104594564528,0.0042720121098245,9.46501762781548,1.2057380907971764,4.0,0.0,1.0,False,False,452.0
5,gp_m52_ei,8,1,Q001,exploitation,0.0110389266576821,0.0154862907282435,2.8762877553787076,4.095825923636478,10.0,0.2000000029802322,0.800000011920929,True,False,4553.0
5,gp_m52_ei,8,2,Q025,exploitation,0.0281394528162435,0.0091749120167382,10.630430966764052,0.8493550006716376,2.0,0.0,0.0,False,False,51808.0
5,gp_m52_ei,8,3,Q036,exploitation,0.0003026812808671,0.000267607139991,0.3846275784335855,3.460606062665909,2.0,0.0,1.0,False,False,0.0
5,gp_m52_ei,8,4,Q039,exploitation,2.3143548908962725e-05,2.485411039580208e-06,10.283087908673552,0.4832676856132157,2.0,0.0,0.0,False,False,28530.0
5,gp_m52_ei,8,5,Q043,exploitation,6.482520174816964e-31,3.13168529939599e-32,5.766585428997378,0.5638531039536427,2.0,0.0,1.0,False,False,1379.0
5,pi_random_exploration,1,1,Q029,exploitation,0.5635929059998901,0.3474210233711625,12.366629496792552,0.7176849113049049,1.0,0.0,0.0,False,False,119441.0
5,pi_random_exploration,1,2,Q033,exploitation,0.3478450121735799,0.2114420976262543,11.897550835797514,0.9055160957225328,3.0,0.0,0.0,False,False,76472.0
5,pi_random_exploration,1,3,Q021,exploitation,0.313541273872964,0.1480976627883808,11.895899382775584,0.7324254685507506,2.0,0.0,0.0,False,False,67531.0
5,pi_random_exploration,1,4,Q044,exploitation,0.2187981826099044,0.6030375858627401,8.51637181795485,4.812014432653347,5.0,0.0,1.0,True,False,54574.0
5,pi_random_exploration,1,5,Q093,random_exploration,0.0352619846671351,0.0652763040612547,3.8023601910707336,4.671958052511019,19.0,0.0,1.0,True,False,0.0
5,pi_random_exploration,2,1,Q023,exploitation,0.2214877218844863,0.2382123209015919,10.816346766478642,1.871001810345171,2.0,0.0,0.0,False,False,130578.0
5,pi_random_exploration,2,2,Q013,exploitation,0.2196309778351593,0.4314654655307668,9.601900309817765,3.426042435703841,5.0,0.0,0.0,False,False,2639.0
5,pi_random_exploration,2,3,Q007,exploitation,0.2162647446851817,0.4656912747325961,9.29086549192353,3.772435597112613,7.0,0.0,0.0,False,False,0.0
5,pi_random_exploration,2,4,Q076,exploitation,0.200201674644921,0.2467442782062485,10.39555507523747,2.207374833198118,9.0,0.0,0.0,False,False,34391.0
5,pi_random_exploration,2,5,Q027,random_exploration,5.994659626477279e-10,1.8109864535547196e-10,0.5201952151402462,1.9294075715716632,7.0,0.0,1.0,True,False,0.0
5,pi_random_exploration,3,1,Q012,exploitation,0.3934011723997851,0.6114179598706194,11.657347837716385,2.1976617218012695,7.0,0.0,0.0,False,False,1147.0
5,pi_random_exploration,3,2,Q028,exploitation,0.3930167329607918,0.5942009682808651,11.67112993867715,2.138799383204126,7.0,0.0,0.0,False,False,55318.0
5,pi_random_exploration,3,3,Q019,exploitation,0.3737500893152121,0.558655939666045,11.555907214388974,2.1613889150211816,7.0,0.0,0.0,False,False,84493.0
5,pi_random_exploration,3,4,Q020,exploitation,0.3720950483436511,0.5672887130288172,11.531011758254133,2.208721807725971,2.0,0.0,0.0,False,False,101000.0
5,pi_random_exploration,3,5,Q014,random_exploration,0.126683107382322,0.0072563054358373,12.120354801306569,0.1150261559918556,2.0,0.0,0.0,False,False,108381.0
5,pi_random_exploration,4,1,Q035,exploitation,0.4314517019725579,0.5722094339351083,11.94154200483843,1.7963746233963205,3.0,0.0,1.0,False,False,50709.0
5,pi_random_exploration,4,2,Q063,exploitation,0.4258189835754536,0.5955838197002652,11.895155320082043,1.9065697126440109,5.0,0.0,0.0,False,False,38893.0
5,pi_random_exploration,4,3,Q056,exploitation,0.4019096110497928,0.3573791192975744,11.94239935746073,1.2452915519066268,5.0,0.0,0.0,False,False,94093.0
5,pi_random_exploration,4,4,Q026,exploitation,0.3690195454131174,0.0957043913111154,12.12563374892106,0.3770511637474876,1.0,0.0,0.0,False,False,99186.0
5,pi_random_exploration,4,5,Q048,random_exploration,0.0144704646914613,0.010714622006371,7.671602004090714,2.09685367731872,3.0,0.0,1.0,False,False,42637.0
5,pi_random_exploration,5,1,Q022,exploitation,0.2613166657563449,0.0438190779563925,12.074610984759822,0.2770692146231295,1.0,0.0,0.0,False,False,114383.0
5,pi_random_exploration,5,2,Q074,exploitation,0.2386287246541051,0.3087120379013334,10.687927056740955,2.200319113346435,3.0,0.0,0.0,False,False,34285.0
5,pi_random_exploration,5,3,Q050,exploitation,0.1257891176824338,0.0607881643468456,11.137321242060285,0.97199651923133,8.0,0.0,1.0,True,False,6338.0
5,pi_random_exploration,5,4,Q067,exploitation,0.0987346388902914,0.0913053790799647,9.727814365507037,1.9583596437559947,4.0,0.0,0.0,False,False,75311.0
5,pi_random_exploration,5,5,Q060,random_exploration,0.0606806820840307,0.0190208860323181,11.126255065850051,0.7265476949474358,2.0,0.0,0.0,False,False,43612.0
5,pi_random_exploration,6,1,Q075,exploitation,0.1032699862046053,0.0949314797351738,9.81523865684163,1.928928090498874,6.0,0.0,1.0,True,False,0.0
5,pi_random_exploration,6,2,Q088,exploitation,0.0814434434757516,0.2681857923663777,2.147945718368362,7.240642325151665,12.0,0.0,1.0,True,False,0.0
5,pi_random_exploration,6,3,Q082,exploitation,0.055411816617616,0.1230140990957349,3.921019611010342,5.224652669061789,7.0,0.0,1.0,True,False,0.0
5,pi_random_exploration,6,4,Q081,exploitation,0.0267306306004164,0.0488563162456279,2.9929565499506614,4.794374655596577,9.0,0.0,1.0,True,False,0.0
5,pi_random_exploration,6,5,Q036,random_exploration,1.1868947804202483e-09,4.538225345070667e-10,-2.0859277267477214,2.4016538860335435,2.0,0.6000000238418579,0.4000000059604645,False,False,0.0
5,pi_random_exploration,7,1,Q059,exploitation,0.0476570622977336,0.0123517160746581,11.209222807802778,0.6250066667642472,2.0,0.0,0.0,False,False,128632.0
5,pi_random_exploration,7,2,Q031,exploitation,0.0324747328666483,0.0072050745607309,11.206060576910351,0.5665773282896949,2.0,0.0,0.0,False,False,62455.0
5,pi_random_exploration,7,3,Q055,exploitation,0.0290139543197009,0.0078498355689013,10.92140644230198,0.7018420649439906,3.0,0.0,0.0,False,False,171271.0
5,pi_random_exploration,7,4,Q042,exploitation,0.0260130424859149,0.010975406909195,10.093562676865805,1.1107913269266354,4.0,0.0,1.0,False,False,452.0
5,pi_random_exploration,7,5,Q043,random_exploration,0.0110667700673574,0.0034070049757081,10.19574411070683,0.8985723034138521,2.0,0.0,1.0,False,False,1379.0
5,pi_random_exploration,8,1,Q001,exploitation,0.015455578069548,0.0255023146991416,2.2443933851946953,4.636863223175479,10.0,0.0,1.0,True,False,4553.0
5,pi_random_exploration,8,2,Q004,exploitation,0.0113594435157559,0.0210582100968064,-0.0395936464182558,5.395362636584278,8.0,1.0,0.0,True,False,0.0
5,pi_random_exploration,8,3,Q057,exploitation,0.0085204535916715,0.0111180044937452,2.9082142541199216,3.9162674905238366,5.0,0.0,1.0,True,False,0.0
5,pi_random_exploration,8,4,Q039,exploitation,1.6951065469228786e-14,9.467067619485162e-16,8.934257704404603,0.4375195099447259,1.0,0.0,0.0,False,False,28530.0
5,pi_random_exploration,8,5,Q025,random_exploration,8.203851219656235e-12,7.050526589021456e-13,8.191589717277829,0.6028549177784511,1.0,0.0,0.0,False,False,51808.0
5,pi_uncertainty,1,1,Q029,exploitation,0.5635928025851964,0.3474219137189708,12.366629637907783,0.7176869699299473,1.0,0.0,0.0,False,False,119441.0
5,pi_uncertainty,1,2,Q033,exploitation,0.3478466766321499,0.2114440525929929,11.897554015702996,0.9055183926259852,3.0,0.0,0.0,False,False,76472.0
5,pi_uncertainty,1,3,Q021,exploitation,0.3135416959427192,0.1480983476447932,11.895899266093709,0.7324275034626438,2.0,0.0,0.0,False,False,67531.0
5,pi_uncertainty,1,4,Q044,exploitation,0.2187978428762965,0.6030348166104342,8.516375926320118,4.812002005097145,5.0,0.0,1.0,True,False,54574.0
5,pi_uncertainty,1,5,Q001,uncertainty_exploration,0.0499905737632185,0.1041172176999252,4.052585966910419,4.9844541029308695,11.0,0.0,1.0,True,False,4553.0
5,pi_uncertainty,2,1,Q023,exploitation,0.2334638361349887,0.2580279930622853,10.875003326921012,1.8924539317214175,2.0,0.0,0.0,False,False,130578.0
5,pi_uncertainty,2,2,Q013,exploitation,0.2328700841694879,0.4731325259469852,9.712128612999429,3.481648515950178,5.0,0.0,0.0,False,False,2639.0
5,pi_uncertainty,2,3,Q076,exploitation,0.2318932471075662,0.3099600009355245,10.571495830595945,2.2934524045264655,9.0,0.0,0.0,False,False,34391.0
5,pi_uncertainty,2,4,Q007,exploitation,0.2276253534359824,0.5060464348363402,9.387400573317596,3.8360476175834175,7.0,0.0,0.0,False,False,0.0
5,pi_uncertainty,2,5,Q093,uncertainty_exploration,0.042893616671697,0.0816500888457464,4.235100098999855,4.666122733366553,19.0,0.0,1.0,True,False,0.0
5,pi_uncertainty,3,1,Q028,exploitation,0.4066686063844925,0.6999468956509441,11.685638036158032,2.3974830580488233,7.0,0.0,0.0,False,False,55318.0
5,pi_uncertainty,3,2,Q012,exploitation,0.4043371948380904,0.7115054556329885,11.656664121179626,2.4576006887032373,7.0,0.0,0.0,False,False,1147.0
5,pi_uncertainty,3,3,Q019,exploitation,0.3899707032483327,0.6639409471338188,11.576486656403617,2.416834113149737,7.0,0.0,0.2000000029802322,True,False,84493.0
5,pi_uncertainty,3,4,Q020,exploitation,0.3918810658638336,0.6850169888439489,11.572269818001244,2.4760220894318947,2.0,0.0,0.0,False,False,101000.0
5,pi_uncertainty,3,5,Q082,uncertainty_exploration,0.1259891412848537,0.3336431153500749,6.152153715492786,5.324556078210641,7.0,0.0,1.0,True,False,0.0
5,pi_uncertainty,4,1,Q067,exploitation,0.3699434660166852,0.673732619141493,11.37362037074758,2.6449109967207085,7.0,0.0,0.0,False,False,75311.0
5,pi_uncertainty,4,2,Q031,exploitation,0.2953125740804949,0.1792710027008309,11.734230193069395,0.9620368109841884,2.0,0.0,0.0,False,False,62455.0
5,pi_uncertainty,4,3,Q004,exploitation,0.2261480000401463,0.8451150991825529,7.395839778013778,6.460811584313561,8.0,0.2000000029802322,0.800000011920929,True,False,0.0
5,pi_uncertainty,4,4,Q057,exploitation,0.2132050787633482,0.7822462011817104,7.118224810697046,6.454412043082407,6.0,0.0,1.0,True,False,0.0
5,pi_uncertainty,4,5,Q027,uncertainty_exploration,0.2006882944976349,0.7217145906113478,6.850514249166763,6.436425690654419,7.0,0.0,1.0,True,False,0.0
5,pi_uncertainty,5,1,Q059,exploitation,0.6988387124109238,0.5086459334330375,12.623752318256546,0.7139501911122326,2.0,0.0,0.0,False,False,128632.0
5,pi_uncertainty,5,2,Q063,exploitation,0.5471300600212234,0.5951447666267154,12.40462841182931,1.291146664815228,4.0,0.0,0.0,False,False,38893.0
5,pi_uncertainty,5,3,Q060,exploitation,0.4700960407775684,0.4064782900744775,12.167619819858809,1.1211635130247368,4.0,0.0,0.0,False,False,43612.0
5,pi_uncertainty,5,4,Q035,exploitation,0.1019756863057959,0.0564755566199698,10.771602074519423,1.1651188366466372,3.0,0.0,0.0,False,False,50709.0
5,pi_uncertainty,5,5,Q088,uncertainty_exploration,0.0523824032808566,0.1325408931767523,2.5024758303307184,6.009976062465622,12.0,0.0,1.0,True,False,0.0
5,pi_uncertainty,6,1,Q055,exploitation,0.0900294916079154,0.0358914421349078,11.0989779838545,0.8599014036508716,3.0,0.0,0.0,False,False,171271.0
5,pi_uncertainty,6,2,Q056,exploitation,0.0732757259774432,0.0488264054286999,10.082574653795833,1.4940992642602926,5.0,0.0,0.6000000238418579,True,False,94093.0
5,pi_uncertainty,6,3,Q081,exploitation,0.0520569990246251,0.1080524896310123,4.230940686216727,4.935183590602075,8.0,1.0,0.0,True,False,0.0
5,pi_uncertainty,6,4,Q050,exploitation,0.0443187721937355,0.0600574648252141,6.624321290438959,3.3051346606598835,8.0,0.0,1.0,True,False,6338.0
5,pi_uncertainty,6,5,Q075,uncertainty_exploration,4.111905803617966e-05,2.702226147137442e-05,0.9288644316360406,2.875444441806688,6.0,0.0,1.0,True,False,0.0
5,pi_uncertainty,7,1,Q074,exploitation,0.0156354922953901,0.0080838265897679,9.127033108511062,1.4509172236600905,3.0,0.0,0.4000000059604645,False,False,34285.0
5,pi_uncertainty,7,2,Q022,exploitation,0.0010762619881856,0.0001578371767071,10.635131360542292,0.526867369247038,1.0,0.0,0.0,False,False,114383.0
5,pi_uncertainty,7,3,Q026,exploitation,0.0008339253826305,0.0001119918798126,10.706776255355823,0.4914359233751388,1.0,0.0,0.0,False,False,99186.0
5,pi_uncertainty,7,4,Q036,exploitation,4.1409766789693785e-21,6.835947954784714e-22,-2.518178883804305,1.578658813078356,2.0,0.0,1.0,False,False,0.0
5,pi_uncertainty,7,5,Q042,uncertainty_exploration,2.2578940775647177e-06,6.116681342233552e-07,6.07156931584265,1.3475839992510623,3.0,0.0,1.0,False,False,452.0
5,pi_uncertainty,8,1,Q014,exploitation,5.017066865994564e-05,5.623092421563848e-06,10.363335546321048,0.4854800790147948,2.0,0.0,0.0,False,False,108381.0
5,pi_uncertainty,8,2,Q048,exploitation,7.489144682051364e-10,1.0675100703486564e-10,6.7784524789769085,0.9054839379179508,3.0,0.0,1.0,False,False,42637.0
5,pi_uncertainty,8,3,Q025,exploitation,2.775074098014183e-15,1.7288714363883395e-16,8.328925150707493,0.5020384333969047,2.0,0.0,0.0,False,False,51808.0
5,pi_uncertainty,8,4,Q043,exploitation,1.614725746396726e-62,3.465909702000138e-64,6.261635953184619,0.3598501112892135,2.0,0.0,1.0,False,False,1379.0
5,pi_uncertainty,8,5,Q039,uncertainty_exploration,1.0397605045549791e-16,9.924115120674339e-18,5.623482571393447,0.8066117693220954,3.0,0.0,1.0,False,False,28530.0
5,imperfection_aware,1,1,Q029,exploitation,0.5635929059998901,0.3474210233711625,12.366629496792552,0.7176849113049049,1.0,0.0,0.0,False,False,119441.0
5,imperfection_aware,1,2,Q033,exploitation,0.3478450121735799,0.2114420976262543,11.897550835797514,0.9055160957225328,3.0,0.0,0.0,False,False,76472.0
5,imperfection_aware,1,3,Q021,exploitation,0.313541273872964,0.1480976627883808,11.895899382775584,0.7324254685507506,2.0,0.0,0.0,False,False,67531.0
5,imperfection_aware,1,4,Q007,exploitation,0.1803610609219416,0.4049305762865206,8.470633105548401,4.136922763505735,7.0,0.0,0.0,False,False,0.0
5,imperfection_aware,1,5,Q044,suspicious_exploration,0.2187981826099044,0.6030375858627401,8.51637181795485,4.812014432653347,5.0,0.0,1.0,True,False,54574.0
5,imperfection_aware,2,1,Q074,exploitation,0.2153778802962088,0.6353631470207542,8.174915224347917,5.174297114220154,3.0,0.0,1.0,False,False,34285.0
5,imperfection_aware,2,2,Q031,exploitation,0.144450167562432,0.3858184650771575,6.733191879016791,5.203540031739733,2.0,0.0,0.0,False,False,62455.0
5,imperfection_aware,2,3,Q063,exploitation,0.0728735973606381,0.0201622075694481,11.348370275004326,0.6209920790621202,7.0,0.0,0.0,False,False,38893.0
5,imperfection_aware,2,4,Q042,exploitation,0.0580662156081271,0.0208142052613499,10.936542608556842,0.8370562485259332,4.0,0.0,1.0,False,False,452.0
5,imperfection_aware,2,5,Q057,suspicious_exploration,0.1017724163362547,0.1150132236505755,9.227446102354524,2.3784921467608298,6.0,0.0,1.0,True,False,0.0
5,imperfection_aware,3,1,Q026,exploitation,0.1581315095633508,0.0383499994121148,11.788534775417574,0.4622026766448726,2.0,0.0,0.0,False,False,99186.0
5,imperfection_aware,3,2,Q014,exploitation,0.055514668639638,0.0045431689504198,11.94490909764873,0.1925408123591863,2.0,0.0,0.0,False,False,108381.0
5,imperfection_aware,3,3,Q035,exploitation,0.0011888640095661,0.0012701365085895,0.6749813334678292,3.810045671074408,3.0,0.0,0.800000011920929,False,False,50709.0
5,imperfection_aware,3,4,Q036,exploitation,8.182059117779362e-16,1.7117478602196763e-16,-1.425136723298854,1.7168653484937353,2.0,0.0,1.0,False,False,0.0
5,imperfection_aware,3,5,Q001,suspicious_exploration,0.1424560186225447,0.4349081160784684,5.870544069756051,5.967359190244911,10.0,0.0,1.0,True,False,4553.0
5,imperfection_aware,4,1,Q067,exploitation,0.2718005219665886,0.2490512119503865,11.344088610879574,1.4943783296438888,4.0,0.0,0.0,False,False,75311.0
5,imperfection_aware,4,2,Q023,exploitation,0.2550556592051629,0.1252905219441091,11.712893530338649,0.8180880393957358,1.0,0.0,0.0,False,False,130578.0
5,imperfection_aware,4,3,Q020,exploitation,0.1591571158574637,0.0313205435253199,11.87806740477732,0.3744473904593695,2.0,0.0,0.0,False,False,101000.0
5,imperfection_aware,4,4,Q022,exploitation,0.1353733249868152,0.0223254414422229,11.89246095898623,0.3262175804340719,1.0,0.0,0.0,False,False,114383.0
5,imperfection_aware,4,5,Q019,suspicious_exploration,0.4662147439853777,0.1260799546142706,12.22187668046728,0.3521971792829088,7.0,0.0,1.0,True,False,84493.0
5,imperfection_aware,5,1,Q056,exploitation,0.155285187637728,0.0758946339279312,11.30296010134341,0.9356554252353352,5.0,0.0,0.0,False,False,94093.0
5,imperfection_aware,5,2,Q028,exploitation,0.089305572628969,0.0254768148906712,11.422785738896826,0.616302114590971,5.0,0.0,0.0,False,False,55318.0
5,imperfection_aware,5,3,Q059,exploitation,0.0784819556711639,0.0211286930913336,11.408059743054435,0.596089434136859,2.0,0.0,0.0,False,False,128632.0
5,imperfection_aware,5,4,Q076,exploitation,0.0425737057771339,0.0240403498432056,9.866053959474344,1.3857611270634411,8.0,0.0,0.0,False,False,34391.0
5,imperfection_aware,5,5,Q093,suspicious_exploration,0.1641893598952854,0.6000231527634932,5.508247230962398,6.899526393096768,19.0,0.0,1.0,True,False,0.0
5,imperfection_aware,6,1,Q055,exploitation,0.0170091624282618,0.0021522296258084,11.506511400596644,0.351546581316337,3.0,0.0,0.0,False,False,171271.0
5,imperfection_aware,6,2,Q060,exploitation,0.0001226936588283,2.0158511493512576e-05,9.764160480951457,0.678363914814336,2.0,0.0,0.0,False,False,43612.0
5,imperfection_aware,6,3,Q039,exploitation,8.424049645629581e-15,9.454255919112112e-16,5.430659018363077,0.8890124623160744,3.0,0.0,0.0,False,False,28530.0
5,imperfection_aware,6,4,Q013,exploitation,4.7365078823070285e-09,9.77175162781669e-10,5.073380503504001,1.2506059847386948,4.0,0.0,1.0,False,False,2639.0
5,imperfection_aware,6,5,Q082,suspicious_exploration,0.0478342502543446,0.1141308731315968,2.6703606110775873,5.75034899024327,7.0,1.0,0.0,True,False,0.0
5,imperfection_aware,7,1,Q012,exploitation,0.0254505013068469,0.0044984271366935,11.340608896797558,0.4666925179044958,5.0,0.0,0.0,False,False,1147.0
5,imperfection_aware,7,2,Q025,exploitation,0.0076719709743944,0.0016344408403249,10.684944401461845,0.6463253560723048,2.0,0.0,0.0,False,False,51808.0
5,imperfection_aware,7,3,Q050,exploitation,0.0062069859153812,0.0012204059525547,10.728566159996433,0.6092318664931244,8.0,0.0,0.0,False,False,6338.0
5,imperfection_aware,7,4,Q048,exploitation,1.0530257073783032e-08,5.47407498099818e-10,10.523991816083887,0.3083580024224434,2.0,0.0,0.0,False,False,42637.0
5,imperfection_aware,7,5,Q004,suspicious_exploration,0.1932373189503161,0.7284678253757331,6.346841680405089,6.818365212945217,9.0,0.2000000029802322,0.800000011920929,True,False,0.0
5,imperfection_aware,8,1,Q043,exploitation,6.6025284773395825e-28,3.5631352742039306e-29,5.749221984594657,0.5972396971874371,1.0,0.0,0.0,False,True,1379.0
5,imperfection_aware,8,2,Q081,exploitation,0.0799135685314822,0.2278960131807106,3.405911955379116,6.293036689444958,8.0,1.0,0.0,True,True,0.0
5,imperfection_aware,8,3,Q027,exploitation,0.0569784209561528,0.155258573977193,2.1621012837261144,6.383198657529749,7.0,1.0,0.0,True,True,0.0
5,imperfection_aware,8,4,Q088,exploitation,0.0406672135479587,0.0991443901290397,1.7508425897937083,6.024626734371278,12.0,0.0,1.0,True,True,0.0
5,imperfection_aware,8,5,Q075,suspicious_exploration,1.8391288503174044e-06,9.911896919734409e-07,-0.2569968705059189,2.7023827166027448,6.0,0.6000000238418579,0.4000000059604645,True,True,0.0
6,random,1,1,Q069,random,4.541726447878023e-09,2.59139991584616e-10,10.071039536938626,0.3462614720716089,2.0,0.0,0.0,False,False,90845.0
6,random,1,2,Q089,random,0.0020333141251481,0.00234312539428,0.7355955509199461,3.9420894893798217,7.0,1.0,0.0,True,False,0.0
6,random,1,3,Q064,random,0.0440074333959827,0.0177884005362952,10.377315016620216,0.986945589261975,5.0,0.0,1.0,True,False,45673.0
6,random,1,4,Q002,random,2.0505114873448916e-05,1.1449418549043883e-05,1.6954836307525358,2.527120727419307,10.0,0.0,1.0,True,False,0.0
6,random,1,5,Q081,random,8.50508612697998e-06,2.22097020956685e-06,6.77154116007136,1.229849681866096,12.0,0.0,1.0,True,False,0.0
6,random,2,1,Q032,random,0.6350249525822731,0.3971974337040422,12.291415632346684,0.6674762814395299,7.0,0.0,1.0,True,False,0.0
6,random,2,2,Q037,random,0.5221662738784836,0.1984587147764586,12.086824187676855,0.4643893162359269,2.0,0.0,0.0,False,False,76141.0
6,random,2,3,Q071,random,8.292925732352162e-07,4.476583203564941e-08,10.72496851703006,0.2788578860209798,7.0,0.0,0.0,False,False,60955.0
6,random,2,4,Q004,random,0.0004943343333099,0.0003673103309421,2.778512432029415,2.8182308102525515,8.0,0.0,1.0,True,False,0.0
6,random,2,5,Q017,random,0.0002497834092213,3.702654141717564e-05,10.017253477724855,0.5871190609039306,3.0,0.0,0.0,False,False,247107.0
6,random,3,1,Q075,random,0.173712682714748,0.4421415793269415,7.977267432359369,4.736416808518336,6.0,0.0,0.0,False,False,0.0
6,random,3,2,Q066,random,0.0089148644255883,0.0025041915130401,10.439649179033816,0.8390958399663483,5.0,0.0,0.4000000059604645,True,False,82233.0
6,random,3,3,Q080,random,0.0778663938142966,0.1534940020287023,6.222579278475282,4.37104174923557,6.0,1.0,0.0,True,False,0.0
6,random,3,4,Q048,random,7.904798365861252e-06,9.888996570136829e-07,9.875936314459954,0.5910558653738252,3.0,0.0,1.0,False,False,42637.0
6,random,3,5,Q005,random,2.568046288584584e-06,1.1506659429302228e-06,2.317000369073555,2.217645618097404,8.0,0.0,1.0,True,False,42083.0
6,random,4,1,Q003,random,0.1710385266591506,0.6164500253753038,6.0298818194783435,6.733928891568853,10.0,0.0,1.0,True,False,0.0
6,random,4,2,Q085,random,0.0782134967878705,0.2210767214486371,3.5524461575665263,6.262481551260618,12.0,0.0,1.0,True,False,0.0
6,random,4,3,Q029,random,0.1699207864328936,0.0483097593561987,11.919711138266988,0.5320913135158338,2.0,0.0,0.0,False,False,119441.0
6,random,4,4,Q053,random,0.1762835986738528,0.0218489775672941,12.213990864095493,0.2297601226339242,4.0,0.0,0.0,False,False,110908.0
6,random,4,5,Q028,random,6.662430437141967e-05,9.45120001851892e-06,10.114398727642993,0.605485504959601,4.0,0.0,0.0,False,False,55318.0
6,random,5,1,Q019,random,0.022066345757114,0.0040144431288561,11.442559694956945,0.4893716235103093,7.0,0.0,0.0,False,False,84493.0
6,random,5,2,Q058,random,0.027375304709076,0.0595519618829527,1.501711905533587,5.68803828866294,7.0,0.0,1.0,True,False,60312.0
6,random,5,3,Q052,random,0.0588660538267951,0.0115060353528202,11.715191884121149,0.4553856252910964,2.0,0.0,0.0,False,False,81273.0
6,random,5,4,Q010,random,0.0735128682744144,0.1609904322381141,5.311024158133232,4.907572158492164,4.0,0.0,1.0,False,False,0.0
6,random,5,5,Q059,random,5.325272950181648e-05,2.954296321929009e-06,11.49918945800956,0.2395680089115236,2.0,0.0,0.0,False,False,128632.0
6,random,6,1,Q024,random,0.4868575219848468,0.4403780428420265,12.389664033700951,1.1507610238157877,3.0,0.0,0.0,False,False,25579.0
6,random,6,2,Q051,random,0.181117019139559,0.2621038191272863,10.000714796485642,2.6636178762780864,7.0,0.0,1.0,True,False,873.0
6,random,6,3,Q038,random,0.0796588710799522,0.1021632739678109,8.442177421812852,2.831809493498628,2.0,0.0,1.0,False,False,80348.0
6,random,6,4,Q035,random,0.0127127829487111,0.0199942323648004,2.325157553403544,4.520352985009579,4.0,0.0,1.0,False,False,50709.0
6,random,6,5,Q076,random,0.0979969005133452,0.0738607264624153,10.360578501491332,1.598547948495245,3.0,0.0,1.0,False,False,34391.0
6,random,7,1,Q026,random,1.6338736282332379e-21,2.928075724785842e-23,10.791176198664171,0.1730950557873598,3.0,0.0,0.0,False,False,99186.0
6,random,7,2,Q045,random,0.000113109654353,7.648390309649623e-06,11.393302897821108,0.2804608554786377,2.0,0.0,0.0,False,False,104181.0
6,random,7,3,Q006,random,8.416534948062536e-12,1.708379265720774e-12,2.8484280912214777,1.4231085072751215,4.0,0.0,1.0,False,False,2244.0
6,random,7,4,Q073,random,6.463835843930497e-05,7.653467796725987e-06,10.489992214072444,0.5061842668744015,1.0,0.0,0.0,False,False,31696.0
6,random,7,5,Q009,random,5.465720023134717e-07,1.6413234535167089e-07,4.752733588385912,1.5746234519515894,5.0,0.0,1.0,True,False,3295.0
6,random,8,1,Q027,random,0.0420599961579563,0.1027401679550205,2.054144718120991,6.005698633912582,6.0,0.0,1.0,True,False,0.0
6,random,8,2,Q095,random,0.1924748702871144,0.8758881425226936,5.268905711042079,8.239609517136826,12.0,1.0,0.0,True,False,0.0
6,random,8,3,Q057,random,0.001806536282456,0.002147334985075,0.4820174793303753,4.104856337969389,6.0,0.0,1.0,True,False,0.0
6,random,8,4,Q014,random,4.5340385619096146e-15,2.671088620505066e-16,8.775112341282103,0.4711837750707255,2.0,0.0,0.0,False,False,108381.0
6,random,8,5,Q041,random,0.0002114334635264,6.071557666593736e-05,8.377406184224988,1.1488600542463068,3.0,0.0,1.0,False,False,155410.0
6,gp_m52_pi,1,1,Q057,exploitation,0.9345087519320572,0.9526612826888992,12.99594593070648,0.6190661387787595,6.0,0.0,0.0,False,False,0.0
6,gp_m52_pi,1,2,Q051,exploitation,0.6052643289653674,0.3586078789817736,12.236184495130155,0.656097897352207,7.0,0.0,0.2000000029802322,True,False,873.0
6,gp_m52_pi,1,3,Q027,exploitation,0.2703648927136824,0.2647701713317577,11.082288652483076,1.5999736857291258,8.0,0.0,1.0,True,False,0.0
6,gp_m52_pi,1,4,Q058,exploitation,0.2294794626678046,0.1014349193476985,11.497557064472108,0.7608424237695016,8.0,0.0,0.0,False,False,60312.0
6,gp_m52_pi,1,5,Q048,exploitation,0.2041185338265159,0.0637504676842094,11.600926798421488,0.5563257831475468,4.0,0.0,0.0,False,False,42637.0
6,gp_m52_pi,2,1,Q053,exploitation,0.5406021481227901,0.0774136917913416,12.078469672378764,0.1712733224732357,4.0,0.0,0.0,False,False,110908.0
6,gp_m52_pi,2,2,Q064,exploitation,0.5397320838725342,0.4822962230249862,12.167735669475851,1.069855231954907,5.0,0.0,1.0,True,False,45673.0
6,gp_m52_pi,2,3,Q069,exploitation,0.3344894843851681,0.2055993511489786,11.663405778143966,0.9299559914632264,2.0,0.0,0.0,False,False,90845.0
6,gp_m52_pi,2,4,Q076,exploitation,0.3211770564554319,0.3938361515525151,11.185889115001952,1.8843679643493385,3.0,0.0,0.0,False,False,34391.0
6,gp_m52_pi,2,5,Q073,exploitation,0.2848451976959489,0.2077219370965967,11.395613785873248,1.1704232507109915,8.0,0.0,0.0,False,False,31696.0
6,gp_m52_pi,3,1,Q052,exploitation,0.4155230241634335,0.1096427418523145,11.98336883313216,0.3638888339681996,2.0,0.0,0.0,False,False,81273.0
6,gp_m52_pi,3,2,Q080,exploitation,0.3175379784211101,0.8836836041434405,10.022645374045927,4.294955834906365,10.0,0.0,1.0,True,False,0.0
6,gp_m52_pi,3,3,Q085,exploitation,0.210269481605038,0.6338960794137752,7.772070271363804,5.324654929596976,12.0,0.0,1.0,True,False,0.0
6,gp_m52_pi,3,4,Q066,exploitation,0.0772310735377021,0.0190437451239662,11.281256831119894,0.5475990413773258,5.0,0.0,0.0,False,False,82233.0
6,gp_m52_pi,3,5,Q081,exploitation,0.0738781435385469,0.05675520054011,9.571305610904014,1.7199990420430276,9.0,0.0,1.0,True,False,0.0
6,gp_m52_pi,4,1,Q028,exploitation,0.4605975377981744,0.2648339818540713,11.986456477566955,0.7535924539925293,4.0,0.0,0.0,False,False,55318.0
6,gp_m52_pi,4,2,Q019,exploitation,0.3200728778090057,0.1507585820614844,11.722187861968084,0.7247571417230839,7.0,0.0,1.0,True,False,84493.0
6,gp_m52_pi,4,3,Q029,exploitation,0.1252452158506254,0.0260031723789938,11.580661747132911,0.4179982718779972,2.0,0.0,0.0,False,False,119441.0
6,gp_m52_pi,4,4,Q032,exploitation,0.1022949729406821,0.0202591585440526,11.532789781971047,0.4163847122750775,5.0,0.0,1.0,True,False,0.0
6,gp_m52_pi,4,5,Q003,exploitation,0.0694573807420087,0.202110792504308,2.3121986650919153,6.58772583048828,11.0,0.0,1.0,True,False,0.0
6,gp_m52_pi,5,1,Q035,exploitation,0.1618178075379367,0.186327024863498,9.9074295903873,2.1819122232259343,4.0,0.0,0.0,False,False,50709.0
6,gp_m52_pi,5,2,Q095,exploitation,0.1407523544954553,0.5091378979084966,4.424927352145116,7.090500276791008,12.0,1.0,0.0,True,False,0.0
6,gp_m52_pi,5,3,Q038,exploitation,0.1043393240976566,0.0469693410053751,10.875979301474793,0.9425884573996106,2.0,0.0,0.0,False,False,80348.0
6,gp_m52_pi,5,4,Q045,exploitation,0.0739929486658906,0.0158817759579095,11.365987638249518,0.4804237468056443,2.0,0.0,0.0,False,False,104181.0
6,gp_m52_pi,5,5,Q017,exploitation,0.0246432604770056,0.0045020414011724,11.108575171495591,0.4844264181639313,2.0,0.0,0.0,False,False,247107.0
6,gp_m52_pi,6,1,Q006,exploitation,0.0078935855256802,0.0058552416472761,7.011322510402552,2.2438729883179263,7.0,0.0,1.0,True,False,2244.0
6,gp_m52_pi,6,2,Q009,exploitation,0.0072408289950165,0.004905786579655,7.372315284608125,2.0675183626058815,5.0,0.0,1.0,True,False,3295.0
6,gp_m52_pi,6,3,Q010,exploitation,0.0071270198129376,0.0046154988774667,7.576507662790409,1.9793860961409389,4.0,0.0,1.0,False,False,0.0
6,gp_m52_pi,6,4,Q002,exploitation,0.0034760854683432,0.0028082801667281,5.297830351589619,2.6415027119598187,8.0,0.0,1.0,True,False,0.0
6,gp_m52_pi,6,5,Q089,exploitation,0.0021161868936055,0.0026302282272265,0.3053803221972906,4.238083692692463,7.0,1.0,0.0,True,False,0.0
6,gp_m52_pi,7,1,Q059,exploitation,0.0939304721083452,0.0187999612115698,11.863779822315998,0.4281165150112081,1.0,0.0,0.0,False,False,128632.0
6,gp_m52_pi,7,2,Q004,exploitation,0.0336236091403719,0.0834584425420506,0.8850347219363819,6.307339502161836,8.0,1.0,0.0,True,False,0.0
6,gp_m52_pi,7,3,Q075,exploitation,0.013292281798325,0.0205124010564224,2.6415370897541495,4.412969796629185,6.0,0.0,1.0,True,False,0.0
6,gp_m52_pi,7,4,Q005,exploitation,0.0100665491153049,0.0074798521123865,7.3356269376467775,2.1911637949809615,7.0,0.0,1.0,True,False,42083.0
6,gp_m52_pi,7,5,Q041,exploitation,0.0065512117091513,0.0031421469052425,8.759953509799626,1.478301861066471,4.0,0.0,0.6000000238418579,False,False,155410.0
6,gp_m52_pi,8,1,Q014,exploitation,3.821569604720099e-24,1.4568434643676682e-25,8.489184409360139,0.391175275353754,2.0,0.0,0.0,False,False,108381.0
6,gp_m52_pi,8,2,Q024,exploitation,0.0001369834270067,1.1820980021516256e-05,11.13915356901469,0.354085317956042,2.0,0.0,0.0,False,False,25579.0
6,gp_m52_pi,8,3,Q026,exploitation,0.0011288426056374,0.0001057135217437,11.403681949822689,0.3352584852045423,3.0,0.0,0.0,False,False,99186.0
6,gp_m52_pi,8,4,Q037,exploitation,5.10934980107948e-06,4.359230353039554e-07,10.61563366186564,0.4106402016176024,2.0,0.0,0.0,False,False,76141.0
6,gp_m52_pi,8,5,Q071,exploitation,1.59953742414628e-05,1.3742756529945513e-06,10.791637128180628,0.3933680483355746,1.0,0.0,0.0,False,False,60955.0
6,gp_m52_ei,1,1,Q057,exploitation,0.6130882911852714,0.2819936946619615,12.20598095007637,0.5044682374327225,6.0,0.0,0.0,False,False,0.0
6,gp_m52_ei,1,2,Q051,exploitation,0.4734050607137137,0.233686552356926,12.018467723005244,0.6376634420353209,7.0,0.0,0.2000000029802322,True,False,873.0
6,gp_m52_ei,1,3,Q075,exploitation,0.1197777412871426,0.0507175624061748,11.048445120654224,0.8609508639043679,8.0,0.0,0.0,False,False,0.0
6,gp_m52_ei,1,4,Q019,exploitation,0.0306894442308858,0.0111554506021509,10.3106413268287,0.935646738784834,7.0,0.0,0.0,False,False,84493.0
6,gp_m52_ei,1,5,Q076,exploitation,0.0272731527943691,0.0106241610708205,10.101873505727898,1.019070236955074,3.0,0.0,0.0,False,False,34391.0
6,gp_m52_ei,2,1,Q085,exploitation,0.1695167565795729,0.4956143018305938,6.826361974701855,5.475132424558227,12.0,0.0,1.0,True,False,0.0
6,gp_m52_ei,2,2,Q080,exploitation,0.122485817105688,0.2392429210379125,7.466264458612931,3.951958643057494,10.0,0.0,1.0,True,False,0.0
6,gp_m52_ei,2,3,Q032,exploitation,0.4953862949788865,0.2198507097554352,12.05454157309321,0.5591513457590863,7.0,0.0,0.0,False,False,0.0
6,gp_m52_ei,2,4,Q003,exploitation,0.0542958901778019,0.1213339460172698,3.593966531881828,5.276878572954426,11.0,0.0,1.0,True,False,0.0
6,gp_m52_ei,2,5,Q064,exploitation,0.3262861227975862,0.1228319738564347,11.802128308552124,0.5750437568901491,5.0,0.0,1.0,True,False,45673.0
6,gp_m52_ei,3,1,Q069,exploitation,0.3723717613226185,0.2696918739976314,11.719500999705122,1.0489253747070275,2.0,0.0,0.0,False,False,90845.0
6,gp_m52_ei,3,2,Q095,exploitation,0.0835032216820766,0.21915469698086,4.12386543991373,5.743699436418949,12.0,1.0,0.0,True,False,0.0
6,gp_m52_ei,3,3,Q071,exploitation,0.2261445694965229,0.1305451482933895,11.310890034297376,0.998022918864694,6.0,0.0,0.0,False,False,60955.0
6,gp_m52_ei,3,4,Q073,exploitation,0.1886633512580303,0.1031798835352059,11.182013339526051,0.995652897278104,6.0,0.0,1.0,True,False,31696.0
6,gp_m52_ei,3,5,Q029,exploitation,0.2781994402495482,0.0947078884166353,11.73700280993471,0.5508433877327183,3.0,0.0,0.6000000238418579,False,False,119441.0
6,gp_m52_ei,4,1,Q004,exploitation,0.0343054061044084,0.0801659124372191,1.27892424608833,5.921053285656728,8.0,0.0,1.0,True,False,0.0
6,gp_m52_ei,4,2,Q053,exploitation,0.3524363155696116,0.0476450996509164,11.985136500358731,0.2003207258280854,2.0,0.0,0.0,False,False,110908.0
6,gp_m52_ei,4,3,Q027,exploitation,0.0233011540487566,0.0415256399535703,2.5885052734387,4.760298663444945,8.0,0.0,1.0,True,False,0.0
6,gp_m52_ei,4,4,Q081,exploitation,0.0128637944029849,0.0096554017589908,7.256008094635199,2.154419551894026,6.0,1.0,0.0,True,False,0.0
6,gp_m52_ei,4,5,Q017,exploitation,0.0391884329839913,0.0073415114510195,11.241596461687363,0.4655265844792937,2.0,0.0,0.0,False,False,247107.0
6,gp_m52_ei,5,1,Q035,exploitation,0.2467003137181646,0.3051988048775951,11.001374149191076,2.082326623730536,4.0,0.0,1.0,False,False,50709.0
6,gp_m52_ei,5,2,Q038,exploitation,0.2528134197078067,0.1707355141940808,11.6767733637004,1.127909997061575,2.0,0.0,1.0,False,False,80348.0
6,gp_m52_ei,5,3,Q045,exploitation,0.0797928003521555,0.0191570176260827,11.682230203273264,0.5299454226250021,2.0,0.0,0.0,False,False,104181.0
6,gp_m52_ei,5,4,Q058,exploitation,0.0125339082245304,0.0097610942539404,7.404959795539634,2.241885144930916,7.0,0.0,1.0,True,False,60312.0
6,gp_m52_ei,5,5,Q089,exploitation,0.0029363115707366,0.0039652776697344,0.0843462735286486,4.480611943591361,7.0,1.0,0.0,True,False,0.0
6,gp_m52_ei,6,1,Q028,exploitation,0.0095081853833287,0.0011644354470894,11.575447261404468,0.363350635075811,4.0,0.0,0.0,False,False,55318.0
6,gp_m52_ei,6,2,Q006,exploitation,0.0007251147995026,0.0004770087917549,4.686011188839196,2.431044140144939,7.0,0.0,1.0,True,False,2244.0
6,gp_m52_ei,6,3,Q059,exploitation,0.0036242156802919,0.0003720469387357,11.52961250531035,0.3344127140850444,2.0,0.0,0.0,False,False,128632.0
6,gp_m52_ei,6,4,Q066,exploitation,0.0005457705200818,0.0001129559274294,9.8808109183116,0.7798295671851203,5.0,0.0,0.0,False,False,82233.0
6,gp_m52_ei,6,5,Q052,exploitation,0.0010262720981801,0.0001111066674455,11.224467454219454,0.3903015889271285,2.0,0.0,0.0,False,False,81273.0
6,gp_m52_ei,7,1,Q037,exploitation,0.0080777781932772,0.0029146901369409,9.808278546774366,1.0889338673717877,2.0,0.0,0.0,False,False,76141.0
6,gp_m52_ei,7,2,Q048,exploitation,0.0036476280654081,0.0013919741999742,9.09407349981145,1.242428804846578,4.0,0.0,0.2000000029802322,False,False,42637.0
6,gp_m52_ei,7,3,Q005,exploitation,0.0015400613501157,0.0008195721323056,6.9200026238218895,1.8609031375198244,7.0,0.0,1.0,True,False,42083.0
6,gp_m52_ei,7,4,Q010,exploitation,0.0001973836619959,7.214254074022612e-05,7.224790433325831,1.4682393159698592,4.0,0.0,0.0,False,False,0.0
6,gp_m52_ei,7,5,Q009,exploitation,8.460721967193334e-05,2.645983570722689e-05,7.470774320024209,1.3179381974144089,5.0,0.0,0.0,False,False,3295.0
6,gp_m52_ei,8,1,Q002,exploitation,1.4394857690817311e-08,3.781522638695069e-09,3.8565983462819,1.544699146399389,8.0,0.0,1.0,True,False,0.0
6,gp_m52_ei,8,2,Q014,exploitation,2.9858532886860022e-24,1.099824865615102e-25,8.60413888980061,0.3788452234525606,2.0,0.0,0.0,False,False,108381.0
6,gp_m52_ei,8,3,Q024,exploitation,2.4984177321085756e-05,2.869018610862494e-06,10.339361920279952,0.5148754242881057,2.0,0.0,0.0,False,False,25579.0
6,gp_m52_ei,8,4,Q026,exploitation,0.0004824341020903,6.23717892266842e-05,10.806504731711604,0.4911495396402666,3.0,0.0,0.0,False,False,99186.0
6,gp_m52_ei,8,5,Q041,exploitation,0.0002419805329192,7.974187569226472e-05,7.86426144539923,1.30773615926814,4.0,0.0,1.0,False,False,155410.0
6,pi_random_exploration,1,1,Q057,exploitation,0.9345087519320572,0.9526612826888992,12.99594593070648,0.6190661387787595,6.0,0.0,0.0,False,False,0.0
6,pi_random_exploration,1,2,Q051,exploitation,0.6052643289653674,0.3586078789817736,12.236184495130155,0.656097897352207,7.0,0.0,0.2000000029802322,True,False,873.0
6,pi_random_exploration,1,3,Q027,exploitation,0.2703648927136824,0.2647701713317577,11.082288652483076,1.5999736857291258,8.0,0.0,1.0,True,False,0.0
6,pi_random_exploration,1,4,Q058,exploitation,0.2294794626678046,0.1014349193476985,11.497557064472108,0.7608424237695016,8.0,0.0,0.0,False,False,60312.0
6,pi_random_exploration,1,5,Q028,random_exploration,0.000429652616604,3.582448860842385e-05,10.997230804611824,0.319169970987409,4.0,0.0,0.0,False,False,55318.0
6,pi_random_exploration,2,1,Q076,exploitation,0.3821459866621865,0.3794945635949242,11.634534279215972,1.4222934112408798,3.0,0.0,0.0,False,False,34391.0
6,pi_random_exploration,2,2,Q064,exploitation,0.3670292161792419,0.1387361546936877,11.87388295723823,0.5508027208110128,5.0,0.0,1.0,True,False,45673.0
6,pi_random_exploration,2,3,Q069,exploitation,0.2924864655911996,0.1073895553455127,11.742147747955856,0.5838488422974956,2.0,0.0,0.0,False,False,90845.0
6,pi_random_exploration,2,4,Q073,exploitation,0.2460595021827659,0.1082114263040169,11.552092668972511,0.7408416192631525,8.0,0.0,0.0,False,False,31696.0
6,pi_random_exploration,2,5,Q075,random_exploration,0.0021169893587031,0.0019304896908988,3.1677843442673934,3.1093209112454008,8.0,0.0,1.0,True,False,0.0
6,pi_random_exploration,3,1,Q048,exploitation,0.8877129005930589,0.5764519706018612,12.61271997710808,0.4542877014229614,4.0,0.0,0.0,False,False,42637.0
6,pi_random_exploration,3,2,Q032,exploitation,0.6968571222567695,0.558472811762003,12.467271397858251,0.7882750753780573,7.0,0.0,1.0,True,False,0.0
6,pi_random_exploration,3,3,Q037,exploitation,0.6469476603251004,0.2848695138672497,12.235530418611434,0.4628097567382885,2.0,0.0,0.0,False,False,76141.0
6,pi_random_exploration,3,4,Q052,exploitation,0.3880108003754309,0.1055360393173546,11.95091343910046,0.3869663655492207,2.0,0.0,0.0,False,False,81273.0
6,pi_random_exploration,3,5,Q045,random_exploration,0.0925988279594006,0.009291757781269,11.775826033983062,0.2152448156327636,3.0,0.0,0.0,False,False,104181.0
6,pi_random_exploration,4,1,Q053,exploitation,0.659682299869463,0.1336236517662684,12.147204885649584,0.2094204605094455,2.0,0.0,0.0,False,False,110908.0
6,pi_random_exploration,4,2,Q095,exploitation,0.1479695375134825,0.5057129592907452,5.141793575026156,6.62010798697247,12.0,1.0,0.0,True,False,0.0
6,pi_random_exploration,4,3,Q066,exploitation,0.1468619669284063,0.0656951809924707,11.14957462999789,0.868042452663542,4.0,0.0,0.0,False,False,82233.0
6,pi_random_exploration,4,4,Q080,exploitation,0.1156261960140925,0.2857973457251994,5.998201157442875,5.064413739584907,10.0,0.0,1.0,True,False,0.0
6,pi_random_exploration,4,5,Q003,random_exploration,0.0621781208662674,0.1569354503546571,3.1082232680907858,5.825817714388192,11.0,0.0,1.0,True,False,0.0
6,pi_random_exploration,5,1,Q019,exploitation,0.1163663834656045,0.0321224872610572,11.38698115329322,0.5648197886523507,7.0,0.0,0.0,False,False,84493.0
6,pi_random_exploration,5,2,Q085,exploitation,0.0927994531270016,0.2166167978121508,5.43587655234433,5.004966787079185,12.0,0.0,1.0,True,False,0.0
6,pi_random_exploration,5,3,Q081,exploitation,0.0346240142649744,0.0178992930355414,9.684388605176824,1.3081363109454442,6.0,0.800000011920929,0.2000000029802322,True,False,0.0
6,pi_random_exploration,5,4,Q009,exploitation,0.0271439387453205,0.0165355541874825,8.992026060322818,1.5946637621682278,5.0,0.0,1.0,True,False,3295.0
6,pi_random_exploration,5,5,Q026,random_exploration,0.000765829345111,0.0001142614512998,10.32058989798142,0.5492674217197169,3.0,0.0,0.0,False,False,99186.0
6,pi_random_exploration,6,1,Q035,exploitation,0.3506104983955044,0.3170069927969696,11.545888688640405,1.342601210924735,4.0,0.0,0.2000000029802322,False,False,50709.0
6,pi_random_exploration,6,2,Q038,exploitation,0.0353886377480044,0.0068581543781901,11.177718505473146,0.4888415728487465,2.0,0.0,0.0,False,False,80348.0
6,pi_random_exploration,6,3,Q017,exploitation,0.0058570293140254,0.000756743987348,11.046186022647088,0.4026044699695677,3.0,0.0,0.0,False,False,247107.0
6,pi_random_exploration,6,4,Q089,exploitation,0.0041487920817248,0.0056918169781695,0.405890757848212,4.4152943375406215,7.0,1.0,0.0,True,False,0.0
6,pi_random_exploration,6,5,Q029,random_exploration,0.0011332806043393,9.969325650278351e-05,11.099850475010705,0.3148363376990042,2.0,0.0,0.0,False,False,119441.0
6,pi_random_exploration,7,1,Q010,exploitation,0.014324499856142,0.0090473187868808,8.509006985682834,1.790707102908607,4.0,0.0,0.0,False,False,0.0
6,pi_random_exploration,7,2,Q005,exploitation,0.0011527350606093,0.0005443815622344,7.282826401354429,1.688039422315572,7.0,0.0,1.0,True,False,42083.0
6,pi_random_exploration,7,3,Q002,exploitation,0.0002099409303324,9.277830796451734e-05,6.188633297809376,1.7687794007790023,8.0,0.0,1.0,True,False,0.0
6,pi_random_exploration,7,4,Q004,exploitation,0.0001255345875886,0.0001217737224713,-2.217000503362404,3.9999764691057025,8.0,1.0,0.0,True,False,0.0
6,pi_random_exploration,7,5,Q071,random_exploration,4.399567020834446e-06,2.904870723594881e-07,11.00631358972489,0.3197626406715027,1.0,0.0,0.0,False,False,60955.0
6,pi_random_exploration,8,1,Q059,exploitation,0.0049059888266338,0.0005254684206682,11.551059314267135,0.3394230983189816,1.0,0.0,0.0,False,False,128632.0
6,pi_random_exploration,8,2,Q041,exploitation,0.0001733242322212,5.608912913742585e-05,7.740983912917233,1.3099516838580725,3.0,0.0,1.0,False,False,155410.0
6,pi_random_exploration,8,3,Q006,exploitation,8.589304321610359e-21,8.550320907811513e-22,3.664826677901984,0.9444089446711392,4.0,0.0,1.0,False,False,2244.0
6,pi_random_exploration,8,4,Q024,exploitation,2.628642981214428e-12,8.411244012265441e-14,10.844362467277616,0.2295034711650486,2.0,0.0,0.0,False,False,25579.0
6,pi_random_exploration,8,5,Q014,random_exploration,1.171480960457847e-18,5.287878195023166e-20,8.89299903980652,0.4044409111730408,2.0,0.0,0.0,False,False,108381.0
6,pi_uncertainty,1,1,Q057,exploitation,0.9345087519320572,0.9526612826888992,12.99594593070648,0.6190661387787595,6.0,0.0,0.0,False,False,0.0
6,pi_uncertainty,1,2,Q051,exploitation,0.6052643289653674,0.3586078789817736,12.236184495130155,0.656097897352207,7.0,0.0,0.2000000029802322,True,False,873.0
6,pi_uncertainty,1,3,Q027,exploitation,0.2703648927136824,0.2647701713317577,11.082288652483076,1.5999736857291258,8.0,0.0,1.0,True,False,0.0
6,pi_uncertainty,1,4,Q058,exploitation,0.2294794626678046,0.1014349193476985,11.497557064472108,0.7608424237695016,8.0,0.0,0.0,False,False,60312.0
6,pi_uncertainty,1,5,Q085,uncertainty_exploration,0.0012010568333213,0.0013885031494964,-0.4439334604604665,4.119692041992044,12.0,0.0,1.0,True,False,0.0
6,pi_uncertainty,2,1,Q064,exploitation,0.3669915488927994,0.1493315475411136,11.859503376141982,0.5929543952926689,5.0,0.0,1.0,True,False,45673.0
6,pi_uncertainty,2,2,Q076,exploitation,0.3660156578852944,0.3768667246639959,11.546651568719032,1.5021015483802294,3.0,0.0,0.0,False,False,34391.0
6,pi_uncertainty,2,3,Q069,exploitation,0.3316266650046954,0.1425950764038104,11.776795694032682,0.652723081746979,2.0,0.0,0.0,False,False,90845.0
6,pi_uncertainty,2,4,Q052,exploitation,0.3075032068743091,0.0813478605147142,11.85321249795308,0.4131619906685335,2.0,0.0,0.0,False,False,81273.0
6,pi_uncertainty,2,5,Q003,uncertainty_exploration,0.025395882974451,0.0484548372853753,2.218210274212016,5.039228962382984,11.0,0.0,1.0,True,False,0.0
6,pi_uncertainty,3,1,Q048,exploitation,0.7778821646131385,0.425242952062793,12.425388751313292,0.4762769183344524,4.0,0.0,0.0,False,False,42637.0
6,pi_uncertainty,3,2,Q037,exploitation,0.5759370307405863,0.2544375857829474,12.158076462738876,0.5068569669396146,2.0,0.0,0.0,False,False,76141.0
6,pi_uncertainty,3,3,Q032,exploitation,0.40201304918679,0.2384109138831404,11.854944213170503,0.830434485910268,7.0,0.0,1.0,True,False,0.0
6,pi_uncertainty,3,4,Q045,exploitation,0.1485310299020301,0.0127363195175859,11.887968379751218,0.1659449595816171,3.0,0.0,0.0,False,False,104181.0
6,pi_uncertainty,3,5,Q095,uncertainty_exploration,0.0189409528159176,0.0306469833878876,2.849662081976144,4.4367862328311745,12.0,1.0,0.0,True,False,0.0
6,pi_uncertainty,4,1,Q053,exploitation,0.6824058859803355,0.1535427517641342,12.168098031895372,0.2257197263679165,2.0,0.0,0.0,False,False,110908.0
6,pi_uncertainty,4,2,Q066,exploitation,0.1954550638403153,0.0930682175279326,11.324426443004803,0.8585189224636987,4.0,0.0,0.0,False,False,82233.0
6,pi_uncertainty,4,3,Q080,exploitation,0.1211200529552216,0.2996041949514501,6.193812659287907,5.01724440365857,11.0,0.0,1.0,True,False,0.0
6,pi_uncertainty,4,4,Q081,exploitation,0.041300111384872,0.0228836996579743,9.68981429508322,1.3660570267545529,9.0,0.0,1.0,True,False,0.0
6,pi_uncertainty,4,5,Q004,uncertainty_exploration,0.0048468250976876,0.0070982472692031,0.0430240554509264,4.646301684074372,8.0,1.0,0.0,True,False,0.0
6,pi_uncertainty,5,1,Q035,exploitation,0.1602845508044093,0.1519528833840087,10.272396898190928,1.8006956560264176,4.0,0.0,0.6000000238418579,False,False,50709.0
6,pi_uncertainty,5,2,Q019,exploitation,0.148101236902192,0.0570851272687099,11.28125078117468,0.7464567361937258,7.0,0.0,1.0,True,False,84493.0
6,pi_uncertainty,5,3,Q038,exploitation,0.1295782841112752,0.0388509664323327,11.385057851481928,0.5990413202798294,2.0,0.0,0.2000000029802322,False,False,80348.0
6,pi_uncertainty,5,4,Q017,exploitation,0.0508731542262189,0.0207775330237365,10.465976440834798,0.9746926653772195,3.0,0.0,1.0,False,False,247107.0
6,pi_uncertainty,5,5,Q089,uncertainty_exploration,0.0030057905482174,0.0038886310643952,0.2926824577747835,4.283832299837801,7.0,1.0,0.0,True,False,0.0
6,pi_uncertainty,6,1,Q029,exploitation,0.0517328515883209,0.0087233659424108,11.774098527125162,0.4013330453407349,2.0,0.0,0.0,False,False,119441.0
6,pi_uncertainty,6,2,Q028,exploitation,0.047377088709533,0.0082117495245807,11.72856133927895,0.4183652035478516,4.0,0.0,0.0,False,False,55318.0
6,pi_uncertainty,6,3,Q006,exploitation,0.0108347701356687,0.0092695103466803,6.68064233601383,2.5029010528812417,7.0,0.0,1.0,True,False,2244.0
6,pi_uncertainty,6,4,Q009,exploitation,0.0067938016574069,0.0042882974780957,7.643377973996248,1.9385056612919849,5.0,0.0,1.0,True,False,3295.0
6,pi_uncertainty,6,5,Q075,uncertainty_exploration,0.0010629198748518,0.0010114862987014,1.9152866223849756,3.4218992017370993,7.0,0.2000000029802322,0.800000011920929,True,False,0.0
6,pi_uncertainty,7,1,Q071,exploitation,0.0157297993395004,0.003045214386774,11.25967933511989,0.5429043326679347,5.0,0.0,0.0,False,False,60955.0
6,pi_uncertainty,7,2,Q073,exploitation,0.0099677359328698,0.0021977119596749,10.912634707445156,0.6508730025596022,5.0,0.0,0.0,False,False,31696.0
6,pi_uncertainty,7,3,Q005,exploitation,0.0008298499533555,0.0004135674067423,6.689664482930792,1.8243372665450248,7.0,0.0,1.0,True,False,42083.0
6,pi_uncertainty,7,4,Q010,exploitation,0.0006499279651462,0.000237391774976,8.053612456633454,1.3600598815852754,4.0,0.0,0.0,False,False,0.0
6,pi_uncertainty,7,5,Q041,uncertainty_exploration,3.621736167537508e-06,8.576982114065231e-07,7.240979190685435,1.1560705421320532,4.0,0.0,1.0,False,False,155410.0
6,pi_uncertainty,8,1,Q059,exploitation,0.1164417471174698,0.0176899548913487,12.056803800114803,0.3108031627682358,1.0,0.0,0.0,False,False,128632.0
6,pi_uncertainty,8,2,Q026,exploitation,0.0064371871635309,0.0008352548341372,11.43114952202782,0.4006195743741673,3.0,0.0,0.0,False,False,99186.0
6,pi_uncertainty,8,3,Q024,exploitation,0.0011659271806295,0.0001381824107367,11.13898330456243,0.423275385742805,2.0,0.0,0.0,False,False,25579.0
6,pi_uncertainty,8,4,Q002,exploitation,4.2980783201856375e-08,1.3750142036313374e-08,2.67143525039363,1.822166603135068,8.0,0.0,1.0,True,False,0.0
6,pi_uncertainty,8,5,Q014,uncertainty_exploration,2.2754916994968454e-24,8.743555135788239e-26,8.418365638890192,0.3962071376799234,2.0,0.0,0.0,False,False,108381.0
6,imperfection_aware,1,1,Q057,exploitation,0.9345087519320572,0.9526612826888992,12.99594593070648,0.6190661387787595,6.0,0.0,0.0,False,False,0.0
6,imperfection_aware,1,2,Q058,exploitation,0.2294794626678046,0.1014349193476985,11.497557064472108,0.7608424237695016,8.0,0.0,0.0,False,False,60312.0
6,imperfection_aware,1,3,Q048,exploitation,0.2041185338265159,0.0637504676842094,11.600926798421488,0.5563257831475468,4.0,0.0,0.0,False,False,42637.0
6,imperfection_aware,1,4,Q075,exploitation,0.1100655626941907,0.0689515760327984,10.47045814520025,1.2971592171132476,8.0,0.0,0.0,False,False,0.0
6,imperfection_aware,1,5,Q051,suspicious_exploration,0.6052643289653674,0.3586078789817736,12.236184495130155,0.656097897352207,7.0,0.0,0.2000000029802322,True,False,873.0
6,imperfection_aware,2,1,Q053,exploitation,0.5757320004919247,0.0912291245370072,12.095737965506547,0.181843799501951,4.0,0.0,0.0,False,False,110908.0
6,imperfection_aware,2,2,Q069,exploitation,0.3306186545246098,0.2085118814102304,11.640991397157364,0.9584927637735136,2.0,0.0,0.0,False,False,90845.0
6,imperfection_aware,2,3,Q076,exploitation,0.3216141276545169,0.4060538367612326,11.162796240377308,1.9391873076293835,3.0,0.0,1.0,False,False,34391.0
6,imperfection_aware,2,4,Q071,exploitation,0.2796218273771732,0.1758775441280212,11.467718154146294,1.0159679963028692,6.0,0.0,0.0,False,False,60955.0
6,imperfection_aware,2,5,Q064,suspicious_exploration,0.529176352462434,0.5049323943156624,12.14566227452487,1.1564827484297855,5.0,0.0,1.0,True,False,45673.0
6,imperfection_aware,3,1,Q052,exploitation,0.2238497567763056,0.0483761350708915,11.776461801842638,0.3747701221053708,2.0,0.0,0.0,False,False,81273.0
6,imperfection_aware,3,2,Q038,exploitation,0.0748080833279707,0.009261733132015,11.662514345717812,0.2765611987882138,2.0,0.0,0.0,False,False,80348.0
6,imperfection_aware,3,3,Q019,exploitation,0.0633117239668749,0.0196340881286807,10.97096109874321,0.7135901656123226,7.0,0.0,0.0,False,False,84493.0
6,imperfection_aware,3,4,Q066,exploitation,0.0108604842511522,0.0019746704911592,10.840438476800257,0.5317895042911525,5.0,0.0,0.0,False,False,82233.0
6,imperfection_aware,3,5,Q080,suspicious_exploration,0.2636134440521295,0.6615883674056171,9.446747570220545,4.134886355387922,10.0,0.0,1.0,True,False,0.0
6,imperfection_aware,4,1,Q041,exploitation,0.0574918976689945,0.013198183014319,11.21464661357955,0.5369693587228297,4.0,0.0,0.800000011920929,False,False,155410.0
6,imperfection_aware,4,2,Q028,exploitation,0.0172119779175273,0.0030728935566332,11.01340159028513,0.4953058171070558,4.0,0.0,0.0,False,False,55318.0
6,imperfection_aware,4,3,Q017,exploitation,0.0075156329435176,0.0015652347441886,10.521411818422331,0.633155390189163,3.0,0.0,0.0,False,False,247107.0
6,imperfection_aware,4,4,Q059,exploitation,0.0074670752010052,0.0004053694304982,11.65903475430887,0.1651512265514723,1.0,0.0,0.0,False,False,128632.0
6,imperfection_aware,4,5,Q004,suspicious_exploration,0.0724335018692673,0.1849711782637433,3.695587928158921,5.737977425781851,8.0,0.0,1.0,True,False,0.0
6,imperfection_aware,5,1,Q035,exploitation,0.001239550363602,0.0001055688642128,11.511402541238304,0.3027806803120401,4.0,0.0,0.0,False,False,50709.0
6,imperfection_aware,5,2,Q026,exploitation,0.0002145264501779,1.7436675004096902e-05,11.283441413987711,0.3248977294803521,3.0,0.0,0.0,False,False,99186.0
6,imperfection_aware,5,3,Q024,exploitation,0.0002154312594268,1.938007419466511e-05,11.161982677190696,0.3595019270687944,3.0,0.0,0.0,False,False,25579.0
6,imperfection_aware,5,4,Q045,exploitation,0.0001706747155062,9.858901796295908e-06,11.589325940739158,0.2340374459294534,2.0,0.0,0.0,False,False,104181.0
6,imperfection_aware,5,5,Q085,suspicious_exploration,0.060318059691625,0.1509803138255769,3.413489061137077,5.807640498765555,12.0,0.0,1.0,True,False,0.0
6,imperfection_aware,6,1,Q029,exploitation,0.0055915880005655,0.0008095497334468,11.277945518713858,0.4531613882295953,2.0,0.0,0.0,False,False,119441.0
6,imperfection_aware,6,2,Q073,exploitation,0.0026577782434082,0.0004139013507575,10.975140923146505,0.5210992369637261,1.0,0.0,0.0,False,False,31696.0
6,imperfection_aware,6,3,Q037,exploitation,0.0002212707038404,2.813379468392577e-05,10.645280974086102,0.5072976439342793,2.0,0.0,0.0,False,False,76141.0
6,imperfection_aware,6,4,Q010,exploitation,1.9845189718789533e-08,5.247365597623561e-09,3.966066236512038,1.5406353986078003,4.0,0.0,1.0,False,False,0.0
6,imperfection_aware,6,5,Q089,suspicious_exploration,0.0204519431743168,0.0385383310732644,1.9640932073518125,5.117863764163589,7.0,1.0,0.0,True,False,0.0
6,imperfection_aware,7,1,Q014,exploitation,7.243366929055021e-13,6.254512166450848e-14,7.936522796888643,0.6343914788865409,2.0,0.0,1.0,False,True,108381.0
6,imperfection_aware,7,2,Q006,exploitation,3.2756752745237138e-49,1.8545797443406884e-50,0.0833926491203902,0.8398034235718802,4.0,0.0,1.0,False,True,2244.0
6,imperfection_aware,7,3,Q032,exploitation,0.0679471097526681,0.0198142441825792,11.439214223644829,0.6627744329626183,5.0,0.0,0.800000011920929,True,True,0.0
6,imperfection_aware,7,4,Q081,exploitation,0.0272375333591104,0.0214117881693442,8.47214006931505,2.056868996655808,6.0,1.0,0.0,True,True,0.0
6,imperfection_aware,7,5,Q095,suspicious_exploration,0.0159696412894802,0.0264502098425812,2.4816411644655467,4.636434907099789,12.0,1.0,0.0,True,True,0.0
6,imperfection_aware,8,1,Q005,exploitation,0.4187279106912375,1.0827348294490946,11.698675573785312,3.5530550065536803,7.0,0.0,1.0,True,True,42083.0
6,imperfection_aware,8,2,Q002,exploitation,0.2656328265629162,0.3430300175160118,11.098885913492966,2.122260979775476,8.0,0.0,1.0,True,True,0.0
6,imperfection_aware,8,3,Q027,exploitation,0.1719956368677436,0.6103440293798066,6.162471310024864,6.620578432507935,7.0,0.6000000238418579,0.4000000059604645,True,True,0.0
6,imperfection_aware,8,4,Q003,exploitation,0.1161350541117933,0.365850180824422,4.724706737720123,6.448447554097969,10.0,1.0,0.0,True,True,0.0
6,imperfection_aware,8,5,Q009,suspicious_exploration,0.0026479680125015,0.0016614052211257,6.571530578016436,2.1001022537721585,5.0,0.0,1.0,True,True,3295.0
7,random,1,1,Q086,random,0.1793651134832095,0.5632133493355039,6.742952593266614,5.794431412977406,20.0,0.0,1.0,True,False,200.0
7,random,1,2,Q047,random,0.0088465746403896,0.0014193366771486,10.923304242656096,0.4796435816267644,2.0,0.0,0.0,False,False,7770.0
7,random,1,3,Q065,random,0.3679154589815602,1.0630975636728333,10.64191770302347,4.206215752770215,8.0,0.0,1.0,True,False,38100.0
7,random,1,4,Q089,random,0.0850436055622539,0.2145142401386019,4.51401517724792,5.501029964548283,7.0,0.0,1.0,True,False,0.0
7,random,1,5,Q075,random,0.060970456693819,0.1369329033038928,4.016130479985444,5.201391494563789,8.0,0.0,1.0,True,False,0.0
7,random,2,1,Q043,random,0.1776213686085963,0.2504707636003711,9.649172799911328,2.6088902781288796,1.0,0.0,0.0,False,False,1379.0
7,random,2,2,Q046,random,0.662658203459535,0.1673651353719859,12.170183673334751,0.2601095320037271,3.0,0.0,0.0,False,False,58386.0
7,random,2,3,Q077,random,0.0724103190389708,0.1677510138329363,4.4706353210175855,5.205759220020914,12.0,1.0,0.0,True,False,226.0
7,random,2,4,Q083,random,0.1189977800216446,0.3153465581408436,5.693752180149588,5.395926171321762,9.0,1.0,0.0,True,False,0.0
7,random,2,5,Q015,random,0.1106773289918646,0.1456885548076639,8.731649566434763,2.7224354567348557,2.0,0.0,0.0,False,False,48700.0
7,random,3,1,Q001,random,0.1342495738881268,0.3845170857537804,5.779857450593463,5.676462907516594,10.0,0.0,1.0,True,False,4553.0
7,random,3,2,Q027,random,0.0006634410719448,0.0006101668920884,1.083371921802665,3.419716501336216,7.0,0.2000000029802322,0.800000011920929,True,False,0.0
7,random,3,3,Q045,random,1.3506215210743123e-17,7.405609585004618e-19,8.03230168069489,0.4762735509884987,2.0,0.0,0.0,False,False,104181.0
7,random,3,4,Q059,random,0.0333217366728276,0.0075458179462982,11.004254653948504,0.576179237438393,2.0,0.0,0.0,False,False,128632.0
7,random,3,5,Q078,random,0.2072150576198013,0.5977344288832689,7.885469022959563,5.116314694448035,10.0,0.0,1.0,True,False,51868.0
7,random,4,1,Q076,random,0.1231590654459784,0.1724336015962409,8.780826411291153,2.829355779232379,6.0,0.0,1.0,True,False,34391.0
7,random,4,2,Q068,random,0.0021704080706275,0.0007662126657376,8.63463855047288,1.201278003709427,5.0,0.0,0.0,False,False,50021.0
7,random,4,3,Q051,random,0.0011788455871666,0.0011721580091488,1.2706494854776915,3.5482560837604,7.0,0.0,1.0,True,False,873.0
7,random,4,4,Q062,random,2.201385605385856e-18,1.3708851781144625e-19,7.262273581785771,0.5536232504907486,4.0,0.0,1.0,False,False,0.0
7,random,4,5,Q036,random,0.1474228264928287,0.027337323568014,11.684403312020851,0.3595099467008824,6.0,0.0,1.0,True,False,0.0
7,random,5,1,Q093,random,0.0651865260934211,0.1512620989757259,4.025221781103701,5.312451513187727,11.0,0.0,1.0,True,False,0.0
7,random,5,2,Q080,random,0.1168126001388651,0.3222555938390659,5.343361237149651,5.639999299845015,10.0,0.0,1.0,True,False,0.0
7,random,5,3,Q054,random,0.3126117390816455,0.2522138401101754,11.449247444178862,1.252425493159363,2.0,0.0,0.0,False,False,100890.0
7,random,5,4,Q038,random,0.2101946784908187,0.1181558421183358,11.26094242517352,0.9929504501428548,3.0,0.0,0.0,False,False,80348.0
7,random,5,5,Q094,random,0.0898303231508041,0.2321496388403782,4.578217818780609,5.576678234775129,9.0,1.0,0.0,True,False,0.0
7,random,6,1,Q092,random,2.3360780931858157e-06,1.243600181908639e-06,-0.0485409524910327,2.64458674169554,5.0,1.0,0.0,True,False,0.0
7,random,6,2,Q021,random,0.3492165905196698,0.2338454131594552,11.675142216600342,0.9959467565079644,2.0,0.0,0.0,False,False,67531.0
7,random,6,3,Q090,random,1.945854725324074e-05,1.2161247492486663e-05,0.3960138101353712,2.8355651227078433,10.0,0.0,1.0,True,False,0.0
7,random,6,4,Q007,random,0.095303659252979,0.0790025289376314,9.747051400274865,1.768019566574367,9.0,0.0,0.6000000238418579,True,False,0.0
7,random,6,5,Q058,random,2.9517803668386525e-05,9.839760179925855e-06,6.105731424634984,1.4826540330454008,7.0,0.0,1.0,True,False,60312.0
7,random,7,1,Q008,random,0.0005321378317034,0.0004396022445131,1.8560219336006272,3.117968602585447,5.0,0.0,1.0,True,False,0.0
7,random,7,2,Q066,random,0.004968831601639,0.0032095962962722,6.790151387999007,2.0445599510134778,3.0,0.0,1.0,False,False,82233.0
7,random,7,3,Q071,random,0.1182510900771119,0.0989052021099892,10.04219444288035,1.70540342620626,4.0,0.0,0.0,False,False,60955.0
7,random,7,4,Q052,random,0.3660363242304064,0.2635735643869834,11.7013632889563,1.0504576507513443,1.0,0.0,0.0,False,False,81273.0
7,random,7,5,Q030,random,0.4109609621510436,0.291015849983974,11.840073546129387,0.9816102393533208,1.0,0.0,0.0,False,False,95814.0
7,random,8,1,Q040,random,0.1634387207558756,0.0511332546936417,11.4812316911739,0.5913535486416074,2.0,0.0,0.0,False,False,114138.0
7,random,8,2,Q013,random,0.0078157489823032,0.0053327533659629,7.066436709808887,2.0660857131698016,4.0,0.0,0.800000011920929,False,False,2639.0
7,random,8,3,Q017,random,0.2341570886381498,0.1812597578306089,11.100610917876484,1.3242754486632833,2.0,0.0,0.0,False,False,247107.0
7,random,8,4,Q037,random,4.009157881355243e-06,5.615294198279016e-07,9.020968811068377,0.680906509085243,1.0,0.0,0.0,False,False,76141.0
7,random,8,5,Q018,random,0.2908581804088197,0.202399402267545,11.45022987734096,1.108733336968894,2.0,0.0,0.0,False,False,207261.0
7,gp_m52_pi,1,1,Q017,exploitation,0.5234606334099768,0.6524001679589497,12.150479385828104,1.5205576957197655,2.0,0.0,0.0,False,False,247107.0
7,gp_m52_pi,1,2,Q071,exploitation,0.383799940606453,1.0654106968168175,10.888304363163584,3.968328717270808,7.0,0.0,1.0,True,False,60955.0
7,gp_m52_pi,1,3,Q030,exploitation,0.374247156982668,0.172144613906964,11.847872540141925,0.6647498883512963,1.0,0.0,0.0,False,False,95814.0
7,gp_m52_pi,1,4,Q066,exploitation,0.37271663628753,0.8091142310443563,11.040653206126391,3.1427760497152875,5.0,0.0,1.0,True,False,82233.0
7,gp_m52_pi,1,5,Q068,exploitation,0.3731329698737781,0.9027893191911998,10.928183406004685,3.5010526651339804,6.0,0.0,1.0,True,False,50021.0
7,gp_m52_pi,2,1,Q065,exploitation,0.4027937927497884,0.7382112714494945,11.796500920048768,2.56409081174392,8.0,0.0,1.0,True,False,38100.0
7,gp_m52_pi,2,2,Q080,exploitation,0.2426269736103125,0.8132623099835392,8.469545837391863,5.671534338012283,11.0,0.0,1.0,True,False,0.0
7,gp_m52_pi,2,3,Q086,exploitation,0.2182450090594685,0.7543405772435077,7.728347318741199,6.039105633242989,20.0,0.0,1.0,True,False,200.0
7,gp_m52_pi,2,4,Q083,exploitation,0.2144224593850027,0.7369930346519562,7.651677333559836,6.036508854753574,17.0,0.0,1.0,True,False,0.0
7,gp_m52_pi,2,5,Q094,exploitation,0.1822521558667826,0.5938041795876494,6.998506547614571,5.986965969439126,9.0,0.0,1.0,True,False,0.0
7,gp_m52_pi,3,1,Q001,exploitation,0.1609038845482204,0.3983018766555405,7.773712908719913,4.697319016175785,10.0,0.0,1.0,True,False,4553.0
7,gp_m52_pi,3,2,Q062,exploitation,0.1545029857733845,0.1525317364725378,10.502492957664051,1.8923315134851115,3.0,0.0,1.0,False,False,0.0
7,gp_m52_pi,3,3,Q018,exploitation,0.1067690097674066,0.0353396933430284,11.569598926625089,0.6897539453210767,3.0,0.0,0.0,False,False,207261.0
7,gp_m52_pi,3,4,Q043,exploitation,0.1007445039007442,0.0826299419395587,10.218040197613734,1.7298242877011394,1.0,0.0,0.0,False,False,1379.0
7,gp_m52_pi,3,5,Q051,exploitation,0.0779196279954787,0.1483141355931411,6.438373068694344,4.220114542514039,7.0,0.0,1.0,True,False,873.0
7,gp_m52_pi,4,1,Q059,exploitation,0.4516101795273406,0.3164162477007403,12.314782629339057,0.9276600475670608,3.0,0.0,0.0,False,False,128632.0
7,gp_m52_pi,4,2,Q052,exploitation,0.4466686613185059,0.2052530384608288,12.345546968069682,0.6118157650638478,3.0,0.0,0.0,False,False,81273.0
7,gp_m52_pi,4,3,Q007,exploitation,0.3430832795843349,0.5282613122938786,11.495652148340902,2.3063956415401874,7.0,0.0,0.800000011920929,True,False,0.0
7,gp_m52_pi,4,4,Q038,exploitation,0.3264938379512598,0.133230392576389,12.147391211667529,0.623175860394898,2.0,0.0,0.0,False,False,80348.0
7,gp_m52_pi,4,5,Q058,exploitation,0.2524319530618238,0.3212242204019365,11.009642694617083,2.1263021788387597,7.0,0.0,1.0,True,False,60312.0
7,gp_m52_pi,5,1,Q078,exploitation,0.4787905169572616,1.900744219752585,12.156472777225105,5.097034349661176,10.0,0.0,1.0,True,False,51868.0
7,gp_m52_pi,5,2,Q047,exploitation,0.4187020203569412,0.5015598400450838,12.089787078616276,1.6460466194559489,2.0,0.0,1.0,False,False,7770.0
7,gp_m52_pi,5,3,Q045,exploitation,0.2392129743858329,0.0791745438842014,12.02885652258179,0.5625052440059054,2.0,0.0,0.0,False,False,104181.0
7,gp_m52_pi,5,4,Q076,exploitation,0.2105248164001799,0.2942695492689021,10.441847619601331,2.467970742727499,6.0,0.0,1.0,True,False,34391.0
7,gp_m52_pi,5,5,Q046,exploitation,0.1885802099280975,0.0395993291730527,12.089925248493168,0.3823350392401483,2.0,0.0,0.0,False,False,58386.0
7,gp_m52_pi,6,1,Q054,exploitation,0.5909611217585757,0.6623719035618624,12.718085026113709,1.2629629701480596,2.0,0.0,0.0,False,False,100890.0
7,gp_m52_pi,6,2,Q093,exploitation,0.0532937813020893,0.1303368411460838,3.0798296179126288,5.792662192853677,11.0,1.0,0.0,True,False,0.0
7,gp_m52_pi,6,3,Q040,exploitation,0.04479234566929,0.0084166258469702,11.65086279828146,0.4575408699864171,2.0,0.0,0.0,False,False,114138.0
7,gp_m52_pi,6,4,Q021,exploitation,0.0271659606396737,0.0077352631279563,10.993506561141745,0.7452907670349849,2.0,0.0,0.0,False,False,67531.0
7,gp_m52_pi,6,5,Q092,exploitation,0.0251198693833137,0.0505576744500782,2.0048177535901415,5.323393370823866,10.0,1.0,0.0,True,False,0.0
7,gp_m52_pi,7,1,Q077,exploitation,0.0135287911237384,0.0178977057612781,4.081061870575008,3.7755332715661,9.0,0.6000000238418579,0.4000000059604645,True,False,226.0
7,gp_m52_pi,7,2,Q036,exploitation,0.0076018688133609,0.0124924061594666,0.3138749741560218,4.99022017019834,4.0,0.0,1.0,False,False,0.0
7,gp_m52_pi,7,3,Q090,exploitation,0.0030446920130904,0.0035532646584076,1.839613239880088,3.860095291749064,10.0,0.0,1.0,True,False,0.0
7,gp_m52_pi,7,4,Q008,exploitation,0.0029736797053024,0.0041821364143485,-0.3938797969767353,4.661214317090006,5.0,0.0,1.0,True,False,0.0
7,gp_m52_pi,7,5,Q013,exploitation,0.0012435996915284,0.0004488646222116,8.547013196245064,1.2828770320924905,4.0,0.0,1.0,False,False,2639.0
7,gp_m52_pi,8,1,Q015,exploitation,1.54237487571616e-10,3.4285376008960646e-11,3.20470228593223,1.4652378148884866,2.0,0.0,1.0,False,False,48700.0
7,gp_m52_pi,8,2,Q027,exploitation,0.000189677250181,0.0001815974796089,-1.2735458806195794,3.855079828393935,7.0,1.0,0.0,True,False,0.0
7,gp_m52_pi,8,3,Q037,exploitation,1.9111447947198493e-07,2.5293794642412378e-08,8.775302481363969,0.7192920033446574,1.0,0.0,0.0,False,False,76141.0
7,gp_m52_pi,8,4,Q075,exploitation,4.220043198085412e-07,1.6049612843172414e-07,2.5168326890230777,2.0123729937553216,6.0,0.0,1.0,True,False,0.0
7,gp_m52_pi,8,5,Q089,exploitation,0.0007274105542145,0.0007806575577338,-0.1956352557936229,3.9651410860118865,7.0,1.0,0.0,True,False,0.0
7,gp_m52_ei,1,1,Q071,exploitation,0.3837970726717449,1.0653960824611606,10.888278059000363,3.968316884610334,7.0,0.0,1.0,True,False,60955.0
7,gp_m52_ei,1,2,Q065,exploitation,0.3679154589815602,1.0630975636728333,10.64191770302347,4.206215752770215,8.0,0.0,1.0,True,False,38100.0
7,gp_m52_ei,1,3,Q076,exploitation,0.3177246856786226,1.040634620650767,9.665197796992173,5.053696769814501,10.0,0.0,1.0,True,False,34391.0
7,gp_m52_ei,1,4,Q068,exploitation,0.3731301662303142,0.9027774904564316,10.928160183168576,3.5010443090828676,6.0,0.0,1.0,True,False,50021.0
7,gp_m52_ei,1,5,Q078,exploitation,0.2678410950424327,0.8646533729972458,8.784137651438845,5.29077495186484,13.0,0.0,1.0,True,False,51868.0
7,gp_m52_ei,2,1,Q086,exploitation,0.2209620809021494,0.7722624261514175,7.382479210621915,6.084324050832587,20.0,0.0,1.0,True,False,200.0
7,gp_m52_ei,2,2,Q080,exploitation,0.2567197914024149,0.7698857804187866,8.804063687333718,4.983913975502421,11.0,0.0,1.0,True,False,0.0
7,gp_m52_ei,2,3,Q094,exploitation,0.2117769051448192,0.7296970487892933,7.200782016774937,6.073225559605052,9.0,1.0,0.0,True,False,0.0
7,gp_m52_ei,2,4,Q083,exploitation,0.2050605434791815,0.6996012729204903,7.0619406182978635,6.069182432223066,14.0,0.0,1.0,True,False,0.0
7,gp_m52_ei,2,5,Q001,exploitation,0.1978232875689008,0.5798700950859194,7.586741092163576,5.267426185850309,10.0,0.0,1.0,True,False,4553.0
7,gp_m52_ei,3,1,Q007,exploitation,0.4966819056864035,0.8318334786158861,12.04348370998948,2.106988149114577,9.0,0.0,0.0,False,False,0.0
7,gp_m52_ei,3,2,Q052,exploitation,0.6013027902325315,0.3415482634360857,12.22326988713763,0.6320553649779337,3.0,0.0,0.0,False,False,81273.0
7,gp_m52_ei,3,3,Q058,exploitation,0.2279980866229979,0.3263632707380167,10.220692850567676,2.468711311735644,7.0,0.0,1.0,True,False,60312.0
7,gp_m52_ei,3,4,Q059,exploitation,0.4898542974677666,0.3259737785913413,12.039548896627783,0.8437174712421642,3.0,0.0,0.0,False,False,128632.0
7,gp_m52_ei,3,5,Q018,exploitation,0.5470704159755815,0.2962869488074347,12.137039525162873,0.6428995096026471,3.0,0.0,0.0,False,False,207261.0
7,gp_m52_ei,4,1,Q077,exploitation,0.1754882441696983,0.4523964933449373,7.789211840879202,4.7845416381926364,9.0,0.0,1.0,True,False,226.0
7,gp_m52_ei,4,2,Q017,exploitation,0.5669434156286309,0.4180849563556927,12.395916624100508,0.8551583889663422,2.0,0.0,0.0,False,False,247107.0
7,gp_m52_ei,4,3,Q066,exploitation,0.3071364217037544,0.2753307939690236,11.545822185771726,1.4006738922215358,4.0,0.0,1.0,False,False,82233.0
7,gp_m52_ei,4,4,Q075,exploitation,0.0897097495604612,0.1986550296412695,5.834723403024563,4.779741291097375,6.0,0.0,1.0,True,False,0.0
7,gp_m52_ei,4,5,Q051,exploitation,0.1522584789151164,0.189765872360744,9.78996081579344,2.397535944568399,7.0,0.0,1.0,True,False,873.0
7,gp_m52_ei,5,1,Q090,exploitation,0.0523872133882045,0.1115880125006293,4.220644683705601,5.059341941481755,10.0,0.0,1.0,True,False,0.0
7,gp_m52_ei,5,2,Q093,exploitation,0.0210171640830293,0.0366663437757513,2.8268029233449488,4.722049817791242,11.0,1.0,0.0,True,False,0.0
7,gp_m52_ei,5,3,Q054,exploitation,0.1772191325464331,0.0337989942485693,12.10064397982546,0.3530578247581223,2.0,0.0,0.0,False,False,100890.0
7,gp_m52_ei,5,4,Q062,exploitation,0.0666705529269846,0.03045193097328,10.864113031511742,1.0415786272130485,3.0,0.0,1.0,False,False,0.0
7,gp_m52_ei,5,5,Q089,exploitation,0.0144598435302892,0.0235527986670325,2.349970795252932,4.61306610165478,7.0,1.0,0.0,True,False,0.0
7,gp_m52_ei,6,1,Q030,exploitation,0.2085519437241862,0.0881875549349479,11.820103591653762,0.7486262012899452,1.0,0.0,0.0,False,False,95814.0
7,gp_m52_ei,6,2,Q027,exploitation,0.0443634162262177,0.0868626712498191,4.300231441918733,4.774748765816749,7.0,0.0,1.0,True,False,0.0
7,gp_m52_ei,6,3,Q047,exploitation,0.1465385657003641,0.0488200122111453,11.747503766714058,0.6468329103208684,2.0,0.0,0.0,False,False,7770.0
7,gp_m52_ei,6,4,Q046,exploitation,0.1190304263843417,0.0369202795396907,11.682465220243596,0.6315354430667258,2.0,0.0,0.0,False,False,58386.0
7,gp_m52_ei,6,5,Q045,exploitation,0.0995474917816705,0.0300813313268697,11.607190721381372,0.6388662566242611,2.0,0.0,0.0,False,False,104181.0
7,gp_m52_ei,7,1,Q021,exploitation,0.04775371983419,0.0210536092114411,10.6558010126896,1.0628329476664942,2.0,0.0,0.0,False,False,67531.0
7,gp_m52_ei,7,2,Q092,exploitation,0.007595925251178,0.0114676628736872,1.2966683671576948,4.584824288920729,5.0,1.0,0.0,True,False,0.0
7,gp_m52_ei,7,3,Q038,exploitation,0.0366074244109364,0.0114554088385863,11.020430778432344,0.7854639031818784,2.0,0.0,0.0,False,False,80348.0
7,gp_m52_ei,7,4,Q040,exploitation,0.0464189093374275,0.0091531559473675,11.625115337422828,0.4774833445893793,2.0,0.0,0.0,False,False,114138.0
7,gp_m52_ei,7,5,Q036,exploitation,0.004730083623175,0.006909016405382,0.375059236939089,4.644586898494896,4.0,0.0,1.0,False,False,0.0
7,gp_m52_ei,8,1,Q008,exploitation,0.0007462757921831,0.0008086606022933,-0.265501476381444,3.9964015495792737,5.0,0.0,1.0,True,False,0.0
7,gp_m52_ei,8,2,Q013,exploitation,0.0010207798077836,0.0003526058469352,8.585368865483378,1.245805360449658,4.0,0.0,0.2000000029802322,False,False,2639.0
7,gp_m52_ei,8,3,Q015,exploitation,9.089554908087397e-05,4.569267915073864e-05,4.528819159949332,2.1102404585745855,2.0,0.0,1.0,False,False,48700.0
7,gp_m52_ei,8,4,Q037,exploitation,0.0016410551786265,0.0004993593345108,9.314670137178512,1.058812727633968,1.0,0.0,0.0,False,False,76141.0
7,gp_m52_ei,8,5,Q043,exploitation,0.0010415360127137,0.0003776553289795,8.408174766321142,1.3057966816866895,1.0,0.0,0.0,False,False,1379.0
7,pi_random_exploration,1,1,Q017,exploitation,0.5234576847931163,0.6523953189493372,12.150468270959935,1.5205601292771596,2.0,0.0,0.0,False,False,247107.0
7,pi_random_exploration,1,2,Q071,exploitation,0.3837970726717449,1.0653960824611606,10.888278059000363,3.968316884610334,7.0,0.0,1.0,True,False,60955.0
7,pi_random_exploration,1,3,Q030,exploitation,0.3742453916456163,0.1721427079931942,11.847870368319988,0.6647470037886315,1.0,0.0,0.0,False,False,95814.0
7,pi_random_exploration,1,4,Q066,exploitation,0.3727140965227697,0.8091074084204182,11.040630806452272,3.1427800820496734,5.0,0.0,1.0,True,False,82233.0
7,pi_random_exploration,1,5,Q075,random_exploration,0.060970456693819,0.1369329033038928,4.016130479985444,5.201391494563789,8.0,0.0,1.0,True,False,0.0
7,pi_random_exploration,2,1,Q065,exploitation,0.3677548121540985,0.8592961734695906,11.278375037149674,3.401972718764841,8.0,0.0,1.0,True,False,38100.0
7,pi_random_exploration,2,2,Q080,exploitation,0.2207996843130147,0.6590204596443058,8.42844610029336,5.197088238849389,10.0,0.0,1.0,True,False,0.0
7,pi_random_exploration,2,3,Q001,exploitation,0.213578273295275,0.6074329795201716,8.456682186015646,5.000711026651021,10.0,0.0,1.0,True,False,4553.0
7,pi_random_exploration,2,4,Q094,exploitation,0.1690904272067632,0.5126750971884839,6.985980899696939,5.681555669233559,9.0,1.0,0.0,True,False,0.0
7,pi_random_exploration,2,5,Q018,random_exploration,0.0208009233847977,0.0061906511131902,10.784147537129549,0.8066004495909698,3.0,0.0,0.0,False,False,207261.0
7,pi_random_exploration,3,1,Q054,exploitation,0.7123718023501702,0.3449381237165215,12.688716471439232,0.4660415998690597,2.0,0.0,0.0,False,False,100890.0
7,pi_random_exploration,3,2,Q052,exploitation,0.5225711254403029,0.2207943461641653,12.456791052918152,0.516013144730523,3.0,0.0,0.0,False,False,81273.0
7,pi_random_exploration,3,3,Q038,exploitation,0.4518120278319177,0.1712967482048802,12.36681276925814,0.5018641182574496,2.0,0.0,0.0,False,False,80348.0
7,pi_random_exploration,3,4,Q040,exploitation,0.3099626070809738,0.0815766128804082,12.224320096907508,0.4098358126836453,2.0,0.0,0.0,False,False,114138.0
7,pi_random_exploration,3,5,Q015,random_exploration,2.1208426381653577e-06,3.746531534712584e-07,8.376174058580018,0.880898685893233,2.0,0.0,0.0,False,False,48700.0
7,pi_random_exploration,4,1,Q051,exploitation,0.2454761391998224,0.3099915889029837,10.961195768429448,2.1289135148475933,7.0,0.0,1.0,True,False,873.0
7,pi_random_exploration,4,2,Q086,exploitation,0.1962609255677138,0.7238272502126306,6.748277126507363,6.642049283336599,19.0,1.0,0.0,True,False,200.0
7,pi_random_exploration,4,3,Q083,exploitation,0.1714700939596911,0.6033342849880403,6.196972951161241,6.5697941740312755,16.0,1.0,0.0,True,False,0.0
7,pi_random_exploration,4,4,Q013,exploitation,0.101295253181058,0.056163860121162,10.939215888763837,1.168072638984842,4.0,0.0,0.0,False,False,2639.0
7,pi_random_exploration,4,5,Q092,random_exploration,4.323478917251653e-06,2.287304891074912e-06,1.0217260517256292,2.563974143160483,10.0,1.0,0.0,True,False,0.0
7,pi_random_exploration,5,1,Q078,exploitation,0.0967543480446876,0.1658232253253127,7.68899113804103,3.6443140925679582,11.0,0.0,1.0,True,False,51868.0
7,pi_random_exploration,5,2,Q076,exploitation,0.0861275626566584,0.1037887408709479,8.84898419306515,2.6216951535659976,6.0,0.0,1.0,True,False,34391.0
7,pi_random_exploration,5,3,Q068,exploitation,0.0524777782898507,0.017338633745235,11.15560202177053,0.7845475538708581,4.0,0.0,0.0,False,False,50021.0
7,pi_random_exploration,5,4,Q089,exploitation,0.0263200064588623,0.0474028341860367,3.253483077351077,4.734132677533045,7.0,1.0,0.0,True,False,0.0
7,pi_random_exploration,5,5,Q046,random_exploration,3.886652214657711e-05,3.775294442374044e-06,10.74349271153325,0.4262128709459031,2.0,0.0,0.0,False,False,58386.0
7,pi_random_exploration,6,1,Q093,exploitation,0.0061639018563227,0.0082211907138959,2.0778730046843856,4.135550050842754,5.0,1.0,0.0,True,False,0.0
7,pi_random_exploration,6,2,Q062,exploitation,0.004728232927931,0.0021675586545591,8.644541858246162,1.4577648525775193,3.0,0.0,0.6000000238418579,False,False,0.0
7,pi_random_exploration,6,3,Q058,exploitation,0.0040257703858811,0.0013207451385148,9.622057279333362,1.0587277407039497,7.0,0.0,1.0,True,False,60312.0
7,pi_random_exploration,6,4,Q059,exploitation,0.0035542536129501,0.0006364486010109,10.854709287664065,0.5843374427944893,1.0,0.0,0.0,False,False,128632.0
7,pi_random_exploration,6,5,Q021,random_exploration,0.0003076318980126,2.23863124356462e-05,11.453070248605872,0.284545661307256,2.0,0.0,0.0,False,False,67531.0
7,pi_random_exploration,7,1,Q047,exploitation,0.3332116859295445,0.2195578243321257,11.997214096195188,0.9983871999802324,2.0,0.0,0.0,False,False,7770.0
7,pi_random_exploration,7,2,Q008,exploitation,0.038951896048988,0.0631779742591192,5.315559450257796,4.03408979296038,5.0,0.0,1.0,True,False,0.0
7,pi_random_exploration,7,3,Q036,exploitation,0.0096858847368405,0.0134472481427434,2.8148425454633488,4.110997067472762,4.0,0.0,1.0,False,False,0.0
7,pi_random_exploration,7,4,Q007,exploitation,0.0088188107771962,0.0054818353108698,8.016040455733577,1.8589472332036403,6.0,0.0,1.0,True,False,0.0
7,pi_random_exploration,7,5,Q037,random_exploration,0.0017378911897994,0.0003291570029455,10.510395587794385,0.6560779673644969,1.0,0.0,0.0,False,False,76141.0
7,pi_random_exploration,8,1,Q043,exploitation,0.0405070165385536,0.0134943723453282,10.990303136167247,0.8237338807458952,1.0,0.0,0.0,False,False,1379.0
7,pi_random_exploration,8,2,Q090,exploitation,0.003769560135168,0.0044390537824705,2.21296141061363,3.8227764398958817,10.0,0.0,1.0,True,False,0.0
7,pi_random_exploration,8,3,Q027,exploitation,0.0023307168282172,0.0027791062683069,1.0138156073084597,4.033782010234307,7.0,0.800000011920929,0.2000000029802322,True,False,0.0
7,pi_random_exploration,8,4,Q077,exploitation,0.0009776978641529,0.000844866097623,2.745507089683792,3.12635106860678,9.0,0.800000011920929,0.2000000029802322,True,False,226.0
7,pi_random_exploration,8,5,Q045,random_exploration,1.011809629593266e-05,8.896491185396079e-07,10.675951090911406,0.4109618154500474,2.0,0.0,0.0,False,False,104181.0
7,pi_uncertainty,1,1,Q017,exploitation,0.5234576847931163,0.6523953189493372,12.150468270959935,1.5205601292771596,2.0,0.0,0.0,False,False,247107.0
7,pi_uncertainty,1,2,Q071,exploitation,0.3837970726717449,1.0653960824611606,10.888278059000363,3.968316884610334,7.0,0.0,1.0,True,False,60955.0
7,pi_uncertainty,1,3,Q030,exploitation,0.3742453916456163,0.1721427079931942,11.847870368319988,0.6647470037886315,1.0,0.0,0.0,False,False,95814.0
7,pi_uncertainty,1,4,Q066,exploitation,0.3727140965227697,0.8091074084204182,11.040630806452272,3.1427800820496734,5.0,0.0,1.0,True,False,82233.0
7,pi_uncertainty,1,5,Q086,uncertainty_exploration,0.1793651134832095,0.5632133493355039,6.742952593266614,5.794431412977406,20.0,0.0,1.0,True,False,200.0
7,pi_uncertainty,2,1,Q054,exploitation,0.5914641265901739,0.3049231194604734,12.561871305855984,0.5805580002460631,2.0,0.0,0.0,False,False,100890.0
7,pi_uncertainty,2,2,Q038,exploitation,0.4219142709296505,0.2145798042563297,12.290405073864,0.6963278507121133,3.0,0.0,0.0,False,False,80348.0
7,pi_uncertainty,2,3,Q065,exploitation,0.3996220683033306,0.9644550010734354,11.565758378795682,3.3886595866238554,8.0,0.0,1.0,True,False,38100.0
7,pi_uncertainty,2,4,Q052,exploitation,0.3671369432504517,0.1719266666108049,12.19598045124308,0.6822894391316215,3.0,0.0,0.0,False,False,81273.0
7,pi_uncertainty,2,5,Q094,uncertainty_exploration,0.0830955169414637,0.2058960457942314,4.912630587155419,5.427732174592807,9.0,1.0,0.0,True,False,0.0
7,pi_uncertainty,3,1,Q018,exploitation,0.2589942410062013,0.0918950216651827,12.047483063486997,0.5879776782563588,2.0,0.0,0.0,False,False,207261.0
7,pi_uncertainty,3,2,Q080,exploitation,0.237258149191105,0.8112569374200146,8.261165318039485,5.8259314255389425,11.0,0.0,1.0,True,False,0.0
7,pi_uncertainty,3,3,Q078,exploitation,0.2323433849628588,0.5133378485420509,9.65747794660276,3.788686403384015,11.0,0.0,0.0,False,False,51868.0
7,pi_uncertainty,3,4,Q051,exploitation,0.1967421875218366,0.3041293393518083,10.053602983001548,2.782063404929792,7.0,0.0,1.0,True,False,873.0
7,pi_uncertainty,3,5,Q077,uncertainty_exploration,0.1207350086794111,0.3274386151092998,5.979804810873171,5.504707333045824,10.0,0.0,1.0,True,False,226.0
7,pi_uncertainty,4,1,Q007,exploitation,0.4169553404964457,0.6782963866934822,11.957918015568731,2.2398100283934497,7.0,0.0,1.0,True,False,0.0
7,pi_uncertainty,4,2,Q013,exploitation,0.3592802189108356,0.3247391599335789,11.948693634061826,1.3288268310304725,4.0,0.0,1.0,False,False,2639.0
7,pi_uncertainty,4,3,Q001,exploitation,0.2792191030963497,0.6784321654424349,10.129881819935102,3.926597280729342,10.0,0.0,1.0,True,False,4553.0
7,pi_uncertainty,4,4,Q058,exploitation,0.1136059060818629,0.1074268422105439,10.079037461788234,1.9448469205148833,7.0,0.0,1.0,True,False,60312.0
7,pi_uncertainty,4,5,Q093,uncertainty_exploration,0.0082316484137361,0.0123019042709992,1.631175114174522,4.501354101836509,11.0,1.0,0.0,True,False,0.0
7,pi_uncertainty,5,1,Q068,exploitation,0.1086955587550032,0.058802752009843,11.042192758511218,1.1231402945884352,4.0,0.0,0.0,False,False,50021.0
7,pi_uncertainty,5,2,Q090,exploitation,0.0677045161213399,0.1490684371525061,4.951173907467101,5.007279466956219,10.0,0.0,1.0,True,False,0.0
7,pi_uncertainty,5,3,Q083,exploitation,0.0624182503693009,0.119976990311141,5.62270924636978,4.433760333790993,9.0,1.0,0.0,True,False,0.0
7,pi_uncertainty,5,4,Q076,exploitation,0.0541758853998976,0.0781071381658223,6.959259095619819,3.40568380410438,6.0,0.0,1.0,True,False,34391.0
7,pi_uncertainty,5,5,Q089,uncertainty_exploration,0.0127464551290793,0.0194711533259611,2.6228653963318305,4.389154641214543,7.0,1.0,0.0,True,False,0.0
7,pi_uncertainty,6,1,Q075,exploitation,0.016537401184097,0.0222650392875687,4.428906319118806,3.7531774007444394,6.0,0.0,1.0,True,False,0.0
7,pi_uncertainty,6,2,Q062,exploitation,0.0127837420608861,0.006615889027397,9.108638661801493,1.4865024135671543,3.0,0.0,1.0,False,False,0.0
7,pi_uncertainty,6,3,Q059,exploitation,0.0056360254558505,0.0014806979612919,10.34529254338064,0.8216910310275503,1.0,0.0,0.0,False,False,128632.0
7,pi_uncertainty,6,4,Q027,exploitation,0.0019922159923824,0.0019461938006247,2.789273331180725,3.347341608428416,7.0,0.0,1.0,True,False,0.0
7,pi_uncertainty,6,5,Q092,uncertainty_exploration,1.1490254710931254e-05,7.059680388355182e-06,0.3379935604256623,2.855512872888069,5.0,1.0,0.0,True,False,0.0
7,pi_uncertainty,7,1,Q045,exploitation,0.3001624829046778,0.1024307844307487,12.145883532942582,0.5376586289346518,2.0,0.0,0.0,False,False,104181.0
7,pi_uncertainty,7,2,Q046,exploitation,0.2036631600690626,0.0414516745768522,12.12698613890382,0.3627706549588392,2.0,0.0,0.0,False,False,58386.0
7,pi_uncertainty,7,3,Q047,exploitation,0.0896209038603524,0.0552138326489037,10.641203439656664,1.3300472154080365,2.0,0.0,0.6000000238418579,False,False,7770.0
7,pi_uncertainty,7,4,Q040,exploitation,0.081475483394155,0.0103629059708416,12.03740430809529,0.2796532535612012,2.0,0.0,0.0,False,False,114138.0
7,pi_uncertainty,7,5,Q036,uncertainty_exploration,0.0037587796703627,0.0053339902136226,0.1108626775496093,4.6078206431639614,4.0,0.0,1.0,False,False,0.0
7,pi_uncertainty,8,1,Q021,exploitation,0.0140029686983223,0.0033250714587241,10.94446883783635,0.6749998959131182,2.0,0.0,0.0,False,False,67531.0
7,pi_uncertainty,8,2,Q037,exploitation,0.0025976620771793,0.0008332044630909,9.42235651755281,1.0753426188111892,1.0,0.0,0.0,False,False,76141.0
7,pi_uncertainty,8,3,Q043,exploitation,0.0012256534183252,0.0004476636551784,8.490737829667166,1.299593377831178,1.0,0.0,0.0,False,False,1379.0
7,pi_uncertainty,8,4,Q008,exploitation,0.0008159517332753,0.0008896367546985,-0.1604046291585232,3.99600393882015,5.0,0.0,1.0,True,False,0.0
7,pi_uncertainty,8,5,Q015,uncertainty_exploration,0.0001059259463654,5.356217412339913e-05,4.629954980249077,2.104936181106225,2.0,0.0,1.0,False,False,48700.0
7,imperfection_aware,1,1,Q017,exploitation,0.523460467909686,0.652399682656405,12.15047873274273,1.520557335550774,2.0,0.0,0.0,False,False,247107.0
7,imperfection_aware,1,2,Q030,exploitation,0.3742461064557121,0.1721421918586845,11.847872842269728,0.6647431985798684,1.0,0.0,0.0,False,False,95814.0
7,imperfection_aware,1,3,Q018,exploitation,0.2493182691840709,0.1947763909849542,11.174219896690577,1.310582802700124,3.0,0.0,0.0,False,False,207261.0
7,imperfection_aware,1,4,Q043,exploitation,0.2352622216990912,0.3400087644444823,10.27941959063504,2.468853117706651,1.0,0.0,0.0,False,False,1379.0
7,imperfection_aware,1,5,Q071,suspicious_exploration,0.3837991375792765,1.0654060842259396,10.88829757089342,3.968323465280575,7.0,0.0,1.0,True,False,60955.0
7,imperfection_aware,2,1,Q068,exploitation,0.0663053880491482,0.0271165203695086,11.023700642120115,0.9335018210185134,4.0,0.0,0.2000000029802322,False,False,50021.0
7,imperfection_aware,2,2,Q013,exploitation,0.0296711848457848,0.0144296392146362,10.056055845440277,1.257670889087105,4.0,0.0,1.0,False,False,2639.0
7,imperfection_aware,2,3,Q059,exploitation,0.0265174727065254,0.0091826299094737,10.66835534769706,0.9093313522278528,3.0,0.0,0.2000000029802322,False,False,128632.0
7,imperfection_aware,2,4,Q062,exploitation,0.023963682135697,0.0179062713547552,8.493983236992273,1.9886622173753432,4.0,0.0,1.0,False,False,0.0
7,imperfection_aware,2,5,Q065,suspicious_exploration,0.3962595494705826,1.0627222782286068,11.433289468855971,3.779988256724629,8.0,0.0,1.0,True,False,38100.0
7,imperfection_aware,3,1,Q054,exploitation,0.577777915365329,0.2824258790843332,12.537378692914256,0.5595879875439456,2.0,0.0,0.0,False,False,100890.0
7,imperfection_aware,3,2,Q038,exploitation,0.4799370362435778,0.185883258402783,12.402594649656558,0.4966272720693576,2.0,0.0,0.0,False,False,80348.0
7,imperfection_aware,3,3,Q021,exploitation,0.425970746655067,0.1615909573212929,12.331085366982425,0.5170085243698691,2.0,0.0,0.0,False,False,67531.0
7,imperfection_aware,3,4,Q046,exploitation,0.4063879649239151,0.1136281052597611,12.335306467414076,0.3895954835192081,2.0,0.0,0.0,False,False,58386.0
7,imperfection_aware,3,5,Q076,suspicious_exploration,0.3580420756426006,0.7258697877815299,11.342031138881364,2.9847623116120925,6.0,0.0,1.0,True,False,34391.0
7,imperfection_aware,4,1,Q047,exploitation,0.3298667585206979,0.2381332594067867,11.944100533956329,1.0981171277082955,2.0,0.0,0.0,False,False,7770.0
7,imperfection_aware,4,2,Q078,exploitation,0.2431628182009733,0.663472166635213,9.215793954644996,4.6135439004585095,10.0,0.0,0.0,False,False,51868.0
7,imperfection_aware,4,3,Q052,exploitation,0.1051238634043602,0.0263841854128963,11.770173294825984,0.5247151257981686,1.0,0.0,0.0,False,False,81273.0
7,imperfection_aware,4,4,Q066,exploitation,0.0260859768522001,0.0234306091087495,7.837693596968326,2.363834982247593,3.0,0.0,0.800000011920929,False,False,82233.0
7,imperfection_aware,4,5,Q086,suspicious_exploration,0.1823839600680737,0.6570867298628593,6.42871836175931,6.618942688036099,20.0,1.0,0.0,True,False,200.0
7,imperfection_aware,5,1,Q040,exploitation,0.041993488305229,0.0078880074885138,11.629351092755918,0.4619366083825147,2.0,0.0,0.0,False,False,114138.0
7,imperfection_aware,5,2,Q045,exploitation,0.0146061070631376,0.0028059049105286,11.242577166965718,0.5434273685963855,2.0,0.0,0.0,False,False,104181.0
7,imperfection_aware,5,3,Q036,exploitation,0.0091218752000793,0.0157411293791542,0.2883185589458357,5.142374786736359,4.0,0.0,1.0,False,False,0.0
7,imperfection_aware,5,4,Q015,exploitation,6.481302399539072e-10,1.679960628008936e-10,2.4015139009809623,1.652323443413381,2.0,0.0,1.0,False,False,48700.0
7,imperfection_aware,5,5,Q093,suspicious_exploration,0.2163887387185881,0.8378198196324886,7.1075193612842265,6.781920097959464,11.0,0.4000000059604645,0.6000000238418579,True,False,0.0
7,imperfection_aware,6,1,Q037,exploitation,3.207007954336901e-08,3.667964484079189e-09,8.874438502200281,0.6571547914254708,1.0,0.0,0.0,False,True,76141.0
7,imperfection_aware,6,2,Q080,exploitation,0.3095551126700016,1.3119840669285556,9.145052552000482,6.603199365203997,11.0,0.0,1.0,True,True,0.0
7,imperfection_aware,6,3,Q083,exploitation,0.205211204755261,0.7163449020384991,7.316984692623311,6.2085803577056575,9.0,1.0,0.0,True,True,0.0
7,imperfection_aware,6,4,Q077,exploitation,0.1943683454671794,0.5669846932809626,7.887415720334217,5.267558853213852,10.0,0.0,1.0,True,True,226.0
7,imperfection_aware,6,5,Q001,suspicious_exploration,0.0867384469083538,0.1837571223103401,6.162728998388593,4.602730204517595,10.0,0.0,1.0,True,True,4553.0
7,imperfection_aware,7,1,Q058,exploitation,0.0126537450579388,0.0064971424543229,9.125082132127234,1.476520460168823,7.0,0.0,0.0,False,True,60312.0
7,imperfection_aware,7,2,Q094,exploitation,0.2292414544758491,0.8757105472881885,7.551437521861655,6.57740772695581,9.0,1.0,0.0,True,True,0.0
7,imperfection_aware,7,3,Q089,exploitation,0.1536896390224988,0.5154036235774844,5.857777131474673,6.436336296204251,7.0,1.0,0.0,True,True,0.0
7,imperfection_aware,7,4,Q090,exploitation,0.0629325340720516,0.1579115024803535,3.5809816010994577,5.779775289525128,15.0,0.0,1.0,True,True,0.0
7,imperfection_aware,7,5,Q027,suspicious_exploration,0.028095406793838,0.0566345315903881,2.398219395978816,5.252204191364643,7.0,1.0,0.0,True,True,0.0
7,imperfection_aware,8,1,Q008,exploitation,0.0936882103673474,0.179098595287046,7.033938133076133,4.091113336973587,5.0,0.0,1.0,True,True,0.0
7,imperfection_aware,8,2,Q007,exploitation,0.0100402148843651,0.0067744978977603,7.800447027195689,1.9903006162392771,6.0,0.0,0.800000011920929,True,True,0.0
7,imperfection_aware,8,3,Q092,exploitation,0.0005351537649962,0.0005353459308055,0.0807224846906091,3.774225447851672,5.0,1.0,0.0,True,True,0.0
7,imperfection_aware,8,4,Q075,exploitation,0.0001567460828913,9.737416021501995e-05,3.3119187002422033,2.5293965909858502,6.0,0.4000000059604645,0.6000000238418579,True,True,0.0
7,imperfection_aware,8,5,Q051,suspicious_exploration,0.0001355773298538,6.70969860855112e-05,5.028769487967379,2.031856439236193,7.0,0.0,1.0,True,True,873.0
8,random,1,1,Q006,random,0.1930465253046122,0.3420535612336005,9.64919954117559,3.20561106719107,7.0,0.0,1.0,True,False,2244.0
8,random,1,2,Q061,random,0.1935807314844817,0.3432588173750427,9.655458167634997,3.2055942172092116,6.0,0.0,0.0,False,False,61305.0
8,random,1,3,Q057,random,0.1930461287069759,0.3420526655888452,9.649194901633608,3.2056110671975766,5.0,0.0,0.0,False,False,0.0
8,random,1,4,Q085,random,0.1930461287069763,0.3420526655888458,9.649194901633612,3.2056110671975766,20.0,0.0,0.0,False,False,0.0
8,random,1,5,Q072,random,0.1930461287069759,0.3420526655888452,9.649194901633608,3.2056110671975766,6.0,0.0,0.0,False,False,57726.0
8,random,2,1,Q080,random,0.0719608736918278,0.1504757213460732,5.5532671041216926,4.704111723167995,11.0,0.0,1.0,True,False,0.0
8,random,2,2,Q062,random,0.005271993559092,0.0026989051392763,8.306595445860788,1.6113590508239153,3.0,0.0,0.0,False,False,0.0
8,random,2,3,Q082,random,0.1899297887263064,0.6509272122336207,6.958408691566035,6.228025479430316,7.0,0.0,1.0,True,False,0.0
8,random,2,4,Q047,random,0.0281371652826701,0.0063001940235167,11.314143573160438,0.5832857661463967,6.0,0.0,0.0,False,False,7770.0
8,random,2,5,Q087,random,0.2372206569904919,0.8793650421681525,7.909678252417842,6.316346594241883,13.0,0.0,1.0,True,False,0.0
8,random,3,1,Q029,random,0.142856891147018,0.0597740796924048,11.5550403350309,0.8173132366788017,2.0,0.0,0.0,False,False,119441.0
8,random,3,2,Q084,random,0.0167766594624885,0.0322113036054763,1.0712272237072122,5.343162671495046,7.0,0.0,1.0,True,False,0.0
8,random,3,3,Q086,random,0.0306807256101993,0.0615321161789569,2.7689935341946583,5.162585191290228,8.0,0.0,1.0,True,False,200.0
8,random,3,4,Q020,random,0.0043461744955308,0.0016348900893527,9.264410382664892,1.2055119944663548,2.0,0.0,0.0,False,False,101000.0
8,random,3,5,Q054,random,0.0818214385314284,0.0437171348591958,10.792534346296057,1.173823425096841,3.0,0.0,0.0,False,False,100890.0
8,random,4,1,Q081,random,0.0014853335036467,0.001785753671162,-0.0966891874300426,4.215851318454781,6.0,1.0,0.0,True,False,0.0
8,random,4,2,Q070,random,0.2812789882128323,0.552262215261031,10.594924575936572,3.164956578595933,5.0,0.0,0.0,False,False,14174.0
8,random,4,3,Q094,random,0.0974336272582368,0.2545178778320166,5.237244727930806,5.546754002668768,20.0,1.0,0.0,True,False,0.0
8,random,4,4,Q065,random,0.221678470293882,0.306474636635234,10.584463797916207,2.4044727850442613,4.0,0.0,0.0,False,False,38100.0
8,random,4,5,Q036,random,0.0036165224731584,0.0049175982390634,0.5278853337118443,4.430398652039429,4.0,0.0,1.0,False,False,0.0
8,random,5,1,Q067,random,0.1058370542517307,0.1323169566317844,9.16769554479517,2.610047792651045,6.0,0.0,0.0,False,False,75311.0
8,random,5,2,Q095,random,0.1445871011273133,0.4105581329180418,6.56538456574582,5.530713276147361,12.0,1.0,0.0,True,False,0.0
8,random,5,3,Q090,random,0.0425345426212759,0.0910096531530295,3.384227483693344,5.251649664930587,10.0,0.0,1.0,True,False,0.0
8,random,5,4,Q050,random,0.0107730514673734,0.0057921524239777,8.81031596891951,1.5739037782877925,8.0,0.0,1.0,True,False,6338.0
8,random,5,5,Q049,random,0.3983779095622993,0.1654742400169795,12.27716240602599,0.5840402612442301,1.0,0.0,0.0,False,False,163182.0
8,random,6,1,Q015,random,1.286141128205176e-10,2.3008231277103463e-11,4.941562362134561,1.1840128370961145,3.0,0.0,1.0,False,False,48700.0
8,random,6,2,Q014,random,0.0087037164562562,0.0024981072669327,10.383667054277396,0.8595141987077779,2.0,0.0,0.0,False,False,108381.0
8,random,6,3,Q076,random,0.0587619791037172,0.0363722254623545,10.169675657328632,1.4425190829087011,3.0,0.0,0.0,False,False,34391.0
8,random,6,4,Q058,random,0.5265656598026351,0.5237397666636848,12.508157859152288,1.209148682548307,7.0,0.0,0.0,False,False,60312.0
8,random,6,5,Q035,random,0.0671985594087487,0.0246369605650142,11.177744471244193,0.8349022602024915,4.0,0.0,0.0,False,False,50709.0
8,random,7,1,Q027,random,0.018025058889293,0.0333726591131964,1.7196778152638323,5.107850893836387,7.0,0.0,1.0,True,False,0.0
8,random,7,2,Q026,random,0.0039461461407178,0.0005634528350217,11.20123146471763,0.4616161101211094,3.0,0.0,0.0,False,False,99186.0
8,random,7,3,Q079,random,0.002051677981886,0.0022971389558717,1.4426897967243244,3.8273482013175513,9.0,1.0,0.0,True,False,32240.0
8,random,7,4,Q073,random,0.2758592824990177,0.1892647903395353,11.76493274357556,1.113344489353305,3.0,0.0,0.0,False,False,31696.0
8,random,7,5,Q001,random,0.2793576441843211,0.7686908516015598,9.827760724013531,4.446030732088181,7.0,0.0,1.0,True,False,4553.0
8,random,8,1,Q007,random,0.0378113668929626,0.0348763389663544,8.33369457199589,2.304248258446968,6.0,0.0,0.0,False,False,0.0
8,random,8,2,Q022,random,0.0022253724470353,0.0002082845070702,11.523558087128036,0.3178352778912856,1.0,0.0,0.0,False,False,114383.0
8,random,8,3,Q063,random,0.307750271901679,0.2493129735355764,11.792320619834786,1.264860319254755,4.0,0.0,0.0,False,False,38893.0
8,random,8,4,Q008,random,0.0018659943880772,0.0017756996407553,2.9219799398000017,3.277827772672582,5.0,0.4000000059604645,0.6000000238418579,True,False,0.0
8,random,8,5,Q004,random,0.0847806219105594,0.2179638584593144,4.721389196771412,5.610153996294754,8.0,0.800000011920929,0.2000000029802322,True,False,0.0
8,gp_m52_pi,1,1,Q049,exploitation,0.2278847848666159,0.4065064216595023,10.132712666925723,3.076928150766814,1.0,0.0,0.0,False,False,163182.0
8,gp_m52_pi,1,2,Q095,exploitation,0.1882166390762485,0.3245484216801515,9.649194901633608,3.141239260375617,50.0,0.0,0.0,False,False,0.0
8,gp_m52_pi,1,3,Q001,exploitation,0.1882166390762485,0.3245484216801515,9.649194901633608,3.141239260375617,7.0,0.0,1.0,True,False,4553.0
8,gp_m52_pi,1,4,Q094,exploitation,0.1882166390762485,0.3245484216801515,9.649194901633608,3.141239260375617,50.0,0.0,0.0,False,False,0.0
8,gp_m52_pi,1,5,Q004,exploitation,0.1882166390762485,0.3245484216801515,9.649194901633608,3.141239260375617,10.0,0.0,1.0,True,False,0.0
8,gp_m52_pi,2,1,Q050,exploitation,0.3241764720620589,0.1422889735573839,12.12105513083285,0.6721294309992316,9.0,0.0,1.0,True,False,6338.0
8,gp_m52_pi,2,2,Q080,exploitation,0.2493105893944199,0.7598309650759099,8.967917708591171,5.1128467044249435,13.0,0.0,1.0,True,False,0.0
8,gp_m52_pi,2,3,Q085,exploitation,0.2352978567314899,0.7639710904273808,8.425936091901226,5.546207234962545,20.0,0.0,0.0,False,False,0.0
8,gp_m52_pi,2,4,Q084,exploitation,0.2328922093772506,0.73985024106403,8.457209052003806,5.44367374531795,17.0,0.0,1.0,True,False,0.0
8,gp_m52_pi,2,5,Q090,exploitation,0.2211006989073819,0.7119366398201615,8.120638852219495,5.604486242899971,10.0,0.0,1.0,True,False,0.0
8,gp_m52_pi,3,1,Q082,exploitation,0.1367865871208051,0.3763252756323307,6.483578925669689,5.428951969828919,7.0,0.0,1.0,True,False,0.0
8,gp_m52_pi,3,2,Q086,exploitation,0.1297641309543695,0.3529075260461554,6.303068087477402,5.431907473036118,8.0,0.0,1.0,True,False,200.0
8,gp_m52_pi,3,3,Q079,exploitation,0.1069272558994506,0.2603861617906794,6.1215592381017565,5.073079748443019,12.0,0.2000000029802322,0.800000011920929,True,False,32240.0
8,gp_m52_pi,3,4,Q067,exploitation,0.0885313680825835,0.0927102472772878,9.3685737558812,2.266175766450333,9.0,0.0,0.0,False,False,75311.0
8,gp_m52_pi,3,5,Q087,exploitation,0.0872530269926653,0.215297251203771,5.156447150901019,5.354822215793605,10.0,1.0,0.0,True,False,0.0
8,gp_m52_pi,4,1,Q061,exploitation,0.0889505919988255,0.0285669462834206,11.49211966040784,0.6943508951016808,6.0,0.0,0.0,False,False,61305.0
8,gp_m52_pi,4,2,Q027,exploitation,0.0814900621385792,0.1849757085771434,5.4649758618441435,4.990690876714992,9.0,0.0,1.0,True,False,0.0
8,gp_m52_pi,4,3,Q063,exploitation,0.072302171114454,0.0226241204978702,11.401527484934268,0.7033266144667145,4.0,0.0,0.0,False,False,38893.0
8,gp_m52_pi,4,4,Q029,exploitation,0.0565521167550292,0.0158167611271591,11.388214675119968,0.6560025574776008,2.0,0.0,0.0,False,False,119441.0
8,gp_m52_pi,4,5,Q057,exploitation,0.0544046552064637,0.1177335851333643,4.235946831128528,5.108379543298034,5.0,0.0,1.0,True,False,0.0
8,gp_m52_pi,5,1,Q081,exploitation,0.0539570699055647,0.0545050152451684,8.588874281506229,2.3877904903330087,6.0,1.0,0.0,True,False,0.0
8,gp_m52_pi,5,2,Q065,exploitation,0.0294891971786773,0.0197274243698003,9.157895012641957,1.731500097160033,6.0,0.0,0.0,False,False,38100.0
8,gp_m52_pi,5,3,Q070,exploitation,0.0242259534834802,0.0203932995012055,8.012803814318342,2.237161384906297,5.0,0.0,0.0,False,False,14174.0
8,gp_m52_pi,5,4,Q047,exploitation,0.019867142327831,0.0039946585806198,11.300430250178024,0.5480914981989353,5.0,0.0,0.0,False,False,7770.0
8,gp_m52_pi,5,5,Q054,exploitation,0.0177062028565746,0.0033270081817009,11.33472800877534,0.5195127949763875,2.0,0.0,0.0,False,False,100890.0
8,gp_m52_pi,6,1,Q072,exploitation,0.0862518935394706,0.0600256677471543,10.362672133685738,1.5136377268513668,4.0,0.0,0.0,False,False,57726.0
8,gp_m52_pi,6,2,Q076,exploitation,0.0831317456756079,0.0512470455801128,10.558416742752891,1.350249402788331,3.0,0.0,0.0,False,False,34391.0
8,gp_m52_pi,6,3,Q073,exploitation,0.0559885430789813,0.0205003373641863,11.060335356838936,0.8602441111253364,3.0,0.0,0.0,False,False,31696.0
8,gp_m52_pi,6,4,Q035,exploitation,0.0384278340901329,0.0219780492371513,9.905788108320907,1.425362501510916,4.0,0.0,0.0,False,False,50709.0
8,gp_m52_pi,6,5,Q036,exploitation,0.0131429559419834,0.0086593328684236,8.235785740978166,1.8865291529673651,7.0,0.0,1.0,True,False,0.0
8,gp_m52_pi,7,1,Q026,exploitation,0.0049157626780762,0.0008733072893311,10.974391189572376,0.5628810726131384,3.0,0.0,0.0,False,False,99186.0
8,gp_m52_pi,7,2,Q007,exploitation,0.0009205049847361,0.0003774391680001,7.786828183432766,1.4899278852567257,6.0,0.0,1.0,True,False,0.0
8,gp_m52_pi,7,3,Q022,exploitation,0.0006929207514583,0.0001242974438201,10.301194466736694,0.6649978388158465,3.0,0.0,0.0,False,False,114383.0
8,gp_m52_pi,7,4,Q020,exploitation,0.000504446119039,9.137719714209032e-05,10.171571403346748,0.6861268889624721,2.0,0.0,0.0,False,False,101000.0
8,gp_m52_pi,7,5,Q058,exploitation,0.0004459669862702,0.0001222921141907,8.948423551261651,1.0471294342211297,7.0,0.0,0.0,False,False,60312.0
8,gp_m52_pi,8,1,Q006,exploitation,0.0125298996826616,0.0086756724990728,7.961633951387425,1.9932994177828935,7.0,0.0,1.0,True,False,2244.0
8,gp_m52_pi,8,2,Q008,exploitation,0.000124200741443,9.915915352806106e-05,0.3583143464443452,3.2941015194032515,5.0,0.0,1.0,True,False,0.0
8,gp_m52_pi,8,3,Q014,exploitation,0.0099893232544778,0.0016112280402346,11.319958392887017,0.4760386863444101,2.0,0.0,0.0,False,False,108381.0
8,gp_m52_pi,8,4,Q015,exploitation,3.3090665431659836e-10,5.969707940972922e-11,5.212133426960262,1.1685015657509237,3.0,0.0,1.0,False,False,48700.0
8,gp_m52_pi,8,5,Q062,exploitation,0.0002797829706417,0.0001330022224108,5.97584616936623,1.869801399000365,3.0,0.0,1.0,False,False,0.0
8,gp_m52_ei,1,1,Q014,exploitation,0.1885157686426173,0.3252029468885182,9.65268619112824,3.1412277177516668,2.0,0.0,0.0,False,False,108381.0
8,gp_m52_ei,1,2,Q049,exploitation,0.1883027352838169,0.3247370163021968,9.65019800459004,3.141238336745991,1.0,0.0,0.0,False,False,163182.0
8,gp_m52_ei,1,3,Q073,exploitation,0.1882399400390821,0.3245994160431555,9.649466779350302,3.141238590576546,3.0,0.0,0.0,False,False,31696.0
8,gp_m52_ei,1,4,Q029,exploitation,0.1882365405242667,0.3245919668646583,9.649427193212489,3.141238599643659,2.0,0.0,0.0,False,False,119441.0
8,gp_m52_ei,1,5,Q020,exploitation,0.1882336795915556,0.3245856945895721,9.649393906601968,3.1412385753069465,2.0,0.0,0.0,False,False,101000.0
8,gp_m52_ei,2,1,Q008,exploitation,0.2373481194824254,0.4283749967987471,10.229539138468786,3.0747909071762214,5.0,0.0,1.0,True,False,0.0
8,gp_m52_ei,2,2,Q085,exploitation,0.2380657781908608,0.4280325261339442,10.2470602286969,3.060215570874304,20.0,0.0,0.0,False,False,0.0
8,gp_m52_ei,2,3,Q036,exploitation,0.3044708738235486,0.4165982301757399,11.330387409165752,2.144695720989027,7.0,0.0,0.0,False,False,0.0
8,gp_m52_ei,2,4,Q007,exploitation,0.2298958910095103,0.4123420443016369,10.146739304594728,3.085596698537857,6.0,0.0,1.0,True,False,0.0
8,gp_m52_ei,2,5,Q065,exploitation,0.2294682342934664,0.4092494597065801,10.154021458500525,3.0698914929688086,6.0,0.0,0.0,False,False,38100.0
8,gp_m52_ei,3,1,Q094,exploitation,0.2777861420977451,1.391146405982281,7.648837295297124,8.107386033322763,30.0,0.0,1.0,True,False,0.0
8,gp_m52_ei,3,2,Q087,exploitation,0.2683471206492909,1.3069348383918735,7.499247723058216,7.976977088659505,13.0,0.0,1.0,True,False,0.0
8,gp_m52_ei,3,3,Q084,exploitation,0.2482211054119938,1.041124727163312,7.635474515870429,7.0461963217287,16.0,0.0,1.0,True,False,0.0
8,gp_m52_ei,3,4,Q095,exploitation,0.221019836839635,1.0090148054255297,6.318371921211659,7.946902424883323,30.0,0.0,1.0,True,False,0.0
8,gp_m52_ei,3,5,Q081,exploitation,0.2441933104894872,0.8568348042929805,8.32220676116173,5.925110572238381,11.0,0.0,1.0,True,False,0.0
8,gp_m52_ei,4,1,Q001,exploitation,0.2374300299023823,0.7131712392842596,8.771224986775165,5.116690962727407,7.0,0.0,1.0,True,False,4553.0
8,gp_m52_ei,4,2,Q004,exploitation,0.1440733799991762,0.4485727639396003,5.980585126425081,6.069497754975241,9.0,1.0,0.0,True,False,0.0
8,gp_m52_ei,4,3,Q090,exploitation,0.1193454743823625,0.3529904779230012,5.336052549828293,6.01861873106833,10.0,0.0,1.0,True,False,0.0
8,gp_m52_ei,4,4,Q057,exploitation,0.0891537849072052,0.2382757129749945,4.653464119926248,5.775785398436041,5.0,0.0,0.0,False,False,0.0
8,gp_m52_ei,4,5,Q063,exploitation,0.1152042783496448,0.2250090448352519,7.624372589088293,4.004986038747857,8.0,0.0,0.0,False,False,38893.0
8,gp_m52_ei,5,1,Q035,exploitation,0.5359991688625632,1.1536324035733785,12.661437385996884,2.5880734121132325,4.0,0.0,0.0,False,False,50709.0
8,gp_m52_ei,5,2,Q050,exploitation,0.2391142312516843,0.5785534600813828,9.511091327669186,4.112627772643609,8.0,0.0,1.0,True,False,6338.0
8,gp_m52_ei,5,3,Q054,exploitation,0.499997272882534,0.5589328984781531,12.427571189620531,1.4010490103905258,2.0,0.0,0.0,False,False,100890.0
8,gp_m52_ei,5,4,Q026,exploitation,0.5488047344101726,0.5466278782450588,12.572293465910873,1.1799595968400225,3.0,0.0,0.0,False,False,99186.0
8,gp_m52_ei,5,5,Q058,exploitation,0.2205068724661247,0.4932021584808561,9.425684810998098,3.89612488475024,7.0,0.0,1.0,True,False,60312.0
8,gp_m52_ei,6,1,Q076,exploitation,0.1404797612272262,0.1449969152169252,10.245224133930714,2.0241372004080342,6.0,0.0,0.0,False,False,34391.0
8,gp_m52_ei,6,2,Q086,exploitation,0.0501927274911437,0.1248194310156624,2.6557039414242265,5.9476258764112675,8.0,1.0,0.0,True,False,200.0
8,gp_m52_ei,6,3,Q070,exploitation,0.0906249868399108,0.0726332915095266,10.11937782208863,1.7265127364698725,4.0,0.0,0.0,False,False,14174.0
8,gp_m52_ei,6,4,Q082,exploitation,0.028621226294387,0.0598249487544634,2.098137606870083,5.432389210392349,7.0,1.0,0.0,True,False,0.0
8,gp_m52_ei,6,5,Q067,exploitation,0.0730688051442629,0.0576525614545277,9.85509732565936,1.7700854298629063,4.0,0.0,0.0,False,False,75311.0
8,gp_m52_ei,7,1,Q080,exploitation,0.0279098032055402,0.0482968014093528,3.797063362752814,4.512827192918279,6.0,0.800000011920929,0.2000000029802322,True,False,0.0
8,gp_m52_ei,7,2,Q072,exploitation,0.0451429433723661,0.0255478775041462,10.09615865261549,1.3763703287025368,4.0,0.0,0.0,False,False,57726.0
8,gp_m52_ei,7,3,Q027,exploitation,0.0107481990239876,0.0189960217306445,0.5294021750144218,5.175032645828952,7.0,0.6000000238418579,0.4000000059604645,True,False,0.0
8,gp_m52_ei,7,4,Q061,exploitation,0.0218325791325771,0.0089536367190702,10.199153795318791,1.1046631417279351,4.0,0.0,0.0,False,False,61305.0
8,gp_m52_ei,7,5,Q006,exploitation,0.0060136360189349,0.0038641811888781,7.411972249007284,1.9971816736452317,5.0,0.0,1.0,True,False,2244.0
8,gp_m52_ei,8,1,Q015,exploitation,9.031545371448598e-11,1.5232350428887236e-11,5.253111737651235,1.1250600017117398,3.0,0.0,1.0,False,False,48700.0
8,gp_m52_ei,8,2,Q022,exploitation,3.381798322887403e-05,1.556981360197776e-06,11.617081410133128,0.2034155046027899,1.0,0.0,0.0,False,False,114383.0
8,gp_m52_ei,8,3,Q047,exploitation,0.0054316083300185,0.0023384746873074,8.985717413724503,1.3513039056322411,3.0,0.0,1.0,False,False,7770.0
8,gp_m52_ei,8,4,Q062,exploitation,8.506163448509649e-05,3.874470470838795e-05,5.21284404962447,1.918970596688431,3.0,0.0,1.0,False,False,0.0
8,gp_m52_ei,8,5,Q079,exploitation,0.0019016285883411,0.0020462838317229,1.7169432433837954,3.7009356750941302,9.0,1.0,0.0,True,False,32240.0
8,pi_random_exploration,1,1,Q006,exploitation,0.5508866986981523,0.7275643111372502,12.627208523866557,1.5607879739715984,7.0,0.0,1.0,True,False,2244.0
8,pi_random_exploration,1,2,Q020,exploitation,0.3045742289706762,0.5106291839678625,11.08413648645256,2.6275616105457265,2.0,0.0,0.0,False,False,101000.0
8,pi_random_exploration,1,3,Q036,exploitation,0.2957852970391173,0.5497999666459734,10.847919688332889,2.9440451690070746,7.0,0.0,0.0,False,False,0.0
8,pi_random_exploration,1,4,Q029,exploitation,0.2666478192051003,0.5736926047507755,10.227611204685656,3.5313471913855645,2.0,0.0,0.0,False,False,119441.0
8,pi_random_exploration,1,5,Q079,random_exploration,0.2216601782651853,0.4589750479886104,9.666820189749709,3.6013129634355616,12.0,0.0,0.0,False,False,32240.0
8,pi_random_exploration,2,1,Q072,exploitation,0.3272576220031636,0.5347081585395956,11.311971600227691,2.4929903006682927,6.0,0.0,0.0,False,False,57726.0
8,pi_random_exploration,2,2,Q067,exploitation,0.2942049290535307,0.4694364887765517,11.057389083947982,2.5320382140575113,8.0,0.0,0.0,False,False,75311.0
8,pi_random_exploration,2,3,Q084,exploitation,0.2774209289270717,0.8257266475323997,9.580856977674127,4.820704095341904,17.0,0.0,0.0,False,False,0.0
8,pi_random_exploration,2,4,Q082,exploitation,0.2732199820916814,0.8159336300986967,9.495375047312686,4.8618630803864455,9.0,0.0,0.0,False,False,0.0
8,pi_random_exploration,2,5,Q065,random_exploration,0.2351598376168147,0.3612361703717253,10.53281300623444,2.624481054606747,6.0,0.0,0.0,False,False,38100.0
8,pi_random_exploration,3,1,Q095,exploitation,0.278489698405467,1.1804927992733545,8.400568845938697,6.856425441407681,33.0,0.0,1.0,True,False,0.0
8,pi_random_exploration,3,2,Q094,exploitation,0.2708762922118083,1.1370818811761365,8.24555296867436,6.853930568700264,33.0,0.0,1.0,True,False,0.0
8,pi_random_exploration,3,3,Q004,exploitation,0.2452431483295686,0.9940678062650224,7.714302510427062,6.835438890379913,9.0,0.0,1.0,True,False,0.0
8,pi_random_exploration,3,4,Q058,exploitation,0.2271454106089482,0.1600169222797139,11.517423215593071,1.2163316072282346,7.0,0.0,0.2000000029802322,True,False,60312.0
8,pi_random_exploration,3,5,Q087,random_exploration,0.1692863200286878,0.5916406353334782,6.162043749108377,6.547133614349613,17.0,0.0,1.0,True,False,0.0
8,pi_random_exploration,4,1,Q063,exploitation,0.2051842588286943,0.1382114021206335,11.441263866195497,1.1980838650218402,4.0,0.0,0.0,False,False,38893.0
8,pi_random_exploration,4,2,Q061,exploitation,0.1917451820914394,0.1360436179967625,11.306862458299088,1.2859895443917313,4.0,0.0,0.0,False,False,61305.0
8,pi_random_exploration,4,3,Q049,exploitation,0.1593093033096737,0.0755550862918137,11.527807935870056,0.902208222318704,1.0,0.0,0.0,False,False,163182.0
8,pi_random_exploration,4,4,Q090,exploitation,0.1270169490856976,0.4413620852679845,4.473093434004575,6.973912971956983,10.0,0.0,1.0,True,False,0.0
8,pi_random_exploration,4,5,Q047,random_exploration,0.0545308409341991,0.0330062947836592,10.13889806311615,1.4282620678382107,5.0,0.0,0.0,False,False,7770.0
8,pi_random_exploration,5,1,Q050,exploitation,0.0850178028783312,0.0330517392150472,11.2642006756001,0.8478894180531477,8.0,0.0,0.0,False,False,6338.0
8,pi_random_exploration,5,2,Q035,exploitation,0.0832194628816272,0.0307021132384279,11.309631532477864,0.8079201750616704,4.0,0.0,0.0,False,False,50709.0
8,pi_random_exploration,5,3,Q054,exploitation,0.0820407371479224,0.0297404847762869,11.319956337203925,0.7960074968791958,2.0,0.0,0.0,False,False,100890.0
8,pi_random_exploration,5,4,Q001,exploitation,0.0620122880466605,0.0634258808839456,8.794748739990494,2.361898438948552,7.0,0.0,1.0,True,False,4553.0
8,pi_random_exploration,5,5,Q008,random_exploration,0.0003001499477412,0.000202070980908,3.380382981186057,2.636530234016525,5.0,0.0,1.0,True,False,0.0
8,pi_random_exploration,6,1,Q073,exploitation,0.1070814971071533,0.0524669689882167,11.160004293891213,1.020429131063514,3.0,0.0,0.0,False,False,31696.0
8,pi_random_exploration,6,2,Q076,exploitation,0.0440261697104813,0.0242996499697056,10.128990914420044,1.347544034981842,5.0,0.0,0.0,False,False,34391.0
8,pi_random_exploration,6,3,Q026,exploitation,0.0400703782897142,0.0124810623539252,11.077668551891152,0.7714357362296853,3.0,0.0,0.0,False,False,99186.0
8,pi_random_exploration,6,4,Q070,exploitation,0.0334437559771432,0.0178263341988439,9.943722318111634,1.3555004192324651,4.0,0.0,0.0,False,False,14174.0
8,pi_random_exploration,6,5,Q007,random_exploration,0.0022596355827733,0.000985492374284,8.227560438722831,1.4791717650739409,6.0,0.0,0.2000000029802322,True,False,0.0
8,pi_random_exploration,7,1,Q081,exploitation,0.0922697609294952,0.1800962272616197,6.868137865485108,4.189776548279837,6.0,0.0,1.0,True,False,0.0
8,pi_random_exploration,7,2,Q027,exploitation,0.0686479872434034,0.1776671851400497,3.7029059115286183,5.871499966682754,7.0,0.0,1.0,True,False,0.0
8,pi_random_exploration,7,3,Q085,exploitation,0.0494534356201544,0.1102448550472408,3.608451916132794,5.344355358496333,7.0,0.0,1.0,True,False,0.0
8,pi_random_exploration,7,4,Q057,exploitation,0.043501281351893,0.102663302839387,2.548268064327644,5.772563134925824,5.0,0.0,1.0,True,False,0.0
8,pi_random_exploration,7,5,Q022,random_exploration,1.4315753446418045e-05,7.473352917925127e-07,11.422442778746657,0.2402287776503704,1.0,0.0,0.0,False,False,114383.0
8,pi_random_exploration,8,1,Q080,exploitation,0.0195080561108847,0.0310543261502815,3.4508757210402123,4.349143149728028,6.0,0.0,1.0,True,False,0.0
8,pi_random_exploration,8,2,Q086,exploitation,0.0142660550655809,0.0246590273560102,1.6905484985032295,4.9029974811095824,8.0,1.0,0.0,True,False,200.0
8,pi_random_exploration,8,3,Q014,exploitation,0.0052627383502072,0.0007215560183792,11.323444577121403,0.431628531138832,2.0,0.0,0.0,False,False,108381.0
8,pi_random_exploration,8,4,Q062,exploitation,0.000253126802622,0.0001168799618694,6.073033877681892,1.827371077072056,3.0,0.0,1.0,False,False,0.0
8,pi_random_exploration,8,5,Q015,random_exploration,3.8333737943862726e-11,6.357052739697987e-12,5.0946361902306325,1.126932061825306,3.0,0.0,1.0,False,False,48700.0
8,pi_uncertainty,1,1,Q006,exploitation,0.550780174000317,0.7274685199092467,12.626825504186138,1.5610790758929551,7.0,0.0,1.0,True,False,2244.0
8,pi_uncertainty,1,2,Q020,exploitation,0.3045598907424913,0.5105798498882147,11.084072425331648,2.6274764155160337,2.0,0.0,0.0,False,False,101000.0
8,pi_uncertainty,1,3,Q036,exploitation,0.2957790033355105,0.5497537115461132,10.847953373924858,2.943882430951615,7.0,0.0,0.0,False,False,0.0
8,pi_uncertainty,1,4,Q029,exploitation,0.2666509189091038,0.5736900299529029,10.22768845562742,3.5312766635035557,2.0,0.0,0.0,False,False,119441.0
8,pi_uncertainty,1,5,Q094,uncertainty_exploration,0.2200036602087511,0.4545432912082543,9.646667454600614,3.6013756402995707,50.0,0.0,0.0,False,False,0.0
8,pi_uncertainty,2,1,Q049,exploitation,0.4230770891610723,0.2512776044238762,12.270009492145885,0.8121070346200934,1.0,0.0,0.0,False,False,163182.0
8,pi_uncertainty,2,2,Q070,exploitation,0.2968999454612374,0.7193764083600934,10.383574969189173,3.8324800730305455,5.0,0.0,0.0,False,False,14174.0
8,pi_uncertainty,2,3,Q072,exploitation,0.2897409271660282,0.5383924940295088,10.78473541249612,2.964666385847573,6.0,0.0,0.0,False,False,57726.0
8,pi_uncertainty,2,4,Q058,exploitation,0.2871240111009402,0.5153711917157506,10.81358364563912,2.8728713402402906,7.0,0.0,1.0,True,False,60312.0
8,pi_uncertainty,2,5,Q090,uncertainty_exploration,0.2349914100237317,0.7536669142442087,8.467715828185874,5.480728782666536,10.0,0.0,1.0,True,False,0.0
8,pi_uncertainty,3,1,Q082,exploitation,0.2630350651803084,1.18363002017054,7.723657759078794,7.419245202008524,13.0,0.0,0.0,False,False,0.0
8,pi_uncertainty,3,2,Q086,exploitation,0.2406476454914666,1.0590021499726674,7.170519599248688,7.465075305993409,17.0,0.0,1.0,True,False,200.0
8,pi_uncertainty,3,3,Q080,exploitation,0.2220489019330497,0.7611809651729551,7.867210183406388,5.958995724552432,11.0,0.0,1.0,True,False,0.0
8,pi_uncertainty,3,4,Q081,exploitation,0.2192629151633856,0.8316325691366586,7.300780373579022,6.617916374239775,11.0,0.0,1.0,True,False,0.0
8,pi_uncertainty,3,5,Q004,uncertainty_exploration,0.2173185725515743,0.9296548663577406,6.580705202841546,7.483702182822343,9.0,1.0,0.0,True,False,0.0
8,pi_uncertainty,4,1,Q063,exploitation,0.2784272232672985,0.2106439464799505,11.708567562718557,1.2238103660375743,8.0,0.0,0.800000011920929,True,False,38893.0
8,pi_uncertainty,4,2,Q061,exploitation,0.2579436044543859,0.1996219746909821,11.593268514420531,1.2841536215400844,4.0,0.0,0.0,False,False,61305.0
8,pi_uncertainty,4,3,Q054,exploitation,0.154659472596661,0.0861123198209344,11.342837206920166,1.066976133571892,2.0,0.0,0.0,False,False,100890.0
8,pi_uncertainty,4,4,Q035,exploitation,0.1502931872323543,0.0843679385468081,11.30620192000944,1.0832728290404174,4.0,0.0,0.0,False,False,50709.0
8,pi_uncertainty,4,5,Q095,uncertainty_exploration,0.1293025716084229,0.4176477702843163,5.1336683945463415,6.456537533236668,11.0,0.6000000238418579,0.4000000059604645,True,False,0.0
8,pi_uncertainty,5,1,Q050,exploitation,0.1086297672702568,0.0461667656194372,11.338786665943864,0.8824377606395126,8.0,0.0,0.0,False,False,6338.0
8,pi_uncertainty,5,2,Q085,exploitation,0.0654942044225374,0.1677004803386442,3.5818002293812823,5.8572963331116625,7.0,0.0,1.0,True,False,0.0
8,pi_uncertainty,5,3,Q001,exploitation,0.056705091124026,0.0532856672065916,8.93999991156743,2.203077574571043,7.0,0.0,1.0,True,False,4553.0
8,pi_uncertainty,5,4,Q067,exploitation,0.0467057844472164,0.0211931980017832,10.585981427310823,1.0977126056006432,4.0,0.0,0.0,False,False,75311.0
8,pi_uncertainty,5,5,Q087,uncertainty_exploration,0.0436644080932685,0.1032798224223782,2.5419764452440647,5.782205799440953,10.0,1.0,0.0,True,False,0.0
8,pi_uncertainty,6,1,Q073,exploitation,0.0906781995973033,0.0428402655434706,11.067453273563103,1.017609860775222,3.0,0.0,0.0,False,False,31696.0
8,pi_uncertainty,6,2,Q076,exploitation,0.0575773737592782,0.032201772781432,10.367121714264854,1.3078619867555934,3.0,0.0,0.0,False,False,34391.0
8,pi_uncertainty,6,3,Q026,exploitation,0.0490173723409547,0.0122004985495252,11.438960030788454,0.597550064790673,3.0,0.0,0.0,False,False,99186.0
8,pi_uncertainty,6,4,Q022,exploitation,0.0245453375605914,0.0058104442665926,11.19173009011974,0.6280356787102402,3.0,0.0,0.0,False,False,114383.0
8,pi_uncertainty,6,5,Q057,uncertainty_exploration,0.0035316926660868,0.0048629789332661,0.3164523391207474,4.495858692039891,5.0,0.0,1.0,True,False,0.0
8,pi_uncertainty,7,1,Q007,exploitation,0.0013648592546364,0.0006017824584099,7.764371653354167,1.5561453340197562,6.0,0.0,0.0,False,False,0.0
8,pi_uncertainty,7,2,Q014,exploitation,0.0006119760203171,8.902233672943602e-05,10.66907020721716,0.5438851466090798,2.0,0.0,0.0,False,False,108381.0
8,pi_uncertainty,7,3,Q065,exploitation,0.0005673467648677,0.0001242336389413,9.749121454149469,0.8229240988162321,4.0,0.0,0.0,False,False,38100.0
8,pi_uncertainty,7,4,Q084,exploitation,0.0005236699647977,0.0004707645359527,1.2951868374135591,3.396620533879599,6.0,0.0,1.0,True,False,0.0
8,pi_uncertainty,7,5,Q027,uncertainty_exploration,0.0003855613536341,0.0004221503264718,-1.7659834573435482,4.220560257605603,7.0,0.0,1.0,True,False,0.0
8,pi_uncertainty,8,1,Q047,exploitation,0.0040345083480987,0.0016230003067557,8.989099054006651,1.2979476889192902,3.0,0.0,1.0,False,False,7770.0
8,pi_uncertainty,8,2,Q079,exploitation,0.0016761720616892,0.001783345871407,1.5857454551497483,3.695952788916656,9.0,1.0,0.0,True,False,32240.0
8,pi_uncertainty,8,3,Q062,exploitation,9.873400988443804e-05,4.570836842663153e-05,5.226499622113197,1.934612779133644,3.0,0.0,1.0,False,False,0.0
8,pi_uncertainty,8,4,Q008,exploitation,4.8926555704757776e-05,3.5148038185725235e-05,0.2891416854950783,3.1157321195485865,5.0,1.0,0.0,True,False,0.0
8,pi_uncertainty,8,5,Q015,uncertainty_exploration,4.62156383439436e-11,7.599305713927086e-12,5.2169522938988075,1.1129507705208863,3.0,0.0,1.0,False,False,48700.0
8,imperfection_aware,1,1,Q080,exploitation,0.3051669613701682,0.8894212096080429,10.101472567544736,4.5646046371227404,13.0,0.0,0.0,False,False,0.0
8,imperfection_aware,1,2,Q085,exploitation,0.2926736919136988,0.8938492272311387,9.778510972045378,4.855416809946174,20.0,0.0,0.0,False,False,0.0
8,imperfection_aware,1,3,Q084,exploitation,0.2926062949417997,0.8792931869880048,9.819901023243064,4.777837029258021,17.0,0.0,0.0,False,False,0.0
8,imperfection_aware,1,4,Q095,exploitation,0.2850906508701645,0.8694711894683619,9.649176646830002,4.893413064659644,50.0,0.0,0.0,False,False,0.0
8,imperfection_aware,1,5,Q004,suspicious_exploration,0.2813290937866757,0.8537607128260664,9.595820623536714,4.8916415409186165,10.0,0.0,1.0,True,False,0.0
8,imperfection_aware,2,1,Q061,exploitation,0.0817248845340087,0.0283561646434298,11.365066970628972,0.7624443261247171,6.0,0.0,0.0,False,False,61305.0
8,imperfection_aware,2,2,Q063,exploitation,0.076224557088253,0.0266897274892396,11.312202627904604,0.7794755676068622,8.0,0.0,0.0,False,False,38893.0
8,imperfection_aware,2,3,Q065,exploitation,0.0540470949134563,0.0448089487484481,9.27948059351706,1.9592133044483435,6.0,0.0,0.0,False,False,38100.0
8,imperfection_aware,2,4,Q047,exploitation,0.053372619822248,0.0151754265248871,11.341559147467816,0.6732944126532259,6.0,0.0,0.0,False,False,7770.0
8,imperfection_aware,2,5,Q082,suspicious_exploration,0.1699032355671592,0.542397401403548,6.724323962499691,5.974826343411556,7.0,0.0,1.0,True,False,0.0
8,imperfection_aware,3,1,Q072,exploitation,0.5240234725582144,0.5510117854950481,12.504829177965002,1.2820386228921192,4.0,0.0,1.0,False,False,57726.0
8,imperfection_aware,3,2,Q067,exploitation,0.4166505726524042,0.4699277640838054,12.100632293963749,1.5534234495039323,4.0,0.0,0.0,False,False,75311.0
8,imperfection_aware,3,3,Q073,exploitation,0.0659732652078273,0.0220509528993171,11.27722511987307,0.7636099960472236,3.0,0.0,0.0,False,False,31696.0
8,imperfection_aware,3,4,Q062,exploitation,0.049392707231261,0.036715764795447,9.48522531659978,1.7824132279550409,3.0,0.0,1.0,False,False,0.0
8,imperfection_aware,3,5,Q050,suspicious_exploration,0.4467896924439221,0.2498513749682782,12.327990856026124,0.7444504908187218,8.0,0.0,1.0,True,False,6338.0
8,imperfection_aware,4,1,Q036,exploitation,0.5551559606823445,0.3394258573503037,12.527296321619346,0.7189353820587611,4.0,0.0,1.0,False,False,0.0
8,imperfection_aware,4,2,Q070,exploitation,0.1258814028811694,0.1595533968425297,9.506280332276708,2.5489538931347577,4.0,0.0,0.0,False,False,14174.0
8,imperfection_aware,4,3,Q015,exploitation,0.1115411590635265,0.1262630767786762,9.579873473405453,2.337303639877327,3.0,0.0,1.0,False,False,48700.0
8,imperfection_aware,4,4,Q058,exploitation,0.0361105064936455,0.0202391087731715,9.893436023461945,1.409641873081573,8.0,0.0,0.0,False,False,60312.0
8,imperfection_aware,4,5,Q090,suspicious_exploration,0.1959887314493794,0.6348840472534503,7.431567244663971,5.836213965641773,11.0,0.0,1.0,True,False,0.0
8,imperfection_aware,5,1,Q022,exploitation,0.322444414283069,0.3844189763840538,11.584479950691495,1.8293511085343512,4.0,0.0,0.0,False,False,114383.0
8,imperfection_aware,5,2,Q020,exploitation,0.3198447098513626,0.3799662263647101,11.571625155627,1.828445021432238,2.0,0.0,0.0,False,False,101000.0
8,imperfection_aware,5,3,Q026,exploitation,0.2881832644896522,0.391608460218211,11.213999462459014,2.172152250770224,3.0,0.0,0.0,False,False,99186.0
8,imperfection_aware,5,4,Q035,exploitation,0.2804530344540746,0.3695889832430496,11.191051589503468,2.126461268351015,4.0,0.0,0.0,False,False,50709.0
8,imperfection_aware,5,5,Q094,suspicious_exploration,0.1375828302798766,0.4268938031767004,5.755093434539088,6.1145711905479585,10.0,1.0,0.0,True,False,0.0
8,imperfection_aware,6,1,Q054,exploitation,0.2256252333169566,0.1213264472279007,11.726739949623427,0.9303213827726556,3.0,0.0,0.0,False,False,100890.0
8,imperfection_aware,6,2,Q014,exploitation,0.1424741292885432,0.0795755394332247,11.26027892394174,1.0916816241076424,2.0,0.0,0.0,False,False,108381.0
8,imperfection_aware,6,3,Q049,exploitation,0.1256973663967932,0.0261578381811768,11.947419972091954,0.4186347654589384,1.0,0.0,0.0,False,False,163182.0
8,imperfection_aware,6,4,Q029,exploitation,0.058666154201244,0.020592341212154,11.146145335088042,0.818249314813164,2.0,0.0,0.0,False,False,119441.0
8,imperfection_aware,6,5,Q001,suspicious_exploration,0.2051600300803811,0.4646412570544977,9.11091909665972,4.028347758638593,7.0,0.0,1.0,True,False,4553.0
8,imperfection_aware,7,1,Q076,exploitation,0.0336284292239455,0.0229114979255318,9.259484423468772,1.7312439635842594,3.0,0.0,0.0,False,True,34391.0
8,imperfection_aware,7,2,Q087,exploitation,0.1251218230213621,0.4013386127296938,5.000996891941469,6.459259470908438,10.0,1.0,0.0,True,True,0.0
8,imperfection_aware,7,3,Q086,exploitation,0.0739709892817636,0.1966086760279207,3.819611364459899,5.949499910893227,8.0,0.6000000238418579,0.4000000059604645,True,True,200.0
8,imperfection_aware,7,4,Q057,exploitation,0.0646508294851766,0.1658062182287728,3.5085128541599424,5.879948820612839,5.0,0.0,1.0,True,True,0.0
8,imperfection_aware,7,5,Q079,suspicious_exploration,0.0342679741760858,0.071631407090557,2.778717574816304,5.2973042762603875,9.0,1.0,0.0,True,True,32240.0
8,imperfection_aware,8,1,Q081,exploitation,0.0556124266168594,0.0708424122052779,7.655543108724702,2.9961714222627553,6.0,1.0,0.0,True,True,0.0
8,imperfection_aware,8,2,Q007,exploitation,0.0133422278623694,0.0092144270366684,8.052779714171304,1.9740965339690075,6.0,0.0,1.0,True,True,0.0
8,imperfection_aware,8,3,Q008,exploitation,0.0111993244543214,0.014610444190233,3.743694441051055,3.802819663504805,5.0,0.0,1.0,True,True,0.0
8,imperfection_aware,8,4,Q027,exploitation,0.0059059848305533,0.0093363494792626,0.0353803390516596,4.922007766476573,7.0,0.4000000059604645,0.6000000238418579,True,True,0.0
8,imperfection_aware,8,5,Q006,suspicious_exploration,4.947071491790806e-05,2.4883041198406136e-05,3.9393488473792586,2.1802861899317327,5.0,0.0,1.0,True,True,2244.0
9,random,1,1,Q041,random,0.4857036834583458,0.5999878827218345,11.42377063881686,1.573627642432727,8.0,0.0,0.0,False,False,155410.0
9,random,1,2,Q049,random,0.8313602194674163,0.6515826860901549,12.075921601927252,0.6208580924439917,7.0,0.0,0.0,False,False,163182.0
9,random,1,3,Q042,random,0.0534264712854328,0.0460142960437874,8.192057039469548,2.039141247996926,4.0,0.0,1.0,False,False,452.0
9,random,1,4,Q058,random,0.1886267305014851,0.2291197573136845,9.527509729318009,2.21147809230423,7.0,0.0,1.0,True,False,60312.0
9,random,1,5,Q010,random,2.7556930408945815e-11,5.231377711603323e-12,2.9629115798130785,1.2990716607414436,6.0,1.0,0.0,True,False,0.0
9,random,2,1,Q065,random,0.8478984651131852,1.6673112879778933,13.560826428431124,1.5068189368885831,7.0,0.0,0.0,False,False,38100.0
9,random,2,2,Q046,random,0.0225162820139795,0.0030683415204748,11.279804491617837,0.3656162839273083,3.0,0.0,0.0,False,False,58386.0
9,random,2,3,Q082,random,0.0014460984134281,0.0013040220541449,2.5734494595769117,3.168605278877062,8.0,0.800000011920929,0.2000000029802322,True,False,0.0
9,random,2,4,Q048,random,2.3064880388250167e-05,4.505230801504724e-06,8.430664570652006,0.8791350951600468,6.0,0.0,1.0,True,False,42637.0
9,random,2,5,Q036,random,0.0205082169060223,0.0259869849705519,4.9826486177523135,3.4403950873460327,7.0,0.0,1.0,True,False,0.0
9,random,3,1,Q072,random,0.2090831258841269,0.1597558746480431,10.918249568030184,1.3517402599985613,4.0,0.0,1.0,False,False,57726.0
9,random,3,2,Q015,random,3.785899409943649e-27,3.203003332439378e-28,2.1117067002048797,0.922958551858882,3.0,1.0,0.0,False,False,48700.0
9,random,3,3,Q092,random,0.0008138125593335,0.0007745690540207,1.01927784733234,3.488944122864678,11.0,0.0,1.0,True,False,0.0
9,random,3,4,Q050,random,0.170660874389292,0.0836088995122547,11.141131623191884,0.9158631780908988,8.0,0.0,1.0,True,False,6338.0
9,random,3,5,Q062,random,0.0016967998885192,0.0009186142510402,6.508243517067633,1.8788631910253957,3.0,0.0,1.0,False,False,0.0
9,random,4,1,Q007,random,0.1888811345698156,0.3914295325623547,8.685944933123682,3.77163403492008,7.0,0.0,1.0,True,False,0.0
9,random,4,2,Q056,random,0.7699393366585087,1.3643315003582823,13.167776740551565,1.563871595763752,4.0,0.0,0.0,False,False,94093.0
9,random,4,3,Q020,random,0.009812330333551,0.0026763316938178,10.130634576449552,0.8065288883827013,2.0,0.0,0.0,False,False,101000.0
9,random,4,4,Q017,random,0.868024797112027,3.21516843771975,15.047587271444662,2.7168134637436516,2.0,0.0,0.0,False,False,247107.0
9,random,4,5,Q014,random,0.6349125481785209,1.5590455842683195,12.916508108074003,2.620757375759483,4.0,0.0,0.0,False,False,108381.0
9,random,5,1,Q016,random,0.193557939219984,0.4148906641155218,9.076141982866089,3.8751248832428584,5.0,0.0,1.0,True,False,357.0
9,random,5,2,Q027,random,0.0003840460530651,0.0002104734792515,5.319015827654473,2.113100864941849,7.0,1.0,0.0,True,False,0.0
9,random,5,3,Q052,random,0.1796974091078989,0.1066159948493094,11.42461675912219,1.0943190017561055,2.0,0.0,0.0,False,False,81273.0
9,random,5,4,Q039,random,0.143924426879107,0.039726899190039,11.855531467186506,0.5382207861517572,2.0,0.0,0.6000000238418579,False,False,28530.0
9,random,5,5,Q073,random,0.255132278354568,0.4588862110295594,10.455516147668614,2.995120478305658,1.0,0.0,0.0,False,False,31696.0
9,random,6,1,Q054,random,0.4177127785659476,0.4568092642032482,12.115041827865008,1.504412043864779,2.0,0.0,0.0,False,False,100890.0
9,random,6,2,Q089,random,0.0752941032554304,0.186516636280815,4.482758112844964,5.526998803893514,7.0,1.0,0.0,True,False,0.0
9,random,6,3,Q079,random,0.0665226341070404,0.156980319217535,4.340636139686897,5.38339803450471,9.0,1.0,0.0,True,False,32240.0
9,random,6,4,Q070,random,0.2572023536301917,0.5755521335784748,10.004360662770974,3.7166264870186465,4.0,0.0,0.0,False,False,14174.0
9,random,6,5,Q013,random,0.0245314647819499,0.0209314814232595,7.9721710687197085,2.2638766198060924,4.0,0.0,1.0,False,False,2639.0
9,random,7,1,Q051,random,0.1227592980526435,0.1125728256652559,10.273958073695695,1.8544877776520532,2.0,0.0,0.0,False,False,873.0
9,random,7,2,Q032,random,0.0005392745444756,0.0005599176800112,-0.3722377413537892,3.9152844704336256,2.0,1.0,0.0,False,False,0.0
9,random,7,3,Q093,random,0.0347520833496739,0.0693347773422211,3.268724535573978,5.045844583121704,5.0,0.0,1.0,True,False,0.0
9,random,7,4,Q080,random,0.0370491003290173,0.080555381471104,2.6973768475262236,5.448022585473115,6.0,0.0,1.0,True,False,0.0
9,random,7,5,Q078,random,0.2150373589578008,0.6036256889572184,8.540740984813485,4.925887841316598,10.0,0.0,1.0,True,False,51868.0
9,random,8,1,Q085,random,0.1516722104839001,0.4025209609744932,7.167942203961299,5.109978179494248,7.0,0.0,1.0,True,False,0.0
9,random,8,2,Q055,random,0.0616214582920277,0.0178965926045178,11.39274948945438,0.6714000324471898,1.0,0.0,0.0,False,False,171271.0
9,random,8,3,Q022,random,0.1287327044749218,0.0413246272189769,11.700217756115924,0.6423186519574292,3.0,0.0,0.0,False,False,114383.0
9,random,8,4,Q064,random,0.562599736787048,1.1157946820441949,12.79182605906954,2.311732008459023,5.0,0.0,0.0,False,False,45673.0
9,random,8,5,Q075,random,0.0520413882605568,0.0590553694741948,8.04194296216928,2.698232121536514,6.0,0.0,1.0,True,False,0.0
9,gp_m52_pi,1,1,Q065,exploitation,0.9549832447153364,1.8755169064670725,13.335442811212166,1.0944108866401856,7.0,0.0,0.0,False,False,38100.0
9,gp_m52_pi,1,2,Q055,exploitation,0.855788026203061,0.9358234570869276,12.355019960691628,0.8240933213392777,7.0,0.0,0.0,False,False,171271.0
9,gp_m52_pi,1,3,Q049,exploitation,0.8313602194674163,0.6515826860901549,12.075921601927252,0.6208580924439917,7.0,0.0,0.0,False,False,163182.0
9,gp_m52_pi,1,4,Q070,exploitation,0.7798306609686438,0.8933264072858456,12.247815701539944,0.9948416981336056,11.0,0.0,0.0,False,False,14174.0
9,gp_m52_pi,1,5,Q052,exploitation,0.7327460674930435,0.5775243111282868,11.93767775267723,0.7365547526193387,3.0,0.0,0.4000000059604645,False,False,81273.0
9,gp_m52_pi,2,1,Q041,exploitation,0.3685271461844341,0.4060705700725937,11.522838491353433,1.6028559136907168,4.0,0.0,0.0,False,False,155410.0
9,gp_m52_pi,2,2,Q054,exploitation,0.3304014913419025,0.1335824181449186,11.791312342253798,0.6146146836983767,2.0,0.0,0.0,False,False,100890.0
9,gp_m52_pi,2,3,Q007,exploitation,0.2918039976474494,0.3730669760422463,10.945750325286305,2.034688398806659,7.0,0.0,0.0,False,False,0.0
9,gp_m52_pi,2,4,Q064,exploitation,0.2652303842737897,0.2714230547412239,11.00548678784169,1.6826346504717888,5.0,0.0,0.0,False,False,45673.0
9,gp_m52_pi,2,5,Q078,exploitation,0.2494871655868171,0.3962456099806666,10.259987401199105,2.6638203791016557,10.0,0.0,0.0,False,False,51868.0
9,gp_m52_pi,3,1,Q051,exploitation,0.1314476924055466,0.1457565122841188,9.588708836676313,2.208250288825264,7.0,0.0,1.0,True,False,873.0
9,gp_m52_pi,3,2,Q056,exploitation,0.1301171667879008,0.0249444668237799,11.630190302863388,0.3826644033605935,3.0,0.0,1.0,False,False,94093.0
9,gp_m52_pi,3,3,Q050,exploitation,0.1198107980962255,0.1407596623129164,9.25211814084219,2.388647779086043,8.0,0.0,1.0,True,False,6338.0
9,gp_m52_pi,3,4,Q079,exploitation,0.0966515875874519,0.1423958250405146,7.984807030097612,3.133443916125269,9.0,1.0,0.0,True,False,32240.0
9,gp_m52_pi,3,5,Q039,exploitation,0.0924255140350966,0.0225368663161625,11.367207068632268,0.5232421152193556,4.0,0.0,1.0,False,False,28530.0
9,gp_m52_pi,4,1,Q058,exploitation,0.2010747431646009,0.2387240542351183,10.281745683789955,2.123760931076034,7.0,0.0,1.0,True,False,60312.0
9,gp_m52_pi,4,2,Q046,exploitation,0.058960043221229,0.0130453515512039,11.255230590149065,0.5153468779979162,2.0,0.0,0.0,False,False,58386.0
9,gp_m52_pi,4,3,Q085,exploitation,0.0503678325364683,0.0925963567298465,4.848480581592071,4.394405905826706,8.0,0.0,1.0,True,False,0.0
9,gp_m52_pi,4,4,Q027,exploitation,0.0452581023155716,0.0495691512635619,7.553996538502068,2.662646824213037,8.0,0.0,1.0,True,False,0.0
9,gp_m52_pi,4,5,Q093,exploitation,0.0406768370671811,0.0838054035630468,3.1877206514173917,5.091148683245537,11.0,0.2000000029802322,0.800000011920929,True,False,0.0
9,gp_m52_pi,5,1,Q075,exploitation,0.0196240376784212,0.0249523277018188,4.904560360866619,3.4713472576633086,6.0,0.0,1.0,True,False,0.0
9,gp_m52_pi,5,2,Q080,exploitation,0.0111835224291926,0.0136683575245991,3.922406700078115,3.563191551480191,6.0,0.0,1.0,True,False,0.0
9,gp_m52_pi,5,3,Q017,exploitation,0.0080978783641746,0.0020749068656372,10.202187144340115,0.7730676414723228,2.0,0.0,0.0,False,False,247107.0
9,gp_m52_pi,5,4,Q082,exploitation,0.0050156327700497,0.0051955024942975,3.626523557132213,3.2758464700513317,7.0,0.0,1.0,True,False,0.0
9,gp_m52_pi,5,5,Q062,exploitation,0.0037377728148441,0.0011987826505821,9.273991169134874,1.0419213168460366,4.0,0.0,1.0,False,False,0.0
9,gp_m52_pi,6,1,Q020,exploitation,0.3158462073465631,0.2669818973529921,11.80099450106308,1.3071687350971328,2.0,0.0,0.0,False,False,101000.0
9,gp_m52_pi,6,2,Q072,exploitation,0.1166084604095098,0.1149698399766374,10.02374838990214,2.016446659813198,4.0,0.0,0.0,False,False,57726.0
9,gp_m52_pi,6,3,Q022,exploitation,0.100283014177946,0.0506656578232547,11.062467310341647,1.0665443846639275,3.0,0.0,0.0,False,False,114383.0
9,gp_m52_pi,6,4,Q014,exploitation,0.0946814316957437,0.0905696711018561,9.746379275329089,2.042872701561271,2.0,0.0,0.0,False,False,108381.0
9,gp_m52_pi,6,5,Q032,exploitation,0.0746536077927923,0.05051336772067,10.247225867032803,1.5120532954649974,4.0,0.0,1.0,False,False,0.0
9,gp_m52_pi,7,1,Q042,exploitation,0.2121334200238897,0.2461414042659615,10.794194904342358,2.0441836809535587,3.0,0.0,1.0,False,False,452.0
9,gp_m52_pi,7,2,Q016,exploitation,0.2038916902583784,0.5123951835881839,8.720806346219552,4.477858546179108,5.0,0.0,0.2000000029802322,True,False,357.0
9,gp_m52_pi,7,3,Q010,exploitation,0.1422192490401891,0.3111357880318175,7.8485393776542205,4.277871610127843,4.0,0.0,1.0,False,False,0.0
9,gp_m52_pi,7,4,Q092,exploitation,0.0646722624980238,0.1537373921962961,4.161862864598698,5.44983371413645,5.0,1.0,0.0,True,False,0.0
9,gp_m52_pi,7,5,Q089,exploitation,0.0529786554838053,0.119533369686739,3.779735025280063,5.349291064022709,7.0,1.0,0.0,True,False,0.0
9,gp_m52_pi,8,1,Q013,exploitation,0.0002096737314741,7.917058770897712e-05,7.095995652125347,1.5113922075283597,4.0,0.0,1.0,False,False,2639.0
9,gp_m52_pi,8,2,Q015,exploitation,7.467154465381855e-06,2.524364001118572e-06,5.495166403819666,1.6011470384881146,3.0,1.0,0.0,False,False,48700.0
9,gp_m52_pi,8,3,Q036,exploitation,0.0019824324441101,0.0022327300689009,1.305270765438645,3.860648197722789,2.0,1.0,0.0,False,False,0.0
9,gp_m52_pi,8,4,Q048,exploitation,0.0012366178541311,0.0002475949854095,10.272842551133516,0.7119343335655911,2.0,0.0,0.0,False,False,42637.0
9,gp_m52_pi,8,5,Q073,exploitation,0.0006258543845507,9.02177202730004e-05,10.691086729415952,0.5381428085062497,1.0,0.0,0.0,False,False,31696.0
9,gp_m52_ei,1,1,Q065,exploitation,0.9549832447153364,1.8755169064670725,13.335442811212166,1.0944108866401856,7.0,0.0,0.0,False,False,38100.0
9,gp_m52_ei,1,2,Q064,exploitation,0.6104344490969531,1.0214260704707214,11.996547508524722,1.8412200048845055,7.0,0.0,0.0,False,False,45673.0
9,gp_m52_ei,1,3,Q055,exploitation,0.855788026203061,0.9358234570869276,12.355019960691628,0.8240933213392777,7.0,0.0,0.0,False,False,171271.0
9,gp_m52_ei,1,4,Q070,exploitation,0.7798306609686438,0.8933264072858456,12.247815701539944,0.9948416981336056,11.0,0.0,0.0,False,False,14174.0
9,gp_m52_ei,1,5,Q007,exploitation,0.4994404911545227,0.7542533526478545,11.477518284666044,1.8939600245176256,7.0,0.0,0.0,False,False,0.0
9,gp_m52_ei,2,1,Q062,exploitation,0.6080800354384416,0.5851437222407121,12.352315556787662,1.061931387418019,7.0,0.0,1.0,True,False,0.0
9,gp_m52_ei,2,2,Q052,exploitation,0.68225177308408,0.4876495893291154,12.400961459903929,0.7171936111189394,3.0,0.0,0.0,False,False,81273.0
9,gp_m52_ei,2,3,Q054,exploitation,0.6626065461439431,0.237329130364888,12.21579290066636,0.3688973793743276,3.0,0.0,0.0,False,False,100890.0
9,gp_m52_ei,2,4,Q046,exploitation,0.3668724214159937,0.14368957994221,11.866846519980315,0.5708148173838293,3.0,0.0,0.0,False,False,58386.0
9,gp_m52_ei,2,5,Q048,exploitation,0.3075494572778613,0.1138575665937458,11.770305219674992,0.5781584706414572,6.0,0.0,1.0,True,False,42637.0
9,gp_m52_ei,3,1,Q049,exploitation,0.2526074863718955,0.6220565609776381,9.319925237692464,4.113844662564914,1.0,0.0,0.0,False,False,163182.0
9,gp_m52_ei,3,2,Q085,exploitation,0.2181522613955386,0.6071282451943363,8.275236377962331,4.86322568138419,8.0,0.0,1.0,True,False,0.0
9,gp_m52_ei,3,3,Q022,exploitation,0.2291300782260454,0.5486065588844562,9.002800609157907,4.123158448509036,4.0,0.0,0.0,False,False,114383.0
9,gp_m52_ei,3,4,Q020,exploitation,0.2221415165329489,0.5264200255554393,8.910118582370215,4.118913854259333,2.0,0.0,0.0,False,False,101000.0
9,gp_m52_ei,3,5,Q036,exploitation,0.1711392441722671,0.4642802328124805,7.248147722141072,5.067913949580516,4.0,0.0,1.0,False,False,0.0
9,gp_m52_ei,4,1,Q050,exploitation,0.3714245311389528,0.588618476855804,11.307183649920828,2.297665639841956,8.0,0.0,1.0,True,False,6338.0
9,gp_m52_ei,4,2,Q058,exploitation,0.3087107500954139,0.4511140241192009,10.922655377501156,2.278947822262577,7.0,0.0,1.0,True,False,60312.0
9,gp_m52_ei,4,3,Q078,exploitation,0.1815603263754774,0.403378139452701,8.344468855652124,4.086647341726548,10.0,0.0,1.0,True,False,51868.0
9,gp_m52_ei,4,4,Q056,exploitation,0.3195737030579363,0.2767699382785695,11.43578550731463,1.3334067829652303,3.0,0.0,1.0,False,False,94093.0
9,gp_m52_ei,4,5,Q042,exploitation,0.2502391710879427,0.2600568692596833,10.88779761199573,1.7413472574988245,3.0,0.0,1.0,False,False,452.0
9,gp_m52_ei,5,1,Q016,exploitation,0.2135526543012755,0.6669433429070317,7.6999214869486305,5.491481805607174,5.0,0.0,1.0,True,False,357.0
9,gp_m52_ei,5,2,Q013,exploitation,0.3003360391173735,0.6603850387528557,10.248023628838755,3.463633690110965,4.0,0.0,0.800000011920929,False,False,2639.0
9,gp_m52_ei,5,3,Q080,exploitation,0.2083588265520546,0.6444537791850106,7.612729429799158,5.477306136286231,6.0,0.0,1.0,True,False,0.0
9,gp_m52_ei,5,4,Q089,exploitation,0.198253596480207,0.6084280236434509,7.387932265196977,5.511510580366696,7.0,1.0,0.0,True,False,0.0
9,gp_m52_ei,5,5,Q027,exploitation,0.1975705427134368,0.6039949375568381,7.387977109625249,5.495543615785796,7.0,0.0,1.0,True,False,0.0
9,gp_m52_ei,6,1,Q072,exploitation,0.4261833982794757,0.688444862095075,11.651395111238353,2.201044491559506,4.0,0.0,0.0,False,False,57726.0
9,gp_m52_ei,6,2,Q093,exploitation,0.0699214213883956,0.1760093265173438,3.657297086376583,5.692119200715214,11.0,1.0,0.0,True,False,0.0
9,gp_m52_ei,6,3,Q092,exploitation,0.0294807758055463,0.0586395195402605,2.3381030850421016,5.148535097167334,11.0,1.0,0.0,True,False,0.0
9,gp_m52_ei,6,4,Q082,exploitation,0.0348691357201917,0.0515577153709486,5.282272870115547,3.7377093366049503,7.0,0.6000000238418579,0.4000000059604645,True,False,0.0
9,gp_m52_ei,6,5,Q017,exploitation,0.126991831083079,0.046481053707281,11.223007740580483,0.7346198323603724,2.0,0.0,0.0,False,False,247107.0
9,gp_m52_ei,7,1,Q041,exploitation,0.0848222174469137,0.0615261453042118,10.253995967472887,1.582691394721865,2.0,0.0,0.0,False,False,155410.0
9,gp_m52_ei,7,2,Q075,exploitation,0.0085833967793833,0.0086362716811579,5.2365958094856255,3.0174719057276005,6.0,0.0,1.0,True,False,0.0
9,gp_m52_ei,7,3,Q032,exploitation,0.0012355360346565,0.0009201017670646,4.411998381779728,2.648149763442347,2.0,1.0,0.0,False,False,0.0
9,gp_m52_ei,7,4,Q051,exploitation,0.0009082998035203,0.0006392012864287,4.445047413409534,2.559582947620786,2.0,0.0,0.0,False,False,873.0
9,gp_m52_ei,7,5,Q079,exploitation,4.208527497455023e-06,2.3623921111534852e-06,0.2963572477893414,2.7234909572991697,9.0,1.0,0.0,True,False,32240.0
9,gp_m52_ei,8,1,Q010,exploitation,0.0021463974902707,0.0019179216465035,3.736405111384516,3.0433371538138747,4.0,1.0,0.0,False,False,0.0
9,gp_m52_ei,8,2,Q014,exploitation,2.1106765127072207e-06,3.495851346729733e-07,8.627507856592752,0.8260713045790831,2.0,0.0,0.0,False,False,108381.0
9,gp_m52_ei,8,3,Q015,exploitation,1.1792027489802936e-05,4.948285296848802e-06,4.1915020000206145,1.9480121674045543,3.0,0.0,1.0,False,False,48700.0
9,gp_m52_ei,8,4,Q039,exploitation,1.4559869537463275e-05,1.7703444899120518e-06,10.090406626397526,0.5591000292436784,2.0,0.0,0.6000000238418579,False,False,28530.0
9,gp_m52_ei,8,5,Q073,exploitation,0.0126437017758922,0.003834138304035,10.476697107045569,0.8721045376350696,1.0,0.0,0.0,False,False,31696.0
9,pi_random_exploration,1,1,Q065,exploitation,0.9549850490657624,1.8755273434116908,13.335454287757836,1.0944053708260375,7.0,0.0,0.0,False,False,38100.0
9,pi_random_exploration,1,2,Q055,exploitation,0.8557934129169955,0.9358419754143644,12.355041181530872,0.8240948966563236,7.0,0.0,0.0,False,False,171271.0
9,pi_random_exploration,1,3,Q049,exploitation,0.8313638894192481,0.6515912379899012,12.075931592077026,0.6208590714631357,7.0,0.0,0.0,False,False,163182.0
9,pi_random_exploration,1,4,Q070,exploitation,0.7798349554286543,0.8933193342198672,12.247814381312772,0.9948212962173448,11.0,0.0,0.0,False,False,14174.0
9,pi_random_exploration,1,5,Q075,random_exploration,0.0002282204914577,8.005377533035576e-05,6.5837607066725115,1.3969410398414324,6.0,0.0,0.6000000238418579,True,False,0.0
9,pi_random_exploration,2,1,Q054,exploitation,0.231587892889509,0.0777507093141979,11.638232132082257,0.5762816598937843,2.0,0.0,0.0,False,False,100890.0
9,pi_random_exploration,2,2,Q064,exploitation,0.1829145744694759,0.1814179587387571,10.414487772097267,1.820740595700325,5.0,0.0,0.0,False,False,45673.0
9,pi_random_exploration,2,3,Q041,exploitation,0.1694717106051844,0.1411666027884116,10.56923936646545,1.5600115616453163,4.0,0.0,0.0,False,False,155410.0
9,pi_random_exploration,2,4,Q078,exploitation,0.1550174205418127,0.2142844599551337,9.373441963805316,2.647460067276969,10.0,0.0,0.4000000059604645,True,False,51868.0
9,pi_random_exploration,2,5,Q093,random_exploration,0.0065653366869419,0.0094445042320101,1.0665006885711632,4.4329020909206855,11.0,0.0,1.0,True,False,0.0
9,pi_random_exploration,3,1,Q046,exploitation,0.5109020689563183,0.098335081993202,12.067519508767376,0.238239826400825,3.0,0.0,0.0,False,False,58386.0
9,pi_random_exploration,3,2,Q052,exploitation,0.4108403367200092,0.4138829172453503,11.746226534598115,1.3966470042166643,3.0,0.0,0.0,False,False,81273.0
9,pi_random_exploration,3,3,Q036,exploitation,0.3503680549655317,0.1165084108855344,11.87118107408627,0.4939209278238265,10.0,0.0,1.0,True,False,0.0
9,pi_random_exploration,3,4,Q032,exploitation,0.3450999368948806,0.2172696188740051,11.685997547137465,0.9408576918444148,9.0,0.0,1.0,True,False,0.0
9,pi_random_exploration,3,5,Q056,random_exploration,0.0971369031991001,0.0113478086419639,11.738818353341989,0.248212703672699,3.0,0.0,1.0,False,False,94093.0
9,pi_random_exploration,4,1,Q007,exploitation,0.5041840318796319,0.7281447266427551,12.07990141163799,1.8014099743529923,7.0,0.0,0.0,False,False,0.0
9,pi_random_exploration,4,2,Q013,exploitation,0.4476243091779575,0.3670735469606962,11.917406189173356,1.090655275050224,5.0,0.0,0.0,False,False,2639.0
9,pi_random_exploration,4,3,Q017,exploitation,0.1785203762049111,0.0515297619232208,11.56981136955222,0.5333191777720295,2.0,0.0,0.0,False,False,247107.0
9,pi_random_exploration,4,4,Q085,exploitation,0.1147966343778722,0.2580661863227161,6.518665743541878,4.613208813269283,8.0,0.0,1.0,True,False,0.0
9,pi_random_exploration,4,5,Q058,random_exploration,0.000994966170343,0.0004406848938599,7.113071508438706,1.6003776069496891,7.0,0.0,1.0,True,False,60312.0
9,pi_random_exploration,5,1,Q072,exploitation,0.2896485474260872,0.3936403667608336,11.225327468725354,2.1685206432964663,4.0,0.0,1.0,False,False,57726.0
9,pi_random_exploration,5,2,Q016,exploitation,0.1677019624990968,0.2933910174550705,9.262939339749462,3.285255702212233,5.0,0.0,0.0,False,False,357.0
9,pi_random_exploration,5,3,Q080,exploitation,0.1013314818831645,0.2885965099617061,4.784177659916859,5.999525469746738,6.0,1.0,0.0,True,False,0.0
9,pi_random_exploration,5,4,Q051,exploitation,0.0693494915168333,0.0836988215684206,8.380758622617481,2.733132820958335,7.0,0.0,1.0,True,False,873.0
9,pi_random_exploration,5,5,Q079,random_exploration,6.097436636287522e-07,2.7126734913404496e-07,1.1515195089609245,2.323789702439287,8.0,1.0,0.0,True,False,32240.0
9,pi_random_exploration,6,1,Q015,exploitation,0.299540505956209,0.7962408628600981,10.224137166127944,4.19126725865098,4.0,0.0,1.0,False,False,48700.0
9,pi_random_exploration,6,2,Q062,exploitation,0.2200499710543705,0.5236695277127399,9.225272461432088,4.147936344285168,4.0,0.0,1.0,False,False,0.0
9,pi_random_exploration,6,3,Q014,exploitation,0.1774872176592294,0.4644724631006705,7.948311664691983,4.842538910858831,2.0,0.0,0.0,False,False,108381.0
9,pi_random_exploration,6,4,Q020,exploitation,0.1665947667366146,0.1120886155462615,11.202854152288042,1.26559341392583,2.0,0.0,0.0,False,False,101000.0
9,pi_random_exploration,6,5,Q048,random_exploration,0.0283317555269715,0.0388236203904696,5.630508044535901,3.566337054112579,4.0,0.0,1.0,False,False,42637.0
9,pi_random_exploration,7,1,Q022,exploitation,0.499270112107308,0.202513068995574,12.426649904406489,0.5087907964527064,3.0,0.0,0.0,False,False,114383.0
9,pi_random_exploration,7,2,Q042,exploitation,0.3377735885255931,0.2943969237766057,11.877768777524755,1.3136204375095368,3.0,0.0,0.800000011920929,False,False,452.0
9,pi_random_exploration,7,3,Q050,exploitation,0.0641915924102312,0.0330126953576231,10.632531505603287,1.1805583966334514,2.0,0.0,0.800000011920929,False,False,6338.0
9,pi_random_exploration,7,4,Q089,exploitation,0.0271832305036144,0.0555049739412763,2.1461634889082655,5.344035147171957,7.0,1.0,0.0,True,False,0.0
9,pi_random_exploration,7,5,Q082,random_exploration,0.0229811406797414,0.0389715809834395,3.3712187869007435,4.537847660574488,7.0,1.0,0.0,True,False,0.0
9,pi_random_exploration,8,1,Q010,exploitation,0.3911086279901821,1.3808719080336176,11.04391699812148,5.005462901500256,4.0,0.0,0.0,False,False,0.0
9,pi_random_exploration,8,2,Q073,exploitation,0.0999495240979931,0.0831040139726158,10.176131951565866,1.7564205845720997,1.0,0.0,0.0,False,False,31696.0
9,pi_random_exploration,8,3,Q092,exploitation,0.0433869387600063,0.0920455153651976,3.5366439861330656,5.191282612110543,5.0,1.0,0.0,True,False,0.0
9,pi_random_exploration,8,4,Q039,exploitation,0.001848374522394,0.0002331927437048,11.165118250960347,0.4348906889267473,2.0,0.0,0.0,False,False,28530.0
9,pi_random_exploration,8,5,Q027,random_exploration,6.973978562316832e-05,5.3348562933875016e-05,0.0206371963730225,3.2571941857262092,7.0,0.800000011920929,0.2000000029802322,True,False,0.0
9,pi_uncertainty,1,1,Q065,exploitation,0.9549832447153364,1.8755169064670725,13.335442811212166,1.0944108866401856,7.0,0.0,0.0,False,False,38100.0
9,pi_uncertainty,1,2,Q055,exploitation,0.855788026203061,0.9358234570869276,12.355019960691628,0.8240933213392777,7.0,0.0,0.0,False,False,171271.0
9,pi_uncertainty,1,3,Q049,exploitation,0.8313602194674163,0.6515826860901549,12.075921601927252,0.6208580924439917,7.0,0.0,0.0,False,False,163182.0
9,pi_uncertainty,1,4,Q070,exploitation,0.7798306609686438,0.8933264072858456,12.247815701539944,0.9948416981336056,11.0,0.0,0.0,False,False,14174.0
9,pi_uncertainty,1,5,Q036,uncertainty_exploration,0.0691145362732826,0.1301423551336696,5.155080541305805,4.266740842986977,10.0,0.0,1.0,True,False,0.0
9,pi_uncertainty,2,1,Q054,exploitation,0.2060081152253478,0.0641627937689955,11.607075524775038,0.5533398200686616,2.0,0.0,0.0,False,False,100890.0
9,pi_uncertainty,2,2,Q064,exploitation,0.1970758162905428,0.1840056739668694,10.629819632525445,1.6795769516618693,5.0,0.0,0.0,False,False,45673.0
9,pi_uncertainty,2,3,Q041,exploitation,0.1814522616386679,0.1450418360046256,10.723049954932,1.4705350882216033,4.0,0.0,0.0,False,False,155410.0
9,pi_uncertainty,2,4,Q007,exploitation,0.162482212997081,0.1736149937182031,10.07009281735086,2.0226562727878723,7.0,0.0,0.0,False,False,0.0
9,pi_uncertainty,2,5,Q085,uncertainty_exploration,0.0452743942974805,0.0763006478567431,5.127054703735554,4.096846578318165,8.0,0.0,1.0,True,False,0.0
9,pi_uncertainty,3,1,Q052,exploitation,0.6408632587949595,1.3331062777588,12.855939330936812,2.203446183624061,3.0,0.0,0.0,False,False,81273.0
9,pi_uncertainty,3,2,Q032,exploitation,0.4090658705822447,1.4651508896315903,10.916883521008202,4.975567971028917,2.0,0.0,1.0,False,False,0.0
9,pi_uncertainty,3,3,Q080,exploitation,0.2299908464431264,0.7036703987443667,8.172443678215227,5.262803638720351,6.0,0.0,1.0,True,False,0.0
9,pi_uncertainty,3,4,Q013,exploitation,0.2131911710612468,0.1690673884279827,10.951338311482449,1.3951137282416286,5.0,0.0,1.0,True,False,2639.0
9,pi_uncertainty,3,5,Q016,uncertainty_exploration,0.1839424804090025,0.57375541109021,6.912679454506765,5.717555933366774,5.0,0.0,1.0,True,False,357.0
9,pi_uncertainty,4,1,Q046,exploitation,0.4446835467263233,0.0907064123734288,12.023144815972609,0.2721927335572264,2.0,0.0,0.0,False,False,58386.0
9,pi_uncertainty,4,2,Q022,exploitation,0.2056779611513517,0.0707107076595989,11.559011122519609,0.6110664400153328,3.0,0.0,0.0,False,False,114383.0
9,pi_uncertainty,4,3,Q078,exploitation,0.1970694483391579,0.4131290273169371,8.847488390819326,3.771137178895061,10.0,0.0,1.0,True,False,51868.0
9,pi_uncertainty,4,4,Q051,exploitation,0.0726308576570934,0.0943844513238204,7.810288548753061,2.91850080856829,7.0,0.0,1.0,True,False,873.0
9,pi_uncertainty,4,5,Q089,uncertainty_exploration,0.0349104346142052,0.0690739046194435,2.994241412967047,5.000778642589567,7.0,1.0,0.0,True,False,0.0
9,pi_uncertainty,5,1,Q017,exploitation,0.1360060710051615,0.0469921335967485,11.311087133590128,0.6827142781953105,2.0,0.0,0.0,False,False,247107.0
9,pi_uncertainty,5,2,Q072,exploitation,0.0218296444990113,0.0169611212409696,7.838879711237049,2.092911135841187,4.0,0.0,1.0,False,False,57726.0
9,pi_uncertainty,5,3,Q058,exploitation,0.0121225487398323,0.0102914828530104,6.533702847465163,2.453066378440832,7.0,0.0,1.0,True,False,60312.0
9,pi_uncertainty,5,4,Q082,exploitation,0.0103139503836452,0.0128690936851113,3.5662706553192316,3.669866528828086,7.0,0.0,1.0,True,False,0.0
9,pi_uncertainty,5,5,Q093,uncertainty_exploration,0.0045136013768429,0.0058147269929573,1.318663330539808,4.114229588583971,11.0,1.0,0.0,True,False,0.0
9,pi_uncertainty,6,1,Q075,exploitation,0.0050838868779448,0.0036572100508364,6.588171455811906,2.2720811234426743,6.0,0.0,1.0,True,False,0.0
9,pi_uncertainty,6,2,Q062,exploitation,0.0016997180445313,0.0011512473422626,5.543275254062306,2.3503132174610344,4.0,0.0,1.0,False,False,0.0
9,pi_uncertainty,6,3,Q027,exploitation,0.0007239070703234,0.0006515717346735,1.8324825168650551,3.3266186801615283,7.0,0.0,1.0,True,False,0.0
9,pi_uncertainty,6,4,Q079,exploitation,0.000367075292253,0.0002784002853093,2.5251430260346153,2.9327544155945433,9.0,1.0,0.0,True,False,32240.0
9,pi_uncertainty,6,5,Q092,uncertainty_exploration,1.106652002639292e-05,7.376792082327969e-06,-0.7369317322471023,3.1032210844104644,5.0,0.800000011920929,0.2000000029802322,True,False,0.0
9,pi_uncertainty,7,1,Q056,exploitation,0.0004488937528935,0.0001110656969511,9.291477346622637,0.9443986287501436,3.0,0.0,0.0,False,False,94093.0
9,pi_uncertainty,7,2,Q014,exploitation,7.770312221134873e-05,1.1946588715917825e-05,9.96573859747694,0.6508905543751138,2.0,0.0,0.0,False,False,108381.0
9,pi_uncertainty,7,3,Q042,exploitation,7.165037576523275e-05,2.7316525862818995e-05,6.263840375833857,1.6210128796844714,3.0,0.0,1.0,False,False,452.0
9,pi_uncertainty,7,4,Q050,exploitation,6.977599425212867e-05,2.496977963153919e-05,6.623882834455367,1.5236958310729836,2.0,0.0,1.0,False,False,6338.0
9,pi_uncertainty,7,5,Q015,uncertainty_exploration,4.796598698591097e-07,1.909438018611099e-07,2.152761346411733,2.0969855087763083,4.0,0.0,1.0,False,False,48700.0
9,pi_uncertainty,8,1,Q020,exploitation,0.2531797518147388,0.1357955996194704,11.832588086409686,0.8953762277504111,2.0,0.0,0.0,False,False,101000.0
9,pi_uncertainty,8,2,Q010,exploitation,0.1317492791754811,0.1279114707741652,10.266795802238525,1.932446594401497,4.0,0.0,1.0,False,False,0.0
9,pi_uncertainty,8,3,Q073,exploitation,0.0025314207875538,0.0004893788747317,10.606945898314002,0.6495289624856357,1.0,0.0,0.0,False,False,31696.0
9,pi_uncertainty,8,4,Q048,exploitation,0.0001544229450458,5.882972846194521e-05,6.826561047018293,1.5524901258252577,3.0,0.0,1.0,False,False,42637.0
9,pi_uncertainty,8,5,Q039,uncertainty_exploration,1.7984736771845515e-05,5.467867950393788e-06,6.707053545335588,1.384461026122486,3.0,0.0,1.0,False,False,28530.0
9,imperfection_aware,1,1,Q065,exploitation,0.9549832447153364,1.8755169064670725,13.335442811212166,1.0944108866401856,7.0,0.0,0.0,False,False,38100.0
9,imperfection_aware,1,2,Q055,exploitation,0.855788026203061,0.9358234570869276,12.355019960691628,0.8240933213392777,7.0,0.0,0.0,False,False,171271.0
9,imperfection_aware,1,3,Q049,exploitation,0.8313602194674163,0.6515826860901549,12.075921601927252,0.6208580924439917,7.0,0.0,0.0,False,False,163182.0
9,imperfection_aware,1,4,Q070,exploitation,0.7798306609686438,0.8933264072858456,12.247815701539944,0.9948416981336056,11.0,0.0,0.0,False,False,14174.0
9,imperfection_aware,1,5,Q056,suspicious_exploration,0.5159463722049314,0.5242405097917496,11.530169082721113,1.2504178872492184,5.0,0.0,1.0,True,False,94093.0
9,imperfection_aware,2,1,Q041,exploitation,0.4927409838816872,0.5372008124881263,12.035937659842316,1.3777559330996456,4.0,0.0,0.0,False,False,155410.0
9,imperfection_aware,2,2,Q007,exploitation,0.4289464433041757,0.5644629861192094,11.74095236279165,1.787451585962197,7.0,0.0,0.0,False,False,0.0
9,imperfection_aware,2,3,Q052,exploitation,0.3827580814433353,0.0873960768194034,11.963542664891897,0.3267969065418454,3.0,0.0,0.0,False,False,81273.0
9,imperfection_aware,2,4,Q054,exploitation,0.3692019211362868,0.1462256882988875,11.868747069008467,0.5756876407822248,2.0,0.0,0.0,False,False,100890.0
9,imperfection_aware,2,5,Q062,suspicious_exploration,0.1339737794485039,0.1538910544167887,9.537899125202644,2.2775823334823335,7.0,0.0,1.0,True,False,0.0
9,imperfection_aware,3,1,Q046,exploitation,0.3186296698544933,0.0569068253618182,11.931203806335972,0.2752810355715413,2.0,0.0,0.0,False,False,58386.0
9,imperfection_aware,3,2,Q022,exploitation,0.1270103212804356,0.0458810951680296,11.234036180798048,0.7250083843437073,3.0,0.0,0.0,False,False,114383.0
9,imperfection_aware,3,3,Q020,exploitation,0.0605424384623389,0.0205144881303708,10.842997563308732,0.7856936845230467,2.0,0.0,0.0,False,False,101000.0
9,imperfection_aware,3,4,Q072,exploitation,0.0450042443146077,0.049035764204562,7.566342205315108,2.6511683309694543,4.0,0.0,1.0,False,False,57726.0
9,imperfection_aware,3,5,Q064,suspicious_exploration,0.4841491928695881,0.9176305551162164,11.964881928768634,2.418725228603192,5.0,0.0,1.0,True,False,45673.0
9,imperfection_aware,4,1,Q017,exploitation,0.0339542652851001,0.0080511105810404,10.962551984289878,0.6016916227702535,2.0,0.0,0.0,False,False,247107.0
9,imperfection_aware,4,2,Q036,exploitation,0.0228256986121539,0.0451598602804558,1.470682904254944,5.298865666923423,4.0,0.0,1.0,False,False,0.0
9,imperfection_aware,4,3,Q075,exploitation,0.0150024631687498,0.0128432092818479,6.822319747886128,2.4141139599461727,6.0,0.0,0.0,False,False,0.0
9,imperfection_aware,4,4,Q073,exploitation,0.0039949796726366,0.000707653898298,10.543692489052614,0.5720336543511876,1.0,0.0,0.0,False,False,31696.0
9,imperfection_aware,4,5,Q078,suspicious_exploration,0.2463739098294179,0.5780185157504554,9.351105785134108,3.950612081234476,10.0,0.0,1.0,True,False,51868.0
9,imperfection_aware,5,1,Q032,exploitation,0.0438381559353981,0.0576390409037571,6.941808253221678,3.2122156474721812,2.0,0.0,1.0,False,False,0.0
9,imperfection_aware,5,2,Q013,exploitation,0.0297530036489756,0.0168328749512947,9.671511507364748,1.4625432104839744,4.0,0.0,0.0,False,False,2639.0
9,imperfection_aware,5,3,Q010,exploitation,0.0065048969231454,0.0088061905916369,2.0576930218351626,4.175511664558166,4.0,1.0,0.0,False,False,0.0
9,imperfection_aware,5,4,Q042,exploitation,1.1530839835229772e-05,6.355959692659315e-06,1.585151859788887,2.5614185141916255,3.0,0.0,1.0,False,False,452.0
9,imperfection_aware,5,5,Q085,suspicious_exploration,0.2194671627806079,0.8096689869645985,7.446639928364584,6.43537377258343,8.0,0.0,1.0,True,False,0.0
9,imperfection_aware,6,1,Q048,exploitation,1.189887548466634e-06,3.348951362366527e-07,5.658232596018632,1.4347406966618317,3.0,0.0,1.0,False,False,42637.0
9,imperfection_aware,6,2,Q014,exploitation,3.706464365969533e-09,3.781026128487219e-10,8.829303148684327,0.6224003027544626,2.0,0.0,0.0,False,False,108381.0
9,imperfection_aware,6,3,Q015,exploitation,5.93143477147648e-13,1.1823750093077194e-13,1.9813590744264615,1.4698584122598315,3.0,0.800000011920929,0.2000000029802322,False,False,48700.0
9,imperfection_aware,6,4,Q039,exploitation,1.828361402401439e-07,4.8144953480971275e-08,5.13832652057539,1.433196629014681,4.0,0.0,1.0,False,False,28530.0
9,imperfection_aware,6,5,Q016,suspicious_exploration,0.089532900735642,0.1185094112063386,8.587291941587775,2.858129725428987,5.0,0.0,1.0,True,False,357.0
9,imperfection_aware,7,1,Q050,exploitation,0.3539415163105431,0.2131603597539147,12.093774635749426,0.8908605843827453,8.0,0.0,1.0,True,True,6338.0
9,imperfection_aware,7,2,Q080,exploitation,0.19140053114798,0.6124674520033642,7.363209514933538,5.802795063252854,6.0,0.0,1.0,True,True,0.0
9,imperfection_aware,7,3,Q089,exploitation,0.1801618815773124,0.5673538663292913,7.1180093750130755,5.8044067286135625,7.0,1.0,0.0,True,True,0.0
9,imperfection_aware,7,4,Q027,exploitation,0.1660627515185276,0.5112535302116502,6.806597877409973,5.795774758836942,7.0,1.0,0.0,True,True,0.0
9,imperfection_aware,7,5,Q082,suspicious_exploration,0.1603459697166106,0.4878282960402349,6.689643161059753,5.778171199350967,7.0,1.0,0.0,True,True,0.0
9,imperfection_aware,8,1,Q051,exploitation,0.0541901135506627,0.0536226058489946,8.674884109205767,2.3373768539024944,2.0,0.0,0.2000000029802322,False,True,873.0
9,imperfection_aware,8,2,Q092,exploitation,0.0467957514808456,0.1012096590366267,3.657262904030299,5.2305478951711075,11.0,1.0,0.0,True,True,0.0
9,imperfection_aware,8,3,Q093,exploitation,0.0353528974386033,0.068493142308833,3.5936175324470083,4.887765347580429,11.0,1.0,0.0,True,True,0.0
9,imperfection_aware,8,4,Q058,exploitation,0.0019553216597805,0.0012900872173487,5.8948933491672255,2.2641424617678756,7.0,0.0,1.0,True,True,60312.0
9,imperfection_aware,8,5,Q079,suspicious_exploration,0.0005106723867527,0.0004522467305401,1.4187676824610804,3.3516653253163926,8.0,1.0,0.0,True,True,32240.0
