method,family,run,iteration,configured_batch_size,configured_budget,configured_exploration,n_experiments,batch_size_added,best_q,best_pool_idx,simple_regret,normalized_regret,best_rank_percentile,hit_top1pct,hit_top0_1pct,success_fraction_selected,mean_q_selected,last_batch_best_q,mean_pairwise_batch_distance,fit_seconds,acq_seconds,cum_seconds,status,pool_oracle_best_q,full_grid_best_q,surrogate_rmse_raw,surrogate_mae_raw,surrogate_spearman_raw,surrogate_crps,surrogate_nll,surrogate_coverage95,surrogate_mean_sd,n_acq_candidates,n_trustworthy_candidates,n_suspicious_candidates,selected_trustworthy,selected_suspicious,requested_trustworthy,requested_suspicious,gate_fallback,fallback_slots,selected_suspicious_fraction
GP_Matern52_PI,Acquisition Ablation,0,0,6,150,2,3,3,0.0,2370341,247107.0,1.0,93.70319341923158,0.0,0.0,0.0,0.0,0.0,1.0123451313576954,0.0,0.0,0.0,initial,247107.0,247107.0,,,,,,,,0,,,0,3,,,False,,1.0
GP_Matern52_PI,Acquisition Ablation,0,1,6,150,2,9,6,45710.0,1041565,201397.0,0.8150194045494462,99.1430826732962,1.0,0.0,0.1111111111111111,5078.888888888889,45710.0,1.0009406047310325,7.929200000944547e-05,0.009055834001628682,0.009135126001638127,constant_target_fallback,247107.0,247107.0,8794.15225607335,1574.217,0.0,0.8138185086950146,3.9690805000534337,0.9332,1.0,15000,3347.0,11653.0,3,3,,,False,,0.5
GP_Matern52_PI,Acquisition Ablation,0,2,6,150,2,15,6,65281.0,871546,181826.0,0.7358188962676088,99.64885435126234,1.0,0.0,0.4666666666666667,17630.2,65281.0,0.388149320821309,0.016479333000461338,0.011899208999238908,0.037513668001338374,ok,247107.0,247107.0,8728.108876900005,1903.331496547087,0.1579930569013381,1.4191156061610297,3.573096794321327,0.8996,2.5460063851237638,15000,3433.0,11567.0,6,0,,,False,,0.0
GP_Matern52_PI,Acquisition Ablation,0,3,6,150,2,21,6,83549.0,700474,163558.0,0.6618914073660398,99.79998924796743,1.0,0.0,0.6190476190476191,22305.380952380954,83549.0,0.5256784841437644,0.01605537499926868,0.015028666999569396,0.06859771000017645,ok,247107.0,247107.0,8816.28793054138,1654.9940834287383,0.4098963835047654,1.108210542021769,2.6061493001082088,0.9264,2.2717869143573832,15000,3264.0,11736.0,6,0,,,False,,0.0
GP_Matern52_PI,Acquisition Ablation,0,4,6,150,2,27,6,147145.0,612823,99962.0,0.4045292120417471,99.9913295347189,1.0,1.0,0.7037037037037037,41477.03703703704,147145.0,0.33909465401167377,0.015378834003058728,0.0130966670003545,0.09707321100358968,ok,247107.0,247107.0,7485.153854156447,1409.7146725393925,0.41493140654747085,1.4622560550697854,2.6053802152188257,0.9644,3.4387261742197834,15000,3330.0,11670.0,6,0,,,False,,0.0
GP_Matern52_PI,Acquisition Ablation,0,5,6,150,2,33,6,147145.0,612823,99962.0,0.4045292120417471,99.9913295347189,1.0,1.0,0.7272727272727273,44303.181818181816,99179.0,0.5955131972289176,0.020876457998383557,0.01361154199912562,0.13156121100109885,ok,247107.0,247107.0,7024.700700227774,1310.7855720037974,0.40700113761990797,1.404241649790264,2.6465295475165935,0.9654,3.452270281756705,15000,3261.0,11739.0,5,1,,,False,,0.16666666666666666
GP_Matern52_PI,Acquisition Ablation,0,6,6,150,2,39,6,147145.0,612823,99962.0,0.4045292120417471,99.9913295347189,1.0,1.0,0.7692307692307693,43445.4358974359,43497.0,0.2359639796318133,0.031920666002406506,0.014772791997529566,0.17825466900103493,ok,247107.0,247107.0,5864.499545333065,1065.6503067566448,0.42051061493315733,1.585747223429887,2.7215682619079664,0.9354,3.486865946130079,15000,3387.0,11613.0,6,0,,,False,,0.0
GP_Matern52_PI,Acquisition Ablation,0,7,6,150,2,45,6,201133.0,690960,45974.0,0.18604895854832118,99.99852487358166,1.0,1.0,0.8,52937.75555555556,201133.0,0.2313708849531445,0.029472958001861116,0.015166541998041794,0.22289416900093784,ok,247107.0,247107.0,5741.692489342008,1080.2198768267888,0.4183668371358357,1.253062795013639,2.827936095022065,0.9108,2.616948480554768,15000,3289.0,11711.0,6,0,,,False,,0.0
GP_Matern52_PI,Acquisition Ablation,0,8,6,150,2,51,6,201133.0,690960,45974.0,0.18604895854832118,99.99852487358166,1.0,1.0,0.7843137254901961,54908.05882352941,198589.0,1.008065102088638,0.025444666996918386,0.016556083002797095,0.2648949190006533,ok,247107.0,247107.0,5540.256013279713,1074.0849718384736,0.4171768813499447,1.606453322394377,2.9770294935579393,0.9114,3.335653685676797,15000,3463.0,11537.0,4,2,,,False,,0.3333333333333333
GP_Matern52_PI,Acquisition Ablation,0,9,6,150,2,57,6,201133.0,690960,45974.0,0.18604895854832118,99.99852487358166,1.0,1.0,0.8070175438596491,53302.05263157895,117676.0,0.6267866740140372,0.041213874999812106,0.016865292000147747,0.32297408600061317,ok,247107.0,247107.0,5295.218917543509,1001.4317900357946,0.4196177946883919,1.432793889434011,3.0565632442082022,0.9054,3.047008617967862,15000,3310.0,11690.0,6,0,,,False,,0.0
GP_Matern52_PI,Acquisition Ablation,0,10,6,150,2,63,6,201133.0,690960,45974.0,0.18604895854832118,99.99852487358166,1.0,1.0,0.8253968253968254,49946.619047619046,34392.0,0.5687444356019848,0.035361040998395765,0.02128354199885507,0.379618668997864,ok,247107.0,247107.0,5274.734999524556,962.4298190619224,0.4227355300066351,1.4174713874891425,2.846845262733283,0.9122,3.0830289132300415,15000,3321.0,11679.0,6,0,,,False,,0.0
GP_Matern52_PI,Acquisition Ablation,0,11,6,150,2,69,6,201133.0,690960,45974.0,0.18604895854832118,99.99852487358166,1.0,1.0,0.7536231884057971,45603.434782608696,0.0,0.5140270211098501,0.0370367499999702,0.021978916000080062,0.43863433499791427,ok,247107.0,247107.0,5251.358733266037,997.471532135042,0.4204517472401436,1.4979607434868234,3.0047139646417804,0.8914,3.0198916166450522,15000,3295.0,11705.0,0,6,,,False,,1.0
GP_Matern52_PI,Acquisition Ablation,0,12,6,150,2,75,6,201133.0,690960,45974.0,0.18604895854832118,99.99852487358166,1.0,1.0,0.7733333333333333,48756.85333333333,111700.0,0.20571719570022365,0.04533829099818831,0.020077417000720743,0.5040500429968233,ok,247107.0,247107.0,5056.301931484146,996.090418826241,0.4245540087457912,1.4589289611480196,3.5672561593132954,0.8536,2.2411083661211713,15000,3411.0,11589.0,6,0,,,False,,0.0
GP_Matern52_PI,Acquisition Ablation,0,13,6,150,2,81,6,201133.0,690960,45974.0,0.18604895854832118,99.99852487358166,1.0,1.0,0.7901234567901234,48887.07407407407,107112.0,0.44392395925297373,0.07385666600021068,0.02107849999811151,0.5989852089951455,ok,247107.0,247107.0,4873.589163657438,915.6046839241799,0.4254244436204433,1.6428563043227067,2.9316246685446585,0.9048,3.0976303991529623,15000,3412.0,11588.0,6,0,,,False,,0.0
GP_Matern52_PI,Acquisition Ablation,0,14,6,150,2,87,6,201133.0,690960,45974.0,0.18604895854832118,99.99852487358166,1.0,1.0,0.8045977011494253,52656.0,138679.0,0.36025914970378636,0.10102637499949196,0.02309008299926063,0.7231016669938981,ok,247107.0,247107.0,4742.686152353488,900.57312144383,0.42487346854723984,1.4320581659242957,3.925674191182749,0.8476,2.1702802483011157,15000,3300.0,11700.0,6,0,,,False,,0.0
GP_Matern52_PI,Acquisition Ablation,0,15,6,150,2,93,6,201133.0,690960,45974.0,0.18604895854832118,99.99852487358166,1.0,1.0,0.8172043010752689,57554.07526881721,199081.0,0.1763836070073176,0.10612579100052244,0.022735041999112582,0.8519624999935331,ok,247107.0,247107.0,4767.440253795146,904.5972190983013,0.4248415442826974,1.4525403570404196,3.9865818532831123,0.8468,2.222257376711105,15000,3296.0,11704.0,6,0,,,False,,0.0
GP_Matern52_PI,Acquisition Ablation,0,16,6,150,2,99,6,201133.0,690960,45974.0,0.18604895854832118,99.99852487358166,1.0,1.0,0.7777777777777778,55068.979797979795,99300.0,0.7765227607406635,0.0915995830000611,0.023173417001089547,0.9667354999946838,ok,247107.0,247107.0,4805.540460703843,891.2709298547807,0.42476097096894205,1.4546315201079258,3.7961890494878374,0.8598,2.3927100029144124,15000,3340.0,11660.0,1,5,,,False,,0.8333333333333334
GP_Matern52_PI,Acquisition Ablation,0,17,6,150,2,105,6,201133.0,690960,45974.0,0.18604895854832118,99.99852487358166,1.0,1.0,0.7714285714285715,54829.114285714284,120933.0,0.7023260521044072,0.08238241700018989,0.024705749998247484,1.0738236669931212,ok,247107.0,247107.0,4808.096986510319,901.1336217936444,0.4248631595141849,1.4407571192602577,4.026445388145788,0.8442,2.1301615645135383,15000,3329.0,11671.0,4,2,,,False,,0.3333333333333333
GP_Matern52_PI,Acquisition Ablation,0,18,6,150,2,111,6,201133.0,690960,45974.0,0.18604895854832118,99.99852487358166,1.0,1.0,0.7567567567567568,54848.10810810811,136648.0,0.7906726338797357,0.08219154099788284,0.025963584001146955,1.181978791992151,ok,247107.0,247107.0,4362.795327723632,792.4977798885906,0.4277158798613416,1.4464646610398362,3.076689948356604,0.8832,2.773017164538118,15000,3262.0,11738.0,3,3,,,False,,0.5
GP_Matern52_PI,Acquisition Ablation,0,19,6,150,2,117,6,201133.0,690960,45974.0,0.18604895854832118,99.99852487358166,1.0,1.0,0.7692307692307693,56697.10256410256,116005.0,0.30886632020361066,0.11002362499857554,0.025709249999636086,1.3177116669903626,ok,247107.0,247107.0,4340.036958145009,768.3302532738975,0.42823165857900697,1.3391049390122298,3.035452744755457,0.884,2.658502469319939,15000,3356.0,11644.0,6,0,,,False,,0.0
GP_Matern52_PI,Acquisition Ablation,0,20,6,150,2,123,6,201133.0,690960,45974.0,0.18604895854832118,99.99852487358166,1.0,1.0,0.7723577235772358,57444.10569105691,181653.0,0.600542736591473,0.06415195899899118,0.0262377920007566,1.4081014179901103,ok,247107.0,247107.0,4338.155171071842,759.1655173983451,0.42836011157969894,1.3333051285876854,3.07136622363967,0.8884,2.6975840469867123,15000,3345.0,11655.0,5,1,,,False,,0.16666666666666666
GP_Matern52_PI,Acquisition Ablation,0,21,6,150,2,129,6,221213.0,604002,25894.0,0.10478861383934894,99.99978692618402,1.0,1.0,0.7751937984496124,61291.798449612405,221213.0,0.358040451048777,0.12018100000204868,0.029245290999824647,1.5575277089919837,ok,247107.0,247107.0,4256.387695156998,765.1953066904466,0.4281054121851837,1.3551258784799722,3.3098491437058213,0.8734,2.541930587399108,15000,3305.0,11695.0,6,0,,,False,,0.0
GP_Matern52_PI,Acquisition Ablation,0,22,6,150,2,135,6,221213.0,604002,25894.0,0.10478861383934894,99.99978692618402,1.0,1.0,0.7851851851851852,61433.311111111114,201550.0,0.4696119540036951,0.20969295800023247,0.02576916600082768,1.7929898329930438,ok,247107.0,247107.0,4956.903750692233,912.7695038997948,0.42234741651681335,1.5913857429672618,2.8819877755214076,0.912,3.536585204043955,15000,3365.0,11635.0,6,0,,,False,,0.0
GP_Matern52_PI,Acquisition Ablation,0,23,6,150,2,141,6,221213.0,604002,25894.0,0.10478861383934894,99.99978692618402,1.0,1.0,0.7872340425531915,59828.75177304965,106826.0,0.5675715384516674,0.23182320799969602,0.02817183300066972,2.0529848739934096,ok,247107.0,247107.0,4847.84806696828,896.3533478814838,0.42245005079753106,1.5781444913425964,2.889817532933643,0.9108,3.5139807995874826,15000,3355.0,11645.0,4,2,,,False,,0.3333333333333333
GP_Matern52_PI,Acquisition Ablation,0,24,6,150,2,147,6,221213.0,604002,25894.0,0.10478861383934894,99.99978692618402,1.0,1.0,0.7619047619047619,58727.537414965984,197094.0,0.8975334366880078,0.2783340829992085,0.03077391600163537,2.3620928729942534,ok,247107.0,247107.0,5070.5319858226385,884.3841593019342,0.4223890611197355,1.5541907756388347,2.9448055337411643,0.9114,3.5866975776978753,15000,3453.0,11547.0,1,5,,,False,,0.8333333333333334
GP_Matern52_PI,Acquisition Ablation,0,25,6,150,2,150,3,221213.0,604002,25894.0,0.10478861383934894,99.99978692618402,1.0,1.0,0.7666666666666667,60117.63333333333,218740.0,0.30737836775410604,0.27440075000049546,0.026708249999501277,2.66320187299425,ok,247107.0,247107.0,5123.462986457349,873.4245599489149,0.4238175047933458,1.4559072319301927,2.8803444624364305,0.9164,3.4630858110713083,15000,3324.0,11676.0,3,0,,,False,,0.0
GP_Matern52_PI,Acquisition Ablation,1,0,6,150,2,3,3,0.0,6047398,247107.0,1.0,93.70319341923158,0.0,0.0,0.0,0.0,0.0,1.0430113993225636,0.0,0.0,0.0,initial,247107.0,247107.0,,,,,,,,0,,,1,2,,,False,,0.6666666666666666
GP_Matern52_PI,Acquisition Ablation,1,1,6,150,2,9,6,0.0,6047398,247107.0,1.0,93.70319341923158,0.0,0.0,0.0,0.0,0.0,0.8205384635583114,6.637499973294325e-05,0.008681749997776933,0.008748124997509876,constant_target_fallback,247107.0,247107.0,7917.9183090633105,1413.8866,0.0,0.7939908874887035,3.8456615956198963,0.935,1.0,15000,3400.0,11600.0,1,5,,,False,,0.8333333333333334
GP_Matern52_PI,Acquisition Ablation,1,2,6,150,2,15,6,1847.0,1485322,245260.0,0.9925255051455443,94.35454368439376,0.0,0.0,0.06666666666666667,123.13333333333334,1847.0,1.0123533279129462,4.483299926505424e-05,0.009055708000232698,0.01784866599700763,constant_target_fallback,247107.0,247107.0,7917.9183090633105,1413.8866,0.0,0.7939908874887035,3.8456615956198963,0.935,1.0,15000,3420.0,11580.0,1,5,,,False,,0.8333333333333334
GP_Matern52_PI,Acquisition Ablation,1,3,6,150,2,21,6,15520.0,1812906,231587.0,0.9371931997070095,97.34278922148073,0.0,0.0,0.14285714285714285,1188.904761904762,15520.0,0.609072132445671,0.013173749997804407,0.01285920900045312,0.043881624995265156,ok,247107.0,247107.0,7903.352999147266,1540.596789654456,0.06768432577705026,1.2600699592472049,208.7763712059363,0.8564,0.6945658212405172,15000,3373.0,11627.0,5,1,,,False,,0.16666666666666666
GP_Matern52_PI,Acquisition Ablation,1,4,6,150,2,27,6,31803.0,1555378,215304.0,0.8712986681882747,98.50045204429576,0.0,0.0,0.2222222222222222,3157.777777777778,31803.0,0.5461364117411739,0.01486549999754061,0.014194750001479406,0.07294187499428517,ok,247107.0,247107.0,7855.827373699556,1408.6169695099215,0.2775172414583347,1.1625256498045489,2.3651420831966314,0.933,2.6983315385793265,15000,3459.0,11541.0,3,3,,,False,,0.5
GP_Matern52_PI,Acquisition Ablation,1,5,6,150,2,33,6,46544.0,1125471,200563.0,0.8116443483996811,99.17876434232636,1.0,0.0,0.36363636363636365,8056.727272727273,46544.0,0.4060608231714636,0.014233458001399413,0.014973832996474812,0.1021491659921594,ok,247107.0,247107.0,7911.457892276161,1417.8367216358497,0.21359519300467766,1.5079599304383322,2.455704065607248,0.9592,3.454371018785586,15000,3310.0,11690.0,6,0,,,False,,0.0
GP_Matern52_PI,Acquisition Ablation,1,6,6,150,2,39,6,71639.0,868082,175468.0,0.7100891516630448,99.71321903398233,1.0,0.0,0.46153846153846156,14436.74358974359,71639.0,0.560360236158214,0.037133915997401346,0.01592483299828018,0.15520791498784092,ok,247107.0,247107.0,17556.869526776336,2317.4566939065885,0.34100412750174025,1.4426797730631813,2.600174303482802,0.9634,3.526624206509483,15000,3332.0,11668.0,6,0,,,False,,0.0
GP_Matern52_PI,Acquisition Ablation,1,7,6,150,2,45,6,90050.0,949678,157057.0,0.6355829660835185,99.84171893531276,1.0,0.0,0.5333333333333333,16886.333333333332,90050.0,0.4318722707363977,0.0329429169978539,0.01708804200097802,0.20523887398667284,ok,247107.0,247107.0,7726.629084815233,1404.6452569206956,0.331944075918903,1.4358142319059992,2.480419130208037,0.9598,3.485108577336761,15000,3429.0,11571.0,6,0,,,False,,0.0
GP_Matern52_PI,Acquisition Ablation,1,8,6,150,2,51,6,108975.0,1037155,138132.0,0.5589967099272785,99.94006069653503,1.0,1.0,0.5686274509803921,19552.274509803923,108975.0,0.4718788516307273,0.03810658400107059,0.01869970799816656,0.26204516598591,ok,247107.0,247107.0,7462.769125215852,1358.636447165369,0.3573202336213441,1.5500005360494349,2.5573879210763737,0.958,3.513418740298308,15000,3249.0,11751.0,5,1,,,False,,0.16666666666666666
GP_Matern52_PI,Acquisition Ablation,1,9,6,150,2,57,6,108975.0,1037155,138132.0,0.5589967099272785,99.94006069653503,1.0,1.0,0.6140350877192983,22561.64912280702,87582.0,0.29159635204014384,0.059222500000032596,0.019373749997612322,0.3406414159835549,ok,247107.0,247107.0,6479.136289232738,1158.9946847255285,0.3054988982648696,2.205928288042866,2.763368921429325,0.9776,4.25454887752989,15000,3228.0,11772.0,6,0,,,False,,0.0
GP_Matern52_PI,Acquisition Ablation,1,10,6,150,2,63,6,108975.0,1037155,138132.0,0.5589967099272785,99.94006069653503,1.0,1.0,0.6190476190476191,25947.507936507936,103157.0,0.3648414278679451,0.03444087500247406,0.01841370800320874,0.3934959989892377,ok,247107.0,247107.0,8539.166553381347,1539.549186037277,0.3643692019496736,1.8134789067724593,2.7739814323265337,0.9576,3.946240331029068,15000,3420.0,11580.0,5,1,,,False,,0.16666666666666666
GP_Matern52_PI,Acquisition Ablation,1,11,6,150,2,69,6,108975.0,1037155,138132.0,0.5589967099272785,99.94006069653503,1.0,1.0,0.6521739130434783,27419.63768115942,108242.0,0.389249182627113,0.09178687499661464,0.020933250001689885,0.5062161239875422,ok,247107.0,247107.0,6087.5170890853815,1107.0073516528557,0.32353048360165804,2.0425787086126705,2.730689342863373,0.9764,4.409150311039289,15000,3305.0,11695.0,6,0,,,False,,0.0
GP_Matern52_PI,Acquisition Ablation,1,12,6,150,2,75,6,123092.0,1123354,124015.0,0.5018676120061349,99.97361162740536,1.0,1.0,0.68,31071.48,123092.0,0.7195572623093671,0.105432500000461,0.019986041999800364,0.6316346659878036,ok,247107.0,247107.0,6694.396230697267,1200.1117335915112,0.3177691303102373,1.8976779839257383,2.7314586216245096,0.9682,4.36998442836453,15000,3348.0,11652.0,6,0,,,False,,0.0
GP_Matern52_PI,Acquisition Ablation,1,13,6,150,2,81,6,123092.0,1123354,124015.0,0.5018676120061349,99.97361162740536,1.0,1.0,0.7037037037037037,34731.87654320987,112438.0,0.46505262184252943,0.10906341699956101,0.019969291999586858,0.7606673749869515,ok,247107.0,247107.0,6038.278374262767,1105.0677703475246,0.3176872456122122,2.091315906662377,2.761712346402867,0.9748,4.46789288350287,15000,3344.0,11656.0,6,0,,,False,,0.0
GP_Matern52_PI,Acquisition Ablation,1,14,6,150,2,87,6,123092.0,1123354,124015.0,0.5018676120061349,99.97361162740536,1.0,1.0,0.7241379310344828,36300.02298850575,117519.0,0.5815573399942853,0.10143904100186774,0.01992491599958157,0.8820313319884008,ok,247107.0,247107.0,6222.881912876318,1135.74197807192,0.3199890823196863,2.0179061541381444,2.785413887729696,0.9704,4.518365554403859,15000,3373.0,11627.0,6,0,,,False,,0.0
GP_Matern52_PI,Acquisition Ablation,1,15,6,150,2,93,6,130417.0,1122347,116690.0,0.47222458287300645,99.98098725949703,1.0,1.0,0.6989247311827957,35995.903225806454,130417.0,0.9485581386719097,0.11486991600031615,0.022692083002766594,1.0195933309914835,ok,247107.0,247107.0,6028.844607732911,1096.1964005956152,0.32299923318440144,1.9974809945459648,2.793114103135782,0.9688,4.512379507140727,15000,3321.0,11679.0,2,4,,,False,,0.6666666666666666
GP_Matern52_PI,Acquisition Ablation,1,16,6,150,2,99,6,130417.0,1122347,116690.0,0.47222458287300645,99.98098725949703,1.0,1.0,0.6565656565656566,33814.333333333336,0.0,0.6728207001439267,0.10062475000086124,0.022640999999566702,1.1428590809919115,ok,247107.0,247107.0,6040.817365114958,1083.8007138451633,0.33299734253572827,1.8644800076856984,2.7545697509160707,0.9678,4.326378275530659,15000,3383.0,11617.0,1,5,,,False,,0.8333333333333334
GP_Matern52_PI,Acquisition Ablation,1,17,6,150,2,105,6,130417.0,1122347,116690.0,0.47222458287300645,99.98098725949703,1.0,1.0,0.6761904761904762,37787.8380952381,117758.0,0.4226740419422661,0.1908405419999326,0.02426512500096578,1.3579647479928099,ok,247107.0,247107.0,6036.901058137144,1059.4975684628873,0.34467734286880525,1.6812101364955305,2.682977031973787,0.9672,4.043137892310283,15000,3367.0,11633.0,6,0,,,False,,0.0
GP_Matern52_PI,Acquisition Ablation,1,18,6,150,2,111,6,136383.0,1043959,110724.0,0.4480811955954303,99.98560932227447,1.0,1.0,0.6936936936936937,39052.05405405405,136383.0,0.41870153183806896,0.10071212500042748,0.023770957999659004,1.4824478309928963,ok,247107.0,247107.0,5894.7691720366165,1037.5740786001963,0.3497735517769084,1.6776443930644873,2.7171720740302705,0.965,4.100678413830142,15000,3440.0,11560.0,6,0,,,False,,0.0
GP_Matern52_PI,Acquisition Ablation,1,19,6,150,2,117,6,136383.0,1043959,110724.0,0.4480811955954303,99.98560932227447,1.0,1.0,0.7008547008547008,39990.8547008547,99183.0,0.8872780217267412,0.139375167000253,0.024514083997928537,1.6463370819910779,ok,247107.0,247107.0,5853.117134743518,1026.2115235500057,0.35532246571626525,1.6586777676547266,2.710189234771416,0.965,4.081143152975732,15000,3425.0,11575.0,6,0,,,False,,0.0
GP_Matern52_PI,Acquisition Ablation,1,20,6,150,2,123,6,136383.0,1043959,110724.0,0.4480811955954303,99.98560932227447,1.0,1.0,0.6991869918699187,40304.78861788618,104462.0,0.8473535276579507,0.12931095900057699,0.02527537499918253,1.8009234159908374,ok,247107.0,247107.0,5720.125685231619,997.286245350758,0.3556335734936529,1.6919030429600972,2.7530162712779944,0.9584,4.1004247696726015,15000,3353.0,11647.0,4,2,,,False,,0.3333333333333333
GP_Matern52_PI,Acquisition Ablation,1,21,6,150,2,129,6,136383.0,1043959,110724.0,0.4480811955954303,99.98560932227447,1.0,1.0,0.6976744186046512,40816.96899224806,105396.0,0.938240430998292,0.10559762499906356,0.02628487499896437,1.9328059159888653,ok,247107.0,247107.0,5732.738200045001,982.894111933837,0.3649917971759585,1.548231703023015,2.737654287839955,0.9552,3.9741929865077066,15000,3395.0,11605.0,4,2,,,False,,0.3333333333333333
GP_Matern52_PI,Acquisition Ablation,1,22,6,150,2,135,6,154377.0,1121588,92730.0,0.3752625380907866,99.99357500493348,1.0,1.0,0.7111111111111111,42905.85925925926,154377.0,0.3850630709081528,0.2322494159998314,0.02783537499999511,2.192890706988692,ok,247107.0,247107.0,5572.192547154577,964.9627243321121,0.3578911885798619,1.5896182836302184,2.73377351215307,0.9578,4.064251158387333,15000,3398.0,11602.0,6,0,,,False,,0.0
GP_Matern52_PI,Acquisition Ablation,1,23,6,150,2,141,6,154377.0,1121588,92730.0,0.3752625380907866,99.99357500493348,1.0,1.0,0.6808510638297872,41080.0780141844,0.0,0.9270776378627609,0.19506262499999139,0.030102332999376813,2.41805566498806,ok,247107.0,247107.0,5556.928771351982,961.8361139644325,0.35893217776582287,1.5838852769385736,2.7363235227222846,0.9582,4.079059486589774,15000,3378.0,11622.0,0,6,,,False,,1.0
GP_Matern52_PI,Acquisition Ablation,1,24,6,150,2,147,6,154377.0,1121588,92730.0,0.3752625380907866,99.99357500493348,1.0,1.0,0.6938775510204082,43624.3537414966,111768.0,0.4177996757205841,0.20900350000010803,0.033101542001531925,2.6601607069897,ok,247107.0,247107.0,5579.432719486202,957.9289621750085,0.36268416980399076,1.4519487579714594,2.679786978649335,0.9572,3.8848946568417553,15000,3337.0,11663.0,6,0,,,False,,0.0
GP_Matern52_PI,Acquisition Ablation,1,25,6,150,2,150,3,163429.0,1043472,83678.0,0.33863063369309654,99.99595159749634,1.0,1.0,0.7,45481.46666666667,163429.0,0.26722046726303966,0.31337033300223993,0.0264702499989653,3.000001289990905,ok,247107.0,247107.0,5592.196458537614,966.277870983104,0.36299063862457337,1.447298492435422,2.715906909949942,0.9546,3.8864578518077515,15000,3303.0,11697.0,3,0,,,False,,0.0
GP_Matern52_PI,Acquisition Ablation,2,0,6,150,2,3,3,0.0,2729609,247107.0,1.0,93.70319341923158,0.0,0.0,0.0,0.0,0.0,0.47049671902245843,0.0,0.0,0.0,initial,247107.0,247107.0,,,,,,,,0,,,0,3,,,False,,1.0
GP_Matern52_PI,Acquisition Ablation,2,1,6,150,2,9,6,17589.0,1471759,229518.0,0.9288203086112494,97.57458075268161,0.0,0.0,0.1111111111111111,1954.3333333333333,17589.0,1.2055309120508098,6.012499943608418e-05,0.009188583000650397,0.00924870800008648,constant_target_fallback,247107.0,247107.0,7992.336081909969,1363.7274,0.0,0.8102606103318564,3.884107341202348,0.9316,1.0,15000,3295.0,11705.0,2,4,,,False,,0.6666666666666666
GP_Matern52_PI,Acquisition Ablation,2,2,6,150,2,15,6,17589.0,1471759,229518.0,0.9288203086112494,97.57458075268161,0.0,0.0,0.26666666666666666,2291.266666666667,12567.0,0.5142898455388836,0.013372541998251108,0.01256170900160214,0.03518295899993973,ok,247107.0,247107.0,9066.237594572494,2726.044811007889,0.01000104752779914,2.4573184036543347,59.8723556773098,0.7156,1.3300905904962312,15000,3400.0,11600.0,4,2,,,False,,0.3333333333333333
GP_Matern52_PI,Acquisition Ablation,2,3,6,150,2,21,6,17589.0,1471759,229518.0,0.9288203086112494,97.57458075268161,0.0,0.0,0.38095238095238093,3253.0476190476193,11184.0,0.5658403155954704,0.016539707998163067,0.0112693750015751,0.0629920419996779,ok,247107.0,247107.0,7948.0120285134535,1375.8864857123356,0.07568891130218915,1.5656242556058306,3.0129684419986362,0.943,3.1835414585115394,15000,3314.0,11686.0,4,2,,,False,,0.3333333333333333
GP_Matern52_PI,Acquisition Ablation,2,4,6,150,2,27,6,43008.0,880590,204099.0,0.8259539389818985,99.02343353047578,1.0,0.0,0.5185185185185185,8956.814814814816,43008.0,0.3141869906941946,0.01199083300161874,0.012193958998977905,0.08717683400027454,ok,247107.0,247107.0,7944.390447918009,1364.9939587184347,0.04321620022568381,1.9423319696825776,2.6306715792259876,0.9792,3.5969893074077133,15000,3292.0,11708.0,6,0,,,False,,0.0
GP_Matern52_PI,Acquisition Ablation,2,5,6,150,2,33,6,43008.0,880590,204099.0,0.8259539389818985,99.02343353047578,1.0,0.0,0.5151515151515151,11007.848484848484,42957.0,0.3925279609697047,0.025470874999882653,0.013071041001239792,0.12571875000139698,ok,247107.0,247107.0,7899.465494713446,1358.8747577894053,0.13995989325346858,1.917524585341256,2.6746467827264038,0.9814,4.197938278325168,15000,3367.0,11633.0,6,0,,,False,,0.0
GP_Matern52_PI,Acquisition Ablation,2,6,6,150,2,39,6,64592.0,1135636,182515.0,0.738607162079585,99.63942993247855,1.0,0.0,0.5897435897435898,15184.0,64592.0,0.35874829587901413,0.021193999997194624,0.015763584000524133,0.16267633399911574,ok,247107.0,247107.0,7246.39034312849,1249.8884632893835,0.18162877919166243,2.1695758025494385,3.0616649355095715,0.9718,3.9988671966922236,15000,3407.0,11593.0,6,0,,,False,,0.0
GP_Matern52_PI,Acquisition Ablation,2,7,6,150,2,45,6,67764.0,1309070,179343.0,0.7257706175867135,99.67725872996205,1.0,0.0,0.6444444444444445,19240.066666666666,67764.0,0.3873705229074112,0.05121874999895226,0.0170983329990122,0.2309934169970802,ok,247107.0,247107.0,7457.831838304822,1262.0602936255648,0.2095748833006495,2.0006920981277094,2.899190750789167,0.9648,4.5371503858076485,15000,3251.0,11749.0,6,0,,,False,,0.0
GP_Matern52_PI,Acquisition Ablation,2,8,6,150,2,51,6,112217.0,1139962,134890.0,0.5458768873403019,99.95155029230449,1.0,1.0,0.6862745098039216,24601.725490196077,112217.0,0.37373571091817326,0.026428291999764042,0.018843666999600828,0.2762653759964451,ok,247107.0,247107.0,7040.869384588463,1235.4479231102334,0.18090864857707603,2.0450851115499877,2.974638780130589,0.9544,4.5936708822780306,15000,3319.0,11681.0,6,0,,,False,,0.0
GP_Matern52_PI,Acquisition Ablation,2,9,6,150,2,57,6,117020.0,967625,130087.0,0.5264399632547844,99.96415442803448,1.0,1.0,0.6842105263157895,29768.263157894737,117020.0,0.8326732582801106,0.03411604199936846,0.018652665999979945,0.3290340839957935,ok,247107.0,247107.0,6923.870412956757,1255.643526431931,0.15755734854563483,2.2677983394653225,2.9685041947516333,0.965,4.791653557065387,15000,3409.0,11591.0,4,2,,,False,,0.3333333333333333
GP_Matern52_PI,Acquisition Ablation,2,10,6,150,2,63,6,117020.0,967625,130087.0,0.5264399632547844,99.96415442803448,1.0,1.0,0.6190476190476191,26933.190476190477,0.0,0.9264470315909907,0.03520195899909595,0.02095641599953524,0.38519245899442467,ok,247107.0,247107.0,6729.376133379333,1193.9588343050102,0.17376989775688528,2.174766871933867,2.950796975281294,0.9644,4.72653554564298,15000,3277.0,11723.0,0,6,,,False,,1.0
GP_Matern52_PI,Acquisition Ablation,2,11,6,150,2,69,6,117020.0,967625,130087.0,0.5264399632547844,99.96415442803448,1.0,1.0,0.5942028985507246,26176.028985507248,107704.0,0.5195105111935802,0.03293304199905833,0.02295787500042934,0.44108337599391234,ok,247107.0,247107.0,6581.532733170196,1130.7131675627581,0.19988844326899788,2.007745695491077,2.9725660029669,0.9576,4.334499229760727,15000,3353.0,11647.0,2,4,,,False,,0.6666666666666666
GP_Matern52_PI,Acquisition Ablation,2,12,6,150,2,75,6,117818.0,1223118,129289.0,0.5232105929819876,99.96577706709465,1.0,1.0,0.6266666666666667,29741.213333333333,117818.0,0.6162259515121205,0.07178283400207874,0.018394916001852835,0.5312611259978439,ok,247107.0,247107.0,7816.999011364559,1197.2574659161903,0.3325337813703673,1.865473259273419,2.812288063968105,0.9682,5.2185238288361795,15000,3346.0,11654.0,6,0,,,False,,0.0
GP_Matern52_PI,Acquisition Ablation,2,13,6,150,2,81,6,158309.0,879433,88798.0,0.3593504028619181,99.994689544894,1.0,1.0,0.654320987654321,33675.25925925926,158309.0,0.3288485028598018,0.05324412499976461,0.018812041998899076,0.6033172929965076,ok,247107.0,247107.0,6152.787245148939,1077.2798327163632,0.28758516931640554,1.8784667639110488,2.7859637376581188,0.974,5.123359042308661,15000,3390.0,11610.0,6,0,,,False,,0.0
GP_Matern52_PI,Acquisition Ablation,2,14,6,150,2,87,6,158309.0,879433,88798.0,0.3593504028619181,99.994689544894,1.0,1.0,0.6781609195402298,35498.64367816092,112629.0,0.6801240614857825,0.08615149999968708,0.02017445900128223,0.7096432519974769,ok,247107.0,247107.0,6284.82055282756,1093.0453763580222,0.29506637281612114,1.8665742361402826,2.796233256413725,0.9684,5.140586351015315,15000,3348.0,11652.0,6,0,,,False,,0.0
GP_Matern52_PI,Acquisition Ablation,2,15,6,150,2,93,6,158309.0,879433,88798.0,0.3593504028619181,99.994689544894,1.0,1.0,0.6559139784946236,33627.16129032258,22205.0,0.8680455133206019,0.10088945800089277,0.021799291000206722,0.8323320009985764,ok,247107.0,247107.0,6270.168278401105,1087.3949289758089,0.29500398104109604,1.888588858738824,2.8197671171889818,0.9624,5.145225518945334,15000,3395.0,11605.0,2,4,,,False,,0.6666666666666666
GP_Matern52_PI,Acquisition Ablation,2,16,6,150,2,99,6,158309.0,879433,88798.0,0.3593504028619181,99.994689544894,1.0,1.0,0.6464646464646465,34950.89898989899,141345.0,0.8916139002372051,0.11035487499975716,0.022447125000326196,0.9651340009986598,ok,247107.0,247107.0,6263.426990233343,1083.8240856229704,0.31314017578723596,1.7674646304360437,2.7557628748437457,0.963,4.798561265384399,15000,3399.0,11601.0,4,2,,,False,,0.3333333333333333
GP_Matern52_PI,Acquisition Ablation,2,17,6,150,2,105,6,158309.0,879433,88798.0,0.3593504028619181,99.994689544894,1.0,1.0,0.6666666666666666,37214.12380952381,110475.0,0.5190008167906847,0.07524574999843026,0.023484708999603754,1.0638644599966938,ok,247107.0,247107.0,6052.561875228118,1055.1321800134263,0.3339191242444957,1.6857933592691796,2.7530287369128805,0.963,4.914190866070752,15000,3344.0,11656.0,6,0,,,False,,0.0
GP_Matern52_PI,Acquisition Ablation,2,18,6,150,2,111,6,158309.0,879433,88798.0,0.3593504028619181,99.994689544894,1.0,1.0,0.6756756756756757,35977.45045045045,33452.0,0.5291015441127535,0.1351360000007844,0.024606124999991152,1.2236065849974693,ok,247107.0,247107.0,5913.248948288386,1033.368737237357,0.34064731730665226,1.653017764105367,2.721362926753102,0.9644,4.79812079021388,15000,3399.0,11601.0,5,1,,,False,,0.16666666666666666
GP_Matern52_PI,Acquisition Ablation,2,19,6,150,2,117,6,158309.0,879433,88798.0,0.3593504028619181,99.994689544894,1.0,1.0,0.6923076923076923,34800.017094017094,22183.0,0.2257212966585551,0.11573170799965737,0.0255527909976081,1.3648910839947348,ok,247107.0,247107.0,9444.81955579955,1225.8243166106881,0.3415253361626908,1.675757332716342,2.720561513357731,0.9756,5.032997034641831,15000,3311.0,11689.0,6,0,,,False,,0.0
GP_Matern52_PI,Acquisition Ablation,2,20,6,150,2,123,6,158309.0,879433,88798.0,0.3593504028619181,99.994689544894,1.0,1.0,0.7073170731707317,35837.50406504065,126192.0,0.34618467259540525,0.09931229100038763,0.026198040999588557,1.490401415994711,ok,247107.0,247107.0,5858.645820721063,1003.3904577366136,0.342525050521939,1.664310681299142,2.70608611826402,0.9748,4.976724953327118,15000,3304.0,11696.0,6,0,,,False,,0.0
GP_Matern52_PI,Acquisition Ablation,2,21,6,150,2,129,6,158309.0,879433,88798.0,0.3593504028619181,99.994689544894,1.0,1.0,0.6976744186046512,36812.0,142464.0,1.0189294002483782,0.11896008400071878,0.02665841600173735,1.6360199159971671,ok,247107.0,247107.0,5938.982425016149,1013.2307913967217,0.3370245681133923,1.6651378384872875,2.7182774847166984,0.9724,4.997774916293869,15000,3337.0,11663.0,3,3,,,False,,0.5
GP_Matern52_PI,Acquisition Ablation,2,22,6,150,2,135,6,158309.0,879433,88798.0,0.3593504028619181,99.994689544894,1.0,1.0,0.7037037037037037,37216.770370370374,78615.0,0.581132724419306,0.15301633299895911,0.02745083300033002,1.8164870819964563,ok,247107.0,247107.0,5887.141864765333,1007.1213114805479,0.3468398943921648,1.598454680359898,2.6888053530320883,0.9692,4.8240347660571965,15000,3374.0,11626.0,5,1,,,False,,0.16666666666666666
GP_Matern52_PI,Acquisition Ablation,2,23,6,150,2,141,6,158309.0,879433,88798.0,0.3593504028619181,99.994689544894,1.0,1.0,0.7163120567375887,38723.46808510638,154791.0,0.42477070350587776,0.20207058400046662,0.029475041999830864,2.0480327079967537,ok,247107.0,247107.0,6089.399334328365,1036.9601225984156,0.3487997168696608,1.5759916171876103,2.689498318445947,0.9688,4.787027244368578,15000,3325.0,11675.0,6,0,,,False,,0.0
GP_Matern52_PI,Acquisition Ablation,2,24,6,150,2,147,6,158309.0,879433,88798.0,0.3593504028619181,99.994689544894,1.0,1.0,0.7210884353741497,40397.319727891154,138679.0,0.8386259441363596,0.16856825000286335,0.03201229199839872,2.248613249998016,ok,247107.0,247107.0,6073.413175329289,1033.8076926479007,0.34699133680751243,1.5944225485111583,2.7029029943479763,0.9672,4.829441345184096,15000,3452.0,11548.0,5,1,,,False,,0.16666666666666666
GP_Matern52_PI,Acquisition Ablation,2,25,6,150,2,150,3,158309.0,879433,88798.0,0.3593504028619181,99.994689544894,1.0,1.0,0.7266666666666667,40851.386666666665,103326.0,0.42172493113882664,0.17374700000073062,0.027445457999419887,2.4498057079981663,ok,247107.0,247107.0,5990.48234041277,1027.135317566822,0.3499579001793685,1.58458594798258,2.699715393067822,0.9666,4.7993951180231,15000,3334.0,11666.0,3,0,,,False,,0.0
GP_Matern52_PI,Acquisition Ablation,3,0,6,150,2,3,3,0.0,409668,247107.0,1.0,93.70319341923158,0.0,0.0,0.0,0.0,0.0,1.0055793833043412,0.0,0.0,0.0,initial,247107.0,247107.0,,,,,,,,0,,,0,3,,,False,,1.0
GP_Matern52_PI,Acquisition Ablation,3,1,6,150,2,9,6,33849.0,1653487,213258.0,0.8630188541805777,98.58587825421084,0.0,0.0,0.3333333333333333,5217.111111111111,33849.0,0.806234223397502,6.0375001339707524e-05,0.010056957999040606,0.010117333000380313,constant_target_fallback,247107.0,247107.0,7909.099054228617,1427.68,0.0,0.8171530915714472,3.9560373352279044,0.932,1.0,15000,3394.0,11606.0,3,3,,,False,,0.5
GP_Matern52_PI,Acquisition Ablation,3,2,6,150,2,15,6,56166.0,968321,190941.0,0.7727057509499933,99.48962264954996,1.0,0.0,0.4666666666666667,8982.866666666667,56166.0,0.29376300423123447,0.00932579199798056,0.010500167001737282,0.029943292000098154,ok,247107.0,247107.0,8347.155717458041,1852.7274980280772,0.1434686900430772,1.8053879254637895,17.931384990657545,0.9244,2.864916279447834,15000,3325.0,11675.0,4,2,,,False,,0.3333333333333333
GP_Matern52_PI,Acquisition Ablation,3,3,6,150,2,21,6,100700.0,1131147,146407.0,0.5924842274804032,99.90213355729031,1.0,1.0,0.5714285714285714,16383.52380952381,100700.0,0.4754436016119322,0.013471624999510823,0.01362837499982561,0.05704329199943459,ok,247107.0,247107.0,10722.057851220086,2907.3461805849797,0.40034460236009695,2.3611156753314426,8.629809279898923,0.6492,1.5086103915950542,15000,3330.0,11670.0,4,2,,,False,,0.3333333333333333
GP_Matern52_PI,Acquisition Ablation,3,4,6,150,2,27,6,100700.0,1131147,146407.0,0.5924842274804032,99.90213355729031,1.0,1.0,0.6666666666666666,21942.185185185186,52278.0,0.21516346975698383,0.01182354200136615,0.013598333000118146,0.08246516700091888,ok,247107.0,247107.0,7778.150929196439,1723.0091704992444,0.21352425049413218,2.636217532269354,3.0020094692512345,0.9608,4.429418080954462,15000,3316.0,11684.0,6,0,,,False,,0.0
GP_Matern52_PI,Acquisition Ablation,3,5,6,150,2,33,6,103672.0,952491,143435.0,0.5804570489706888,99.9166881379512,1.0,1.0,0.7272727272727273,26942.666666666668,103672.0,0.6980387348722715,0.018407374998787418,0.015654999999242136,0.11652754199894844,ok,247107.0,247107.0,7054.037543626285,2057.725547532968,0.17920040799391382,2.9581630275639395,3.2895630588624605,0.925,4.25040207791179,15000,3268.0,11732.0,6,0,,,False,,0.0
GP_Matern52_PI,Acquisition Ablation,3,6,6,150,2,39,6,109179.0,694973,137928.0,0.5581711566244583,99.94109328502786,1.0,1.0,0.717948717948718,31644.923076923078,109179.0,0.4810308732283468,0.030810667001787806,0.015316000000893837,0.16265420900163008,ok,247107.0,247107.0,8856.84617284002,2239.9929508578193,0.27612982571270067,2.375899154853024,3.420485699453333,0.8972,3.8091101516436887,15000,3347.0,11653.0,4,2,,,False,,0.3333333333333333
GP_Matern52_PI,Acquisition Ablation,3,7,6,150,2,45,6,109179.0,694973,137928.0,0.5581711566244583,99.94109328502786,1.0,1.0,0.7555555555555555,31066.17777777778,49305.0,0.33293186539428105,0.030671125001390465,0.01645579199976055,0.2097811260027811,ok,247107.0,247107.0,55787.46402616129,5626.487144090242,0.3817569808109697,1.9924377849397166,3.0188188138673104,0.9224,4.163903510276417,15000,3347.0,11653.0,6,0,,,False,,0.0
GP_Matern52_PI,Acquisition Ablation,3,8,6,150,2,51,6,109179.0,694973,137928.0,0.5581711566244583,99.94109328502786,1.0,1.0,0.7647058823529411,34713.76470588235,89581.0,0.39062175201422283,0.03099883400136605,0.018258707998029422,0.25903866800217656,ok,247107.0,247107.0,7390.883025930034,1541.605132765538,0.37071597901552716,2.0167159453172303,2.969984829632286,0.9234,4.009904537514258,15000,3375.0,11625.0,6,0,,,False,,0.0
GP_Matern52_PI,Acquisition Ablation,3,9,6,150,2,57,6,215200.0,690434,31907.0,0.12912220212296696,99.99926243679084,1.0,1.0,0.7894736842105263,44417.52631578947,215200.0,0.30020096475118463,0.04520145800051978,0.019056832999922335,0.3232969590026187,ok,247107.0,247107.0,5936.741039860607,1437.2800282671717,0.361217165683156,2.6797892829854644,3.019026173226985,0.9486,4.645445089321799,15000,3398.0,11602.0,6,0,,,False,,0.0
GP_Matern52_PI,Acquisition Ablation,3,10,6,150,2,63,6,215200.0,690434,31907.0,0.12912220212296696,99.99926243679084,1.0,1.0,0.8095238095238095,42959.079365079364,94764.0,0.5114295166068957,0.04387837499962188,0.018805167001119116,0.3859805010033597,ok,247107.0,247107.0,5014.322578916812,1293.0062851864282,0.3724978306340379,2.57757321698492,3.002190302187685,0.9494,4.7382129696082655,15000,3366.0,11634.0,6,0,,,False,,0.0
GP_Matern52_PI,Acquisition Ablation,3,11,6,150,2,69,6,215200.0,690434,31907.0,0.12912220212296696,99.99926243679084,1.0,1.0,0.8115942028985508,42048.115942028984,109831.0,0.6588713338581402,0.05448650000107591,0.021144667000044137,0.4616116680044797,ok,247107.0,247107.0,4894.577087103711,1316.2907323223728,0.37063696371349397,2.6368419994557373,3.0522518361520086,0.9368,4.599869448953379,15000,3321.0,11679.0,5,1,,,False,,0.16666666666666666
GP_Matern52_PI,Acquisition Ablation,3,12,6,150,2,75,6,215200.0,690434,31907.0,0.12912220212296696,99.99926243679084,1.0,1.0,0.7733333333333333,41295.693333333336,116000.0,0.7597150718717726,0.11309054199955426,0.01986645800207043,0.5945686680061044,ok,247107.0,247107.0,4992.073124480702,1219.2972449836977,0.34939175704683234,2.3073725927399305,2.9844591033053978,0.94,4.7205767763621935,15000,3307.0,11693.0,2,4,,,False,,0.6666666666666666
GP_Matern52_PI,Acquisition Ablation,3,13,6,150,2,81,6,215200.0,690434,31907.0,0.12912220212296696,99.99926243679084,1.0,1.0,0.7901234567901234,42793.50617283951,130383.0,0.48576305203353737,0.06731837499683024,0.019296165999548975,0.6811832090024836,ok,247107.0,247107.0,4703.252926304901,1151.619527465331,0.3466681660998509,2.247872921781173,2.9539465773888267,0.9404,4.568454294396574,15000,3333.0,11667.0,6,0,,,False,,0.0
GP_Matern52_PI,Acquisition Ablation,3,14,6,150,2,87,6,215200.0,690434,31907.0,0.12912220212296696,99.99926243679084,1.0,1.0,0.7816091954022989,39924.057471264365,2026.0,0.3375006223395861,0.0689914590002445,0.022697417000017595,0.7728720850027457,ok,247107.0,247107.0,4703.328423649004,1128.1118389849287,0.3525907931422546,2.067245912739637,2.927788743098961,0.9448,4.679916167846847,15000,3387.0,11613.0,4,2,,,False,,0.3333333333333333
GP_Matern52_PI,Acquisition Ablation,3,15,6,150,2,93,6,215200.0,690434,31907.0,0.12912220212296696,99.99926243679084,1.0,1.0,0.7741935483870968,39725.18279569892,83846.0,0.6830741088569052,0.0768582909986435,0.02112745799968252,0.8708578340010718,ok,247107.0,247107.0,4799.932470351397,1021.9383757507159,0.3724745861161551,1.8189039958566928,2.8701589380687675,0.9548,4.847409547769502,15000,3296.0,11704.0,4,2,,,False,,0.3333333333333333
GP_Matern52_PI,Acquisition Ablation,3,16,6,150,2,99,6,215200.0,690434,31907.0,0.12912220212296696,99.99926243679084,1.0,1.0,0.7575757575757576,38393.707070707074,46996.0,0.819219940608621,0.09836499999801163,0.022593749999941792,0.9918165839990252,ok,247107.0,247107.0,4743.462264470098,931.6056478518948,0.38706313041763474,1.7362496873385702,2.844106068805412,0.9536,4.879971926925546,15000,3305.0,11695.0,3,3,,,False,,0.5
GP_Matern52_PI,Acquisition Ablation,3,17,6,150,2,105,6,215200.0,690434,31907.0,0.12912220212296696,99.99926243679084,1.0,1.0,0.7714285714285715,41231.1619047619,106619.0,0.5440694285066201,0.14746745800221106,0.02431141600027331,1.1635954580015095,ok,247107.0,247107.0,4384.413640906332,883.2645009943293,0.3861199922164133,1.6670287597503877,2.804602006590498,0.9516,4.644367107491226,15000,3335.0,11665.0,6,0,,,False,,0.0
GP_Matern52_PI,Acquisition Ablation,3,18,6,150,2,111,6,215200.0,690434,31907.0,0.12912220212296696,99.99926243679084,1.0,1.0,0.7657657657657657,41612.81981981982,120392.0,1.0522737242106626,0.09198758300044574,0.02435950000290177,1.279942541004857,ok,247107.0,247107.0,4176.128887091327,855.6967285423628,0.3870313764021603,1.6600470201844786,2.836640250265026,0.948,4.6399830570716585,15000,3277.0,11723.0,4,2,,,False,,0.3333333333333333
GP_Matern52_PI,Acquisition Ablation,3,19,6,150,2,117,6,215200.0,690434,31907.0,0.12912220212296696,99.99926243679084,1.0,1.0,0.7350427350427351,39526.794871794875,5612.0,0.8386581327058964,0.10292616700098733,0.02551087499887217,1.4083795830047166,ok,247107.0,247107.0,3735.6672123205876,787.9497889331327,0.4017336363652564,1.660680626687605,2.8098364375927782,0.9544,4.622887414256334,15000,3321.0,11679.0,1,5,,,False,,0.8333333333333334
GP_Matern52_PI,Acquisition Ablation,3,20,6,150,2,123,6,215200.0,690434,31907.0,0.12912220212296696,99.99926243679084,1.0,1.0,0.7317073170731707,39101.58536585366,91739.0,1.1210454539304275,0.13395158400089713,0.02576016699822503,1.5680913340038387,ok,247107.0,247107.0,3785.651346722072,773.5780371794942,0.4069196714408952,1.5537642896636037,2.760964327730182,0.9528,4.3691277636478585,15000,3425.0,11575.0,4,2,,,False,,0.3333333333333333
GP_Matern52_PI,Acquisition Ablation,3,21,6,150,2,129,6,215200.0,690434,31907.0,0.12912220212296696,99.99926243679084,1.0,1.0,0.7131782945736435,39207.41860465116,139921.0,1.0226685834318343,0.1356274999998277,0.026243291998980567,1.729962126002647,ok,247107.0,247107.0,3883.1215259147616,800.1832572638541,0.40295790927236497,1.4895854568746947,2.755055881797456,0.9436,4.049873354350677,15000,3385.0,11615.0,2,4,,,False,,0.6666666666666666
GP_Matern52_PI,Acquisition Ablation,3,22,6,150,2,135,6,221080.0,604276,26027.0,0.10532684221814842,99.99977053589049,1.0,1.0,0.7185185185185186,41840.503703703704,221080.0,0.5859002633763445,0.2952477090002503,0.030265125002188142,2.0554749600050854,ok,247107.0,247107.0,3650.308147916304,752.7380255169634,0.40839886740349296,1.4638884017525193,2.73176155721537,0.9472,4.029791296966935,15000,3360.0,11640.0,5,1,,,False,,0.16666666666666666
GP_Matern52_PI,Acquisition Ablation,3,23,6,150,2,141,6,221080.0,604276,26027.0,0.10532684221814842,99.99977053589049,1.0,1.0,0.7304964539007093,41995.97163120568,107732.0,0.35211617104544923,0.25971404099982465,0.030608000000938773,2.345797001005849,ok,247107.0,247107.0,4872.915304312168,984.7034012761768,0.380177525555079,1.5113984714005078,2.7378937880153664,0.9438,3.9985569252300213,15000,3282.0,11718.0,6,0,,,False,,0.0
GP_Matern52_PI,Acquisition Ablation,3,24,6,150,2,147,6,221080.0,604276,26027.0,0.10532684221814842,99.99977053589049,1.0,1.0,0.7414965986394558,42768.04081632653,218753.0,0.47055817777375414,0.30658425000001444,0.03171262500109151,2.684093876006955,ok,247107.0,247107.0,4707.551098406074,937.7798204826813,0.38663331340096374,1.50417293513074,2.7240205621845766,0.9472,4.035164309622471,15000,3359.0,11641.0,6,0,,,False,,0.0
GP_Matern52_PI,Acquisition Ablation,3,25,6,150,2,150,3,221080.0,604276,26027.0,0.10532684221814842,99.99977053589049,1.0,1.0,0.74,43028.86666666667,97581.0,1.0932781892193757,0.3114094579977973,0.02708633400106919,3.0225896680058213,ok,247107.0,247107.0,4478.475558509985,894.6122964755492,0.3936814158451103,1.4664703361408729,2.689805481476069,0.9528,4.06107167230234,15000,3259.0,11741.0,2,1,,,False,,0.3333333333333333
GP_Matern52_PI,Acquisition Ablation,4,0,6,150,2,3,3,0.0,3806703,247107.0,1.0,93.70319341923158,0.0,0.0,0.0,0.0,0.0,0.8989998979021484,0.0,0.0,0.0,initial,247107.0,247107.0,,,,,,,,0,,,1,2,,,False,,0.6666666666666666
GP_Matern52_PI,Acquisition Ablation,4,1,6,150,2,9,6,0.0,3806703,247107.0,1.0,93.70319341923158,0.0,0.0,0.0,0.0,0.0,0.9024484222891002,6.183399818837643e-05,0.010007083001255523,0.0100689169994439,constant_target_fallback,247107.0,247107.0,8775.797842190761,1529.645,0.0,0.8104050858432441,3.93666540770458,0.9332,1.0,15000,3299.0,11701.0,1,5,,,False,,0.8333333333333334
GP_Matern52_PI,Acquisition Ablation,4,2,6,150,2,15,6,0.0,3806703,247107.0,1.0,93.70319341923158,0.0,0.0,0.0,0.0,0.0,0.94496356097181,5.5084001360228285e-05,0.009884249997412553,0.02000825099821668,constant_target_fallback,247107.0,247107.0,8775.797842190761,1529.645,0.0,0.8104050858432441,3.93666540770458,0.9332,1.0,15000,3350.0,11650.0,1,5,,,False,,0.8333333333333334
GP_Matern52_PI,Acquisition Ablation,4,3,6,150,2,21,6,0.0,3806703,247107.0,1.0,93.70319341923158,0.0,0.0,0.0,0.0,0.0,0.8835023002997018,4.6624998503830284e-05,0.009730916000989964,0.029785791997710476,constant_target_fallback,247107.0,247107.0,8775.797842190761,1529.645,0.0,0.8104050858432441,3.93666540770458,0.9332,1.0,15000,3301.0,11699.0,0,6,,,False,,1.0
GP_Matern52_PI,Acquisition Ablation,4,4,6,150,2,27,6,36581.0,1209975,210526.0,0.8519629148506518,98.7096577510026,0.0,0.0,0.037037037037037035,1354.851851851852,36581.0,0.9528201139493466,4.624999928637408e-05,0.008661542000481859,0.03849358399747871,constant_target_fallback,247107.0,247107.0,8775.797842190761,1529.645,0.0,0.8104050858432441,3.93666540770458,0.9332,1.0,15000,3387.0,11613.0,2,4,,,False,,0.6666666666666666
GP_Matern52_PI,Acquisition Ablation,4,5,6,150,2,33,6,124940.0,1035391,122167.0,0.49438907032176344,99.97567680439103,1.0,1.0,0.21212121212121213,17645.515151515152,124940.0,0.30480581506923693,0.013524624999263324,0.015019915997982025,0.06703812499472406,ok,247107.0,247107.0,10591.977629040495,2286.6890434359184,0.38963427677089135,0.9355600373976831,5.644259264922891,0.7972,0.5610413805592824,15000,3317.0,11683.0,6,0,,,False,,0.0
GP_Matern52_PI,Acquisition Ablation,4,6,6,150,2,39,6,124940.0,1035391,122167.0,0.49438907032176344,99.97567680439103,1.0,1.0,0.3076923076923077,23354.333333333332,88238.0,0.30491800018304244,0.01632216700090794,0.015498875000048429,0.09885916699568043,ok,247107.0,247107.0,9232.956587474459,1854.8617341388167,0.3941172654664874,0.9385634621644967,5.851061284408519,0.8068,0.6982244405881236,15000,3371.0,11629.0,5,1,,,False,,0.16666666666666666
GP_Matern52_PI,Acquisition Ablation,4,7,6,150,2,45,6,145704.0,864576,101403.0,0.410360693950394,99.99078865503218,1.0,1.0,0.35555555555555557,31891.844444444443,145704.0,0.15428972671630672,0.02008199999909266,0.016630666999844834,0.13557183399461792,ok,247107.0,247107.0,8034.999939732358,1463.3001621286348,0.4134657247772753,0.8353817547036304,2.4670722528863966,0.8934,1.4555345862499864,15000,3355.0,11645.0,5,1,,,False,,0.16666666666666666
GP_Matern52_PI,Acquisition Ablation,4,8,6,150,2,51,6,145704.0,864576,101403.0,0.410360693950394,99.99078865503218,1.0,1.0,0.43137254901960786,36085.01960784314,108262.0,0.4211329240711592,0.05758270800288301,0.018658583001524676,0.2118131249990256,ok,247107.0,247107.0,7085.416813008895,1270.2098510772796,0.3622148254411903,1.2891177952046435,2.273195709640513,0.9838,3.0476348586613655,15000,3290.0,11710.0,6,0,,,False,,0.0
GP_Matern52_PI,Acquisition Ablation,4,9,6,150,2,57,6,145704.0,864576,101403.0,0.410360693950394,99.99078865503218,1.0,1.0,0.49122807017543857,40113.771929824565,108493.0,0.3775814852532477,0.04596487499657087,0.0191542090033181,0.2769322089989146,ok,247107.0,247107.0,7074.141839816898,1274.3772188507292,0.3506783602189963,1.356687017627093,2.3206226160301653,0.9784,3.1942717059559165,15000,3339.0,11661.0,6,0,,,False,,0.0
GP_Matern52_PI,Acquisition Ablation,4,10,6,150,2,63,6,145704.0,864576,101403.0,0.410360693950394,99.99078865503218,1.0,1.0,0.5396825396825397,42726.36507936508,111421.0,0.3060249082977355,0.03908812499867054,0.020153333000052953,0.33617366699763807,ok,247107.0,247107.0,6866.945916004355,1238.2995061097515,0.3466647639176338,1.362799648501719,2.336696067423499,0.9766,3.283315612052222,15000,3363.0,11637.0,6,0,,,False,,0.0
GP_Matern52_PI,Acquisition Ablation,4,11,6,150,2,69,6,145704.0,864576,101403.0,0.410360693950394,99.99078865503218,1.0,1.0,0.5217391304347826,42787.333333333336,130452.0,1.2741758647060335,0.04931912499887403,0.021741250002378365,0.40723404199889046,ok,247107.0,247107.0,6927.290183934453,1252.000254770336,0.32106560155189134,1.4510170814158696,2.4112464624009853,0.9702,3.4036453260581467,15000,3291.0,11709.0,2,4,,,False,,0.6666666666666666
GP_Matern52_PI,Acquisition Ablation,4,12,6,150,2,75,6,145704.0,864576,101403.0,0.410360693950394,99.99078865503218,1.0,1.0,0.49333333333333335,40964.88,120040.0,0.8516493093171229,0.1367415830027312,0.019540499997674488,0.5635161249992962,ok,247107.0,247107.0,6868.883341448512,1220.4350570511301,0.37588691102434435,1.2064840002175947,2.3321650243142487,0.9656,3.2112314037689322,15000,3441.0,11559.0,1,5,,,False,,0.8333333333333334
GP_Matern52_PI,Acquisition Ablation,4,13,6,150,2,81,6,145704.0,864576,101403.0,0.410360693950394,99.99078865503218,1.0,1.0,0.49382716049382713,41828.87654320987,113400.0,1.039184598444837,0.09635550000166404,0.019481750001432374,0.6793533750023926,ok,247107.0,247107.0,6928.918867890013,1230.6738149700973,0.3611992864235939,1.1059968802777629,2.304547575792607,0.9482,2.9629238617107263,15000,3359.0,11641.0,4,2,,,False,,0.3333333333333333
GP_Matern52_PI,Acquisition Ablation,4,14,6,150,2,87,6,145704.0,864576,101403.0,0.410360693950394,99.99078865503218,1.0,1.0,0.5287356321839081,44720.26436781609,134114.0,0.3953148399579468,0.06906850000086706,0.019996291001007194,0.7684181660042668,ok,247107.0,247107.0,6857.437263124572,1212.5305238856226,0.3635985801129001,1.0988650733997707,2.284541749213564,0.9486,2.880993250563,15000,3278.0,11722.0,6,0,,,False,,0.0
GP_Matern52_PI,Acquisition Ablation,4,15,6,150,2,93,6,145704.0,864576,101403.0,0.410360693950394,99.99078865503218,1.0,1.0,0.5161290322580645,44212.95698924731,112082.0,1.1028968181452554,0.07171350000135135,0.023314750000281492,0.8634464160058997,ok,247107.0,247107.0,6834.678979522901,1209.4051083130528,0.34894674167142903,1.131664196380525,2.3329623880235846,0.9428,2.9277746602921964,15000,3343.0,11657.0,2,4,,,False,,0.6666666666666666
GP_Matern52_PI,Acquisition Ablation,4,16,6,150,2,99,6,145704.0,864576,101403.0,0.410360693950394,99.99078865503218,1.0,1.0,0.494949494949495,42860.51515151515,131386.0,0.978273935536929,0.09299145799741382,0.02231233299971791,0.9787502070030314,ok,247107.0,247107.0,6808.341982055319,1206.4097607660829,0.3664183064965577,1.077599265019699,2.294002647009694,0.9396,2.764808608965408,15000,3374.0,11626.0,1,5,,,False,,0.8333333333333334
GP_Matern52_PI,Acquisition Ablation,4,17,6,150,2,105,6,145704.0,864576,101403.0,0.410360693950394,99.99078865503218,1.0,1.0,0.5238095238095238,46046.8380952381,109575.0,0.3233338819100434,0.11202254200179596,0.02364754199879826,1.1144202910036256,ok,247107.0,247107.0,6832.642226381798,1212.4680212681837,0.37817772330182864,1.0342600903175059,2.2601729382709497,0.9356,2.625726370718505,15000,3374.0,11626.0,6,0,,,False,,0.0
GP_Matern52_PI,Acquisition Ablation,4,18,6,150,2,111,6,145704.0,864576,101403.0,0.410360693950394,99.99078865503218,1.0,1.0,0.5315315315315315,46395.6036036036,103760.0,0.7926897965515118,0.07687095800065435,0.02392287499969825,1.2152141240039782,ok,247107.0,247107.0,6568.59349560413,1171.9178225849596,0.37773539500294423,1.0630890206628287,2.3678239248701813,0.9352,2.6400983655813732,15000,3455.0,11545.0,4,2,,,False,,0.3333333333333333
GP_Matern52_PI,Acquisition Ablation,4,19,6,150,2,117,6,145704.0,864576,101403.0,0.410360693950394,99.99078865503218,1.0,1.0,0.5299145299145299,46530.77777777778,144409.0,0.5441026328829658,0.1515935419993184,0.023785749999660766,1.3905934160029574,ok,247107.0,247107.0,6409.872547589193,1147.7596717686536,0.3470473859552303,1.082148045664854,2.4205103403870134,0.9254,2.550318324206287,15000,3394.0,11606.0,6,0,,,False,,0.0
GP_Matern52_PI,Acquisition Ablation,4,20,6,150,2,123,6,145704.0,864576,101403.0,0.410360693950394,99.99078865503218,1.0,1.0,0.5284552845528455,44646.48780487805,20652.0,0.4103041896546945,0.12073962499925983,0.02632029199958197,1.5376533330017992,ok,247107.0,247107.0,9064.376093379728,1510.6908446022865,0.0983673662452079,1.4082429894190474,2.7576307561721514,0.9162,3.0545197350921742,15000,3429.0,11571.0,6,0,,,False,,0.0
GP_Matern52_PI,Acquisition Ablation,4,21,6,150,2,129,6,145704.0,864576,101403.0,0.410360693950394,99.99078865503218,1.0,1.0,0.5503875968992248,44039.317829457366,42840.0,0.5420778955013238,0.1422383749995788,0.027348167001036927,1.707239875002415,ok,247107.0,247107.0,8346.4992910208,1264.6424941416715,0.37357260785517427,1.5407742637822859,2.5237803147365216,0.973,3.6600150764231314,15000,3311.0,11689.0,6,0,,,False,,0.0
GP_Matern52_PI,Acquisition Ablation,4,22,6,150,2,135,6,145704.0,864576,101403.0,0.410360693950394,99.99078865503218,1.0,1.0,0.5703703703703704,43946.16296296296,74777.0,0.6885967928999326,0.28454066699850955,0.02929562500139582,2.0210761670023203,ok,247107.0,247107.0,6008.9011597569615,1088.6664142832115,0.3706073715195277,1.5960673876997316,2.5773022005267205,0.97,3.7311879734064903,15000,3387.0,11613.0,6,0,,,False,,0.0
GP_Matern52_PI,Acquisition Ablation,4,23,6,150,2,141,6,145704.0,864576,101403.0,0.410360693950394,99.99078865503218,1.0,1.0,0.5886524822695035,44097.624113475176,102359.0,0.6229287940420949,0.37249775000236696,0.0313062089990126,2.4248801260037,ok,247107.0,247107.0,5988.049287321976,1105.8571746942707,0.37367126977770593,1.6339916191538042,2.5911066066090758,0.9698,3.75266629905655,15000,3277.0,11723.0,6,0,,,False,,0.0
GP_Matern52_PI,Acquisition Ablation,4,24,6,150,2,147,6,146209.0,794020,100898.0,0.4083170448429223,99.9910181191417,1.0,1.0,0.6054421768707483,45950.272108843536,146209.0,0.49164143903218327,0.32801491700229235,0.030447250002907822,2.7833422930089,ok,247107.0,247107.0,5953.192500005219,1076.8517971501094,0.36902538001583557,1.6650168829955379,2.5567288344385037,0.9828,3.8952308605907136,15000,3429.0,11571.0,6,0,,,False,,0.0
GP_Matern52_PI,Acquisition Ablation,4,25,6,150,2,150,3,146209.0,794020,100898.0,0.4083170448429223,99.9910181191417,1.0,1.0,0.6133333333333333,47157.26666666667,142970.0,0.6009910787824003,0.4087675830014632,0.02699320799729321,3.2191030840076564,ok,247107.0,247107.0,5802.366832869775,1066.8931169451334,0.3663470934059669,1.6626023421974547,2.6011125926483967,0.9758,3.8427474754004938,15000,3365.0,11635.0,3,0,,,False,,0.0
GP_Matern52_PI_GATE_4T2S,Imperfection-aware,0,0,6,150,2,3,3,0.0,2370341,247107.0,1.0,93.70319341923158,0.0,0.0,0.0,0.0,0.0,1.0123451313576954,0.0,0.0,0.0,initial,247107.0,247107.0,,,,,,,,0,,,0,3,,,False,,1.0
GP_Matern52_PI_GATE_4T2S,Imperfection-aware,0,1,6,150,2,9,6,45710.0,1041565,201397.0,0.8150194045494462,99.1430826732962,1.0,0.0,0.1111111111111111,5078.888888888889,45710.0,1.0150624708356022,5.79169973207172e-05,0.005234917000052519,0.005292833997373236,constant_target_fallback,247107.0,247107.0,8794.15225607335,1574.217,0.0,0.8138185086950146,3.9690805000534337,0.9332,1.0,15000,3347.0,11653.0,4,2,4.0,2.0,False,,0.3333333333333333
GP_Matern52_PI_GATE_4T2S,Imperfection-aware,0,2,6,150,2,15,6,65281.0,871546,181826.0,0.7358188962676088,99.64885435126234,1.0,0.0,0.2,8277.0,65281.0,0.5120989316934679,0.017314333003014326,0.00964245900104288,0.03224962600143044,ok,247107.0,247107.0,11818.818373496173,3073.948937862777,0.08507336583864206,1.3835168005328653,30.937815903637983,0.9056,2.1898672846746967,15000,3418.0,11582.0,4,2,4.0,2.0,False,,0.3333333333333333
GP_Matern52_PI_GATE_4T2S,Imperfection-aware,0,3,6,150,2,21,6,70578.0,951443,176529.0,0.7143828382036931,99.70387656666621,1.0,0.0,0.3333333333333333,16428.85714285714,70578.0,0.5754233765099036,0.015482999999221647,0.010534083998209098,0.05826670999886119,ok,247107.0,247107.0,9434.297684538133,2158.122782557616,0.170652724615004,1.611196060854091,5.250513783083928,0.8608,2.423502212846835,15000,3256.0,11744.0,4,2,4.0,2.0,False,,0.3333333333333333
GP_Matern52_PI_GATE_4T2S,Imperfection-aware,0,4,6,150,2,27,6,70578.0,951443,176529.0,0.7143828382036931,99.70387656666621,1.0,0.0,0.2962962962962963,13110.62962962963,8981.0,0.3860704703639815,0.022905292000359623,0.010008582998125348,0.09118058499734616,ok,247107.0,247107.0,9507.852462717401,2155.9730530231423,0.20287227831788704,1.84426705230394,5.358627478438242,0.9282,3.1378676905469804,15000,3330.0,11670.0,4,2,4.0,2.0,False,,0.3333333333333333
GP_Matern52_PI_GATE_4T2S,Imperfection-aware,0,5,6,150,2,33,6,74430.0,1037114,172677.0,0.6987944493680875,99.73941072305452,1.0,0.0,0.3939393939393939,16878.121212121212,74430.0,0.5579020566386568,0.025065332996746292,0.011375124999176478,0.12762104299326893,ok,247107.0,247107.0,7993.284998316485,1422.9489028142757,0.362616279211338,1.6562189986436973,2.5085290969535876,0.9894,3.5220009245820285,15000,3271.0,11729.0,4,2,4.0,2.0,False,,0.3333333333333333
GP_Matern52_PI_GATE_4T2S,Imperfection-aware,0,6,6,150,2,39,6,90576.0,1038394,156531.0,0.6334543335478153,99.8455870445875,1.0,0.0,0.4358974358974359,18790.71794871795,90576.0,0.6085675896476672,0.03911008299837704,0.012620916000742,0.17935204199238797,ok,247107.0,247107.0,7739.223828191673,1414.2089491628792,0.25478991763403197,2.123205098649631,2.72633303834813,0.9874,3.9566376125781155,15000,3376.0,11624.0,4,2,4.0,2.0,False,,0.3333333333333333
GP_Matern52_PI_GATE_4T2S,Imperfection-aware,0,7,6,150,2,45,6,90576.0,1038394,156531.0,0.6334543335478153,99.8455870445875,1.0,0.0,0.4666666666666667,20673.644444444446,63313.0,0.5874629747081294,0.04332300000169198,0.014060624998819549,0.2367356669928995,ok,247107.0,247107.0,7947.324966399943,1459.3782634362926,0.21731228161458285,2.380890135487719,2.8270469070422566,0.9932,4.540088608916255,15000,3280.0,11720.0,4,2,4.0,2.0,False,,0.3333333333333333
GP_Matern52_PI_GATE_4T2S,Imperfection-aware,0,8,6,150,2,51,6,118990.0,870601,128117.0,0.518467708320687,99.96808809848338,1.0,1.0,0.5098039215686274,25924.803921568626,118990.0,0.6754742795477398,0.03295816600075341,0.016506874999322463,0.28620070799297537,ok,247107.0,247107.0,7931.204363682864,1474.2849382384359,0.1342683541646168,2.5849283865117,2.902695980570178,0.995,4.7981305103419185,15000,3459.0,11541.0,4,2,4.0,2.0,False,,0.3333333333333333
GP_Matern52_PI_GATE_4T2S,Imperfection-aware,0,9,6,150,2,57,6,186295.0,784448,60812.0,0.24609582083874595,99.99767257831775,1.0,1.0,0.5263157894736842,30393.56140350877,186295.0,0.6609505533265004,0.06126845800099545,0.015991665997717064,0.3634608319916879,ok,247107.0,247107.0,7815.747917523653,1495.7987434414601,0.021763258918959933,2.7473746880675214,2.977337793883763,0.9928,5.207312279893158,15000,3337.0,11663.0,4,2,4.0,2.0,False,,0.3333333333333333
GP_Matern52_PI_GATE_4T2S,Imperfection-aware,0,10,6,150,2,63,6,186295.0,784448,60812.0,0.24609582083874595,99.99767257831775,1.0,1.0,0.5238095238095238,29220.365079365078,78317.0,0.5730762903234855,0.04834104200199363,0.016871165997145,0.4286730399908265,ok,247107.0,247107.0,7833.081157314326,1556.6128323534522,0.1633335139950376,2.924339918624982,3.090005323132118,0.9928,5.108763681182133,15000,3353.0,11647.0,4,2,4.0,2.0,False,,0.3333333333333333
GP_Matern52_PI_GATE_4T2S,Imperfection-aware,0,11,6,150,2,69,6,186295.0,784448,60812.0,0.24609582083874595,99.99767257831775,1.0,1.0,0.5362318840579711,29937.565217391304,73106.0,1.216079450833052,0.058984082999813836,0.01887404199806042,0.5065311649887008,ok,247107.0,247107.0,7783.4234096875,1434.3944375320648,0.05994852479228021,2.475283001718174,2.906151861577974,0.993,5.483230418997699,15000,3299.0,11701.0,4,2,4.0,2.0,False,,0.3333333333333333
GP_Matern52_PI_GATE_4T2S,Imperfection-aware,0,12,6,150,2,75,6,186295.0,784448,60812.0,0.24609582083874595,99.99767257831775,1.0,1.0,0.5466666666666666,31647.52,115923.0,0.5642289963716608,0.07817729200178292,0.01917604099799064,0.6038844979884743,ok,247107.0,247107.0,7443.789241071651,1494.0663989404525,0.06613070059371123,2.967971892987059,3.0494431924626952,0.9954,5.164450132545624,15000,3358.0,11642.0,4,2,4.0,2.0,False,,0.3333333333333333
GP_Matern52_PI_GATE_4T2S,Imperfection-aware,0,13,6,150,2,81,6,186295.0,784448,60812.0,0.24609582083874595,99.99767257831775,1.0,1.0,0.5555555555555556,32966.8024691358,92360.0,0.6042705897840173,0.08871416699912515,0.01741749999928288,0.7100161649868824,ok,247107.0,247107.0,7387.115843780775,1499.5937758502669,0.008154438935631012,3.0232233456289688,3.07213314490571,0.994,5.227069439709523,15000,3435.0,11565.0,4,2,4.0,2.0,False,,0.3333333333333333
GP_Matern52_PI_GATE_4T2S,Imperfection-aware,0,14,6,150,2,87,6,186295.0,784448,60812.0,0.24609582083874595,99.99767257831775,1.0,1.0,0.5632183908045977,34987.988505747126,102092.0,1.1035190457035033,0.1271152080007596,0.018730666000919882,0.8558620389885618,ok,247107.0,247107.0,7444.323482773245,1530.7168551226905,-0.0033847437328289585,3.0187970252948477,3.0847637862138013,0.9936,5.4038060583346255,15000,3291.0,11709.0,4,2,4.0,2.0,False,,0.3333333333333333
GP_Matern52_PI_GATE_4T2S,Imperfection-aware,0,15,6,150,2,93,6,186295.0,784448,60812.0,0.24609582083874595,99.99767257831775,1.0,1.0,0.5698924731182796,35602.47311827957,93224.0,0.9310034702925877,0.13158204199862666,0.019327333000546787,1.0067714139877353,ok,247107.0,247107.0,7329.94589019892,1487.6504329132672,0.015041618200841753,2.922023556125097,3.063049170731432,0.9928,5.488263432957073,15000,3366.0,11634.0,4,2,4.0,2.0,False,,0.3333333333333333
GP_Matern52_PI_GATE_4T2S,Imperfection-aware,0,16,6,150,2,99,6,186295.0,784448,60812.0,0.24609582083874595,99.99767257831775,1.0,1.0,0.5757575757575758,38673.73737373737,152155.0,0.9045434207960784,0.06642662500235019,0.019995042002847185,1.0931930809929327,ok,247107.0,247107.0,7285.239718359286,1369.5890992208735,0.03239072932312175,2.548873906021328,2.978329604413122,0.9862,5.8096662374024275,15000,3474.0,11526.0,4,2,4.0,2.0,False,,0.3333333333333333
GP_Matern52_PI_GATE_4T2S,Imperfection-aware,0,17,6,150,2,105,6,186295.0,784448,60812.0,0.24609582083874595,99.99767257831775,1.0,1.0,0.5619047619047619,38892.6,137919.0,1.045723778562588,0.15878279199750978,0.02031975000136299,1.2722956229918054,ok,247107.0,247107.0,7288.805228358034,1341.2461154070859,0.05112674920317233,2.403405463102502,2.9557412045204443,0.9854,5.901581480050814,15000,3324.0,11676.0,4,2,4.0,2.0,False,,0.3333333333333333
GP_Matern52_PI_GATE_4T2S,Imperfection-aware,0,18,6,150,2,111,6,186295.0,784448,60812.0,0.24609582083874595,99.99767257831775,1.0,1.0,0.5405405405405406,37780.54954954955,109918.0,1.0806120717690624,0.11448712499986868,0.021244999999908032,1.4080277479915821,ok,247107.0,247107.0,7284.39669337852,1323.6254546272353,0.08074757514271966,2.2765139437892596,2.9148111370966774,0.9852,5.693434897749657,15000,3344.0,11656.0,4,2,4.0,2.0,False,,0.3333333333333333
GP_Matern52_PI_GATE_4T2S,Imperfection-aware,0,19,6,150,2,117,6,200033.0,691212,47074.0,0.1905004714556852,99.99842653182044,1.0,1.0,0.5470085470085471,39925.70085470085,200033.0,0.7424747906529681,0.11671095800193143,0.02412170800016611,1.5488604139936797,ok,247107.0,247107.0,7282.188051461315,1300.745637987166,0.12034124988376968,2.0628701399330707,2.8437790766575346,0.9846,5.4096285552138745,15000,3450.0,11550.0,4,2,4.0,2.0,False,,0.3333333333333333
GP_Matern52_PI_GATE_4T2S,Imperfection-aware,0,20,6,150,2,123,6,200033.0,691212,47074.0,0.1905004714556852,99.99842653182044,1.0,1.0,0.5528455284552846,39408.69105691057,98731.0,0.7013392323812961,0.15279837499838322,0.023627500002476154,1.725286288994539,ok,247107.0,247107.0,7009.0504811010815,1247.3736263272322,0.1407614174280965,1.9667293192650082,2.824294875392506,0.9826,5.409294957237759,15000,3355.0,11645.0,4,2,4.0,2.0,False,,0.3333333333333333
GP_Matern52_PI_GATE_4T2S,Imperfection-aware,0,21,6,150,2,129,6,200033.0,691212,47074.0,0.1905004714556852,99.99842653182044,1.0,1.0,0.5581395348837209,39488.56589147287,84715.0,0.8774076624467885,0.14215279099880718,0.024496124999132007,1.8919352049924782,ok,247107.0,247107.0,7214.862098652255,1271.5812075319695,0.233561828755855,1.6451025226948572,2.719686148815409,0.9772,5.082874915762139,15000,3265.0,11735.0,4,2,4.0,2.0,False,,0.3333333333333333
GP_Matern52_PI_GATE_4T2S,Imperfection-aware,0,22,6,150,2,135,6,200033.0,691212,47074.0,0.1905004714556852,99.99842653182044,1.0,1.0,0.562962962962963,39990.8,128135.0,0.9469588936475777,0.24969908299681265,0.026333124998927815,2.1679674129882187,ok,247107.0,247107.0,7160.3266864167545,1260.8932957912052,0.2250094987639796,1.6460819994138047,2.7199147522221376,0.9754,5.071987665786826,15000,3371.0,11629.0,4,2,4.0,2.0,False,,0.3333333333333333
GP_Matern52_PI_GATE_4T2S,Imperfection-aware,0,23,6,150,2,141,6,200033.0,691212,47074.0,0.1905004714556852,99.99842653182044,1.0,1.0,0.5673758865248227,40932.716312056735,114792.0,0.8242803846936158,0.20744554200064158,0.02422354200098198,2.3996364969898423,ok,247107.0,247107.0,6949.903425334981,1225.8516370860148,0.2710111960074642,1.5699783753776604,2.6886045943506978,0.9766,4.975838451636982,15000,3324.0,11676.0,4,2,4.0,2.0,False,,0.3333333333333333
GP_Matern52_PI_GATE_4T2S,Imperfection-aware,0,24,6,150,2,147,6,200033.0,691212,47074.0,0.1905004714556852,99.99842653182044,1.0,1.0,0.5714285714285714,41422.142857142855,197094.0,0.6493393778043164,0.3144690000008268,0.027978833997622132,2.742084330988291,ok,247107.0,247107.0,6837.992929196328,1199.5424400731592,0.2912073351720387,1.5421645068345509,2.6762628173466663,0.9776,4.933842436874186,15000,3386.0,11614.0,4,2,4.0,2.0,False,,0.3333333333333333
GP_Matern52_PI_GATE_4T2S,Imperfection-aware,0,25,6,150,2,150,3,200033.0,691212,47074.0,0.1905004714556852,99.99842653182044,1.0,1.0,0.5666666666666667,41219.253333333334,93833.0,0.8707845814976635,0.26364141600060975,0.026416665998112876,3.032142412987014,ok,247107.0,247107.0,6751.032476366548,1186.3397985326783,0.3213612782626855,1.4783135082187266,2.654229472940322,0.9766,4.8336928671428305,15000,3313.0,11687.0,1,2,1.0,2.0,False,,0.6666666666666666
GP_Matern52_PI_GATE_4T2S,Imperfection-aware,1,0,6,150,2,3,3,0.0,6047398,247107.0,1.0,93.70319341923158,0.0,0.0,0.0,0.0,0.0,1.0430113993225636,0.0,0.0,0.0,initial,247107.0,247107.0,,,,,,,,0,,,1,2,,,False,,0.6666666666666666
GP_Matern52_PI_GATE_4T2S,Imperfection-aware,1,1,6,150,2,9,6,53052.0,773571,194055.0,0.7853075793077493,99.41160485231362,1.0,0.0,0.1111111111111111,5894.666666666667,53052.0,0.9467369609027484,6.395799937308766e-05,0.006880291999550536,0.006944249998923624,constant_target_fallback,247107.0,247107.0,7917.9183090633105,1413.8866,0.0,0.7939908874887035,3.8456615956198963,0.935,1.0,15000,3400.0,11600.0,4,2,4.0,2.0,False,,0.3333333333333333
GP_Matern52_PI_GATE_4T2S,Imperfection-aware,1,2,6,150,2,15,6,110704.0,1119575,136403.0,0.5519997410028854,99.94714130334303,1.0,1.0,0.26666666666666666,12824.466666666667,110704.0,0.4263061146586749,0.013973707998957252,0.010078209001221694,0.03099616699910257,ok,247107.0,247107.0,15602.032652332951,5223.566444304357,-0.004378158536073593,1.6044149234630445,56.8477716110018,0.8682,1.4738656437073017,15000,3414.0,11586.0,4,2,4.0,2.0,False,,0.3333333333333333
GP_Matern52_PI_GATE_4T2S,Imperfection-aware,1,3,6,150,2,21,6,110704.0,1119575,136403.0,0.5519997410028854,99.94714130334303,1.0,1.0,0.42857142857142855,16823.714285714286,65132.0,0.5995259070916219,0.011269499998888932,0.010627832998579834,0.052893499996571336,ok,247107.0,247107.0,8252.492409288197,1428.6218933362195,0.019274777908450186,1.700382033681395,2.573183163366814,0.982,3.8352688676906603,15000,3371.0,11629.0,4,2,4.0,2.0,False,,0.3333333333333333
GP_Matern52_PI_GATE_4T2S,Imperfection-aware,1,4,6,150,2,27,6,111709.0,948731,135398.0,0.547932676937521,99.95004238529908,1.0,1.0,0.48148148148148145,22855.0,111709.0,0.4995931179505749,0.015334625000832602,0.009679749997303588,0.07790787499470753,ok,247107.0,247107.0,6827.520185200009,1224.382205990067,0.23389449684599625,1.9264052213406933,2.7173395309370543,0.9666,4.047843853467934,15000,3441.0,11559.0,4,2,4.0,2.0,False,,0.3333333333333333
GP_Matern52_PI_GATE_4T2S,Imperfection-aware,1,5,6,150,2,33,6,111709.0,948731,135398.0,0.547932676937521,99.95004238529908,1.0,1.0,0.5151515151515151,23198.090909090908,38838.0,0.8719377585347807,0.0295914169983007,0.010578375000477536,0.11807766699348576,ok,247107.0,247107.0,7289.615508066313,1314.2844597154788,0.1340401841867561,2.142816067289563,2.795951954361859,0.98,4.558566547071038,15000,3376.0,11624.0,4,2,4.0,2.0,False,,0.3333333333333333
GP_Matern52_PI_GATE_4T2S,Imperfection-aware,1,6,6,150,2,39,6,111709.0,948731,135398.0,0.547932676937521,99.95004238529908,1.0,1.0,0.5897435897435898,29492.48717948718,110271.0,0.5676213105559087,0.025730499997735023,0.012541459000203758,0.15634962599142455,ok,247107.0,247107.0,7289.125317010621,1305.5435920228942,0.16340881336835458,2.0064871750474107,2.7703436907208565,0.9752,4.51487756798081,15000,3313.0,11687.0,4,2,4.0,2.0,False,,0.3333333333333333
GP_Matern52_PI_GATE_4T2S,Imperfection-aware,1,7,6,150,2,45,6,111709.0,948731,135398.0,0.547932676937521,99.95004238529908,1.0,1.0,0.6,31030.222222222223,110338.0,1.045302609305413,0.01505695800005924,0.014349459001095966,0.18575604299257975,ok,247107.0,247107.0,7190.579644228115,1310.0699774877316,0.13703794169723474,2.2058221891685235,2.839788233940031,0.9752,4.699126020740742,15000,3426.0,11574.0,4,2,4.0,2.0,False,,0.3333333333333333
GP_Matern52_PI_GATE_4T2S,Imperfection-aware,1,8,6,150,2,51,6,130665.0,777645,116442.0,0.47122096905389166,99.98129867507424,1.0,1.0,0.6078431372549019,35832.23529411765,130665.0,0.5830546811502607,0.05122608300007414,0.01477129100021557,0.25175341699286946,ok,247107.0,247107.0,7064.236676747022,1251.271397466766,0.24139632173719697,1.7536179238786462,2.717276861854692,0.9634,4.432871897957397,15000,3256.0,11744.0,4,2,4.0,2.0,False,,0.3333333333333333
GP_Matern52_PI_GATE_4T2S,Imperfection-aware,1,9,6,150,2,57,6,130665.0,777645,116442.0,0.47122096905389166,99.98129867507424,1.0,1.0,0.5614035087719298,34194.333333333336,121633.0,1.101964457045305,0.052320624999993015,0.017757875000825152,0.32183191699368763,ok,247107.0,247107.0,7046.449513053033,1239.689273662515,0.255542878251203,1.6688336059587943,2.72542380162418,0.9644,4.5209495650856155,15000,3292.0,11708.0,4,2,4.0,2.0,False,,0.3333333333333333
GP_Matern52_PI_GATE_4T2S,Imperfection-aware,1,10,6,150,2,63,6,130665.0,777645,116442.0,0.47122096905389166,99.98129867507424,1.0,1.0,0.5555555555555556,35267.555555555555,105608.0,1.1672442987990264,0.03630850000263308,0.01646854100181372,0.37460895799813443,ok,247107.0,247107.0,7037.219253169103,1230.2502614671341,0.289199152280475,1.497106965570212,2.6498920025859634,0.964,4.18751278440886,15000,3367.0,11633.0,4,2,4.0,2.0,False,,0.3333333333333333
GP_Matern52_PI_GATE_4T2S,Imperfection-aware,1,11,6,150,2,69,6,199394.0,776888,47713.0,0.19308639577187212,99.99836097064629,1.0,1.0,0.5652173913043478,40305.014492753624,199394.0,0.456200328406689,0.04332229200008442,0.017674708997219568,0.4356059589954384,ok,247107.0,247107.0,6569.736197080438,1206.6675857135165,0.35410010879814247,1.2687075360087776,2.5445047423865774,0.9414,3.504764537378386,15000,3353.0,11647.0,4,2,4.0,2.0,False,,0.3333333333333333
GP_Matern52_PI_GATE_4T2S,Imperfection-aware,1,12,6,150,2,75,6,199394.0,776888,47713.0,0.19308639577187212,99.99836097064629,1.0,1.0,0.5733333333333334,40427.53333333333,77656.0,0.9794177690125999,0.052368332999321865,0.01797979099865188,0.5059540829934122,ok,247107.0,247107.0,6985.421962396814,1217.177894022126,0.3422272470204187,1.343806091667392,2.586664753374056,0.9638,4.086420193087269,15000,3381.0,11619.0,4,2,4.0,2.0,False,,0.3333333333333333
GP_Matern52_PI_GATE_4T2S,Imperfection-aware,1,13,6,150,2,81,6,220440.0,604506,26667.0,0.10791681336425112,99.99965580383572,1.0,1.0,0.5679012345679012,42334.753086419754,220440.0,0.9175969623500586,0.10026012500020443,0.01845616699938546,0.624670374993002,ok,247107.0,247107.0,7045.509244957071,1209.3128291436437,0.35972717654513464,1.2724511024517327,2.563686289435612,0.962,3.946516675159894,15000,3361.0,11639.0,4,2,4.0,2.0,False,,0.3333333333333333
GP_Matern52_PI_GATE_4T2S,Imperfection-aware,1,14,6,150,2,87,6,220440.0,604506,26667.0,0.10791681336425112,99.99965580383572,1.0,1.0,0.5632183908045977,40445.87356321839,81175.0,0.48103783432538666,0.06382474999918486,0.0185429999983171,0.707038124990504,ok,247107.0,247107.0,7302.016797408134,1278.2429624744673,0.3544238049326484,1.2781281881025126,2.583396898365873,0.9608,3.9187523641049222,15000,3361.0,11639.0,4,2,4.0,2.0,False,,0.3333333333333333
GP_Matern52_PI_GATE_4T2S,Imperfection-aware,1,15,6,150,2,93,6,220440.0,604506,26667.0,0.10791681336425112,99.99965580383572,1.0,1.0,0.5806451612903226,40344.95698924731,75026.0,0.6350440589811014,0.11023458300041966,0.01981658300064737,0.837089290991571,ok,247107.0,247107.0,7296.812058459202,1519.492830692314,0.088837643946516,3.250110594939893,3.0847724185092678,0.9968,5.0672670638339055,15000,3237.0,11763.0,4,2,4.0,2.0,False,,0.3333333333333333
GP_Matern52_PI_GATE_4T2S,Imperfection-aware,1,16,6,150,2,99,6,220440.0,604506,26667.0,0.10791681336425112,99.99965580383572,1.0,1.0,0.5858585858585859,39213.979797979795,100392.0,0.7318851274259071,0.11958391699954518,0.01920329100175877,0.975876498992875,ok,247107.0,247107.0,6406.985039968928,1167.5439157321687,0.3564267295181972,1.3815822936003506,2.5247475209728845,0.9768,4.180986547311394,15000,3325.0,11675.0,4,2,4.0,2.0,False,,0.3333333333333333
GP_Matern52_PI_GATE_4T2S,Imperfection-aware,1,17,6,150,2,105,6,220440.0,604506,26667.0,0.10791681336425112,99.99965580383572,1.0,1.0,0.5904761904761905,38561.36190476191,48490.0,0.8480650823529907,0.1566589579997526,0.021787250003399095,1.1543227069960267,ok,247107.0,247107.0,6419.804222366703,1169.169397830337,0.35605234341798664,1.337049426952422,2.5040412241579713,0.9728,4.095219698174397,15000,3461.0,11539.0,4,2,4.0,2.0,False,,0.3333333333333333
GP_Matern52_PI_GATE_4T2S,Imperfection-aware,1,18,6,150,2,111,6,220440.0,604506,26667.0,0.10791681336425112,99.99965580383572,1.0,1.0,0.5945945945945946,39028.69369369369,104355.0,0.8430044559869244,0.08283049999954528,0.02320004200009862,1.2603532489956706,ok,247107.0,247107.0,6912.406274957676,1348.6960024075036,0.1956810196219399,2.822981207660899,2.953856830405543,0.9964,5.011229941817896,15000,3403.0,11597.0,4,2,4.0,2.0,False,,0.3333333333333333
GP_Matern52_PI_GATE_4T2S,Imperfection-aware,1,19,6,150,2,117,6,220440.0,604506,26667.0,0.10791681336425112,99.99965580383572,1.0,1.0,0.6068376068376068,39643.094017094016,127909.0,0.6873670958714794,0.17129900000145426,0.021910707997449208,1.453562956994574,ok,247107.0,247107.0,6362.555316543432,1149.2873535944902,0.3507725164938902,1.502828213406654,2.561601293247247,0.981,4.386084922357428,15000,3421.0,11579.0,4,2,4.0,2.0,False,,0.3333333333333333
GP_Matern52_PI_GATE_4T2S,Imperfection-aware,1,20,6,150,2,123,6,220440.0,604506,26667.0,0.10791681336425112,99.99965580383572,1.0,1.0,0.6097560975609756,40101.650406504064,77808.0,0.7544172285008597,0.14952291600275203,0.02258991700000479,1.6256757899973309,ok,247107.0,247107.0,6567.794844668133,1229.0294065441549,0.27731566644021505,2.436486179908708,2.8410512895857116,0.9916,4.897532363862473,15000,3314.0,11686.0,4,2,4.0,2.0,False,,0.3333333333333333
GP_Matern52_PI_GATE_4T2S,Imperfection-aware,1,21,6,150,2,129,6,220440.0,604506,26667.0,0.10791681336425112,99.99965580383572,1.0,1.0,0.6124031007751938,40838.17829457364,106036.0,0.9880743577685115,0.160237625001173,0.02363474999947357,1.8095481649979774,ok,247107.0,247107.0,6519.978876220335,1229.5906088876877,0.2213255425144579,2.5498772343642284,2.8772396325553746,0.9932,5.014305218274614,15000,3439.0,11561.0,4,2,4.0,2.0,False,,0.3333333333333333
GP_Matern52_PI_GATE_4T2S,Imperfection-aware,1,22,6,150,2,135,6,220440.0,604506,26667.0,0.10791681336425112,99.99965580383572,1.0,1.0,0.6148148148148148,40202.7037037037,79448.0,0.7580491176761212,0.2671881249989383,0.025607291001506383,2.102343580998422,ok,247107.0,247107.0,6489.350854306546,1185.212370897871,0.2603056749163502,2.313076971785088,2.8154707599708404,0.9912,5.003111340673773,15000,3362.0,11638.0,4,2,4.0,2.0,False,,0.3333333333333333
GP_Matern52_PI_GATE_4T2S,Imperfection-aware,1,23,6,150,2,141,6,220440.0,604506,26667.0,0.10791681336425112,99.99965580383572,1.0,1.0,0.6170212765957447,39251.085106382976,69386.0,0.9568086800467587,0.3166179170002579,0.02653262500098208,2.445494122999662,ok,247107.0,247107.0,6474.827240880755,1150.1194975120586,0.28558383131450144,2.146726741547739,2.7695132607281607,0.9906,4.953169361547954,15000,3326.0,11674.0,4,2,4.0,2.0,False,,0.3333333333333333
GP_Matern52_PI_GATE_4T2S,Imperfection-aware,1,24,6,150,2,147,6,220440.0,604506,26667.0,0.10791681336425112,99.99965580383572,1.0,1.0,0.6190476190476191,40259.986394557825,110608.0,0.7304047220607881,0.2746413750028296,0.026432166996528395,2.74656766499902,ok,247107.0,247107.0,6416.950497452745,1116.1186600869755,0.3616348317763296,1.212370757755782,2.4339579649403,0.9644,3.835274696462079,15000,3464.0,11536.0,4,2,4.0,2.0,False,,0.3333333333333333
GP_Matern52_PI_GATE_4T2S,Imperfection-aware,1,25,6,150,2,150,3,220440.0,604506,26667.0,0.10791681336425112,99.99965580383572,1.0,1.0,0.6133333333333333,39492.60666666667,5673.0,1.0644162018359944,0.34555262499998207,0.026831334002054064,3.118951624001056,ok,247107.0,247107.0,6374.8475922845555,1105.6519965939597,0.3626386887516708,1.6160956802123316,2.6245543169892764,0.983,4.68919355907579,15000,3300.0,11700.0,1,2,1.0,2.0,False,,0.6666666666666666
GP_Matern52_PI_GATE_4T2S,Imperfection-aware,2,0,6,150,2,3,3,0.0,2729609,247107.0,1.0,93.70319341923158,0.0,0.0,0.0,0.0,0.0,0.47049671902245843,0.0,0.0,0.0,initial,247107.0,247107.0,,,,,,,,0,,,0,3,,,False,,1.0
GP_Matern52_PI_GATE_4T2S,Imperfection-aware,2,1,6,150,2,9,6,17589.0,1471759,229518.0,0.9288203086112494,97.57458075268161,0.0,0.0,0.2222222222222222,3483.777777777778,17589.0,0.9924423077846984,5.933399734203704e-05,0.0062459170003421605,0.0063052509976841975,constant_target_fallback,247107.0,247107.0,7992.336081909969,1363.7274,0.0,0.8102606103318564,3.884107341202348,0.9316,1.0,15000,3295.0,11705.0,4,2,4.0,2.0,False,,0.3333333333333333
GP_Matern52_PI_GATE_4T2S,Imperfection-aware,2,2,6,150,2,15,6,17589.0,1471759,229518.0,0.9288203086112494,97.57458075268161,0.0,0.0,0.26666666666666666,3629.133333333333,14062.0,0.6045393607006024,0.013547082999139093,0.008209125000576023,0.028061458997399313,ok,247107.0,247107.0,9776.383271714374,3624.408568431983,-0.028052474695813907,2.592955764221563,67.73644727168977,0.7988,2.3466563453764837,15000,3403.0,11597.0,4,2,4.0,2.0,False,,0.3333333333333333
GP_Matern52_PI_GATE_4T2S,Imperfection-aware,2,3,6,150,2,21,6,32103.0,1470939,215004.0,0.8700846192135391,98.5124169585778,0.0,0.0,0.38095238095238093,5406.190476190476,32103.0,0.2970714223640467,0.01710362499943585,0.010638167001161491,0.055803250997996656,ok,247107.0,247107.0,8284.059707569471,2852.4064146512223,0.07053870491036242,2.073513231534185,96.41543703492455,0.795,1.2632778150837003,15000,3345.0,11655.0,4,2,4.0,2.0,False,,0.3333333333333333
GP_Matern52_PI_GATE_4T2S,Imperfection-aware,2,4,6,150,2,27,6,38713.0,1641139,208394.0,0.8433350734701971,98.81499816756518,0.0,0.0,0.37037037037037035,6153.740740740741,38713.0,0.35474199463810263,0.013748958001087885,0.014393083001777995,0.08394529200086254,ok,247107.0,247107.0,8755.823354929975,1725.2868906706344,0.04529013465243904,2.2883175589620732,13.363469824267641,0.9658,4.078081044395946,15000,3270.0,11730.0,4,2,4.0,2.0,False,,0.3333333333333333
GP_Matern52_PI_GATE_4T2S,Imperfection-aware,2,5,6,150,2,33,6,43346.0,1130999,203761.0,0.824586110470363,99.03867650346524,1.0,0.0,0.42424242424242425,8884.09090909091,43346.0,0.46642247699828443,0.01454179199936334,0.011692791998939356,0.11017987599916523,ok,247107.0,247107.0,7965.638116328924,1391.696941636505,0.09282786320059247,2.2000365962986694,2.8493351744740028,0.9858,4.020557184743373,15000,3359.0,11641.0,4,2,4.0,2.0,False,,0.3333333333333333
GP_Matern52_PI_GATE_4T2S,Imperfection-aware,2,6,6,150,2,39,6,43346.0,1130999,203761.0,0.824586110470363,99.03867650346524,1.0,0.0,0.46153846153846156,10295.179487179486,34472.0,0.41516795685827024,0.028363917001115624,0.014471041999058798,0.15301483499933966,ok,247107.0,247107.0,7776.18830563403,1400.3964662165818,0.21858169305752848,2.0489711793678413,2.8798973165686075,0.9676,3.8271717518578168,15000,3360.0,11640.0,4,2,4.0,2.0,False,,0.3333333333333333
GP_Matern52_PI_GATE_4T2S,Imperfection-aware,2,7,6,150,2,45,6,43346.0,1130999,203761.0,0.824586110470363,99.03867650346524,1.0,0.0,0.5111111111111111,10345.377777777778,17114.0,0.49427633811555133,0.03429308299746481,0.014725583001563791,0.20203350099836825,ok,247107.0,247107.0,7714.164259298085,1314.8199433882878,0.2283731340311186,1.8883589233530431,2.6446632590186456,0.987,4.040987448948169,15000,3293.0,11707.0,4,2,4.0,2.0,False,,0.3333333333333333
GP_Matern52_PI_GATE_4T2S,Imperfection-aware,2,8,6,150,2,51,6,64708.0,868291,182399.0,0.7381377298093539,99.64093783948395,1.0,0.0,0.5490196078431373,13059.392156862745,64708.0,0.5583711636046268,0.03414795899880119,0.016007833000912797,0.25218929299808224,ok,247107.0,247107.0,7703.604969298934,1408.5964107226457,0.019217326616605346,2.830783438796021,2.9805950408275517,0.9936,4.499067311573833,15000,3374.0,11626.0,4,2,4.0,2.0,False,,0.3333333333333333
GP_Matern52_PI_GATE_4T2S,Imperfection-aware,2,9,6,150,2,57,6,64708.0,868291,182399.0,0.7381377298093539,99.64093783948395,1.0,0.0,0.5614035087719298,13747.368421052632,46847.0,0.5305572998015627,0.042151917001319816,0.016507291999005247,0.3108485019984073,ok,247107.0,247107.0,7613.17487738149,1342.2685309138615,0.08980393760454346,2.349666445909256,2.866398445990454,0.9886,4.87647565273624,15000,3346.0,11654.0,4,2,4.0,2.0,False,,0.3333333333333333
GP_Matern52_PI_GATE_4T2S,Imperfection-aware,2,10,6,150,2,63,6,64708.0,868291,182399.0,0.7381377298093539,99.64093783948395,1.0,0.0,0.5714285714285714,14695.666666666666,60822.0,0.6304625104847635,0.08450029199957498,0.01866537499881815,0.41401416899680044,ok,247107.0,247107.0,7657.585779664776,1378.2263386321092,0.035908287138528304,2.5910431431204732,2.9275648513790045,0.9918,4.890213194160501,15000,3200.0,11800.0,4,2,4.0,2.0,False,,0.3333333333333333
GP_Matern52_PI_GATE_4T2S,Imperfection-aware,2,11,6,150,2,69,6,64708.0,868291,182399.0,0.7381377298093539,99.64093783948395,1.0,0.0,0.5942028985507246,15677.521739130434,46958.0,0.526316813833615,0.06377766699733911,0.019466125002509216,0.49725796099664876,ok,247107.0,247107.0,7670.246469810861,1375.2202183668674,0.01662815367499093,2.613373571625132,2.929706690252158,0.9924,4.971665504435662,15000,3305.0,11695.0,4,2,4.0,2.0,False,,0.3333333333333333
GP_Matern52_PI_GATE_4T2S,Imperfection-aware,2,12,6,150,2,75,6,64708.0,868291,182399.0,0.7381377298093539,99.64093783948395,1.0,0.0,0.6,15916.866666666667,38200.0,0.5507477174315488,0.06661783399977139,0.017876208999950904,0.5817520039963711,ok,247107.0,247107.0,7144.403377816253,1296.0943860920345,0.19600315831970305,2.4861699920610327,2.897015784293382,0.9926,5.238890284062405,15000,3420.0,11580.0,4,2,4.0,2.0,False,,0.3333333333333333
GP_Matern52_PI_GATE_4T2S,Imperfection-aware,2,13,6,150,2,81,6,74851.0,783860,172256.0,0.6970907339735418,99.74244292735888,1.0,0.0,0.6049382716049383,16678.753086419754,74851.0,0.8527328088715743,0.08292862499729381,0.01786129200263531,0.6825419209963002,ok,247107.0,247107.0,7370.128069196114,1385.5430393153702,0.055365533448849,2.8260412856918227,2.9944818820151937,0.9934,5.276225267760936,15000,3395.0,11605.0,4,2,4.0,2.0,False,,0.3333333333333333
GP_Matern52_PI_GATE_4T2S,Imperfection-aware,2,14,6,150,2,87,6,74851.0,783860,172256.0,0.6970907339735418,99.74244292735888,1.0,0.0,0.6091954022988506,17420.58620689655,53982.0,0.9748428936020335,0.08610349999798927,0.018171792002249276,0.7868172129965387,ok,247107.0,247107.0,7285.735021304398,1351.8767860990956,0.06857079737075777,2.7330284700322256,2.975533845774226,0.9934,5.4187376565813885,15000,3409.0,11591.0,4,2,4.0,2.0,False,,0.3333333333333333
GP_Matern52_PI_GATE_4T2S,Imperfection-aware,2,15,6,150,2,93,6,74851.0,783860,172256.0,0.6970907339735418,99.74244292735888,1.0,0.0,0.6129032258064516,18250.21505376344,59408.0,0.7963424494878273,0.09859729100207915,0.020037499998579733,0.9054520039971976,ok,247107.0,247107.0,7202.297952763788,1345.478081752461,0.06257423941141728,2.7687423797200927,2.9799030867459986,0.9934,5.295845024972199,15000,3336.0,11664.0,4,2,4.0,2.0,False,,0.3333333333333333
GP_Matern52_PI_GATE_4T2S,Imperfection-aware,2,16,6,150,2,99,6,74851.0,783860,172256.0,0.6970907339735418,99.74244292735888,1.0,0.0,0.6161616161616161,19182.878787878788,59844.0,0.9455953624847115,0.13184445899969433,0.019736709000426345,1.0570331719973183,ok,247107.0,247107.0,7214.348862390906,1324.665156709431,0.07335087164416866,2.6750921353110346,2.961500078903073,0.9928,5.359453183923973,15000,3389.0,11611.0,4,2,4.0,2.0,False,,0.3333333333333333
GP_Matern52_PI_GATE_4T2S,Imperfection-aware,2,17,6,150,2,105,6,74851.0,783860,172256.0,0.6970907339735418,99.74244292735888,1.0,0.0,0.6190476190476191,19301.571428571428,44293.0,0.9173202933747245,0.1338313329979428,0.02186762500059558,1.2127321299958567,ok,247107.0,247107.0,7188.6052028188105,1311.8223031631653,0.09369772641968499,2.6106697736035356,2.9510574284138156,0.992,5.472978806427907,15000,3355.0,11645.0,4,2,4.0,2.0,False,,0.3333333333333333
GP_Matern52_PI_GATE_4T2S,Imperfection-aware,2,18,6,150,2,111,6,74851.0,783860,172256.0,0.6970907339735418,99.74244292735888,1.0,0.0,0.6216216216216216,20227.90990990991,61177.0,0.7318377400546798,0.1461098330000823,0.025865542000246933,1.384707504996186,ok,247107.0,247107.0,7092.176709290083,1252.8673477472082,0.11436243118440823,2.431387160922862,2.9048458628344394,0.9916,5.385546192934216,15000,3345.0,11655.0,4,2,4.0,2.0,False,,0.3333333333333333
GP_Matern52_PI_GATE_4T2S,Imperfection-aware,2,19,6,150,2,117,6,74851.0,783860,172256.0,0.6970907339735418,99.74244292735888,1.0,0.0,0.6239316239316239,20604.37606837607,56964.0,0.46654368391799605,0.12057191700296244,0.023147083000367275,1.5284265049995156,ok,247107.0,247107.0,7355.031411955546,1776.8894314476163,0.029983254286618174,3.68282614021242,3.2788690225822945,0.9854,5.205578185732342,15000,3297.0,11703.0,4,2,4.0,2.0,False,,0.3333333333333333
GP_Matern52_PI_GATE_4T2S,Imperfection-aware,2,20,6,150,2,123,6,74851.0,783860,172256.0,0.6970907339735418,99.74244292735888,1.0,0.0,0.6260162601626016,20809.28455284553,61462.0,0.827682810800191,0.19786279199979617,0.022884958001668565,1.7491742550009803,ok,247107.0,247107.0,6886.711046551435,1186.802077619881,0.1758083595761168,2.2336924875834696,2.8574366929924877,0.9906,5.358215791862107,15000,3343.0,11657.0,4,2,4.0,2.0,False,,0.3333333333333333
GP_Matern52_PI_GATE_4T2S,Imperfection-aware,2,21,6,150,2,129,6,74851.0,783860,172256.0,0.6970907339735418,99.74244292735888,1.0,0.0,0.627906976744186,21538.418604651164,63378.0,0.8898772004789881,0.19426374999966356,0.024325541999132838,1.9677635469997767,ok,247107.0,247107.0,6759.280549318401,1145.6798923256313,0.19317173462145026,2.105059554307557,2.8257140610719036,0.9894,5.3168932700638845,15000,3338.0,11662.0,4,2,4.0,2.0,False,,0.3333333333333333
GP_Matern52_PI_GATE_4T2S,Imperfection-aware,2,22,6,150,2,135,6,74851.0,783860,172256.0,0.6970907339735418,99.74244292735888,1.0,0.0,0.6296296296296297,22240.02962962963,66958.0,0.98845723616975,0.3465606249992561,0.025689915997645585,2.3400140879966784,ok,247107.0,247107.0,6711.972629873808,1119.4655200655206,0.2264528828029013,1.9305341198383037,2.786173833032912,0.9876,5.289002183525958,15000,3389.0,11611.0,4,2,4.0,2.0,False,,0.3333333333333333
GP_Matern52_PI_GATE_4T2S,Imperfection-aware,2,23,6,150,2,141,6,74851.0,783860,172256.0,0.6970907339735418,99.74244292735888,1.0,0.0,0.6312056737588653,22924.893617021276,69575.0,0.8098805196870085,0.43977854200056754,0.02963433399781934,2.8094269639950653,ok,247107.0,247107.0,6704.601425133485,1119.9981463376698,0.23154167170330756,1.8968446488289563,2.779750108138082,0.9874,5.307220484426015,15000,3289.0,11711.0,4,2,4.0,2.0,False,,0.3333333333333333
GP_Matern52_PI_GATE_4T2S,Imperfection-aware,2,24,6,150,2,147,6,207331.0,783902,39776.0,0.16096670673028282,99.99895102121363,1.0,1.0,0.6326530612244898,24755.884353741498,207331.0,0.8885244174095192,0.41493762499885634,0.0274184170011722,3.251783005995094,ok,247107.0,247107.0,6654.568414121526,1107.27035979298,0.2329367305389628,1.828532193739338,2.7595781389857255,0.9864,5.202580727666058,15000,3390.0,11610.0,4,2,4.0,2.0,False,,0.3333333333333333
GP_Matern52_PI_GATE_4T2S,Imperfection-aware,2,25,6,150,2,150,3,207331.0,783902,39776.0,0.16096670673028282,99.99895102121363,1.0,1.0,0.6266666666666667,25067.766666666666,121050.0,1.0542256182594827,0.21210570800030837,0.027699165999365505,3.4915878799947677,ok,247107.0,247107.0,6188.954603057831,1045.6647592586164,0.24901721770271845,1.7808274488425109,2.7413829760997572,0.987,5.155706202258441,15000,3348.0,11652.0,1,2,1.0,2.0,False,,0.6666666666666666
GP_Matern52_PI_GATE_4T2S,Imperfection-aware,3,0,6,150,2,3,3,0.0,409668,247107.0,1.0,93.70319341923158,0.0,0.0,0.0,0.0,0.0,1.0055793833043412,0.0,0.0,0.0,initial,247107.0,247107.0,,,,,,,,0,,,0,3,,,False,,1.0
GP_Matern52_PI_GATE_4T2S,Imperfection-aware,3,1,6,150,2,9,6,33849.0,1653487,213258.0,0.8630188541805777,98.58587825421084,0.0,0.0,0.3333333333333333,5217.111111111111,33849.0,0.857270953024473,6.383299842127599e-05,0.0067260840005474165,0.0067899169989686925,constant_target_fallback,247107.0,247107.0,7909.099054228617,1427.68,0.0,0.8171530915714472,3.9560373352279044,0.932,1.0,15000,3394.0,11606.0,4,2,4.0,2.0,False,,0.3333333333333333
GP_Matern52_PI_GATE_4T2S,Imperfection-aware,3,2,6,150,2,15,6,57463.0,620848,189644.0,0.7674570125492196,99.5198627411258,1.0,0.0,0.4666666666666667,13487.8,57463.0,0.3002408346739553,0.017392708999977913,0.008427707998635015,0.03261033399758162,ok,247107.0,247107.0,10357.060797978678,3782.823449486254,0.3483844553749135,2.724728373639013,9.377708946836888,0.6502,1.6452667856941772,15000,3347.0,11653.0,4,2,4.0,2.0,False,,0.3333333333333333
GP_Matern52_PI_GATE_4T2S,Imperfection-aware,3,3,6,150,2,21,6,57463.0,620848,189644.0,0.7674570125492196,99.5198627411258,1.0,0.0,0.5238095238095238,18960.428571428572,56868.0,0.5843555693285248,0.019122166999295587,0.010961416999634821,0.06269391799651203,ok,247107.0,247107.0,5682.793831563381,1086.8093085292653,0.42304407375079134,1.858795243558965,2.674069965717242,0.9586,3.6421569735478245,15000,3325.0,11675.0,4,2,4.0,2.0,False,,0.3333333333333333
GP_Matern52_PI_GATE_4T2S,Imperfection-aware,3,4,6,150,2,27,6,57463.0,620848,189644.0,0.7674570125492196,99.5198627411258,1.0,0.0,0.4074074074074074,14747.0,0.0,0.35549545326303655,0.021770041003037477,0.010075542002596194,0.0945395010021457,ok,247107.0,247107.0,9934.879869441633,2809.4216263982116,0.13113046951490342,3.3226465866871986,10.050453214373972,0.9396,4.46155519287019,15000,3334.0,11666.0,4,2,4.0,2.0,False,,0.3333333333333333
GP_Matern52_PI_GATE_4T2S,Imperfection-aware,3,5,6,150,2,33,6,67114.0,710552,179993.0,0.728401057031974,99.67070261254722,1.0,0.0,0.36363636363636365,14099.484848484848,67114.0,0.504303317895117,0.01669429100002162,0.012969457999133738,0.12420325000130106,ok,247107.0,247107.0,8041.356096771566,1587.431263272449,0.10250727728164201,2.547644919375763,3.891202362621266,0.9904,4.91094825760178,15000,3301.0,11699.0,4,2,4.0,2.0,False,,0.3333333333333333
GP_Matern52_PI_GATE_4T2S,Imperfection-aware,3,6,6,150,2,39,6,67114.0,710552,179993.0,0.728401057031974,99.67070261254722,1.0,0.0,0.3333333333333333,12865.76923076923,36482.0,0.7475353871755672,0.0558424169976206,0.012946916998771485,0.19299258399769315,ok,247107.0,247107.0,28885.146053661207,7988.305329842477,0.24805118461366646,2.609775454676811,6.36499420998254,0.836,3.5523180219134853,15000,3346.0,11654.0,4,2,4.0,2.0,False,,0.3333333333333333
GP_Matern52_PI_GATE_4T2S,Imperfection-aware,3,7,6,150,2,45,6,69843.0,796479,177264.0,0.7173572581917954,99.69733683954493,1.0,0.0,0.37777777777777777,14374.8,69843.0,1.1349157285026965,0.010100875002535759,0.01556604100187542,0.21865950000210432,ok,247107.0,247107.0,7903.753724629299,1453.5267931249975,0.14313402477741696,2.1817423040637425,2.7874489032445786,1.0,4.885888243375054,15000,3320.0,11680.0,4,2,4.0,2.0,False,,0.3333333333333333
GP_Matern52_PI_GATE_4T2S,Imperfection-aware,3,8,6,150,2,51,6,69843.0,796479,177264.0,0.7173572581917954,99.69733683954493,1.0,0.0,0.39215686274509803,15079.078431372549,54768.0,0.7209524917339122,0.03951004200280295,0.017594583001482533,0.2757641250063898,ok,247107.0,247107.0,7912.303675467544,1476.633727060761,0.11665798700598051,2.3726906388414792,2.935101396744101,0.9946,4.665175165318194,15000,3408.0,11592.0,4,2,4.0,2.0,False,,0.3333333333333333
GP_Matern52_PI_GATE_4T2S,Imperfection-aware,3,9,6,150,2,57,6,100942.0,792490,146165.0,0.5915048946407832,99.90375619635047,1.0,1.0,0.43859649122807015,17745.070175438595,100942.0,0.7535305985118527,0.07087970800057519,0.016769082998507656,0.36341291600547265,ok,247107.0,247107.0,7007.001310669731,1272.3262842672223,0.25191013150486663,2.1957582515095866,2.7558358586911766,0.9816,4.001340017932121,15000,3363.0,11637.0,4,2,4.0,2.0,False,,0.3333333333333333
GP_Matern52_PI_GATE_4T2S,Imperfection-aware,3,10,6,150,2,63,6,108312.0,1138721,138795.0,0.5616797581614442,99.93732351751434,1.0,1.0,0.47619047619047616,20898.04761904762,108312.0,0.5702882355076857,0.05694329199832282,0.01738212499913061,0.4377383330029261,ok,247107.0,247107.0,7433.691559193101,1354.5864968467324,0.21657513564803144,2.3799106277387314,2.829425928288537,0.9848,4.238085400089502,15000,3404.0,11596.0,4,2,4.0,2.0,False,,0.3333333333333333
GP_Matern52_PI_GATE_4T2S,Imperfection-aware,3,11,6,150,2,69,6,108312.0,1138721,138795.0,0.5616797581614442,99.93732351751434,1.0,1.0,0.5072463768115942,21525.36231884058,60905.0,0.551221423033262,0.08948295799928019,0.02263445800053887,0.5498557490027451,ok,247107.0,247107.0,7121.388107325406,1266.4544930001405,0.24498770223557462,2.5884557497717178,2.8769374645776526,0.9922,4.339680777931636,15000,3327.0,11673.0,4,2,4.0,2.0,False,,0.3333333333333333
GP_Matern52_PI_GATE_4T2S,Imperfection-aware,3,12,6,150,2,75,6,108312.0,1138721,138795.0,0.5616797581614442,99.93732351751434,1.0,1.0,0.48,19937.36,10052.0,0.5576047051551207,0.09747570900071878,0.017277999999350868,0.6646094580028148,ok,247107.0,247107.0,7994.955700829303,1677.8547601053278,-0.020841860414674677,3.1320739591389293,3.1056531030266274,0.9942,5.157109718610098,15000,3275.0,11725.0,4,2,4.0,2.0,False,,0.3333333333333333
GP_Matern52_PI_GATE_4T2S,Imperfection-aware,3,13,6,150,2,81,6,108312.0,1138721,138795.0,0.5616797581614442,99.93732351751434,1.0,1.0,0.49382716049382713,21894.185185185186,98596.0,0.7689958659295993,0.1251347919969703,0.017472625000664266,0.8072168750004494,ok,247107.0,247107.0,6764.436879533848,1210.9691168629874,0.19514879035895544,2.4432987779308473,2.83426619944831,0.989,4.30837200861005,15000,3301.0,11699.0,4,2,4.0,2.0,False,,0.3333333333333333
GP_Matern52_PI_GATE_4T2S,Imperfection-aware,3,14,6,150,2,87,6,108312.0,1138721,138795.0,0.5616797581614442,99.93732351751434,1.0,1.0,0.5057471264367817,23689.96551724138,100723.0,0.6204854458652526,0.11609704199872795,0.018152166998333996,0.9414660839975113,ok,247107.0,247107.0,7476.963633067072,1379.2442840079511,0.11553715980530706,2.5308126784865514,2.931272036619851,0.975,4.621278392801868,15000,3421.0,11579.0,4,2,4.0,2.0,False,,0.3333333333333333
GP_Matern52_PI_GATE_4T2S,Imperfection-aware,3,15,6,150,2,93,6,159973.0,879685,87134.0,0.3526164778820511,99.99554184015793,1.0,1.0,0.5161290322580645,24760.21505376344,159973.0,0.5213556487847882,0.21260179200180573,0.01916291599991382,1.1732307919992309,ok,247107.0,247107.0,8161.921619605705,1429.5263069914329,0.0610697727558934,2.48713772795784,2.94528423189067,0.9706,4.748598231193584,15000,3259.0,11741.0,4,2,4.0,2.0,False,,0.3333333333333333
GP_Matern52_PI_GATE_4T2S,Imperfection-aware,3,16,6,150,2,99,6,159973.0,879685,87134.0,0.3526164778820511,99.99554184015793,1.0,1.0,0.5252525252525253,25053.252525252527,96938.0,0.9775667544954895,0.14053091700043296,0.02003283299927716,1.333794541998941,ok,247107.0,247107.0,7062.661967665872,1323.3043767798674,0.09052800200428453,2.4800545336502466,2.900261771970641,0.979,4.699397407127846,15000,3360.0,11640.0,4,2,4.0,2.0,False,,0.3333333333333333
GP_Matern52_PI_GATE_4T2S,Imperfection-aware,3,17,6,150,2,105,6,159973.0,879685,87134.0,0.3526164778820511,99.99554184015793,1.0,1.0,0.5333333333333333,26252.657142857144,114835.0,0.9403125878201062,0.17097125000145752,0.02105916700020316,1.5258249590006017,ok,247107.0,247107.0,7047.137716837686,1313.1561503627986,0.0922473193471904,2.4489165670205417,2.9020873534392,0.9776,4.719966836025854,15000,3342.0,11658.0,4,2,4.0,2.0,False,,0.3333333333333333
GP_Matern52_PI_GATE_4T2S,Imperfection-aware,3,18,6,150,2,111,6,159973.0,879685,87134.0,0.3526164778820511,99.99554184015793,1.0,1.0,0.5405405405405406,26327.396396396398,114091.0,0.9979915546384225,0.13850183300019125,0.023198708000563784,1.6875255000013567,ok,247107.0,247107.0,6995.385990920399,1310.7746206095871,0.11855274426564964,2.3464754903225717,2.874654454726378,0.9758,4.707912914092265,15000,3279.0,11721.0,4,2,4.0,2.0,False,,0.3333333333333333
GP_Matern52_PI_GATE_4T2S,Imperfection-aware,3,19,6,150,2,117,6,159973.0,879685,87134.0,0.3526164778820511,99.99554184015793,1.0,1.0,0.5470085470085471,26544.358974358973,103100.0,0.7264200378837758,0.19007829099791707,0.023162458001024788,1.9007662490002986,ok,247107.0,247107.0,6967.8514356119185,1287.762139709622,0.13416504145776156,2.2464331633520267,2.8415837609066816,0.9766,4.666479247938844,15000,3328.0,11672.0,4,2,4.0,2.0,False,,0.3333333333333333
GP_Matern52_PI_GATE_4T2S,Imperfection-aware,3,20,6,150,2,123,6,159973.0,879685,87134.0,0.3526164778820511,99.99554184015793,1.0,1.0,0.5528455284552846,26928.869918699187,138468.0,1.001374962719102,0.21082858299996587,0.0253633330030425,2.136958165003307,ok,247107.0,247107.0,6939.70773263152,1274.9694319493915,0.13690860984310724,2.2527011251376634,2.8412022838429256,0.9774,4.651754156109272,15000,3450.0,11550.0,4,2,4.0,2.0,False,,0.3333333333333333
GP_Matern52_PI_GATE_4T2S,Imperfection-aware,3,21,6,150,2,129,6,159973.0,879685,87134.0,0.3526164778820511,99.99554184015793,1.0,1.0,0.5581395348837209,27704.038759689924,113714.0,0.7608882829901371,0.2319833750007092,0.024944290998973884,2.39388583100299,ok,247107.0,247107.0,6435.164503658799,1154.992687971039,0.1906389034742015,2.2302674291327094,2.8080122954759354,0.9846,4.631307571080909,15000,3367.0,11633.0,4,2,4.0,2.0,False,,0.3333333333333333
GP_Matern52_PI_GATE_4T2S,Imperfection-aware,3,22,6,150,2,135,6,159973.0,879685,87134.0,0.3526164778820511,99.99554184015793,1.0,1.0,0.562962962962963,28978.118518518517,104023.0,1.0214186751501444,0.3799747080011002,0.025751375000254484,2.7996119140043447,ok,247107.0,247107.0,6364.583976774328,1132.55687751033,0.20338018901182328,2.1903455074998592,2.7959280756608904,0.984,4.637350714246841,15000,3374.0,11626.0,4,2,4.0,2.0,False,,0.3333333333333333
GP_Matern52_PI_GATE_4T2S,Imperfection-aware,3,23,6,150,2,141,6,159973.0,879685,87134.0,0.3526164778820511,99.99554184015793,1.0,1.0,0.5673758865248227,30755.64539007092,146186.0,0.9039572297011491,0.4165355000004638,0.026318000000173924,3.2424654140049824,ok,247107.0,247107.0,6269.167483041687,1117.0226400423403,0.2129874949462539,2.141320744320121,2.784411984929819,0.983,4.629134786728697,15000,3354.0,11646.0,4,2,4.0,2.0,False,,0.3333333333333333
GP_Matern52_PI_GATE_4T2S,Imperfection-aware,3,24,6,150,2,147,6,159973.0,879685,87134.0,0.3526164778820511,99.99554184015793,1.0,1.0,0.5714285714285714,31000.122448979593,83882.0,0.6605022512430924,0.365971332998015,0.02786441699936404,3.6363011640023615,ok,247107.0,247107.0,6279.432786207,1107.5242015296042,0.21682191646777177,2.067696186791846,2.7721408041449482,0.9806,4.641737306962037,15000,3401.0,11599.0,4,2,4.0,2.0,False,,0.3333333333333333
GP_Matern52_PI_GATE_4T2S,Imperfection-aware,3,25,6,150,2,150,3,159973.0,879685,87134.0,0.3526164778820511,99.99554184015793,1.0,1.0,0.5666666666666667,31035.133333333335,98252.0,0.825336776014917,0.40146741599892266,0.027423833002103493,4.065192413003388,ok,247107.0,247107.0,6208.928989712258,1082.1514456429989,0.23612300282678303,1.963231161550048,2.7482228251166356,0.9798,4.637174339717252,15000,3311.0,11689.0,1,2,1.0,2.0,False,,0.6666666666666666
GP_Matern52_PI_GATE_4T2S,Imperfection-aware,4,0,6,150,2,3,3,0.0,3806703,247107.0,1.0,93.70319341923158,0.0,0.0,0.0,0.0,0.0,0.8989998979021484,0.0,0.0,0.0,initial,247107.0,247107.0,,,,,,,,0,,,1,2,,,False,,0.6666666666666666
GP_Matern52_PI_GATE_4T2S,Imperfection-aware,4,1,6,150,2,9,6,5899.0,1575801,241208.0,0.9761277503267816,95.46791993407169,0.0,0.0,0.1111111111111111,655.4444444444445,5899.0,0.8264833818905312,6.23339983576443e-05,0.006543540999700781,0.006605874998058425,constant_target_fallback,247107.0,247107.0,8775.797842190761,1529.645,0.0,0.8104050858432441,3.93666540770458,0.9332,1.0,15000,3299.0,11701.0,4,2,4.0,2.0,False,,0.3333333333333333
GP_Matern52_PI_GATE_4T2S,Imperfection-aware,4,2,6,150,2,15,6,19431.0,1648103,227676.0,0.9213660479063726,97.7692482690211,0.0,0.0,0.26666666666666666,3759.6666666666665,19431.0,0.3262475810639692,0.00952516599863884,0.009022041002026526,0.025153081998723792,ok,247107.0,247107.0,8786.885767424947,1770.736832342019,0.017747809136019987,1.5862848097274975,53.95897150598279,0.8194,1.574369155602525,15000,3330.0,11670.0,4,2,4.0,2.0,False,,0.3333333333333333
GP_Matern52_PI_GATE_4T2S,Imperfection-aware,4,3,6,150,2,21,6,41998.0,865434,205109.0,0.8300412371968419,98.97767183092036,0.0,0.0,0.3333333333333333,5444.857142857143,41998.0,0.3945321207556275,0.018699750002269866,0.009666833997471258,0.053519665998464916,ok,247107.0,247107.0,10300.076134947245,2115.5951122193414,0.39167259626076156,1.353026371256039,9.09200304498402,0.881,2.16560620073808,15000,3281.0,11719.0,4,2,4.0,2.0,False,,0.3333333333333333
GP_Matern52_PI_GATE_4T2S,Imperfection-aware,4,4,6,150,2,27,6,42608.0,1214756,204499.0,0.8275726709482127,99.00584674551054,1.0,0.0,0.4074074074074074,8537.814814814816,42608.0,0.49883195505747774,0.013637166997796157,0.010751000001619104,0.07790783299788018,ok,247107.0,247107.0,8546.124392891052,1482.580979798485,0.24449445580112672,1.808143427674914,2.586601961958273,0.9906,3.8591714459789617,15000,3290.0,11710.0,4,2,4.0,2.0,False,,0.3333333333333333
GP_Matern52_PI_GATE_4T2S,Imperfection-aware,4,5,6,150,2,33,6,84950.0,1034128,162157.0,0.6562217986540244,99.81020040084103,1.0,0.0,0.45454545454545453,13950.212121212122,84950.0,0.5736907883243512,0.028191958997922484,0.011181125002622139,0.1172809169984248,ok,247107.0,247107.0,8529.81108766008,1495.8737862137814,0.26088610527288303,2.129402310113912,2.705981688334087,0.9938,4.000690189191112,15000,3258.0,11742.0,4,2,4.0,2.0,False,,0.3333333333333333
GP_Matern52_PI_GATE_4T2S,Imperfection-aware,4,6,6,150,2,39,6,145632.0,1121587,101475.0,0.4106520657043305,99.99073948415158,1.0,1.0,0.5128205128205128,21700.897435897437,145632.0,0.7186809816798233,0.045451457997842226,0.012146249999204883,0.1748786249954719,ok,247107.0,247107.0,8579.69960915051,1529.7239324493135,0.12033051850121193,2.442361469038938,2.8561417386973877,0.9928,4.420845190932797,15000,3345.0,11655.0,4,2,4.0,2.0,False,,0.3333333333333333
GP_Matern52_PI_GATE_4T2S,Imperfection-aware,4,7,6,150,2,45,6,145632.0,1121587,101475.0,0.4106520657043305,99.99073948415158,1.0,1.0,0.5333333333333333,21543.71111111111,90708.0,0.7200471461322204,0.05214229199918918,0.015024166998045985,0.24204508399270708,ok,247107.0,247107.0,8581.444111596093,1576.2285343014478,0.01115065826655171,2.72404018437343,2.977712610148127,0.991,4.831186777706312,15000,3453.0,11547.0,4,2,4.0,2.0,False,,0.3333333333333333
GP_Matern52_PI_GATE_4T2S,Imperfection-aware,4,8,6,150,2,51,6,145632.0,1121587,101475.0,0.4106520657043305,99.99073948415158,1.0,1.0,0.5490196078431373,22687.333333333332,70745.0,0.5788307112430651,0.02642020799976308,0.01599016600084724,0.2844554579933174,ok,247107.0,247107.0,8591.882465903032,1623.7120860992952,0.01558566024990425,2.9941945720654233,3.0384631809812643,0.9952,4.626674796079128,15000,3362.0,11638.0,4,2,4.0,2.0,False,,0.3333333333333333
GP_Matern52_PI_GATE_4T2S,Imperfection-aware,4,9,6,150,2,57,6,145632.0,1121587,101475.0,0.4106520657043305,99.99073948415158,1.0,1.0,0.5614035087719298,24745.508771929824,133332.0,0.6337841677454195,0.03819758299869136,0.014869582999381237,0.33752262399139,ok,247107.0,247107.0,8563.954768170024,1619.3074394821542,0.0023533900334660983,2.937212737613827,3.024693599878834,0.9932,4.84019410637936,15000,3360.0,11640.0,4,2,4.0,2.0,False,,0.3333333333333333
GP_Matern52_PI_GATE_4T2S,Imperfection-aware,4,10,6,150,2,63,6,145632.0,1121587,101475.0,0.4106520657043305,99.99073948415158,1.0,1.0,0.5714285714285714,26151.666666666668,109500.0,1.23339221461795,0.04717470900141052,0.018164917000831338,0.40286224999363185,ok,247107.0,247107.0,8488.481142463586,1625.5011705336788,0.015290198850889447,2.9422033911362333,3.0340213702271064,0.9922,5.04267358099943,15000,3419.0,11581.0,4,2,4.0,2.0,False,,0.3333333333333333
GP_Matern52_PI_GATE_4T2S,Imperfection-aware,4,11,6,150,2,69,6,145632.0,1121587,101475.0,0.4106520657043305,99.99073948415158,1.0,1.0,0.5797101449275363,25235.681159420288,37736.0,1.074978859216744,0.08684112500122865,0.01834262500051409,0.5080459999953746,ok,247107.0,247107.0,8433.816734557819,1593.221905680305,-0.0014606693833550566,2.80115768305359,3.0743506092706836,0.985,5.448035326319132,15000,3330.0,11670.0,4,2,4.0,2.0,False,,0.3333333333333333
GP_Matern52_PI_GATE_4T2S,Imperfection-aware,4,12,6,150,2,75,6,145632.0,1121587,101475.0,0.4106520657043305,99.99073948415158,1.0,1.0,0.5333333333333333,23216.826666666668,0.0,1.1420528040414162,0.15327987499767914,0.019535333001840627,0.6808612079948944,ok,247107.0,247107.0,8427.509956870073,1578.0468674311935,0.0018072837802731224,2.759318637216855,3.0608431455843093,0.9856,5.42040520470326,15000,3424.0,11576.0,4,2,4.0,2.0,False,,0.3333333333333333
GP_Matern52_PI_GATE_4T2S,Imperfection-aware,4,13,6,150,2,81,6,145632.0,1121587,101475.0,0.4106520657043305,99.99073948415158,1.0,1.0,0.5308641975308642,23916.777777777777,110541.0,0.947142031091816,0.0748137089976808,0.01880804100073874,0.7744829579933139,ok,247107.0,247107.0,8435.260645853752,1519.6732011835174,-0.04135884022927944,2.520609905052144,2.9827185696299194,0.9852,5.070251648437337,15000,3375.0,11625.0,4,2,4.0,2.0,False,,0.3333333333333333
GP_Matern52_PI_GATE_4T2S,Imperfection-aware,4,14,6,150,2,87,6,145632.0,1121587,101475.0,0.4106520657043305,99.99073948415158,1.0,1.0,0.5402298850574713,23420.126436781607,66118.0,0.9729339153142589,0.06759604200124159,0.01915500000177417,0.8612339999963297,ok,247107.0,247107.0,9156.123491559736,1581.107520966007,0.08410157431862907,2.2996528328994668,2.910607166303172,0.9854,5.400456365172345,15000,3360.0,11640.0,4,2,4.0,2.0,False,,0.3333333333333333
GP_Matern52_PI_GATE_4T2S,Imperfection-aware,4,15,6,150,2,93,6,145632.0,1121587,101475.0,0.4106520657043305,99.99073948415158,1.0,1.0,0.5376344086021505,22093.41935483871,10835.0,0.46108699995291186,0.06677062499875319,0.01822337499834248,0.9462279999934253,ok,247107.0,247107.0,8470.252152388637,1542.6450682510647,0.17992804717276117,2.4623449832256927,2.900244622889626,0.991,5.146427321500833,15000,3321.0,11679.0,4,2,4.0,2.0,False,,0.3333333333333333
GP_Matern52_PI_GATE_4T2S,Imperfection-aware,4,16,6,150,2,99,6,156695.0,1043976,90412.0,0.3658819863459959,99.99421422638143,1.0,1.0,0.5454545454545454,24137.929292929293,156695.0,0.5894465875074556,0.08808279200093239,0.020177957998384954,1.0544887499927427,ok,247107.0,247107.0,8010.291269932954,1449.0910638302746,0.24855740962599593,2.3435503740639207,2.8762875695182237,0.9876,4.984927330017283,15000,3364.0,11636.0,4,2,4.0,2.0,False,,0.3333333333333333
GP_Matern52_PI_GATE_4T2S,Imperfection-aware,4,17,6,150,2,105,6,156695.0,1043976,90412.0,0.3658819863459959,99.99421422638143,1.0,1.0,0.5619047619047619,25934.32380952381,112000.0,0.6887394492072211,0.11577170799864689,0.02113445800205227,1.1913949159934418,ok,247107.0,247107.0,8098.104594151984,1434.8670531870964,0.24161418525334183,2.3181577465989687,2.8622459669760576,0.9902,5.1409226344337835,15000,3424.0,11576.0,4,2,4.0,2.0,False,,0.3333333333333333
GP_Matern52_PI_GATE_4T2S,Imperfection-aware,4,18,6,150,2,111,6,156695.0,1043976,90412.0,0.3658819863459959,99.99421422638143,1.0,1.0,0.5765765765765766,25911.405405405407,67208.0,0.595333778420315,0.09641658300097333,0.0215484580003249,1.30935995699474,ok,247107.0,247107.0,94053.2125638933,6952.700828070899,0.3260848549408852,2.1129776521770154,2.8722877242280758,0.9848,5.562965738602969,15000,3423.0,11577.0,4,2,4.0,2.0,False,,0.3333333333333333
GP_Matern52_PI_GATE_4T2S,Imperfection-aware,4,19,6,150,2,117,6,156695.0,1043976,90412.0,0.3658819863459959,99.99421422638143,1.0,1.0,0.5982905982905983,24974.470085470086,13858.0,0.3394166698764259,0.1418549170011829,0.023132792000978952,1.474347665996902,ok,247107.0,247107.0,9074.972917581063,1527.7919093658143,0.3226563819964709,2.0570643829076296,2.824128000722365,0.9854,5.286342110047261,15000,3391.0,11609.0,4,2,4.0,2.0,False,,0.3333333333333333
GP_Matern52_PI_GATE_4T2S,Imperfection-aware,4,20,6,150,2,123,6,156695.0,1043976,90412.0,0.3658819863459959,99.99421422638143,1.0,1.0,0.6016260162601627,24979.52032520325,109755.0,0.880312994164887,0.20654175000163377,0.022594915997615317,1.703484331996151,ok,247107.0,247107.0,7946.60318938206,1389.1395453175571,0.30996562625912205,2.0905049300645806,2.827473460588427,0.9864,5.218456904314211,15000,3449.0,11551.0,4,2,4.0,2.0,False,,0.3333333333333333
GP_Matern52_PI_GATE_4T2S,Imperfection-aware,4,21,6,150,2,129,6,156695.0,1043976,90412.0,0.3658819863459959,99.99421422638143,1.0,1.0,0.6046511627906976,25968.178294573645,94480.0,0.48287169615388603,0.1791490409996186,0.024525624998204876,1.9071589979939745,ok,247107.0,247107.0,7665.437647942652,1376.6056342613392,0.21559015490900607,2.4563794290720007,2.9184454471944656,0.986,5.150076004869562,15000,3345.0,11655.0,4,2,4.0,2.0,False,,0.3333333333333333
GP_Matern52_PI_GATE_4T2S,Imperfection-aware,4,22,6,150,2,135,6,156695.0,1043976,90412.0,0.3658819863459959,99.99421422638143,1.0,1.0,0.6074074074074074,26445.962962962964,107270.0,0.7945438990611916,0.3325330830011808,0.025866291998681845,2.265558372993837,ok,247107.0,247107.0,7861.122687521553,1389.6305259633061,0.16575613940347053,2.4221083303095234,2.9221730730054167,0.9854,5.249778772658423,15000,3305.0,11695.0,4,2,4.0,2.0,False,,0.3333333333333333
GP_Matern52_PI_GATE_4T2S,Imperfection-aware,4,23,6,150,2,141,6,156695.0,1043976,90412.0,0.3658819863459959,99.99421422638143,1.0,1.0,0.6099290780141844,25612.063829787236,13978.0,0.8847690234939393,0.28135991700037266,0.02562124999894877,2.5725395399931585,ok,247107.0,247107.0,8108.456837091913,1374.8560959582821,0.25499026466200164,1.9974351881146863,2.8038713851350825,0.9806,5.111869147270669,15000,3346.0,11654.0,4,2,4.0,2.0,False,,0.3333333333333333
GP_Matern52_PI_GATE_4T2S,Imperfection-aware,4,24,6,150,2,147,6,156695.0,1043976,90412.0,0.3658819863459959,99.99421422638143,1.0,1.0,0.6122448979591837,25659.108843537415,80800.0,1.0378141990323613,0.255515374999959,0.02747912499762606,2.8555340399907436,ok,247107.0,247107.0,7844.2791570389945,1332.302062902159,0.2318378456858237,2.0337506475459888,2.795910303586008,0.9816,5.068525665856374,15000,3361.0,11639.0,4,2,4.0,2.0,False,,0.3333333333333333
GP_Matern52_PI_GATE_4T2S,Imperfection-aware,4,25,6,150,2,150,3,156695.0,1043976,90412.0,0.3658819863459959,99.99421422638143,1.0,1.0,0.6066666666666667,25189.353333333333,6514.0,1.4334893972998255,0.368218916002661,0.02615950000108569,3.2499124559944903,ok,247107.0,247107.0,7803.782377398349,1316.4759851896042,0.24372166605319043,1.9668738288753411,2.780207572703915,0.9804,5.02679337462533,15000,3345.0,11655.0,1,2,1.0,2.0,False,,0.6666666666666666
