method,family,run,iteration,n_experiments,batch_size_added,best_q,best_pool_idx,simple_regret,normalized_regret,best_rank_percentile,hit_top1pct,hit_top0_1pct,success_fraction_selected,mean_q_selected,last_batch_best_q,mean_pairwise_batch_distance,fit_seconds,acq_seconds,cum_seconds,status,pool_oracle_best_q,full_grid_best_q,surrogate_rmse_raw,surrogate_mae_raw,surrogate_spearman_raw,surrogate_crps,surrogate_nll,surrogate_coverage95,surrogate_mean_sd,n_acq_candidates,n_trustworthy_candidates,n_suspicious_candidates,selected_trustworthy,selected_suspicious,requested_trustworthy,requested_suspicious,gate_fallback,fallback_slots,selected_suspicious_fraction
GP_Matern52_PI,Acquisition Ablation,0,0,3,3,0.0,2370341,247107.0,1.0,93.70319341923158,0.0,0.0,0.0,0.0,0.0,1.0123451313576954,0.0,0.0,0.0,initial,247107.0,247107.0,,,,,,,,0,,,0,3,,,False,,1.0
GP_Matern52_PI,Acquisition Ablation,0,1,6,3,0.0,2370341,247107.0,1.0,93.70319341923158,0.0,0.0,0.0,0.0,0.0,0.8380755797181075,0.00010895800005528145,0.004808541998500004,0.004917499998555286,constant_target_fallback,247107.0,247107.0,8794.15225607335,1574.217,0.0,0.8138185086950146,3.9690805000534337,0.9332,1.0,15000,3347.0,11653.0,0,3,,,False,,1.0
GP_Matern52_PI,Acquisition Ablation,0,2,9,3,12822.0,1560621,234285.0,0.9481115468197987,96.96140348116722,0.0,0.0,0.1111111111111111,1424.6666666666667,12822.0,0.9198783804508924,9.633299850975163e-05,0.005046499998570653,0.01006033299563569,constant_target_fallback,247107.0,247107.0,8794.15225607335,1574.217,0.0,0.8138185086950146,3.9690805000534337,0.9332,1.0,15000,3365.0,11635.0,1,2,,,False,,0.6666666666666666
GP_Matern52_PI,Acquisition Ablation,0,3,12,3,12822.0,1560621,234285.0,0.9481115468197987,96.96140348116722,0.0,0.0,0.08333333333333333,1068.5,0.0,0.5991789096033819,0.014929332999599865,0.007972250001330394,0.03296191599656595,ok,247107.0,247107.0,8991.797645982946,2196.483552623364,0.07404779132257312,1.9446813494446054,33.53025568497667,0.8234,1.4425157198681766,15000,3271.0,11729.0,2,1,,,False,,0.3333333333333333
GP_Matern52_PI,Acquisition Ablation,0,4,15,3,12822.0,1560621,234285.0,0.9481115468197987,96.96140348116722,0.0,0.0,0.06666666666666667,854.8,0.0,0.43788635811376525,0.01804870799969649,0.011721291997673688,0.06273191599393613,ok,247107.0,247107.0,8805.75084502448,1602.3644469018016,0.05665064757252059,1.2033415272648667,4.763915878767138,0.9196,2.501007520862105,15000,3365.0,11635.0,3,0,,,False,,0.0
GP_Matern52_PI,Acquisition Ablation,0,5,18,3,12822.0,1560621,234285.0,0.9481115468197987,96.96140348116722,0.0,0.0,0.05555555555555555,712.3333333333334,0.0,0.41393769576561823,0.021538083998166258,0.010151667000172893,0.09442166699227528,ok,247107.0,247107.0,8818.732132054634,1615.7691107148619,0.06327480679801498,1.0882818981069766,20.61099703671455,0.9296,2.2402675199327686,15000,3280.0,11720.0,1,2,,,False,,0.6666666666666666
GP_Matern52_PI,Acquisition Ablation,0,6,21,3,12822.0,1560621,234285.0,0.9481115468197987,96.96140348116722,0.0,0.0,0.09523809523809523,1164.5714285714287,11634.0,1.481177459630554,0.006484624998847721,0.010458834000019124,0.11136512599114212,ok,247107.0,247107.0,8794.015045962507,1574.810776785027,0.12807164878269772,1.0358520422940365,2.2994774642402462,0.9332,2.1666468437761663,15000,3415.0,11585.0,1,2,,,False,,0.6666666666666666
GP_Matern52_PI,Acquisition Ablation,0,7,24,3,17540.0,1552143,229567.0,0.9290186032771228,97.56931946845623,0.0,0.0,0.16666666666666666,2411.8333333333335,17540.0,0.3537213708759366,0.017559040999913123,0.011372208999091526,0.14029637599014677,ok,247107.0,247107.0,8890.413122421052,1852.520792323399,-0.07587602278497038,1.2606123870350279,47.485442384743756,0.8618,1.2794146373328021,15000,3306.0,11694.0,3,0,,,False,,0.0
GP_Matern52_PI,Acquisition Ablation,0,8,27,3,50062.0,1548903,197045.0,0.7974076007559479,99.31445958251956,1.0,0.0,0.25925925925925924,6778.407407407408,50062.0,0.3748437405544173,0.023370208000415005,0.007996000000275671,0.17166258399083745,ok,247107.0,247107.0,8556.232085007552,1541.6537985503144,0.3122000815976293,0.9154485625474114,8.356781473523915,0.9064,1.5513211843227268,15000,3463.0,11537.0,3,0,,,False,,0.0
GP_Matern52_PI,Acquisition Ablation,0,9,30,3,63196.0,1633385,183911.0,0.7442565366420215,99.61999104434362,1.0,0.0,0.26666666666666666,8207.1,63196.0,0.5931787839201701,0.0320486249984242,0.012295500000618631,0.21600670898988028,ok,247107.0,247107.0,8668.17988656446,1592.8478411650399,0.30836248703671365,1.0437116347462856,3.6597626157176237,0.9182,1.9521129294888881,15000,3378.0,11622.0,1,2,,,False,,0.6666666666666666
GP_Matern52_PI,Acquisition Ablation,0,10,33,3,63196.0,1633385,183911.0,0.7442565366420215,99.61999104434362,1.0,0.0,0.3333333333333333,10518.848484848484,42709.0,0.45080024152372417,0.04633766600090894,0.01561266600037925,0.27795704099116847,ok,247107.0,247107.0,8495.8576071673,1477.252829965588,0.3363190511696834,1.0724049483937113,2.329900756110495,0.941,2.5379287855924684,15000,3347.0,11653.0,3,0,,,False,,0.0
GP_Matern52_PI,Acquisition Ablation,0,11,36,3,63196.0,1633385,183911.0,0.7442565366420215,99.61999104434362,1.0,0.0,0.3888888888888889,13409.861111111111,50038.0,0.1782865259703411,0.038641292001557304,0.023115624997444684,0.33971395799017046,ok,247107.0,247107.0,8447.81581228664,1465.7406609593945,0.32762017723927883,1.1550098889559173,2.4230218465924254,0.939,2.6915662593235514,15000,3317.0,11683.0,3,0,,,False,,0.0
GP_Matern52_PI,Acquisition Ablation,0,12,39,3,63196.0,1633385,183911.0,0.7442565366420215,99.61999104434362,1.0,0.0,0.4358974358974359,16640.410256410258,59096.0,0.08760784117111196,0.05043275000207359,0.011151041002449347,0.4012977489946934,ok,247107.0,247107.0,8387.743692743972,1450.678852593454,0.32618548317647983,1.189957575527344,2.4793464135418537,0.9346,2.6954616984821302,15000,3316.0,11684.0,3,0,,,False,,0.0
GP_Matern52_PI,Acquisition Ablation,0,13,42,3,63196.0,1633385,183911.0,0.7442565366420215,99.61999104434362,1.0,0.0,0.47619047619047616,19026.690476190477,53261.0,0.2531936093651375,0.03900091700052144,0.014866541998344474,0.4551652079935593,ok,247107.0,247107.0,8366.532290822584,1446.8565348574039,0.32199464530361666,1.2150380986337659,2.5504819581729397,0.932,2.735104847623026,15000,3374.0,11626.0,3,0,,,False,,0.0
GP_Matern52_PI,Acquisition Ablation,0,14,45,3,72767.0,1469083,174340.0,0.7055243275180387,99.72446277534873,1.0,0.0,0.5111111111111111,21992.977777777778,72767.0,0.32625615040746087,0.06254774999979418,0.013744416999543319,0.5314573749928968,ok,247107.0,247107.0,8334.744706127323,1438.5269624278747,0.3201499371556426,1.237850788340062,2.595092966190134,0.9316,2.787370497741864,15000,3318.0,11682.0,3,0,,,False,,0.0
GP_Matern52_PI,Acquisition Ablation,0,15,48,3,72767.0,1469083,174340.0,0.7055243275180387,99.72446277534873,1.0,0.0,0.5416666666666666,23695.75,62012.0,0.3179852851063739,0.04109841700119432,0.013869375001377193,0.5864251669954683,ok,247107.0,247107.0,8264.30326332097,1419.1056122089285,0.32668884052522273,1.2601480817751642,2.627922241069333,0.93,2.8619112581366206,15000,3344.0,11656.0,3,0,,,False,,0.0
GP_Matern52_PI,Acquisition Ablation,0,16,51,3,72767.0,1469083,174340.0,0.7055243275180387,99.72446277534873,1.0,0.0,0.5490196078431373,23722.352941176472,68958.0,1.0070626405081287,0.03774679199705133,0.015912625000055414,0.6400845839925751,ok,247107.0,247107.0,8292.551087850155,1423.4649118203033,0.322904215287141,1.2825681187689302,2.707175847503617,0.9296,2.8359723240687718,15000,3322.0,11678.0,2,1,,,False,,0.3333333333333333
GP_Matern52_PI,Acquisition Ablation,0,17,54,3,72767.0,1469083,174340.0,0.7055243275180387,99.72446277534873,1.0,0.0,0.5185185185185185,22404.444444444445,0.0,0.4080770141691486,0.060669958002108615,0.018942124999739463,0.7196966669944231,ok,247107.0,247107.0,8334.58403972412,1431.9142999299693,0.3485452140173926,1.1585830253754266,2.6527432965301525,0.9288,2.7955888221405445,15000,3388.0,11612.0,0,3,,,False,,1.0
GP_Matern52_PI,Acquisition Ablation,0,18,57,3,72767.0,1469083,174340.0,0.7055243275180387,99.72446277534873,1.0,0.0,0.5263157894736842,23246.859649122805,65727.0,1.154950927031454,0.061493458997574635,0.01550212499932968,0.7966922509913275,ok,247107.0,247107.0,8334.799292672333,1430.0971432057668,0.35934837894995886,1.0848979875476084,2.633349271321319,0.927,2.6587454601066534,15000,3325.0,11675.0,2,1,,,False,,0.3333333333333333
GP_Matern52_PI,Acquisition Ablation,0,19,60,3,72767.0,1469083,174340.0,0.7055243275180387,99.72446277534873,1.0,0.0,0.5333333333333333,23186.55,45019.0,0.8450584996882432,0.09597425000174553,0.018332084000576288,0.9109985849936493,ok,247107.0,247107.0,8342.950518279444,1432.0984524088517,0.3705741299484103,1.0384285008819216,2.65106423070957,0.9252,2.6021513551583846,15000,3438.0,11562.0,2,1,,,False,,0.3333333333333333
GP_Matern52_PI,Acquisition Ablation,0,20,63,3,72767.0,1469083,174340.0,0.7055243275180387,99.72446277534873,1.0,0.0,0.5555555555555556,24532.444444444445,58633.0,0.5512136764188554,0.044630667001911206,0.024479334002535325,0.9801085859980958,ok,247107.0,247107.0,8387.25268946961,1440.829206092323,0.37301942821929457,1.039722686032821,2.6558470980466593,0.925,2.610199539709577,15000,3420.0,11580.0,3,0,,,False,,0.0
GP_Matern52_PI,Acquisition Ablation,0,21,66,3,72767.0,1469083,174340.0,0.7055243275180387,99.72446277534873,1.0,0.0,0.5454545454545454,24232.727272727272,53816.0,1.0747884064089586,0.10862641599669587,0.01984045800054446,1.1085754599953361,ok,247107.0,247107.0,8387.434001914184,1441.7270327249703,0.36787505835696305,1.0522944688594194,2.6936640639022476,0.9248,2.6406739554101297,15000,3247.0,11753.0,1,2,,,False,,0.6666666666666666
GP_Matern52_PI,Acquisition Ablation,0,22,69,3,72767.0,1469083,174340.0,0.7055243275180387,99.72446277534873,1.0,0.0,0.5652173913043478,25712.753623188404,68283.0,0.258111178823925,0.09428341700186138,0.025210042000253452,1.228068918997451,ok,247107.0,247107.0,8385.785451510963,1440.9093605682417,0.3782679759668069,1.0058029406699962,2.676301855087193,0.9236,2.5013410415199373,15000,3345.0,11655.0,3,0,,,False,,0.0
GP_Matern52_PI,Acquisition Ablation,0,23,72,3,75554.0,1555519,171553.0,0.6942458125427446,99.74736001541999,1.0,0.0,0.5694444444444444,26299.194444444445,75554.0,0.6668592729361529,0.11695579099978204,0.02045341700068093,1.365478126997914,ok,247107.0,247107.0,8377.829399761149,1438.4632996335129,0.37815048867987294,1.0078149904871854,2.7085538891332948,0.9228,2.505194041498426,15000,3379.0,11621.0,2,1,,,False,,0.3333333333333333
GP_Matern52_PI,Acquisition Ablation,0,24,75,3,75554.0,1555519,171553.0,0.6942458125427446,99.74736001541999,1.0,0.0,0.5866666666666667,27850.453333333335,68360.0,0.17564270567358442,0.12259729099969263,0.023295875002077082,1.5113712929996836,ok,247107.0,247107.0,8393.06084730071,1439.4000008676744,0.34140340977630396,1.037753012608938,2.844471524989093,0.9214,2.5026312912889703,15000,3361.0,11639.0,3,0,,,False,,0.0
GP_Matern52_PI,Acquisition Ablation,0,25,78,3,75554.0,1555519,171553.0,0.6942458125427446,99.74736001541999,1.0,0.0,0.5769230769230769,26827.141025641027,3733.0,0.9328370220421048,0.1119719169983,0.0303282089989807,1.6536714189969643,ok,247107.0,247107.0,8393.933643641945,1439.6002951085154,0.3424327012694889,1.0450208021219225,2.863049156421492,0.9206,2.5093541557125616,15000,3361.0,11639.0,2,1,,,False,,0.3333333333333333
GP_Matern52_PI,Acquisition Ablation,0,26,81,3,75554.0,1555519,171553.0,0.6942458125427446,99.74736001541999,1.0,0.0,0.5925925925925926,26634.20987654321,39892.0,0.4640531828648542,0.16218704199854983,0.028985416000068653,1.8448438769955828,ok,247107.0,247107.0,8395.384399438304,1440.619180776789,0.3245083138953352,1.195698251211006,2.7084989980035434,0.9316,3.1584699567309324,15000,3347.0,11653.0,3,0,,,False,,0.0
GP_Matern52_PI,Acquisition Ablation,0,27,84,3,75554.0,1555519,171553.0,0.6942458125427446,99.74736001541999,1.0,0.0,0.5714285714285714,25682.988095238095,0.0,0.2126298320939949,0.09025179099990055,0.016358583001419902,1.9514542509969033,ok,247107.0,247107.0,8365.357501155771,1435.368714957678,0.32713485193672426,1.2112611979242516,2.7314423434127755,0.9304,3.2136846462520556,15000,3348.0,11652.0,0,3,,,False,,1.0
GP_Matern52_PI,Acquisition Ablation,0,28,87,3,75554.0,1555519,171553.0,0.6942458125427446,99.74736001541999,1.0,0.0,0.5632183908045977,25389.862068965518,51547.0,0.7428701251222959,0.06325683300019591,0.016944040999078425,2.0316551249961776,ok,247107.0,247107.0,8365.50298382469,1434.222178454543,0.34390779123261983,1.155496257900557,2.707475624522139,0.9292,3.065306508535185,15000,3345.0,11655.0,1,2,,,False,,0.6666666666666666
GP_Matern52_PI,Acquisition Ablation,0,29,90,3,75554.0,1555519,171553.0,0.6942458125427446,99.74736001541999,1.0,0.0,0.5777777777777777,26396.933333333334,65583.0,0.5100562329147328,0.11359804200037615,0.020439208998141112,2.165692375994695,ok,247107.0,247107.0,8368.957109040082,1434.8205220208943,0.3612929067792781,1.1134547696970554,2.6959341274837336,0.9282,2.9474966403035805,15000,3407.0,11593.0,3,0,,,False,,0.0
GP_Matern52_PI,Acquisition Ablation,0,30,93,3,75554.0,1555519,171553.0,0.6942458125427446,99.74736001541999,1.0,0.0,0.5591397849462365,25545.41935483871,0.0,0.6207804031718794,0.20379208300073515,0.026859000001422828,2.396343458996853,ok,247107.0,247107.0,8365.822425775903,1434.921434222888,0.36374848491466044,1.1170894955316897,2.7140825840844074,0.9278,2.9478772422416624,15000,3410.0,11590.0,0,3,,,False,,1.0
GP_Matern52_PI,Acquisition Ablation,0,31,96,3,103187.0,1120076,143920.0,0.5824197614798448,99.91432793568187,1.0,1.0,0.5729166666666666,27256.572916666668,103187.0,0.42551355067478136,0.11454041699835216,0.01895958300156053,2.5298434589967655,ok,247107.0,247107.0,8368.497941536314,1435.7812550741855,0.3746971024602841,1.0820158693624549,2.6960774574215427,0.926,2.7447942883032663,15000,3370.0,11630.0,3,0,,,False,,0.0
GP_Matern52_PI,Acquisition Ablation,0,32,99,3,116600.0,1124108,130507.0,0.5281396318194143,99.96331852306409,1.0,1.0,0.5858585858585859,29175.62626262626,116600.0,0.5407869084964907,0.13741291699989233,0.027068708001024788,2.6943250839976827,ok,247107.0,247107.0,7892.468719308618,1322.702144404386,0.391269229329514,1.0653948951516423,2.6170769979565427,0.9364,2.925040315038994,15000,3365.0,11635.0,3,0,,,False,,0.0
GP_Matern52_PI,Acquisition Ablation,0,33,102,3,118668.0,1036417,128439.0,0.5197707875535699,99.96749804791604,1.0,1.0,0.5980392156862745,31654.147058823528,118668.0,0.18051377404950886,0.149521833001927,0.024777541002549697,2.8686244580021594,ok,247107.0,247107.0,7897.105346088736,1325.9541237333483,0.39093273753083835,1.0723426079906093,2.6545389154574726,0.9312,2.9013796749930005,15000,3337.0,11663.0,3,0,,,False,,0.0
GP_Matern52_PI,Acquisition Ablation,0,34,105,3,118668.0,1036417,128439.0,0.5197707875535699,99.96749804791604,1.0,1.0,0.6095238095238096,33511.22857142857,114938.0,0.4144430044318062,0.12124174999917159,0.027081374999397667,3.0169475830007286,ok,247107.0,247107.0,7798.564212079081,1312.1860480064038,0.3901585561210123,1.0857552295152615,2.6616119717773326,0.9314,2.947257199376374,15000,3335.0,11665.0,3,0,,,False,,0.0
GP_Matern52_PI,Acquisition Ablation,0,35,108,3,118668.0,1036417,128439.0,0.5197707875535699,99.96749804791604,1.0,1.0,0.6203703703703703,34645.666666666664,86624.0,0.2584816555847314,0.1652791669985163,0.035407667000981746,3.2176344170002267,ok,247107.0,247107.0,7608.105092230913,1268.732507061527,0.39089220599117186,1.098311872546423,2.671904860664783,0.931,2.967693857130937,15000,3373.0,11627.0,3,0,,,False,,0.0
GP_Matern52_PI,Acquisition Ablation,0,36,111,3,118668.0,1036417,128439.0,0.5197707875535699,99.96749804791604,1.0,1.0,0.6306306306306306,35685.91891891892,109924.0,0.40994021524691626,0.19021237500055577,0.025562667000485817,3.4334094590012683,ok,247107.0,247107.0,7520.684416885649,1255.273925221477,0.38914704358410446,1.112068649323922,2.7271646906583866,0.9278,2.981930398421253,15000,3470.0,11530.0,3,0,,,False,,0.0
GP_Matern52_PI,Acquisition Ablation,0,37,114,3,118668.0,1036417,128439.0,0.5197707875535699,99.96749804791604,1.0,1.0,0.6403508771929824,37291.38596491228,106660.0,0.28008004298941563,0.12117162499998813,0.031432667001354275,3.5860137510026107,ok,247107.0,247107.0,7344.761312013801,1227.1585914254001,0.39056903790125996,1.121337264666004,2.7472220020891287,0.929,3.0372262551168356,15000,3346.0,11654.0,3,0,,,False,,0.0
GP_Matern52_PI,Acquisition Ablation,0,38,117,3,130750.0,1120833,116357.0,0.47087698851104987,99.98138062654192,1.0,1.0,0.6495726495726496,39362.08547008547,130750.0,0.3437696270689579,0.17970587500167312,0.02439516600134084,3.7901147920056246,ok,247107.0,247107.0,7342.591515708995,1227.0153032285505,0.3902978811189965,1.1253707727841917,2.761704886262706,0.9288,3.0457352645784863,15000,3340.0,11660.0,3,0,,,False,,0.0
GP_Matern52_PI,Acquisition Ablation,0,39,120,3,130750.0,1120833,116357.0,0.47087698851104987,99.98138062654192,1.0,1.0,0.6416666666666667,39109.05,87722.0,0.9466384184292668,0.14774008299718844,0.028501584001787705,3.9663564590046008,ok,247107.0,247107.0,7366.4667201714265,1230.9651780179365,0.3902053926161412,1.131942432597333,2.764586619465812,0.9276,3.0669722619660322,15000,3277.0,11723.0,1,2,,,False,,0.6666666666666666
GP_Matern52_PI,Acquisition Ablation,0,40,123,3,130750.0,1120833,116357.0,0.47087698851104987,99.98138062654192,1.0,1.0,0.6341463414634146,39053.666666666664,110515.0,1.1445722879652755,0.22168012499969336,0.028071250002540182,4.216107834006834,ok,247107.0,247107.0,7366.633479916901,1232.0396092502567,0.39362870716272025,1.100909349637757,2.7450486691157088,0.9272,2.974633234125431,15000,3326.0,11674.0,1,2,,,False,,0.6666666666666666
GP_Matern52_PI,Acquisition Ablation,0,41,126,3,130750.0,1120833,116357.0,0.47087698851104987,99.98138062654192,1.0,1.0,0.6428571428571429,40253.97619047619,111268.0,0.43010034147066317,0.13890449999962584,0.03368666700043832,4.3886990010068985,ok,247107.0,247107.0,7365.280081071631,1231.73774389599,0.3947321841666242,1.0823761024604701,2.7354489907722104,0.9272,2.9268272220061333,15000,3260.0,11740.0,3,0,,,False,,0.0
GP_Matern52_PI,Acquisition Ablation,0,42,129,3,130750.0,1120833,116357.0,0.47087698851104987,99.98138062654192,1.0,1.0,0.6511627906976745,41932.558139534885,119892.0,0.40289739364735383,0.15289916600158904,0.026902958001301158,4.568501125009789,ok,247107.0,247107.0,7370.177831462452,1230.4638405662674,0.39439331241334474,1.0947767339966756,2.7609095040267233,0.9254,2.9246750523598246,15000,3474.0,11526.0,3,0,,,False,,0.0
GP_Matern52_PI,Acquisition Ablation,0,43,132,3,130750.0,1120833,116357.0,0.47087698851104987,99.98138062654192,1.0,1.0,0.6515151515151515,42536.795454545456,111768.0,1.1359933463832128,0.18711933300073724,0.035946124997281004,4.791566583007807,ok,247107.0,247107.0,7358.604207788452,1228.9251804967553,0.39426402439339703,1.0984344978922063,2.7746828659458074,0.9246,2.932809814829206,15000,3358.0,11642.0,2,1,,,False,,0.3333333333333333
GP_Matern52_PI,Acquisition Ablation,0,44,135,3,130750.0,1120833,116357.0,0.47087698851104987,99.98138062654192,1.0,1.0,0.6518518518518519,42918.38518518519,100673.0,1.048191112893745,0.21935945799850742,0.04247987499911687,5.053405916005431,ok,247107.0,247107.0,7352.721993047096,1228.1576232108623,0.3946895433964878,1.094765864306206,2.782913041177999,0.9242,2.909212061055089,15000,3370.0,11630.0,2,1,,,False,,0.3333333333333333
GP_Matern52_PI,Acquisition Ablation,0,45,138,3,130750.0,1120833,116357.0,0.47087698851104987,99.98138062654192,1.0,1.0,0.6594202898550725,43962.05072463768,114704.0,0.5999030626095191,0.31049399999756133,0.030922166999516776,5.394822083002509,ok,247107.0,247107.0,7069.55751376973,1173.1431630005532,0.40102879697811394,1.0531884360320336,2.7446805045446387,0.9312,2.878063997594896,15000,3370.0,11630.0,3,0,,,False,,0.0
GP_Matern52_PI,Acquisition Ablation,0,46,141,3,151226.0,1043958,95881.0,0.3880140991554266,99.99242768438589,1.0,1.0,0.6666666666666666,45158.255319148935,151226.0,0.350372062836043,0.3387187080006697,0.04583745800118777,5.779378249004367,ok,247107.0,247107.0,6707.410287719272,1120.195290250349,0.4021466767055699,1.054889539217239,2.7498889517658043,0.93,2.862459094242704,15000,3314.0,11686.0,3,0,,,False,,0.0
GP_Matern52_PI,Acquisition Ablation,0,47,144,3,159714.0,1043473,87393.0,0.35366460683023954,99.99541071780963,1.0,1.0,0.6736111111111112,46750.916666666664,159714.0,0.2834412126787355,0.2672941669989086,0.03954337500181282,6.086215791005088,ok,247107.0,247107.0,6382.789198567531,1074.571879496173,0.40077516096049143,1.0536472422133754,2.7487826384083274,0.9312,2.9069589969577203,15000,3364.0,11636.0,3,0,,,False,,0.0
GP_Matern52_PI,Acquisition Ablation,0,48,147,3,159714.0,1043473,87393.0,0.35366460683023954,99.99541071780963,1.0,1.0,0.6666666666666666,46412.60544217687,90521.0,1.0923292167524612,0.2347420419973787,0.038469749997602776,6.35942758300007,ok,247107.0,247107.0,6408.9703864480725,1077.1381893419739,0.404120334052423,1.0478757061501058,2.729121625238652,0.9294,2.8302279974784446,15000,3313.0,11687.0,1,2,,,False,,0.6666666666666666
GP_Matern52_PI,Acquisition Ablation,0,49,150,3,159714.0,1043473,87393.0,0.35366460683023954,99.99541071780963,1.0,1.0,0.6666666666666666,46606.98,107511.0,1.1906661216208274,0.3429815420022351,0.04933395800253493,6.75174308300484,ok,247107.0,247107.0,6435.442453796631,1080.8126473906102,0.402790157472223,1.0432718912397807,2.7666723104983846,0.9288,2.7849397422897466,15000,3355.0,11645.0,2,1,,,False,,0.3333333333333333
GP_Matern52_PI,Acquisition Ablation,1,0,3,3,0.0,6047398,247107.0,1.0,93.70319341923158,0.0,0.0,0.0,0.0,0.0,1.0430113993225636,0.0,0.0,0.0,initial,247107.0,247107.0,,,,,,,,0,,,1,2,,,False,,0.6666666666666666
GP_Matern52_PI,Acquisition Ablation,1,1,6,3,0.0,6047398,247107.0,1.0,93.70319341923158,0.0,0.0,0.0,0.0,0.0,1.1114828261942715,9.691599916550331e-05,0.003478208000160521,0.003575123999326024,constant_target_fallback,247107.0,247107.0,7917.9183090633105,1413.8866,0.0,0.7939908874887035,3.8456615956198963,0.935,1.0,15000,3400.0,11600.0,1,2,,,False,,0.6666666666666666
GP_Matern52_PI,Acquisition Ablation,1,2,9,3,0.0,6047398,247107.0,1.0,93.70319341923158,0.0,0.0,0.0,0.0,0.0,0.8508106819340862,6.750000102329068e-05,0.006785084002331132,0.010427708002680447,constant_target_fallback,247107.0,247107.0,7917.9183090633105,1413.8866,0.0,0.7939908874887035,3.8456615956198963,0.935,1.0,15000,3408.0,11592.0,1,2,,,False,,0.6666666666666666
GP_Matern52_PI,Acquisition Ablation,1,3,12,3,48276.0,879288,198831.0,0.8046352389855407,99.24789860046562,1.0,0.0,0.08333333333333333,4023.0,48276.0,0.9815219875255069,6.466700142482296e-05,0.0041804590000538155,0.014672834004159085,constant_target_fallback,247107.0,247107.0,7917.9183090633105,1413.8866,0.0,0.7939908874887035,3.8456615956198963,0.935,1.0,15000,3382.0,11618.0,1,2,,,False,,0.6666666666666666
GP_Matern52_PI,Acquisition Ablation,1,4,15,3,48276.0,879288,198831.0,0.8046352389855407,99.24789860046562,1.0,0.0,0.2,6320.2,26524.0,0.5640618702645527,0.025048416999197798,0.011080124997533858,0.05080137600089074,ok,247107.0,247107.0,12400.374165462741,3435.9113719437437,0.07722110246354873,1.372542539854423,57.00178057868043,0.8934,1.8440234030214877,15000,3387.0,11613.0,3,0,,,False,,0.0
GP_Matern52_PI,Acquisition Ablation,1,5,18,3,48276.0,879288,198831.0,0.8046352389855407,99.24789860046562,1.0,0.0,0.2222222222222222,6016.666666666667,13497.0,0.4122961772381513,0.04259895900031552,0.015838250001252163,0.10923858500245842,ok,247107.0,247107.0,8168.279971063775,1566.0061056747059,0.24472164533568647,1.4530963303465774,5.739464555273388,0.934,2.813858354615113,15000,3309.0,11691.0,1,2,,,False,,0.6666666666666666
GP_Matern52_PI,Acquisition Ablation,1,6,21,3,80646.0,878158,166461.0,0.673639354611565,99.7821402183056,1.0,0.0,0.3333333333333333,11529.714285714286,80646.0,0.4990062824814794,0.055728208000800805,0.010376250000263099,0.17534304300352233,ok,247107.0,247107.0,7814.961740864726,1388.46077335579,0.2930887184024541,1.47378016720624,2.4366949732713046,0.9584,3.250123791793698,15000,3411.0,11589.0,3,0,,,False,,0.0
GP_Matern52_PI,Acquisition Ablation,1,7,24,3,117423.0,880443,129684.0,0.5248090907987228,99.9649575524178,1.0,1.0,0.4166666666666667,23516.416666666668,117423.0,0.23114026797392495,0.037058458001411054,0.021368791996792424,0.2337702930017258,ok,247107.0,247107.0,7494.161515508961,1489.01539970382,0.26435578221558886,1.7126433474581728,3.943499553192926,0.9504,3.236567748973473,15000,3422.0,11578.0,3,0,,,False,,0.0
GP_Matern52_PI,Acquisition Ablation,1,8,27,3,117423.0,880443,129684.0,0.5248090907987228,99.9649575524178,1.0,1.0,0.4074074074074074,21147.444444444445,6587.0,0.7125434570926622,0.08617491599943605,0.01692608399753226,0.3368712929986941,ok,247107.0,247107.0,7854.696000150238,1615.8945179291347,0.2534824657826672,1.9600734568986233,4.491384508941748,0.9522,3.4868270998895663,15000,3326.0,11674.0,1,2,,,False,,0.6666666666666666
GP_Matern52_PI,Acquisition Ablation,1,9,30,3,117423.0,880443,129684.0,0.5248090907987228,99.9649575524178,1.0,1.0,0.4666666666666667,25919.333333333332,92515.0,0.16906957930914915,0.04174845899979118,0.008356082998943748,0.38697583499742905,ok,247107.0,247107.0,7138.901836666206,1234.330878281533,0.34912323356603836,1.5527504057317836,2.504540351076354,0.9848,3.7809986211921633,15000,3352.0,11648.0,3,0,,,False,,0.0
GP_Matern52_PI,Acquisition Ablation,1,10,33,3,117423.0,880443,129684.0,0.5248090907987228,99.9649575524178,1.0,1.0,0.5151515151515151,29611.121212121212,107704.0,0.4722558078742542,0.05067787500229315,0.014630124998802785,0.452283834998525,ok,247107.0,247107.0,7200.868573376548,1254.8502311675709,0.3424870973467567,1.5854169954263244,2.537522789484723,0.9828,3.9109684481223965,15000,3399.0,11601.0,3,0,,,False,,0.0
GP_Matern52_PI,Acquisition Ablation,1,11,36,3,117423.0,880443,129684.0,0.5248090907987228,99.9649575524178,1.0,1.0,0.5277777777777778,27667.694444444445,16162.0,0.44957987131736293,0.03845216700210585,0.01333804200112354,0.5040740440017544,ok,247107.0,247107.0,7092.785337208494,1240.009304095719,0.3358934582762507,1.6877330680699596,2.6132468021918793,0.9832,4.156994429124649,15000,3359.0,11641.0,3,0,,,False,,0.0
GP_Matern52_PI,Acquisition Ablation,1,12,39,3,117423.0,880443,129684.0,0.5248090907987228,99.9649575524178,1.0,1.0,0.5384615384615384,25626.897435897437,1976.0,0.5548246522554078,0.05092566700113821,0.012080625001544831,0.5670803360044374,ok,247107.0,247107.0,71986.70701568767,4241.360763393901,0.23809560961417592,2.6464931353514283,2.9559203064917297,0.9936,5.3989374143518125,15000,3366.0,11634.0,3,0,,,False,,0.0
GP_Matern52_PI,Acquisition Ablation,1,13,42,3,117423.0,880443,129684.0,0.5248090907987228,99.9649575524178,1.0,1.0,0.5714285714285714,27243.428571428572,88741.0,0.4975372726042304,0.04289920800147229,0.014086208000662737,0.6240657520065724,ok,247107.0,247107.0,7588.310012525963,1545.0747662816661,0.2404666342998449,3.065874899436401,3.175157801198102,0.9922,5.009857264091542,15000,3373.0,11627.0,3,0,,,False,,0.0
GP_Matern52_PI,Acquisition Ablation,1,14,45,3,117423.0,880443,129684.0,0.5248090907987228,99.9649575524178,1.0,1.0,0.6,28428.71111111111,50636.0,0.48149490658749183,0.06357275000118534,0.01396766700054286,0.7016061690083006,ok,247107.0,247107.0,7457.346644938832,1582.1818194732357,0.23719511891543654,3.2828642981515337,3.2036899445582225,0.9932,5.055534008474756,15000,3397.0,11603.0,3,0,,,False,,0.0
GP_Matern52_PI,Acquisition Ablation,1,15,48,3,117423.0,880443,129684.0,0.5248090907987228,99.9649575524178,1.0,1.0,0.5833333333333334,28951.0,110356.0,0.4991486002024963,0.16035333299805643,0.014403999997739447,0.8763635020040965,ok,247107.0,247107.0,7372.810546522386,1650.2996744430347,0.23206030896723678,3.4253035850931295,3.248353992618726,0.993,5.231730368476173,15000,3365.0,11635.0,2,1,,,False,,0.3333333333333333
GP_Matern52_PI,Acquisition Ablation,1,16,51,3,117423.0,880443,129684.0,0.5248090907987228,99.9649575524178,1.0,1.0,0.5882352941176471,28145.725490196077,42686.0,0.7761213407147602,0.10140912499991828,0.016363124999770662,0.9941357520037855,ok,247107.0,247107.0,8719.564934608434,1550.1603407579628,0.18786496555929624,2.9033673574057457,3.072451982777732,0.9952,5.870016886611169,15000,3366.0,11634.0,3,0,,,False,,0.0
GP_Matern52_PI,Acquisition Ablation,1,17,54,3,117423.0,880443,129684.0,0.5248090907987228,99.9649575524178,1.0,1.0,0.6111111111111112,30322.777777777777,104072.0,0.4889462019943344,0.1676860840016161,0.023912666998512577,1.1857345030039141,ok,247107.0,247107.0,7562.345609612655,1631.0572706370854,0.2062078545749849,3.3117093049156394,3.1822355824197737,0.9948,5.7131818152238685,15000,3356.0,11644.0,3,0,,,False,,0.0
GP_Matern52_PI,Acquisition Ablation,1,18,57,3,117423.0,880443,129684.0,0.5248090907987228,99.9649575524178,1.0,1.0,0.631578947368421,31485.280701754386,57768.0,0.45498538219433016,0.1228006670025934,0.013975042002130067,1.3225102120086376,ok,247107.0,247107.0,7247.016045226101,1624.8552256847738,0.15774718360713622,3.368964218428012,3.2087383459914816,0.9948,6.106616077960333,15000,3397.0,11603.0,3,0,,,False,,0.0
GP_Matern52_PI,Acquisition Ablation,1,19,60,3,117423.0,880443,129684.0,0.5248090907987228,99.9649575524178,1.0,1.0,0.65,32353.0,52129.0,0.32546641688953754,0.15377950000038254,0.016333042000042042,1.4926227540090622,ok,247107.0,247107.0,7130.519093829234,1684.0052349716893,0.159073449540703,3.453521223504171,3.2417586273859804,0.9942,6.372062692187352,15000,3494.0,11506.0,3,0,,,False,,0.0
GP_Matern52_PI,Acquisition Ablation,1,20,63,3,117423.0,880443,129684.0,0.5248090907987228,99.9649575524178,1.0,1.0,0.6666666666666666,32833.30158730159,50322.0,0.552526706739068,0.11080574999868986,0.020173000000795582,1.6236015040085476,ok,247107.0,247107.0,7023.921454160272,1512.3226441316128,0.14677423642764156,3.144788511954634,3.2060170483246977,0.992,6.753734646572411,15000,3285.0,11715.0,3,0,,,False,,0.0
GP_Matern52_PI,Acquisition Ablation,1,21,66,3,117423.0,880443,129684.0,0.5248090907987228,99.9649575524178,1.0,1.0,0.6818181818181818,32717.530303030304,45113.0,0.2955737367437485,0.10842120799861732,0.019083334002061747,1.7511060460092267,ok,247107.0,247107.0,6981.205019291306,1543.9902107856617,0.1431523323171449,3.176182284787254,3.2104316198949636,0.9918,6.669440327070105,15000,3408.0,11592.0,3,0,,,False,,0.0
GP_Matern52_PI,Acquisition Ablation,1,22,69,3,117423.0,880443,129684.0,0.5248090907987228,99.9649575524178,1.0,1.0,0.6956521739130435,31687.333333333332,11178.0,0.31759076252855156,0.14569733300231746,0.024277958000311628,1.9210813370118558,ok,247107.0,247107.0,6991.821229325194,1991.298870278995,0.18372093067380482,3.6930041821406485,3.3079719764959323,0.9924,6.5220188945081174,15000,3320.0,11680.0,3,0,,,False,,0.0
GP_Matern52_PI,Acquisition Ablation,1,23,72,3,117423.0,880443,129684.0,0.5248090907987228,99.9649575524178,1.0,1.0,0.6666666666666666,30367.027777777777,0.0,0.8067403467536828,0.1308287920001021,0.02208966699981829,2.073999796011776,ok,247107.0,247107.0,6863.577773102944,1540.6729721575332,0.1622281361819735,3.167325118276812,3.2176630048336565,0.9908,6.751232241448688,15000,3264.0,11736.0,0,3,,,False,,1.0
GP_Matern52_PI,Acquisition Ablation,1,24,75,3,117423.0,880443,129684.0,0.5248090907987228,99.9649575524178,1.0,1.0,0.6533333333333333,30438.81333333333,96485.0,0.5598852918225686,0.1483738330025517,0.01631887500116136,2.2386925040154892,ok,247107.0,247107.0,6897.871226786088,1814.406893520702,0.03563694379860381,3.592193710506489,3.2826068348274116,0.9906,6.1977952419436955,15000,3335.0,11665.0,1,2,,,False,,0.6666666666666666
GP_Matern52_PI,Acquisition Ablation,1,25,78,3,150817.0,1052038,96290.0,0.38966925259098284,99.99224739115698,1.0,1.0,0.6666666666666666,33160.64102564102,150817.0,0.27533599424430366,0.14595674999873154,0.02447270799893886,2.4091219620131596,ok,247107.0,247107.0,6928.16669756735,1445.530583483172,0.09147891653147242,3.019100869738112,3.161216167048365,0.9902,6.235497965308979,15000,3316.0,11684.0,3,0,,,False,,0.0
GP_Matern52_PI,Acquisition Ablation,1,26,81,3,150817.0,1052038,96290.0,0.38966925259098284,99.99224739115698,1.0,1.0,0.6419753086419753,31932.46913580247,0.0,1.4763466712657263,0.15243387499867822,0.02317649999895366,2.5847323370107915,ok,247107.0,247107.0,6953.95595041086,1475.7761225721495,0.08470202844524195,3.0436209037569477,3.1780454135860126,0.9896,6.3630054083667416,15000,3379.0,11621.0,0,3,,,False,,1.0
GP_Matern52_PI,Acquisition Ablation,1,27,84,3,150817.0,1052038,96290.0,0.38966925259098284,99.99224739115698,1.0,1.0,0.6190476190476191,30792.02380952381,0.0,0.7204837411328394,0.15847049999865703,0.019657500000903383,2.762860337010352,ok,247107.0,247107.0,6923.3276829059705,1663.4232933137498,0.05614113287689252,3.4438125584353694,3.241070042552939,0.9916,6.005562673046409,15000,3306.0,11694.0,1,2,,,False,,0.6666666666666666
GP_Matern52_PI,Acquisition Ablation,1,28,87,3,150817.0,1052038,96290.0,0.38966925259098284,99.99224739115698,1.0,1.0,0.6206896551724138,32350.149425287356,117657.0,0.9385635731517835,0.12069966700073564,0.021114082999702077,2.9046740870107897,ok,247107.0,247107.0,7104.185282345139,1380.521641696606,0.062116270321356935,2.827209816430185,3.1144160865323536,0.9882,5.8847308953650135,15000,3463.0,11537.0,2,1,,,False,,0.3333333333333333
GP_Matern52_PI,Acquisition Ablation,1,29,90,3,150817.0,1052038,96290.0,0.38966925259098284,99.99224739115698,1.0,1.0,0.6333333333333333,33757.9,110832.0,0.8958040458484352,0.18048012500003097,0.024035791000642348,3.109190003011463,ok,247107.0,247107.0,6951.7194641698525,1318.9308187144163,0.12007244834826124,2.720550907637613,3.0944859434537615,0.988,5.913428843584828,15000,3367.0,11633.0,3,0,,,False,,0.0
GP_Matern52_PI,Acquisition Ablation,1,30,93,3,150817.0,1052038,96290.0,0.38966925259098284,99.99224739115698,1.0,1.0,0.6451612903225806,36479.655913978495,142662.0,0.27986320246162694,0.15519845800008625,0.022611750002397457,3.2870002110139467,ok,247107.0,247107.0,6906.618432642441,1308.4192467758796,0.11294415192650921,2.7000311218466115,3.1066646537939966,0.987,6.018366875992723,15000,3441.0,11559.0,3,0,,,False,,0.0
GP_Matern52_PI,Acquisition Ablation,1,31,96,3,150817.0,1052038,96290.0,0.38966925259098284,99.99224739115698,1.0,1.0,0.625,35339.666666666664,0.0,0.9669089183621956,0.12495275000037509,0.028607457999896724,3.4405604190142185,ok,247107.0,247107.0,6898.283116825569,1313.5115680066428,0.11607590191544943,2.7087935553470133,3.119112479568411,0.9868,6.110716960687543,15000,3422.0,11578.0,0,3,,,False,,1.0
GP_Matern52_PI,Acquisition Ablation,1,32,99,3,150817.0,1052038,96290.0,0.38966925259098284,99.99224739115698,1.0,1.0,0.6161616161616161,35410.27272727273,113009.0,1.2351121675348782,0.24032475000058184,0.03008895799939637,3.7109741270141967,ok,247107.0,247107.0,6900.790605970166,1263.515894576386,0.1377517880502878,2.551618066845479,3.0697655616029893,0.9866,5.895553046572679,15000,3293.0,11707.0,1,2,,,False,,0.6666666666666666
GP_Matern52_PI,Acquisition Ablation,1,33,102,3,150817.0,1052038,96290.0,0.38966925259098284,99.99224739115698,1.0,1.0,0.5980392156862745,34368.794117647056,0.0,1.0968736400961723,0.2093873750018247,0.03368870800113655,3.954050210017158,ok,247107.0,247107.0,6905.239283439641,1255.5723249571174,0.14275049911200222,2.5054637209723727,3.0520669963671114,0.9864,5.757371632006347,15000,3428.0,11572.0,0,3,,,False,,1.0
GP_Matern52_PI,Acquisition Ablation,1,34,105,3,150817.0,1052038,96290.0,0.38966925259098284,99.99224739115698,1.0,1.0,0.580952380952381,33386.828571428574,0.0,1.573737826698564,0.1126728750023176,0.022326334001263604,4.089049419020739,ok,247107.0,247107.0,6909.8349185845855,1238.7763200128586,0.15529922144523597,2.4158870196924256,3.0178974802206846,0.9866,5.5648292988315475,15000,3326.0,11674.0,0,3,,,False,,1.0
GP_Matern52_PI,Acquisition Ablation,1,35,108,3,150817.0,1052038,96290.0,0.38966925259098284,99.99224739115698,1.0,1.0,0.5925925925925926,34205.7037037037,90207.0,0.6651031854529107,0.20017195900072693,0.025556291999237146,4.314777670020703,ok,247107.0,247107.0,6914.179240476905,1221.9217152104095,0.17147292468846873,2.3024769170533124,2.981066971350956,0.9866,5.433421989847316,15000,3372.0,11628.0,3,0,,,False,,0.0
GP_Matern52_PI,Acquisition Ablation,1,36,111,3,150817.0,1052038,96290.0,0.38966925259098284,99.99224739115698,1.0,1.0,0.6036036036036037,35354.036036036036,114015.0,0.4443645327538055,0.11644962499849498,0.03027204200043343,4.461499337019632,ok,247107.0,247107.0,6471.577026634496,1152.699668409076,0.2003687667995222,2.2950921998420277,2.978070450546387,0.986,5.4274781127701255,15000,3302.0,11698.0,3,0,,,False,,0.0
GP_Matern52_PI,Acquisition Ablation,1,37,114,3,150817.0,1052038,96290.0,0.38966925259098284,99.99224739115698,1.0,1.0,0.6140350877192983,36067.59649122807,98557.0,0.5801217676215666,0.12060420799753047,0.022648417001619237,4.604751962018781,ok,247107.0,247107.0,6262.798592497903,1104.0292197598624,0.20178938368677357,2.2925326308355527,2.9871937572534253,0.9858,5.495080446757493,15000,3337.0,11663.0,3,0,,,False,,0.0
GP_Matern52_PI,Acquisition Ablation,1,38,117,3,150817.0,1052038,96290.0,0.38966925259098284,99.99224739115698,1.0,1.0,0.6239316239316239,36275.13675213675,55442.0,0.7007435208347254,0.25645729200186906,0.03958104100092896,4.900790295021579,ok,247107.0,247107.0,6230.958137598718,1098.5328152215325,0.20320199119010637,2.2644133775148765,2.9901190749518136,0.9842,5.5443678093995565,15000,3357.0,11643.0,3,0,,,False,,0.0
GP_Matern52_PI,Acquisition Ablation,1,39,120,3,150817.0,1052038,96290.0,0.38966925259098284,99.99224739115698,1.0,1.0,0.625,36342.63333333333,111123.0,0.9774904841118014,0.16401208300158032,0.03639929199925973,5.101201670022419,ok,247107.0,247107.0,6159.157912576718,1075.2321737502994,0.20583291008806603,2.2562638434342395,2.9908508537905005,0.9826,5.518911303711307,15000,3393.0,11607.0,2,1,,,False,,0.3333333333333333
GP_Matern52_PI,Acquisition Ablation,1,40,123,3,150817.0,1052038,96290.0,0.38966925259098284,99.99224739115698,1.0,1.0,0.6178861788617886,35908.13821138212,55585.0,1.4031938346316426,0.2077587499989022,0.02952250000089407,5.338482920022216,ok,247107.0,247107.0,6159.982889110666,1066.8269240042052,0.210521736745887,2.213794600780505,2.9823228255354532,0.9822,5.48655996972453,15000,3356.0,11644.0,1,2,,,False,,0.6666666666666666
GP_Matern52_PI,Acquisition Ablation,1,41,126,3,150817.0,1052038,96290.0,0.38966925259098284,99.99224739115698,1.0,1.0,0.626984126984127,37021.357142857145,134941.0,0.3900215873757591,0.16054870800144272,0.025137750002613757,5.524169378026272,ok,247107.0,247107.0,6119.327844973372,1046.7528464572397,0.22000358764978598,2.1281311004102967,2.959398228289491,0.9818,5.41953808362362,15000,3453.0,11547.0,3,0,,,False,,0.0
GP_Matern52_PI,Acquisition Ablation,1,42,129,3,150817.0,1052038,96290.0,0.38966925259098284,99.99224739115698,1.0,1.0,0.6356589147286822,37504.62790697674,112077.0,0.6574231714923835,0.12771833299848367,0.030403125001612352,5.682290836026368,ok,247107.0,247107.0,6125.049395413405,1041.7582663765008,0.22235211193374688,2.1277088394124775,2.961774059711655,0.9812,5.460296470731732,15000,3330.0,11670.0,3,0,,,False,,0.0
GP_Matern52_PI,Acquisition Ablation,1,43,132,3,150817.0,1052038,96290.0,0.38966925259098284,99.99224739115698,1.0,1.0,0.6287878787878788,37178.32575757576,69442.0,1.1714927467678053,0.23757891599962022,0.029105624998919666,5.948975377024908,ok,247107.0,247107.0,6162.019761979504,1043.337312533531,0.22254806680256564,2.107305128611724,2.9696571969336403,0.98,5.488929826866895,15000,3371.0,11629.0,1,2,,,False,,0.6666666666666666
GP_Matern52_PI,Acquisition Ablation,1,44,135,3,150817.0,1052038,96290.0,0.38966925259098284,99.99224739115698,1.0,1.0,0.6148148148148148,36352.14074074074,0.0,1.0767118060529814,0.14751479099868448,0.03247249999913038,6.128962668022723,ok,247107.0,247107.0,6078.507276706036,1027.6532062888273,0.22745303000418562,2.0910692259764154,2.9487967743897396,0.9806,5.422055920689875,15000,3296.0,11704.0,0,3,,,False,,1.0
GP_Matern52_PI,Acquisition Ablation,1,45,138,3,150817.0,1052038,96290.0,0.38966925259098284,99.99224739115698,1.0,1.0,0.6159420289855072,35705.55072463768,11448.0,0.7609989456354699,0.3237684169980639,0.030333250000694534,6.483064335021481,ok,247107.0,247107.0,6084.846764384202,1018.8475068941024,0.23703487223026287,1.9849369439312388,2.9131284775873,0.9804,5.283605678132767,15000,3305.0,11695.0,2,1,,,False,,0.3333333333333333
GP_Matern52_PI,Acquisition Ablation,1,46,141,3,150817.0,1052038,96290.0,0.38966925259098284,99.99224739115698,1.0,1.0,0.6028368794326241,34945.85815602837,0.0,0.8107691792231755,0.2607319169983384,0.02615266700013308,6.769948919019953,ok,247107.0,247107.0,6089.359781033477,1011.4622791075285,0.24402371755313726,1.9104439837885319,2.8952187331207013,0.9806,5.237033988524376,15000,3432.0,11568.0,0,3,,,False,,1.0
GP_Matern52_PI,Acquisition Ablation,1,47,144,3,150817.0,1052038,96290.0,0.38966925259098284,99.99224739115698,1.0,1.0,0.5972222222222222,34728.354166666664,73517.0,0.9598249166791053,0.24355529100284912,0.03631337499973597,7.049817585022538,ok,247107.0,247107.0,6091.542931425612,1008.7601656203989,0.2487459594599653,1.8469534252570752,2.8670513502327415,0.9804,5.091471003560195,15000,3286.0,11714.0,1,2,,,False,,0.6666666666666666
GP_Matern52_PI,Acquisition Ablation,1,48,147,3,150817.0,1052038,96290.0,0.38966925259098284,99.99224739115698,1.0,1.0,0.5850340136054422,34019.61224489796,0.0,1.1786345260707929,0.24552875000154017,0.04552554100155248,7.340871876025631,ok,247107.0,247107.0,6112.049237273546,1011.4459536510691,0.25039008570734717,1.8156298778312907,2.857956578976471,0.9798,5.0209055299379886,15000,3378.0,11622.0,0,3,,,False,,1.0
GP_Matern52_PI,Acquisition Ablation,1,49,150,3,150817.0,1052038,96290.0,0.38966925259098284,99.99224739115698,1.0,1.0,0.5866666666666667,34140.806666666664,116740.0,0.9178635740159832,0.2061660840008699,0.03622574999826611,7.583263710024767,ok,247107.0,247107.0,6114.283329756111,1010.0600623734994,0.2528373026796633,1.7615905513442631,2.8325104385235798,0.9794,4.899860378587967,15000,3319.0,11681.0,2,1,,,False,,0.3333333333333333
GP_Matern52_PI,Acquisition Ablation,2,0,3,3,0.0,2729609,247107.0,1.0,93.70319341923158,0.0,0.0,0.0,0.0,0.0,0.47049671902245843,0.0,0.0,0.0,initial,247107.0,247107.0,,,,,,,,0,,,0,3,,,False,,1.0
GP_Matern52_PI,Acquisition Ablation,2,1,6,3,0.0,2729609,247107.0,1.0,93.70319341923158,0.0,0.0,0.0,0.0,0.0,1.3327615699356326,0.00016420800238847733,0.005769333001808263,0.005933541004196741,constant_target_fallback,247107.0,247107.0,7992.336081909969,1363.7274,0.0,0.8102606103318564,3.884107341202348,0.9316,1.0,15000,3295.0,11705.0,1,2,,,False,,0.6666666666666666
GP_Matern52_PI,Acquisition Ablation,2,2,9,3,0.0,2729609,247107.0,1.0,93.70319341923158,0.0,0.0,0.0,0.0,0.0,0.9096459746133699,7.354199988185428e-05,0.002918417001637863,0.008925500005716458,constant_target_fallback,247107.0,247107.0,7992.336081909969,1363.7274,0.0,0.8102606103318564,3.884107341202348,0.9316,1.0,15000,3407.0,11593.0,1,2,,,False,,0.6666666666666666
GP_Matern52_PI,Acquisition Ablation,2,3,12,3,1669.0,447094,245438.0,0.993245840870554,94.23378000161281,0.0,0.0,0.08333333333333333,139.08333333333334,1669.0,1.0896375235890672,0.00014995899982750416,0.00746962499761139,0.016545084003155353,constant_target_fallback,247107.0,247107.0,7992.336081909969,1363.7274,0.0,0.8102606103318564,3.884107341202348,0.9316,1.0,15000,3299.0,11701.0,1,2,,,False,,0.6666666666666666
GP_Matern52_PI,Acquisition Ablation,2,4,15,3,6481.0,1995816,240626.0,0.9737724953157944,95.63015105950136,0.0,0.0,0.2,847.4666666666667,6481.0,0.6748442548956787,0.018578625000372995,0.010468874999787658,0.045592584003316006,ok,247107.0,247107.0,7921.366369274681,1467.3036038182452,0.01482236344042015,1.2953539325322145,126.26425717905974,0.8496,0.8332661318277081,15000,3388.0,11612.0,2,1,,,False,,0.3333333333333333
GP_Matern52_PI,Acquisition Ablation,2,5,18,3,52260.0,863168,194847.0,0.7885126686010514,99.38782253639137,1.0,0.0,0.2777777777777778,3965.8333333333335,52260.0,0.5199382479965754,0.053205500000331085,0.011359542000718648,0.11015762600436574,ok,247107.0,247107.0,8047.597513122354,1722.879770917378,0.03289057179328163,1.9961656191144197,65.68337968932657,0.855,1.8842460829252345,15000,3349.0,11651.0,2,1,,,False,,0.3333333333333333
GP_Matern52_PI,Acquisition Ablation,2,6,21,3,52260.0,863168,194847.0,0.7885126686010514,99.38782253639137,1.0,0.0,0.23809523809523808,3399.285714285714,0.0,0.3972059222006932,0.019449875002464978,0.008759374999499414,0.13836687600633013,ok,247107.0,247107.0,9047.272054135829,2106.581563297576,0.03691514127160597,2.2107299762616908,8.967081275084523,0.8468,3.091897659616409,15000,3355.0,11645.0,0,3,,,False,,1.0
GP_Matern52_PI,Acquisition Ablation,2,7,24,3,52260.0,863168,194847.0,0.7885126686010514,99.38782253639137,1.0,0.0,0.3333333333333333,7333.958333333333,42628.0,0.421050643334421,0.02369108399943798,0.009030874996824423,0.17108883500259253,ok,247107.0,247107.0,7762.766194296733,1409.1434758892874,0.1260544087901177,1.4626443087294694,6.0195971463566815,0.9354,3.0474819215512583,15000,3309.0,11691.0,3,0,,,False,,0.0
GP_Matern52_PI,Acquisition Ablation,2,8,27,3,106865.0,861259,140242.0,0.5675355210495858,99.93148857301514,1.0,1.0,0.4074074074074074,13601.74074074074,106865.0,0.43074791549502073,0.06072170799961896,0.018705958002101397,0.2505165010043129,ok,247107.0,247107.0,7813.337500839122,1386.8036166630984,0.12570221360361372,1.8301203898120875,38.78955799720886,0.9386,3.1103224462780186,15000,3393.0,11607.0,3,0,,,False,,0.0
GP_Matern52_PI,Acquisition Ablation,2,9,30,3,106865.0,861259,140242.0,0.5675355210495858,99.93148857301514,1.0,1.0,0.4666666666666667,15607.566666666668,53148.0,0.2392845296176744,0.031666082999436185,0.01028500000029453,0.2924675840040436,ok,247107.0,247107.0,7465.109280408161,1365.0346401815254,0.12511973296513454,2.152414927191451,3.9963252007797587,0.9398,3.499650335092732,15000,3379.0,11621.0,3,0,,,False,,0.0
GP_Matern52_PI,Acquisition Ablation,2,10,33,3,138905.0,775857,108202.0,0.43787509054781937,99.9871664001605,1.0,1.0,0.5151515151515151,23135.090909090908,138905.0,0.392953146712206,0.039082999999664025,0.012592875002155779,0.3441434590058634,ok,247107.0,247107.0,7047.204415270333,1235.1735988981357,0.10394791171591705,2.4057488004426806,2.985628675940902,0.9712,3.9458227980684826,15000,3254.0,11746.0,3,0,,,False,,0.0
GP_Matern52_PI,Acquisition Ablation,2,11,36,3,138905.0,775857,108202.0,0.43787509054781937,99.9871664001605,1.0,1.0,0.5555555555555556,27804.472222222223,90348.0,0.6083149433139089,0.04390512499958277,0.015134790999582037,0.4031833750050282,ok,247107.0,247107.0,6818.961275800871,1219.076455580575,0.11694230104256433,2.29048454586619,2.9425804057795344,0.9456,3.9697690903795437,15000,3270.0,11730.0,3,0,,,False,,0.0
GP_Matern52_PI,Acquisition Ablation,2,12,39,3,138905.0,775857,108202.0,0.43787509054781937,99.9871664001605,1.0,1.0,0.5897435897435898,30236.74358974359,106238.0,0.5596506230343979,0.06158129200048279,0.010897667001700029,0.47566233400721103,ok,247107.0,247107.0,6445.643320890681,1175.0217227957864,0.27604857590809784,1.6842415200637082,2.7940592020572383,0.946,3.6070854184576397,15000,3366.0,11634.0,3,0,,,False,,0.0
GP_Matern52_PI,Acquisition Ablation,2,13,42,3,138905.0,775857,108202.0,0.43787509054781937,99.9871664001605,1.0,1.0,0.5476190476190477,28076.97619047619,0.0,0.5135170315917486,0.030205208000552375,0.014359583001350984,0.5202271250091144,ok,247107.0,247107.0,6797.126280273858,1226.5041501784788,0.28114900202395304,1.671945361859037,2.8725194132487015,0.9396,3.4912620764544657,15000,3465.0,11535.0,3,0,,,False,,0.0
GP_Matern52_PI,Acquisition Ablation,2,14,45,3,138905.0,775857,108202.0,0.43787509054781937,99.9871664001605,1.0,1.0,0.5777777777777777,30201.844444444443,92293.0,0.43232880587185774,0.049214250000659376,0.014536999999108957,0.5839783750088827,ok,247107.0,247107.0,9444.667704847636,1337.2164453924477,0.23210601193434974,2.1503625290384805,2.8097927402530223,0.9774,4.412205686175561,15000,3371.0,11629.0,3,0,,,False,,0.0
GP_Matern52_PI,Acquisition Ablation,2,15,48,3,138905.0,775857,108202.0,0.43787509054781937,99.9871664001605,1.0,1.0,0.6041666666666666,31270.541666666668,90884.0,0.5261269294515297,0.07021516699751373,0.017754832999344217,0.6719483750057407,ok,247107.0,247107.0,6309.33305719636,1160.038755083721,0.21355321694124899,2.3107857390060285,2.8689122847432715,0.9766,4.487362356127154,15000,3381.0,11619.0,3,0,,,False,,0.0
GP_Matern52_PI,Acquisition Ablation,2,16,51,3,158559.0,871630,88548.0,0.35833869538297175,99.99483705753583,1.0,1.0,0.6274509803921569,36453.8431372549,158559.0,0.35854920082087904,0.09600541699910536,0.019472708001558203,0.7874265000064042,ok,247107.0,247107.0,5809.098174193487,1056.5635483649696,0.23457244433555755,2.1643369881585923,2.8310478479777914,0.9726,4.507924357846709,15000,3424.0,11576.0,3,0,,,False,,0.0
GP_Matern52_PI,Acquisition Ablation,2,17,54,3,158559.0,871630,88548.0,0.35833869538297175,99.99483705753583,1.0,1.0,0.5925925925925926,34428.62962962963,0.0,0.637461006650702,0.11321408399817301,0.01675041600174154,0.9173910000063188,ok,247107.0,247107.0,5946.488923761482,1077.0972904281914,0.232604889784541,2.1863151319035294,2.8487797921190854,0.97,4.558118280111067,15000,3314.0,11686.0,1,2,,,False,,0.6666666666666666
GP_Matern52_PI,Acquisition Ablation,2,18,57,3,217713.0,776383,29394.0,0.1189525185445981,99.9994263397262,1.0,1.0,0.6140350877192983,38510.14035087719,217713.0,0.4235205156812936,0.10647583299942198,0.02512820799893234,1.0489950410046731,ok,247107.0,247107.0,6016.858664436135,1034.2559791433298,0.30221694996062526,1.8559575601798242,2.7086265388029767,0.982,4.598862191256579,15000,3369.0,11631.0,3,0,,,False,,0.0
GP_Matern52_PI,Acquisition Ablation,2,19,60,3,217713.0,776383,29394.0,0.1189525185445981,99.9994263397262,1.0,1.0,0.6166666666666667,39532.3,89064.0,0.26846166653011766,0.13210912499926053,0.017892500000016298,1.19899666600395,ok,247107.0,247107.0,6338.9330002876795,1167.62500234682,0.32261110970431955,1.8071902694010886,2.7502703460903657,0.9632,4.325160010428166,15000,3312.0,11688.0,3,0,,,False,,0.0
GP_Matern52_PI,Acquisition Ablation,2,20,63,3,217713.0,776383,29394.0,0.1189525185445981,99.9994263397262,1.0,1.0,0.5873015873015873,37649.80952380953,0.0,1.2328219030814955,0.10461083300106111,0.024351041996851563,1.3279585410018626,ok,247107.0,247107.0,5923.615954254943,1007.7541043416315,0.2802089733401435,1.8605887732028858,2.7466968023847156,0.9764,4.743372294777583,15000,3339.0,11661.0,1,2,,,False,,0.6666666666666666
GP_Matern52_PI,Acquisition Ablation,2,21,66,3,217713.0,776383,29394.0,0.1189525185445981,99.9994263397262,1.0,1.0,0.6060606060606061,37825.742424242424,47761.0,0.21751804357260204,0.0806633749998582,0.026921124997898005,1.4355430409996188,ok,247107.0,247107.0,5926.934502827307,991.365857968511,0.30015184638803527,1.6912138724762746,2.690396410313961,0.9746,4.562643026699795,15000,3324.0,11676.0,3,0,,,False,,0.0
GP_Matern52_PI,Acquisition Ablation,2,22,69,3,217713.0,776383,29394.0,0.1189525185445981,99.9994263397262,1.0,1.0,0.5797101449275363,36181.14492753623,0.0,0.5852691967233549,0.14013320899903192,0.02412199999889708,1.5997982499975478,ok,247107.0,247107.0,5886.444204495006,973.7576717061728,0.30358419805616516,1.7058823947540513,2.7016454125720384,0.9736,4.610642110480605,15000,3430.0,11570.0,0,3,,,False,,1.0
GP_Matern52_PI,Acquisition Ablation,2,23,72,3,217713.0,776383,29394.0,0.1189525185445981,99.9994263397262,1.0,1.0,0.5555555555555556,34673.59722222222,0.0,0.7486517743022748,0.0928996249967895,0.018285624999407446,1.7109834999937448,ok,247107.0,247107.0,5910.771869104514,973.3035536796406,0.3148450661329831,1.6092777862541512,2.6644396972554385,0.9742,4.442145668435714,15000,3359.0,11641.0,0,3,,,False,,1.0
GP_Matern52_PI,Acquisition Ablation,2,24,75,3,217713.0,776383,29394.0,0.1189525185445981,99.9994263397262,1.0,1.0,0.5466666666666666,33822.253333333334,40170.0,1.007375562724144,0.07732837500225287,0.01922629199907533,1.807538166995073,ok,247107.0,247107.0,5904.425499855205,970.564463151358,0.3169363083021094,1.5541646694035378,2.632984915988224,0.9728,4.268149434909275,15000,3386.0,11614.0,1,2,,,False,,0.6666666666666666
GP_Matern52_PI,Acquisition Ablation,2,25,78,3,217713.0,776383,29394.0,0.1189525185445981,99.9994263397262,1.0,1.0,0.5641025641025641,35716.97435897436,143485.0,0.6449165491106013,0.18190024999785237,0.019329540999024175,2.0087679579919495,ok,247107.0,247107.0,5684.108762912607,911.8101494686391,0.3357320082567462,1.4092381476221172,2.5811480485775005,0.9684,4.08020912747264,15000,3347.0,11653.0,3,0,,,False,,0.0
GP_Matern52_PI,Acquisition Ablation,2,26,81,3,217713.0,776383,29394.0,0.1189525185445981,99.9994263397262,1.0,1.0,0.5432098765432098,34394.12345679013,0.0,0.6527538681398174,0.15887162500075647,0.01706616600131383,2.18470574899402,ok,247107.0,247107.0,5666.071823503215,915.9483488938782,0.338045562265724,1.4122291232901567,2.5935915795081854,0.9684,4.104111517214345,15000,3359.0,11641.0,0,3,,,False,,1.0
GP_Matern52_PI,Acquisition Ablation,2,27,84,3,217713.0,776383,29394.0,0.1189525185445981,99.9994263397262,1.0,1.0,0.5357142857142857,33905.92857142857,62174.0,0.8468009478867983,0.15679879199888092,0.030973042001278372,2.372477582994179,ok,247107.0,247107.0,5662.000603669209,914.2565307366682,0.3404777552126509,1.360529664940522,2.560497120309187,0.9686,3.9609336738956524,15000,3330.0,11670.0,1,2,,,False,,0.6666666666666666
GP_Matern52_PI,Acquisition Ablation,2,28,87,3,217713.0,776383,29394.0,0.1189525185445981,99.9994263397262,1.0,1.0,0.5517241379310345,35127.471264367814,103662.0,0.3059519997444569,0.344070749997627,0.03320199999870965,2.7497503329905157,ok,247107.0,247107.0,5762.966796379879,930.9425479419775,0.34323463360057754,1.2960162125666903,2.537118925931868,0.9652,3.849585164873309,15000,3335.0,11665.0,3,0,,,False,,0.0
GP_Matern52_PI,Acquisition Ablation,2,29,90,3,217713.0,776383,29394.0,0.1189525185445981,99.9994263397262,1.0,1.0,0.5444444444444444,35189.811111111114,110993.0,1.128233305177042,0.7536679170007119,0.024135457999364007,3.5275537079905916,ok,247107.0,247107.0,5686.175287697858,921.4208137408305,0.34335234070569376,1.2919994925158718,2.5465529815436616,0.965,3.8371191265990214,15000,3437.0,11563.0,1,2,,,False,,0.6666666666666666
GP_Matern52_PI,Acquisition Ablation,2,30,93,3,217713.0,776383,29394.0,0.1189525185445981,99.9994263397262,1.0,1.0,0.5376344086021505,35352.15053763441,120667.0,1.3173322302351107,0.5878733749996172,0.035700790998816956,4.151127873989026,ok,247107.0,247107.0,5674.998039245905,920.6762246614056,0.3464073006249728,1.2558541423638108,2.5293206327772566,0.963,3.7512965440088832,15000,3297.0,11703.0,1,2,,,False,,0.6666666666666666
GP_Matern52_PI,Acquisition Ablation,2,31,96,3,217713.0,776383,29394.0,0.1189525185445981,99.9994263397262,1.0,1.0,0.5208333333333334,34247.395833333336,0.0,0.48438610967767765,0.6989906250018976,0.057431083001574734,4.907549581992498,ok,247107.0,247107.0,5684.937220891393,922.3762181640891,0.3488575984421446,1.2305542835974799,2.516876812390654,0.9624,3.6622579777644626,15000,3326.0,11674.0,0,3,,,False,,1.0
GP_Matern52_PI,Acquisition Ablation,2,32,99,3,217713.0,776383,29394.0,0.1189525185445981,99.9994263397262,1.0,1.0,0.5353535353535354,36200.68686868687,144223.0,0.46113797368827975,0.21403279100195505,0.03573875000074622,5.157321122995199,ok,247107.0,247107.0,5741.983258616425,945.116973041785,0.35403338202727763,1.277096545303649,2.522357980166566,0.9674,3.8992523589633987,15000,3336.0,11664.0,3,0,,,False,,0.0
GP_Matern52_PI,Acquisition Ablation,2,33,102,3,217713.0,776383,29394.0,0.1189525185445981,99.9994263397262,1.0,1.0,0.5490196078431373,37026.91176470588,96824.0,0.5749027541140719,0.13185279199751676,0.027397750000091037,5.316571664992807,ok,247107.0,247107.0,5343.350275130148,868.2248843428481,0.34215205204404636,1.2265590378729074,2.5118981758879078,0.9632,3.6588785518886717,15000,3391.0,11609.0,3,0,,,False,,0.0
GP_Matern52_PI,Acquisition Ablation,2,34,105,3,217713.0,776383,29394.0,0.1189525185445981,99.9994263397262,1.0,1.0,0.5428571428571428,37025.04761904762,110885.0,1.309076420489972,0.15155145799872116,0.02936283300005016,5.4974859559915785,ok,247107.0,247107.0,5308.6509059196605,858.3929920386798,0.3529843959237841,1.2040384394991412,2.51467202439673,0.96,3.6063290304566644,15000,3373.0,11627.0,1,2,,,False,,0.6666666666666666
GP_Matern52_PI,Acquisition Ablation,2,35,108,3,217713.0,776383,29394.0,0.1189525185445981,99.9994263397262,1.0,1.0,0.5555555555555556,38555.5,136564.0,0.23677332114438335,0.14380212499963818,0.027153125000040745,5.6684412059912574,ok,247107.0,247107.0,5312.362079204847,858.8973950045265,0.35432550289987347,1.1781495439812373,2.4998187235292235,0.9594,3.5360732058393625,15000,3357.0,11643.0,3,0,,,False,,0.0
GP_Matern52_PI,Acquisition Ablation,2,36,111,3,217713.0,776383,29394.0,0.1189525185445981,99.9994263397262,1.0,1.0,0.5405405405405406,37513.45945945946,0.0,0.49947975853621474,0.13081733299986809,0.035082750000583474,5.834341288991709,ok,247107.0,247107.0,5252.48217904013,855.9602740898192,0.35312635964122085,1.184879068887344,2.4979618983269183,0.9594,3.581153644714451,15000,3489.0,11511.0,1,2,,,False,,0.6666666666666666
GP_Matern52_PI,Acquisition Ablation,2,37,114,3,217713.0,776383,29394.0,0.1189525185445981,99.9994263397262,1.0,1.0,0.5526315789473685,38941.84210526316,109654.0,0.5587986551805417,0.1607877919996099,0.02838579099989147,6.02351487199121,ok,247107.0,247107.0,5263.636622485356,856.1322001698173,0.356642470192225,1.124556459773619,2.4585623084366524,0.9598,3.450167514557972,15000,3384.0,11616.0,3,0,,,False,,0.0
GP_Matern52_PI,Acquisition Ablation,2,38,117,3,217713.0,776383,29394.0,0.1189525185445981,99.9994263397262,1.0,1.0,0.5470085470085471,39308.794871794875,159759.0,0.9252820357952921,0.26848233400232857,0.027442333001090446,6.319439538994629,ok,247107.0,247107.0,5265.551761108908,857.0624513762821,0.35732164305170483,1.1280030866654251,2.470069616052812,0.9594,3.4614637856623114,15000,3253.0,11747.0,1,2,,,False,,0.6666666666666666
GP_Matern52_PI,Acquisition Ablation,2,39,120,3,217713.0,776383,29394.0,0.1189525185445981,99.9994263397262,1.0,1.0,0.55,39493.425,87254.0,0.7133367471733932,0.17346954199820175,0.04304958400098258,6.535958664993814,ok,247107.0,247107.0,5250.488613277495,854.4205293857526,0.35951045650986374,1.1155904344802265,2.462065821002696,0.959,3.4173057374303615,15000,3345.0,11655.0,2,1,,,False,,0.3333333333333333
GP_Matern52_PI,Acquisition Ablation,2,40,123,3,217713.0,776383,29394.0,0.1189525185445981,99.9994263397262,1.0,1.0,0.5609756097560976,40818.19512195122,101948.0,0.20471009323051706,0.227772415997606,0.02945075000025099,6.793181830991671,ok,247107.0,247107.0,5245.990232037705,853.7005915246125,0.3656317087300342,1.0843922214995085,2.444621418553438,0.9578,3.3134656051047626,15000,3410.0,11590.0,3,0,,,False,,0.0
GP_Matern52_PI,Acquisition Ablation,2,41,126,3,217713.0,776383,29394.0,0.1189525185445981,99.9994263397262,1.0,1.0,0.5634920634920635,41632.81746031746,115179.0,0.7051783596593899,0.31383295900013763,0.02827199999956065,7.135286789991369,ok,247107.0,247107.0,5236.931047971774,851.9544137713518,0.3663314269952148,1.088524264459294,2.4546604884973062,0.9566,3.315978518847122,15000,3334.0,11666.0,2,1,,,False,,0.3333333333333333
GP_Matern52_PI,Acquisition Ablation,2,42,129,3,217713.0,776383,29394.0,0.1189525185445981,99.9994263397262,1.0,1.0,0.5581395348837209,41593.06976744186,119771.0,0.873281440291881,0.25764137499936623,0.039217249999637716,7.432145414990373,ok,247107.0,247107.0,5235.906368775472,851.4427658966287,0.3698063142269819,1.0661189297679157,2.4422357983736815,0.9562,3.2619045398796165,15000,3403.0,11597.0,2,1,,,False,,0.3333333333333333
GP_Matern52_PI,Acquisition Ablation,2,43,132,3,217713.0,776383,29394.0,0.1189525185445981,99.9994263397262,1.0,1.0,0.553030303030303,41313.931818181816,87933.0,0.9648005779577963,0.32617345900143846,0.03794550000020536,7.796264373992017,ok,247107.0,247107.0,5233.462401188054,851.297510289881,0.37146364841006163,1.0622566573849284,2.437209656641798,0.9552,3.206404798914156,15000,3385.0,11615.0,1,2,,,False,,0.6666666666666666
GP_Matern52_PI,Acquisition Ablation,2,44,135,3,217713.0,776383,29394.0,0.1189525185445981,99.9994263397262,1.0,1.0,0.562962962962963,42255.91111111111,109890.0,0.6342732055810272,0.24829612499888754,0.03736666699842317,8.081927165989327,ok,247107.0,247107.0,5237.20840075508,854.7417726400735,0.3734308845254439,1.048943407887956,2.431147119039703,0.9534,3.1311944545648576,15000,3340.0,11660.0,3,0,,,False,,0.0
GP_Matern52_PI,Acquisition Ablation,2,45,138,3,217713.0,776383,29394.0,0.1189525185445981,99.9994263397262,1.0,1.0,0.5507246376811594,41337.30434782609,0.0,0.5729088263820343,0.150607667001168,0.03447720799886156,8.267012040989357,ok,247107.0,247107.0,5201.484761007002,849.4125863203133,0.37356740478151146,1.0525319435802498,2.4440229456642544,0.9524,3.1188728475340484,15000,3317.0,11683.0,0,3,,,False,,1.0
GP_Matern52_PI,Acquisition Ablation,2,46,141,3,217713.0,776383,29394.0,0.1189525185445981,99.9994263397262,1.0,1.0,0.5602836879432624,43170.936170212764,160514.0,0.1743203240021752,0.19223095800043666,0.04821287500089966,8.507455873990693,ok,247107.0,247107.0,5211.680116186879,850.6761257577025,0.37346892721786257,1.0330591689402535,2.42968650464957,0.9522,3.0689674771362423,15000,3306.0,11694.0,3,0,,,False,,0.0
GP_Matern52_PI,Acquisition Ablation,2,47,144,3,217713.0,776383,29394.0,0.1189525185445981,99.9994263397262,1.0,1.0,0.5694444444444444,44753.868055555555,155155.0,0.34322067295339026,0.16156875000160653,0.0386512090008182,8.707675832993118,ok,247107.0,247107.0,5211.171145509917,850.6761273907222,0.3733645649022635,1.039354363951174,2.4377000303188043,0.9524,3.0939936065550078,15000,3380.0,11620.0,3,0,,,False,,0.0
GP_Matern52_PI,Acquisition Ablation,2,48,147,3,217713.0,776383,29394.0,0.1189525185445981,99.9994263397262,1.0,1.0,0.5782312925170068,45399.925170068025,82455.0,0.22212381608192452,0.46757037499992293,0.03689354200105299,9.212139749994094,ok,247107.0,247107.0,5159.4224473144795,842.0162907945024,0.37538742293664407,1.0441650297987795,2.4429462310235546,0.9524,3.099543957496801,15000,3422.0,11578.0,3,0,,,False,,0.0
GP_Matern52_PI,Acquisition Ablation,2,49,150,3,217713.0,776383,29394.0,0.1189525185445981,99.9994263397262,1.0,1.0,0.5666666666666667,44491.926666666666,0.0,0.47494001396230784,0.3210527919982269,0.04580374999932246,9.578996291991643,ok,247107.0,247107.0,5118.499436754973,838.4595517150972,0.3806549233338286,1.0490854201864428,2.4485549973472835,0.9514,3.070930218000672,15000,3340.0,11660.0,0,3,,,False,,1.0
GP_Matern52_PI,Acquisition Ablation,3,0,3,3,0.0,409668,247107.0,1.0,93.70319341923158,0.0,0.0,0.0,0.0,0.0,1.0055793833043412,0.0,0.0,0.0,initial,247107.0,247107.0,,,,,,,,0,,,0,3,,,False,,1.0
GP_Matern52_PI,Acquisition Ablation,3,1,6,3,11690.0,1976539,235417.0,0.9526925582844679,96.77383296192929,0.0,0.0,0.16666666666666666,1948.3333333333333,11690.0,1.1473314541316542,8.545899981982075e-05,0.007103583000571234,0.007189042000391055,constant_target_fallback,247107.0,247107.0,7909.099054228617,1427.68,0.0,0.8171530915714472,3.9560373352279044,0.932,1.0,15000,3394.0,11606.0,1,2,,,False,,0.6666666666666666
GP_Matern52_PI,Acquisition Ablation,3,2,9,3,51892.0,688635,195215.0,0.7900019020100604,99.37615264739298,1.0,0.0,0.4444444444444444,7806.777777777777,51892.0,0.23683541068436476,0.01775462499790592,0.0065041670022765175,0.031447834000573494,ok,247107.0,247107.0,8027.927643959557,2290.0696243211705,0.31189295945494283,1.9435727019423303,26.913883811232377,0.6644,0.6986915894354463,15000,3335.0,11665.0,3,0,,,False,,0.0
GP_Matern52_PI,Acquisition Ablation,3,3,12,3,51892.0,688635,195215.0,0.7900019020100604,99.37615264739298,1.0,0.0,0.5,8591.083333333334,27615.0,0.4603727732857026,0.038724999998521525,0.006830124999396503,0.07700295899849152,ok,247107.0,247107.0,9167.995762691498,2618.7770778811305,0.2930370404257205,1.9513348381008033,3.798008851800922,0.7946,2.1137317662242996,15000,3276.0,11724.0,2,1,,,False,,0.3333333333333333
GP_Matern52_PI,Acquisition Ablation,3,4,15,3,51892.0,688635,195215.0,0.7900019020100604,99.37615264739298,1.0,0.0,0.4666666666666667,6971.933333333333,1486.0,0.38964208838751974,0.03239350000148988,0.01444883300064248,0.12384529200062389,ok,247107.0,247107.0,9038.16606875894,2236.109529949826,0.0241338001431838,2.9839330204964867,6.735789338113211,0.9104,3.729820798345852,15000,3357.0,11643.0,1,2,,,False,,0.6666666666666666
GP_Matern52_PI,Acquisition Ablation,3,5,18,3,84848.0,775841,162259.0,0.6566345753054345,99.80962674056723,1.0,0.0,0.5555555555555556,13472.611111111111,84848.0,0.7719196127356805,0.0482224999977916,0.016201583999645663,0.18826937599806115,ok,247107.0,247107.0,7689.929563622885,1446.1068130876065,0.08605651351745704,2.4788025615900637,2.852603998563159,0.9964,4.352121895504169,15000,3310.0,11690.0,3,0,,,False,,0.0
GP_Matern52_PI,Acquisition Ablation,3,6,21,3,135005.0,775817,112102.0,0.4536577272193827,99.98457673378164,1.0,1.0,0.6190476190476191,25066.14285714286,135005.0,0.4933420676747913,0.03709041699767113,0.009776457998668775,0.23513625099440105,ok,247107.0,247107.0,7504.686777439864,1514.1714200572662,0.056446511958740966,3.0049044700456795,3.035686780634385,0.9934,4.807407966749389,15000,3445.0,11555.0,3,0,,,False,,0.0
GP_Matern52_PI,Acquisition Ablation,3,7,24,3,135005.0,775817,112102.0,0.4536577272193827,99.98457673378164,1.0,1.0,0.6666666666666666,31737.708333333332,113974.0,0.4065651978861367,0.04539195799952722,0.011050249999243533,0.2915784589931718,ok,247107.0,247107.0,8014.486123539024,1600.6650580590774,0.3727129017649055,2.4729179024600874,2.9028119534474595,0.9754,4.83281975560647,15000,3323.0,11677.0,3,0,,,False,,0.0
GP_Matern52_PI,Acquisition Ablation,3,8,27,3,135005.0,775817,112102.0,0.4536577272193827,99.98457673378164,1.0,1.0,0.6666666666666666,35458.03703703704,107214.0,0.48567762274370274,0.030447500001173466,0.01586962500005029,0.33789558399439557,ok,247107.0,247107.0,14638.782053846488,2626.609309276559,0.11077540015682492,3.9680085878210374,3.381305033078359,0.9888,5.270180295844803,15000,3432.0,11568.0,3,0,,,False,,0.0
GP_Matern52_PI,Acquisition Ablation,3,9,30,3,135005.0,775817,112102.0,0.4536577272193827,99.98457673378164,1.0,1.0,0.7,35416.96666666667,45300.0,0.3659034978318463,0.053644250001525506,0.01864854200175614,0.4101883759976772,ok,247107.0,247107.0,6141.050297795684,1315.5427472292274,0.3966578644259332,2.123037821918763,2.8306668923736975,0.9678,4.92444276693251,15000,3356.0,11644.0,3,0,,,False,,0.0
GP_Matern52_PI,Acquisition Ablation,3,10,33,3,186637.0,776636,60470.0,0.24471180500754733,99.99768896861127,1.0,1.0,0.7272727272727273,42896.93939393939,186637.0,0.4936215829229078,0.07108733399945777,0.012519750001956709,0.4937954599990917,ok,247107.0,247107.0,5687.493520082638,1153.583352329524,0.3606914123717552,2.229169139766785,2.858876604876887,0.9728,4.899936891355184,15000,3318.0,11682.0,3,0,,,False,,0.0
GP_Matern52_PI,Acquisition Ablation,3,11,36,3,186637.0,776636,60470.0,0.24471180500754733,99.99768896861127,1.0,1.0,0.6666666666666666,39322.194444444445,0.0,0.5947715314541462,0.06694333300038124,0.016232709000178147,0.5769715019996511,ok,247107.0,247107.0,5848.345395993063,1139.799839814434,0.4043323387072316,1.9489272689509205,2.823774474972335,0.9622,5.004669913896764,15000,3350.0,11650.0,2,1,,,False,,0.3333333333333333
GP_Matern52_PI,Acquisition Ablation,3,12,39,3,186637.0,776636,60470.0,0.24471180500754733,99.99768896861127,1.0,1.0,0.6923076923076923,42630.179487179485,102282.0,0.22715127494706955,0.12051558299936005,0.010102000000188127,0.7075890849991993,ok,247107.0,247107.0,5911.424755278758,1130.1675484280727,0.3759371352784851,1.8472073399549314,2.777831236959033,0.9668,4.780249328140266,15000,3380.0,11620.0,3,0,,,False,,0.0
GP_Matern52_PI,Acquisition Ablation,3,13,42,3,186637.0,776636,60470.0,0.24471180500754733,99.99768896861127,1.0,1.0,0.7142857142857143,42700.26190476191,83600.0,0.44790940743758106,0.04360179200011771,0.021424540998850716,0.7726154179981677,ok,247107.0,247107.0,5949.325492943291,1141.4194298412892,0.3800243626278163,1.8062461924255215,2.8016868231073584,0.9654,5.0361164018643585,15000,3349.0,11651.0,3,0,,,False,,0.0
GP_Matern52_PI,Acquisition Ablation,3,14,45,3,186637.0,776636,60470.0,0.24471180500754733,99.99768896861127,1.0,1.0,0.6666666666666666,39853.57777777778,0.0,0.6637940651695805,0.09771541699956288,0.02081595900017419,0.8911467939979048,ok,247107.0,247107.0,5456.20663351397,1086.867508768208,0.3792855972276849,2.0017805707041103,2.8289192535641736,0.9624,4.804336421300778,15000,3355.0,11645.0,0,3,,,False,,1.0
GP_Matern52_PI,Acquisition Ablation,3,15,48,3,186637.0,776636,60470.0,0.24471180500754733,99.99768896861127,1.0,1.0,0.6875,39860.916666666664,90993.0,0.924092002155394,0.11539195799923618,0.01746954100235598,1.024008292999497,ok,247107.0,247107.0,5431.416078173807,1051.8969743604368,0.3969282832033921,1.7532391461002335,2.7451645037530485,0.9606,4.465811587306512,15000,3360.0,11640.0,3,0,,,False,,0.0
GP_Matern52_PI,Acquisition Ablation,3,16,51,3,220293.0,775859,26814.0,0.10851169736187158,99.99963941354218,1.0,1.0,0.7058823529411765,46210.56862745098,220293.0,0.3135261842599914,0.09259679099704954,0.027356917002180126,1.1439620009987266,ok,247107.0,247107.0,5752.758376688692,1063.0929381607732,0.413125486071795,1.5294661955745377,2.7171722425494553,0.9596,4.5574694808951035,15000,3289.0,11711.0,3,0,,,False,,0.0
GP_Matern52_PI,Acquisition Ablation,3,17,54,3,220293.0,775859,26814.0,0.10851169736187158,99.99963941354218,1.0,1.0,0.6666666666666666,43643.31481481482,0.0,0.6834764547262376,0.17710704199998872,0.01519029200062505,1.3362593349993404,ok,247107.0,247107.0,5806.227654169623,1071.9133914225076,0.412929317981664,1.5461889346803008,2.729483266416,0.9602,4.6292245944821975,15000,3302.0,11698.0,0,3,,,False,,1.0
GP_Matern52_PI,Acquisition Ablation,3,18,57,3,220293.0,775859,26814.0,0.10851169736187158,99.99963941354218,1.0,1.0,0.631578947368421,41346.29824561404,0.0,0.23231983395756695,0.10033425000074203,0.012850374998379266,1.4494439599984617,ok,247107.0,247107.0,5758.041016325733,1068.3495012250562,0.4150592756414853,1.4628083149938689,2.6918367817974076,0.9524,4.229028157102384,15000,3306.0,11694.0,2,1,,,False,,0.3333333333333333
GP_Matern52_PI,Acquisition Ablation,3,19,60,3,220293.0,775859,26814.0,0.10851169736187158,99.99963941354218,1.0,1.0,0.6,39278.98333333333,0.0,0.6730509395009135,0.07553866600210313,0.02064441700349562,1.5456270430040604,ok,247107.0,247107.0,6303.52182469428,1157.2294297408507,0.3948810450316104,1.375344081011426,2.6753959142535853,0.942,4.164311729496441,15000,3380.0,11620.0,0,3,,,False,,1.0
GP_Matern52_PI,Acquisition Ablation,3,20,63,3,220293.0,775859,26814.0,0.10851169736187158,99.99963941354218,1.0,1.0,0.6190476190476191,41326.23809523809,112857.0,0.0951966644560312,0.10004495799876167,0.020349166999949375,1.6660211680027714,ok,247107.0,247107.0,6287.54775695716,1154.8515747722909,0.40000667889810565,1.305980981268721,2.62878985091423,0.9412,3.884737466094317,15000,3466.0,11534.0,3,0,,,False,,0.0
GP_Matern52_PI,Acquisition Ablation,3,21,66,3,220293.0,775859,26814.0,0.10851169736187158,99.99963941354218,1.0,1.0,0.5909090909090909,39447.77272727273,0.0,0.5211172387589903,0.10213362500144285,0.015522583002166357,1.7836773760063807,ok,247107.0,247107.0,6328.800114099789,1163.3448144658578,0.39653690339980635,1.3193984800309484,2.6448839384659024,0.9404,3.878387576235755,15000,3359.0,11641.0,2,1,,,False,,0.3333333333333333
GP_Matern52_PI,Acquisition Ablation,3,22,69,3,220293.0,775859,26814.0,0.10851169736187158,99.99963941354218,1.0,1.0,0.5797101449275363,39038.391304347824,90096.0,1.2352229901220408,0.1297203329995682,0.023049041999911424,1.9364467510058603,ok,247107.0,247107.0,6317.101911909922,1161.50015607814,0.39858056629569827,1.2814290490675466,2.6251100764555324,0.938,3.673836274932144,15000,3342.0,11658.0,1,2,,,False,,0.6666666666666666
GP_Matern52_PI,Acquisition Ablation,3,23,72,3,220293.0,775859,26814.0,0.10851169736187158,99.99963941354218,1.0,1.0,0.5972222222222222,42994.52777777778,217713.0,0.5611334552904926,0.13549754199993913,0.021677666998584755,2.093621960004384,ok,247107.0,247107.0,6322.316705407067,1161.8315268022434,0.398988778328786,1.2640428404166355,2.614636838085104,0.9374,3.5993427727905956,15000,3318.0,11682.0,3,0,,,False,,0.0
GP_Matern52_PI,Acquisition Ablation,3,24,75,3,220293.0,775859,26814.0,0.10851169736187158,99.99963941354218,1.0,1.0,0.5733333333333334,41274.746666666666,0.0,0.5485000278002573,0.12133724999875994,0.01889145800305414,2.2338506680061982,ok,247107.0,247107.0,6350.30836218562,1166.1171315646184,0.39762137130552316,1.283555409949197,2.637033746989449,0.9364,3.6272459368668786,15000,3359.0,11641.0,0,3,,,False,,1.0
GP_Matern52_PI,Acquisition Ablation,3,25,78,3,220293.0,775859,26814.0,0.10851169736187158,99.99963941354218,1.0,1.0,0.5769230769230769,42992.8717948718,150473.0,0.8955684125999434,0.1464849999974831,0.017475417000241578,2.397811085003923,ok,247107.0,247107.0,6339.500748706928,1164.5101762145493,0.4002116399340967,1.2441223981609455,2.6136070747088196,0.9338,3.4165760607744633,15000,3365.0,11635.0,2,1,,,False,,0.3333333333333333
GP_Matern52_PI,Acquisition Ablation,3,26,81,3,220293.0,775859,26814.0,0.10851169736187158,99.99963941354218,1.0,1.0,0.5802469135802469,43510.08641975309,112805.0,0.9855960241497691,0.11446254199836403,0.02090962500005844,2.5331832520023454,ok,247107.0,247107.0,6337.96390598226,1163.9566732589021,0.40229902359799274,1.228495539249136,2.609177859067351,0.9304,3.325341501254504,15000,3347.0,11653.0,2,1,,,False,,0.3333333333333333
GP_Matern52_PI,Acquisition Ablation,3,27,84,3,220293.0,775859,26814.0,0.10851169736187158,99.99963941354218,1.0,1.0,0.5952380952380952,45583.65476190476,115040.0,0.4389256863957927,0.10158245900311158,0.022303333000309067,2.657069044005766,ok,247107.0,247107.0,6324.315342600419,1162.4726192389487,0.4005611639866906,1.218941224378008,2.615091497639981,0.9266,3.237301210931345,15000,3256.0,11744.0,3,0,,,False,,0.0
GP_Matern52_PI,Acquisition Ablation,3,28,87,3,220293.0,775859,26814.0,0.10851169736187158,99.99963941354218,1.0,1.0,0.6091954022988506,47372.06896551724,132304.0,0.624137794161475,0.09452845800115028,0.02131754199945135,2.7729150440063677,ok,247107.0,247107.0,6314.093560236265,1160.4642865007097,0.3991121625791284,1.2410726486207844,2.6416331728347386,0.9236,3.2140657902033607,15000,3401.0,11599.0,3,0,,,False,,0.0
GP_Matern52_PI,Acquisition Ablation,3,29,90,3,220293.0,775859,26814.0,0.10851169736187158,99.99963941354218,1.0,1.0,0.5888888888888889,45793.0,0.0,0.6124543944722977,0.1303299999999581,0.03270474999953876,2.9359497940058645,ok,247107.0,247107.0,6297.077586881706,1158.4294940576624,0.4002431805659309,1.2635022249506478,2.656510172609176,0.9226,3.1937298831974554,15000,3465.0,11535.0,0,3,,,False,,1.0
GP_Matern52_PI,Acquisition Ablation,3,30,93,3,220293.0,775859,26814.0,0.10851169736187158,99.99963941354218,1.0,1.0,0.6021505376344086,47050.13978494624,106867.0,0.5972262113672725,0.14277537499947357,0.02161429199986742,3.1003394610052055,ok,247107.0,247107.0,6287.711349986743,1157.1823676230904,0.40320627782037693,1.191771327391318,2.590991176425556,0.9222,2.9151919705596243,15000,3333.0,11667.0,3,0,,,False,,0.0
GP_Matern52_PI,Acquisition Ablation,3,31,96,3,220293.0,775859,26814.0,0.10851169736187158,99.99963941354218,1.0,1.0,0.6145833333333334,49317.697916666664,129817.0,0.45367696197631807,0.1026657919974241,0.024856167001416907,3.2278614200040465,ok,247107.0,247107.0,6307.622511822356,1161.025307757674,0.4035523420882266,1.2014761957514242,2.608833381870264,0.921,2.8980620926268252,15000,3421.0,11579.0,3,0,,,False,,0.0
GP_Matern52_PI,Acquisition Ablation,3,32,99,3,220293.0,775859,26814.0,0.10851169736187158,99.99963941354218,1.0,1.0,0.6262626262626263,50688.9898989899,108341.0,0.2980955548612277,0.12611124999966705,0.021373416999267647,3.375346087002981,ok,247107.0,247107.0,6305.876320899408,1160.0205413734,0.402683519909324,1.214705137161606,2.6275507234046875,0.9188,2.8948414553754183,15000,3388.0,11612.0,3,0,,,False,,0.0
GP_Matern52_PI,Acquisition Ablation,3,33,102,3,220293.0,775859,26814.0,0.10851169736187158,99.99963941354218,1.0,1.0,0.6372549019607843,52460.794117647056,147353.0,0.4160785360246704,0.17085629099892685,0.02420233299926622,3.5704047110011743,ok,247107.0,247107.0,6314.507400823388,1160.5870490069267,0.4015812156610888,1.2229057308283762,2.6406142806134056,0.9184,2.903729208553597,15000,3345.0,11655.0,3,0,,,False,,0.0
GP_Matern52_PI,Acquisition Ablation,3,34,105,3,220293.0,775859,26814.0,0.10851169736187158,99.99963941354218,1.0,1.0,0.6476190476190476,53391.780952380956,108886.0,0.5864890700844071,0.1197542500012787,0.027096040998003446,3.7172550020004564,ok,247107.0,247107.0,6323.83349381859,1162.6815524374008,0.40411708422042175,1.23081869562258,2.6434848171563097,0.9186,2.898727023212952,15000,3270.0,11730.0,3,0,,,False,,0.0
GP_Matern52_PI,Acquisition Ablation,3,35,108,3,220293.0,775859,26814.0,0.10851169736187158,99.99963941354218,1.0,1.0,0.6388888888888888,52286.7037037037,40827.0,1.1696076830545385,0.21294004200171912,0.02891112499855808,3.9591061690007336,ok,247107.0,247107.0,6122.1031204174415,1127.3024029967903,0.4046173505058688,1.2168328570018083,2.5405179439644003,0.9288,3.079715047522309,15000,3374.0,11626.0,1,2,,,False,,0.6666666666666666
GP_Matern52_PI,Acquisition Ablation,3,36,111,3,220293.0,775859,26814.0,0.10851169736187158,99.99963941354218,1.0,1.0,0.6486486486486487,54581.09009009009,183474.0,0.21675242126348396,0.22971916700043948,0.044385249999322696,4.233210586000496,ok,247107.0,247107.0,6120.970377419464,1124.8149605222206,0.4074781036868584,1.2021795729316096,2.546309270795606,0.9254,2.9482729422698597,15000,3315.0,11685.0,3,0,,,False,,0.0
GP_Matern52_PI,Acquisition Ablation,3,37,114,3,220293.0,775859,26814.0,0.10851169736187158,99.99963941354218,1.0,1.0,0.631578947368421,53144.745614035084,0.0,0.6679891467324856,0.27691937499912456,0.035703624998859596,4.54583358599848,ok,247107.0,247107.0,6080.578055211728,1123.2416554799588,0.4066774757296225,1.203622386865598,2.538776257495594,0.9268,2.9888852586798262,15000,3348.0,11652.0,0,3,,,False,,1.0
GP_Matern52_PI,Acquisition Ablation,3,38,117,3,220293.0,775859,26814.0,0.10851169736187158,99.99963941354218,1.0,1.0,0.6410256410256411,55904.48717948718,199011.0,0.2834187645378328,0.20596966599987354,0.026491417000215733,4.778294668998569,ok,247107.0,247107.0,6085.59297465295,1123.1426209694448,0.4061639948373165,1.1795206224939645,2.527668558438756,0.9242,2.826746525997949,15000,3354.0,11646.0,3,0,,,False,,0.0
GP_Matern52_PI,Acquisition Ablation,3,39,120,3,220293.0,775859,26814.0,0.10851169736187158,99.99963941354218,1.0,1.0,0.6333333333333333,55001.1,59307.0,0.8424190066495862,0.14340370900026755,0.027520541996636894,4.949218919995474,ok,247107.0,247107.0,6064.767794030563,1123.6324052443094,0.4046189693617539,1.1968428172675623,2.5395133551659934,0.9236,2.832081907432405,15000,3265.0,11735.0,1,2,,,False,,0.6666666666666666
GP_Matern52_PI,Acquisition Ablation,3,40,123,3,220293.0,775859,26814.0,0.10851169736187158,99.99963941354218,1.0,1.0,0.6260162601626016,54728.39837398374,131461.0,1.0010109147161999,0.11878991699995822,0.03181895800298662,5.0998277949984185,ok,247107.0,247107.0,6059.997261226957,1123.903607993904,0.404775213152812,1.187824722224899,2.581790354355881,0.9208,2.7357475669679348,15000,3221.0,11779.0,2,1,,,False,,0.3333333333333333
GP_Matern52_PI,Acquisition Ablation,3,41,126,3,220293.0,775859,26814.0,0.10851169736187158,99.99963941354218,1.0,1.0,0.6349206349206349,56340.166666666664,136509.0,0.27480919222532146,0.37242220800180803,0.03623137499744189,5.5084813779976685,ok,247107.0,247107.0,6063.109560428919,1124.1237546517912,0.4055390652095929,1.1564468316680214,2.5541115049545855,0.9184,2.5721811812760387,15000,3391.0,11609.0,3,0,,,False,,0.0
GP_Matern52_PI,Acquisition Ablation,3,42,129,3,220293.0,775859,26814.0,0.10851169736187158,99.99963941354218,1.0,1.0,0.6434108527131783,56040.24031007752,67472.0,0.6617035000210106,0.1627591249998659,0.03226974999779486,5.703510252995329,ok,247107.0,247107.0,6065.7227932097685,1124.9689260679145,0.4044508946577515,1.1653111560425802,2.567155879444252,0.9176,2.5711224773937027,15000,3308.0,11692.0,3,0,,,False,,0.0
GP_Matern52_PI,Acquisition Ablation,3,43,132,3,220293.0,775859,26814.0,0.10851169736187158,99.99963941354218,1.0,1.0,0.6515151515151515,56649.55303030303,144409.0,0.534317265764169,0.15405566600020393,0.038012583998352056,5.895578502993885,ok,247107.0,247107.0,6059.648572642158,1120.7894852700338,0.4055996251365677,1.1864641229175579,2.6077853059892986,0.9146,2.542863643690202,15000,3299.0,11701.0,3,0,,,False,,0.0
GP_Matern52_PI,Acquisition Ablation,3,44,135,3,220293.0,775859,26814.0,0.10851169736187158,99.99963941354218,1.0,1.0,0.6518518518518519,56622.985185185185,111248.0,1.1629274994375656,0.22167179199823295,0.03690899999855901,6.154159294990677,ok,247107.0,247107.0,6029.669859571773,1113.9541183376764,0.40503439046213496,1.2058129477841562,2.6315998690378093,0.911,2.5212243937797187,15000,3327.0,11673.0,2,1,,,False,,0.3333333333333333
GP_Matern52_PI,Acquisition Ablation,3,45,138,3,220293.0,775859,26814.0,0.10851169736187158,99.99963941354218,1.0,1.0,0.6594202898550725,57227.536231884056,132665.0,0.5444251850003837,0.1455823340002098,0.03573950000281911,6.335481128993706,ok,247107.0,247107.0,6019.102009258625,1111.298545680275,0.4078004450834997,1.2010616915219263,2.621770354550508,0.9116,2.505005675644064,15000,3338.0,11662.0,2,1,,,False,,0.3333333333333333
GP_Matern52_PI,Acquisition Ablation,3,46,141,3,220293.0,775859,26814.0,0.10851169736187158,99.99963941354218,1.0,1.0,0.6595744680851063,56842.82978723404,75846.0,0.630182501567687,0.19401291599933757,0.03320858300139662,6.56270262799444,ok,247107.0,247107.0,5987.777475121209,1101.8911623937172,0.4187106013506433,1.1559791257431662,2.5750418706335614,0.9176,2.5346436024833783,15000,3346.0,11654.0,2,1,,,False,,0.3333333333333333
GP_Matern52_PI,Acquisition Ablation,3,47,144,3,220293.0,775859,26814.0,0.10851169736187158,99.99963941354218,1.0,1.0,0.6666666666666666,57298.645833333336,145210.0,0.3023714037005451,0.15905424999800744,0.036841749999439344,6.758598627991887,ok,247107.0,247107.0,5954.593464561438,1098.6934765503977,0.4186020206453386,1.181977337293266,2.6138709092189725,0.9124,2.44243398331085,15000,3317.0,11683.0,3,0,,,False,,0.0
GP_Matern52_PI,Acquisition Ablation,3,48,147,3,222233.0,690435,24874.0,0.10066084732524777,99.99983609706463,1.0,1.0,0.673469387755102,59604.37414965987,222233.0,0.2800349810622025,0.41148066599998856,0.03693566699803341,7.207014960989909,ok,247107.0,247107.0,5914.734744668346,1083.4116383894893,0.42025836275644674,1.1815297805138572,2.59847830013145,0.9146,2.4495624908520455,15000,3292.0,11708.0,3,0,,,False,,0.0
GP_Matern52_PI,Acquisition Ablation,3,49,150,3,222233.0,690435,24874.0,0.10066084732524777,99.99983609706463,1.0,1.0,0.68,60572.59333333333,207261.0,0.4916486111397215,0.19463820799865061,0.031682583001384046,7.433335751989944,ok,247107.0,247107.0,5912.893448716553,1085.4249231689296,0.41911400026274465,1.1880524395483154,2.5826989283527,0.916,2.4895365045339584,15000,3366.0,11634.0,3,0,,,False,,0.0
GP_Matern52_PI,Acquisition Ablation,4,0,3,3,0.0,3806703,247107.0,1.0,93.70319341923158,0.0,0.0,0.0,0.0,0.0,0.8989998979021484,0.0,0.0,0.0,initial,247107.0,247107.0,,,,,,,,0,,,1,2,,,False,,0.6666666666666666
GP_Matern52_PI,Acquisition Ablation,4,1,6,3,0.0,3806703,247107.0,1.0,93.70319341923158,0.0,0.0,0.0,0.0,0.0,0.7883539755679824,8.566699762013741e-05,0.002951833997940412,0.003037500995560549,constant_target_fallback,247107.0,247107.0,8775.797842190761,1529.645,0.0,0.8104050858432441,3.93666540770458,0.9332,1.0,15000,3299.0,11701.0,1,2,,,False,,0.6666666666666666
GP_Matern52_PI,Acquisition Ablation,4,2,9,3,0.0,3806703,247107.0,1.0,93.70319341923158,0.0,0.0,0.0,0.0,0.0,1.0439140667798688,5.370900180423632e-05,0.005291875000693835,0.00838308499805862,constant_target_fallback,247107.0,247107.0,8775.797842190761,1529.645,0.0,0.8104050858432441,3.93666540770458,0.9332,1.0,15000,3367.0,11633.0,0,3,,,False,,1.0
GP_Matern52_PI,Acquisition Ablation,4,3,12,3,0.0,3806703,247107.0,1.0,93.70319341923158,0.0,0.0,0.0,0.0,0.0,1.1402702788064973,7.125000047381036e-05,0.003241791000618832,0.011696125999151263,constant_target_fallback,247107.0,247107.0,8775.797842190761,1529.645,0.0,0.8104050858432441,3.93666540770458,0.9332,1.0,15000,3311.0,11689.0,0,3,,,False,,1.0
GP_Matern52_PI,Acquisition Ablation,4,4,15,3,0.0,3806703,247107.0,1.0,93.70319341923158,0.0,0.0,0.0,0.0,0.0,1.0890361027601483,5.333399894880131e-05,0.005173292000108631,0.016922751998208696,constant_target_fallback,247107.0,247107.0,8775.797842190761,1529.645,0.0,0.8104050858432441,3.93666540770458,0.9332,1.0,15000,3367.0,11633.0,0,3,,,False,,1.0
GP_Matern52_PI,Acquisition Ablation,4,5,18,3,25397.0,440711,221710.0,0.8972226606287964,98.22593101784378,0.0,0.0,0.05555555555555555,1410.9444444444443,25397.0,1.2231924939881342,6.183400182635523e-05,0.00926308299676748,0.02624766899680253,constant_target_fallback,247107.0,247107.0,8775.797842190761,1529.645,0.0,0.8104050858432441,3.93666540770458,0.9332,1.0,15000,3275.0,11725.0,1,2,,,False,,0.6666666666666666
GP_Matern52_PI,Acquisition Ablation,4,6,21,3,25397.0,440711,221710.0,0.8972226606287964,98.22593101784378,0.0,0.0,0.047619047619047616,1209.3809523809523,0.0,0.157881658598262,0.04054554200047278,0.010587166998448083,0.07738037799572339,ok,247107.0,247107.0,8793.653277997535,1728.5422270455365,0.40039896693384236,0.908215173168752,3.4438692067801435,0.8262,0.9575050550971744,15000,3363.0,11637.0,3,0,,,False,,0.0
GP_Matern52_PI,Acquisition Ablation,4,7,24,3,48127.0,946632,198980.0,0.8052382166429927,99.24229312007594,1.0,0.0,0.08333333333333333,3063.5,48127.0,0.5803702746036801,0.027909083000849932,0.015880458002357045,0.12116991899893037,ok,247107.0,247107.0,9899.842595064223,2573.645841975434,0.014727547149744493,1.22090617076705,4093.365602779746,0.8878,0.9249985448780746,15000,3369.0,11631.0,2,1,,,False,,0.3333333333333333
GP_Matern52_PI,Acquisition Ablation,4,8,27,3,48127.0,946632,198980.0,0.8052382166429927,99.24229312007594,1.0,0.0,0.18518518518518517,6726.222222222223,43751.0,0.4194652229379554,0.052510709003399825,0.009329584001534386,0.18301021200386458,ok,247107.0,247107.0,8598.211056004706,1517.9920820287623,0.1523213436899416,1.0480238925686656,2.7549038587225243,0.932,2.3358746329371276,15000,3299.0,11701.0,3,0,,,False,,0.0
GP_Matern52_PI,Acquisition Ablation,4,9,30,3,120271.0,604466,126836.0,0.5132837191985659,99.97020244634966,1.0,1.0,0.26666666666666666,16211.266666666666,120271.0,0.3310810906348592,0.044010916997649474,0.009038000000145985,0.23605912900166004,ok,247107.0,247107.0,8563.01747015137,1507.981115473547,0.151431939937278,1.2434341602986068,2.401364254768616,0.9334,2.5097292087977308,15000,3347.0,11653.0,3,0,,,False,,0.0
GP_Matern52_PI,Acquisition Ablation,4,10,33,3,120271.0,604466,126836.0,0.5132837191985659,99.97020244634966,1.0,1.0,0.3333333333333333,23520.424242424244,114263.0,0.47144755414003287,0.04980266699931235,0.012969833998795366,0.29883162999976776,ok,247107.0,247107.0,8397.63213094829,1479.1781903859946,0.2073102004581391,1.4030266985778344,2.4153962461400167,0.9516,3.016793725919146,15000,3409.0,11591.0,3,0,,,False,,0.0
GP_Matern52_PI,Acquisition Ablation,4,11,36,3,120271.0,604466,126836.0,0.5132837191985659,99.97020244634966,1.0,1.0,0.3888888888888889,29665.527777777777,108942.0,0.5525131045278234,0.05263087500134134,0.0095560409972677,0.3610185459983768,ok,247107.0,247107.0,8148.813599662831,1429.008553522424,0.2252415900581448,1.4463463668384553,2.459321604593792,0.9682,3.2594965958724624,15000,3284.0,11716.0,3,0,,,False,,0.0
GP_Matern52_PI,Acquisition Ablation,4,12,39,3,123038.0,1043432,124069.0,0.5020861408215874,99.97352967593767,1.0,1.0,0.4358974358974359,35129.205128205125,123038.0,0.2357283061610186,0.04648829199868487,0.012863666001067031,0.4203705039981287,ok,247107.0,247107.0,8127.586283866992,1433.6315095406549,0.21864225221235775,1.4616142627104314,2.5041307027807167,0.9722,3.4004698354023954,15000,3417.0,11583.0,3,0,,,False,,0.0
GP_Matern52_PI,Acquisition Ablation,4,13,42,3,123038.0,1043432,124069.0,0.5020861408215874,99.97352967593767,1.0,1.0,0.47619047619047616,38296.21428571428,114317.0,0.24291919461875158,0.03475254200020572,0.019792541999777313,0.47491558799811173,ok,247107.0,247107.0,8103.616098019134,1427.6845147674464,0.2108885788231495,1.4657739540281212,2.5435247985086806,0.9696,3.4557708745690157,15000,3402.0,11598.0,3,0,,,False,,0.0
GP_Matern52_PI,Acquisition Ablation,4,14,45,3,128796.0,691969,118311.0,0.47878449416649466,99.97934823014333,1.0,1.0,0.5111111111111111,43284.22222222222,128796.0,0.295194421408502,0.04847420800069813,0.02295979199698195,0.5463495879957918,ok,247107.0,247107.0,8120.114509608519,1430.7018009932124,0.20537820934133239,1.4168003412046175,2.583184386475773,0.9646,3.437973197553581,15000,3358.0,11642.0,3,0,,,False,,0.0
GP_Matern52_PI,Acquisition Ablation,4,15,48,3,128796.0,691969,118311.0,0.47878449416649466,99.97934823014333,1.0,1.0,0.5,40730.875,7292.0,0.19420886321324646,0.06491333400117583,0.015043208000861341,0.626306129997829,ok,247107.0,247107.0,8126.643527625388,1436.9029048995894,0.20489447189521992,1.4264594116330929,2.609057562928575,0.9636,3.4406433645144605,15000,3354.0,11646.0,2,1,,,False,,0.3333333333333333
GP_Matern52_PI,Acquisition Ablation,4,16,51,3,128796.0,691969,118311.0,0.47878449416649466,99.97934823014333,1.0,1.0,0.5294117647058824,39658.39215686275,31118.0,0.32858582905418415,0.055263416998059256,0.017848040999524528,0.6994175879954128,ok,247107.0,247107.0,44883.159644181964,8582.639792256496,0.13148905094721902,2.3079447710573056,3.9426814663822145,0.9024,3.4560150140192847,15000,3305.0,11695.0,3,0,,,False,,0.0
GP_Matern52_PI,Acquisition Ablation,4,17,54,3,128796.0,691969,118311.0,0.47878449416649466,99.97934823014333,1.0,1.0,0.5555555555555556,42600.2037037037,115912.0,0.2380683584799762,0.1433877500021481,0.01692558299691882,0.8597309209944797,ok,247107.0,247107.0,7353.311981309778,1367.7123760913692,0.2800967154259539,2.0534392339770235,2.747948529899041,0.988,4.507199258427578,15000,3397.0,11603.0,3,0,,,False,,0.0
GP_Matern52_PI,Acquisition Ablation,4,18,57,3,128796.0,691969,118311.0,0.47878449416649466,99.97934823014333,1.0,1.0,0.5789473684210527,42435.57894736842,54497.0,0.6966507967913537,0.07471166599862045,0.0209975409998151,0.9554401279929152,ok,247107.0,247107.0,15670.351435280716,3280.2191894830326,0.1354157019915106,2.338880705382269,6.240097343346564,0.91,3.3924917206292973,15000,3459.0,11541.0,3,0,,,False,,0.0
GP_Matern52_PI,Acquisition Ablation,4,19,60,3,128796.0,691969,118311.0,0.47878449416649466,99.97934823014333,1.0,1.0,0.5666666666666667,41412.9,65946.0,0.8102011130066566,0.1173087499992107,0.022107084001618205,1.0948559619937441,ok,247107.0,247107.0,9399.45777728663,2187.2578096300813,0.13381927582303493,2.3654464725859268,5.570745069106129,0.919,3.4873854711036607,15000,3395.0,11605.0,2,1,,,False,,0.3333333333333333
GP_Matern52_PI,Acquisition Ablation,4,20,63,3,128796.0,691969,118311.0,0.47878449416649466,99.97934823014333,1.0,1.0,0.5714285714285714,41224.01587301587,59585.0,0.45565059239693934,0.13850950000050943,0.0190204159989662,1.2523858779932198,ok,247107.0,247107.0,6854.7338441144,1441.3913237047757,0.19752630368354337,2.089788291770699,2.957230815299232,0.942,3.8019927607957156,15000,3364.0,11636.0,3,0,,,False,,0.0
GP_Matern52_PI,Acquisition Ablation,4,21,66,3,128796.0,691969,118311.0,0.47878449416649466,99.97934823014333,1.0,1.0,0.5757575757575758,40641.878787878784,63455.0,0.538569783524678,0.07616799999959767,0.01826654099932057,1.346820418992138,ok,247107.0,247107.0,7990.661808273963,1775.852692360419,0.17099620863828424,2.273968534436637,2.9118025610991607,0.9592,4.3905812370987345,15000,3369.0,11631.0,3,0,,,False,,0.0
GP_Matern52_PI,Acquisition Ablation,4,22,69,3,128796.0,691969,118311.0,0.47878449416649466,99.97934823014333,1.0,1.0,0.5942028985507246,42711.34782608696,108276.0,0.4108557796185741,0.1714732920008828,0.019126125000184402,1.5374198359932052,ok,247107.0,247107.0,6954.885804244521,1417.1398638183155,0.26415403969321805,2.8043258918727196,3.014311705864962,0.99,5.141608607096135,15000,3349.0,11651.0,3,0,,,False,,0.0
GP_Matern52_PI,Acquisition Ablation,4,23,72,3,128796.0,691969,118311.0,0.47878449416649466,99.97934823014333,1.0,1.0,0.6111111111111112,43125.305555555555,53244.0,0.37591069556444784,0.1901796660022228,0.020331957999587758,1.7479314599950158,ok,247107.0,247107.0,6974.307895516063,1434.3538058236584,0.2659672828425534,2.645037797811716,2.9674121092244112,0.9858,5.16869480173838,15000,3298.0,11702.0,3,0,,,False,,0.0
GP_Matern52_PI,Acquisition Ablation,4,24,75,3,128796.0,691969,118311.0,0.47878449416649466,99.97934823014333,1.0,1.0,0.6266666666666667,42649.746666666666,87940.0,0.2944170127629215,0.12902466599916806,0.029400625000562286,1.906356750994746,ok,247107.0,247107.0,7673.234017057663,1559.599750570673,0.24405426845213118,2.9417572587176624,3.0209535299782035,0.9842,4.447650655104067,15000,3365.0,11635.0,3,0,,,False,,0.0
GP_Matern52_PI,Acquisition Ablation,4,25,78,3,186121.0,776635,60986.0,0.24679996924409264,99.9976561880242,1.0,1.0,0.6410256410256411,46033.807692307695,186121.0,0.4179198603305565,0.14506016700033797,0.028697290999843972,2.080114208994928,ok,247107.0,247107.0,6538.61202112248,1389.7648012394882,0.25510170130334786,2.8243813814005785,3.0396477476261503,0.987,5.1480628575820795,15000,3396.0,11604.0,3,0,,,False,,0.0
GP_Matern52_PI,Acquisition Ablation,4,26,81,3,186121.0,776635,60986.0,0.24679996924409264,99.9976561880242,1.0,1.0,0.654320987654321,45614.49382716049,50996.0,0.46038897169375925,0.12332120800056146,0.02951266700256383,2.2329480839980533,ok,247107.0,247107.0,6348.427546445938,1327.2294176907765,0.2622560557864461,2.5855624357005706,2.9534864384246546,0.985,5.174936415799883,15000,3380.0,11620.0,3,0,,,False,,0.0
GP_Matern52_PI,Acquisition Ablation,4,27,84,3,186121.0,776635,60986.0,0.24679996924409264,99.9976561880242,1.0,1.0,0.6666666666666666,46699.083333333336,95577.0,0.5493065664862303,0.1320850000010978,0.02242162500260747,2.3874547090017586,ok,247107.0,247107.0,6405.014027431098,1396.2981022194856,0.24930394612009962,2.81182558945372,3.0419153367791187,0.9858,5.264506697118572,15000,3254.0,11746.0,3,0,,,False,,0.0
GP_Matern52_PI,Acquisition Ablation,4,28,87,3,186121.0,776635,60986.0,0.24679996924409264,99.9976561880242,1.0,1.0,0.6781609195402298,46806.425287356324,102000.0,0.4453664608706836,0.1004942920008034,0.03137987499940209,2.519328876001964,ok,247107.0,247107.0,6002.35011922469,1372.189560364343,0.26510267336134624,2.8319896756430567,3.050467883018906,0.984,5.226064539069186,15000,3380.0,11620.0,3,0,,,False,,0.0
GP_Matern52_PI,Acquisition Ablation,4,29,90,3,186121.0,776635,60986.0,0.24679996924409264,99.9976561880242,1.0,1.0,0.6888888888888889,47384.61111111111,73100.0,0.2998414443190325,0.13261462499940535,0.026638166997145163,2.6785816679985146,ok,247107.0,247107.0,6017.599752982367,1372.31225484501,0.2576037453930505,2.8169397297870966,3.048360108061375,0.983,5.216870209375043,15000,3342.0,11658.0,3,0,,,False,,0.0
GP_Matern52_PI,Acquisition Ablation,4,30,93,3,186121.0,776635,60986.0,0.24679996924409264,99.9976561880242,1.0,1.0,0.6989247311827957,49433.333333333336,183379.0,0.18529290499230255,0.2601778749994992,0.024865957999281818,2.9636255009972956,ok,247107.0,247107.0,5720.1022463011905,1279.6823756750982,0.27975867015212996,2.585476316558797,2.958098478257419,0.981,5.098217950173517,15000,3342.0,11658.0,3,0,,,False,,0.0
GP_Matern52_PI,Acquisition Ablation,4,31,96,3,186121.0,776635,60986.0,0.24679996924409264,99.9976561880242,1.0,1.0,0.7083333333333334,50705.010416666664,124596.0,0.5807896203898227,0.22485470900210203,0.025690124999528052,3.2141703349989257,ok,247107.0,247107.0,5591.825270527258,1249.6395833996542,0.28784878177186074,2.4548467066431097,2.9306537546304186,0.981,5.134835627849871,15000,3420.0,11580.0,3,0,,,False,,0.0
GP_Matern52_PI,Acquisition Ablation,4,32,99,3,186121.0,776635,60986.0,0.24679996924409264,99.9976561880242,1.0,1.0,0.696969696969697,50219.67676767677,104067.0,1.2634050020002972,0.22410099999979138,0.0267615000011574,3.4650328349998745,ok,247107.0,247107.0,5519.051632810693,1241.5796221842788,0.29135268671143355,2.4243388947650346,2.928880821068561,0.9806,5.135696279252156,15000,3315.0,11685.0,1,2,,,False,,0.6666666666666666
GP_Matern52_PI,Acquisition Ablation,4,33,102,3,186121.0,776635,60986.0,0.24679996924409264,99.9976561880242,1.0,1.0,0.7058823529411765,51294.80392156863,146450.0,0.29784536192824956,0.2647256659984123,0.03639429199756705,3.766152792995854,ok,247107.0,247107.0,5489.939632143618,1162.5316505218286,0.301053567887913,2.3536057110526434,2.9136039696035483,0.9796,5.075269991833029,15000,3288.0,11712.0,3,0,,,False,,0.0
GP_Matern52_PI,Acquisition Ablation,4,34,105,3,186121.0,776635,60986.0,0.24679996924409264,99.9976561880242,1.0,1.0,0.6857142857142857,49829.23809523809,0.0,0.6674515230637418,0.2353761249978561,0.021612166001432342,4.023141083995142,ok,247107.0,247107.0,5570.330266285654,1199.135976191792,0.2962816233796355,2.561657682813892,2.9948719368160805,0.977,5.1484016676880975,15000,3368.0,11632.0,0,3,,,False,,1.0
GP_Matern52_PI,Acquisition Ablation,4,35,108,3,186121.0,776635,60986.0,0.24679996924409264,99.9976561880242,1.0,1.0,0.6944444444444444,50373.31481481482,158523.0,0.5542248949681349,0.25140758300040034,0.03615166600138764,4.31070033299693,ok,247107.0,247107.0,5399.022711350999,1066.201761865101,0.3171917074434067,2.178716086292114,2.872564284156325,0.9778,4.950310499672169,15000,3409.0,11591.0,3,0,,,False,,0.0
GP_Matern52_PI,Acquisition Ablation,4,36,111,3,186121.0,776635,60986.0,0.24679996924409264,99.9976561880242,1.0,1.0,0.6756756756756757,49011.873873873876,0.0,0.49915653342702776,0.23233449999679578,0.0396628749986121,4.582697707992338,ok,247107.0,247107.0,5401.722385195156,1050.1620807543936,0.31983645775461794,2.1431085687275475,2.866855623625596,0.9756,4.911666316576708,15000,3358.0,11642.0,0,3,,,False,,1.0
GP_Matern52_PI,Acquisition Ablation,4,37,114,3,186121.0,776635,60986.0,0.24679996924409264,99.9976561880242,1.0,1.0,0.6842105263157895,49010.54385964912,72262.0,0.3303950978613984,0.3111750839998422,0.03223437500128057,4.926107166993461,ok,247107.0,247107.0,5412.3713677653295,1015.9121242081352,0.3325259906307217,2.036839365085142,2.8311366943847305,0.9754,4.7742519559668395,15000,3395.0,11605.0,3,0,,,False,,0.0
GP_Matern52_PI,Acquisition Ablation,4,38,117,3,186121.0,776635,60986.0,0.24679996924409264,99.9976561880242,1.0,1.0,0.6837606837606838,49496.418803418805,116517.0,0.9463578774193507,0.17834249999941676,0.03073908399892389,5.1351887509918015,ok,247107.0,247107.0,5416.419607180011,1012.8051941814618,0.3304121468710191,2.050211037047819,2.8453787884220443,0.9744,4.774925399209366,15000,3474.0,11526.0,2,1,,,False,,0.3333333333333333
GP_Matern52_PI,Acquisition Ablation,4,39,120,3,186121.0,776635,60986.0,0.24679996924409264,99.9976561880242,1.0,1.0,0.6916666666666667,49419.8,77981.0,0.24589948013765814,0.19748579200313543,0.03410200000143959,5.3667765429963765,ok,247107.0,247107.0,5456.384242605887,1013.8227020793998,0.3384422573275892,2.0207996372042363,2.8372729382426947,0.9744,4.7884941192754775,15000,3444.0,11556.0,3,0,,,False,,0.0
GP_Matern52_PI,Acquisition Ablation,4,40,123,3,186121.0,776635,60986.0,0.24679996924409264,99.9976561880242,1.0,1.0,0.6991869918699187,49941.10569105691,107278.0,0.6406287136069079,0.2586454580014106,0.033594417000131216,5.659016417997918,ok,247107.0,247107.0,5440.141389503358,1017.8846904124267,0.33875877842462454,2.0197383246573137,2.8526396518522215,0.9716,4.770544802035566,15000,3302.0,11698.0,3,0,,,False,,0.0
GP_Matern52_PI,Acquisition Ablation,4,41,126,3,186121.0,776635,60986.0,0.24679996924409264,99.9976561880242,1.0,1.0,0.6904761904761905,49574.22222222222,103596.0,1.0765086985418808,0.2957637079998676,0.03377858300154912,5.988558708999335,ok,247107.0,247107.0,5297.032726881836,1016.7268378797382,0.3330806580217006,2.100247780439523,2.8926525306287934,0.9678,4.758214909721205,15000,3292.0,11708.0,1,2,,,False,,0.6666666666666666
GP_Matern52_PI,Acquisition Ablation,4,42,129,3,186121.0,776635,60986.0,0.24679996924409264,99.9976561880242,1.0,1.0,0.6821705426356589,48880.52713178295,59236.0,1.181651787765168,0.3605446250003297,0.03587641600097413,6.384979750000639,ok,247107.0,247107.0,5314.130763044052,998.0844508745441,0.3533044679406555,1.9173952780648011,2.8432072372806094,0.9676,4.684369709480305,15000,3349.0,11651.0,1,2,,,False,,0.6666666666666666
GP_Matern52_PI,Acquisition Ablation,4,43,132,3,186121.0,776635,60986.0,0.24679996924409264,99.9976561880242,1.0,1.0,0.6666666666666666,47769.606060606064,0.0,0.36560354451090316,0.2583744170005957,0.035541959001420764,6.678896126002655,ok,247107.0,247107.0,5318.997915577829,991.8867574301221,0.36438903879730744,1.82244150281533,2.8174294168860547,0.9672,4.619050770799313,15000,3395.0,11605.0,2,1,,,False,,0.3333333333333333
GP_Matern52_PI,Acquisition Ablation,4,44,135,3,186121.0,776635,60986.0,0.24679996924409264,99.9976561880242,1.0,1.0,0.674074074074074,48689.65185185185,159755.0,0.3972590415748791,0.2786621249979362,0.040525666998291854,6.998083917998883,ok,247107.0,247107.0,5323.537780439371,975.5110876680786,0.37490358596052736,1.7281346589074826,2.7733667014727397,0.9698,4.5362063112852775,15000,3309.0,11691.0,3,0,,,False,,0.0
GP_Matern52_PI,Acquisition Ablation,4,45,138,3,186121.0,776635,60986.0,0.24679996924409264,99.9976561880242,1.0,1.0,0.6811594202898551,48532.282608695656,105396.0,0.7038453479772763,0.37422595799944247,0.036496207998425234,7.408806083996751,ok,247107.0,247107.0,5218.784340038569,949.2620802520506,0.3811302380431424,1.6895387764333574,2.7666838542540226,0.9682,4.493439395569718,15000,3319.0,11681.0,3,0,,,False,,0.0
GP_Matern52_PI,Acquisition Ablation,4,46,141,3,186121.0,776635,60986.0,0.24679996924409264,99.9976561880242,1.0,1.0,0.6808510638297872,48417.51063829787,120352.0,0.7368286319046174,0.26262379200124997,0.044803749999118736,7.71623362599712,ok,247107.0,247107.0,5178.818364255772,918.7391859350159,0.3802002010490434,1.684647834896934,2.7717664602599115,0.9668,4.492541128047152,15000,3338.0,11662.0,2,1,,,False,,0.3333333333333333
GP_Matern52_PI,Acquisition Ablation,4,47,144,3,186121.0,776635,60986.0,0.24679996924409264,99.9976561880242,1.0,1.0,0.6875,47985.555555555555,46572.0,0.38456822698864057,0.28830058300081873,0.04204095800014329,8.046575166998082,ok,247107.0,247107.0,5198.033670691119,928.6258560665868,0.38074865132295227,1.6462742340349767,2.7621836359350085,0.9684,4.554706166140834,15000,3338.0,11662.0,3,0,,,False,,0.0
GP_Matern52_PI,Acquisition Ablation,4,48,147,3,186121.0,776635,60986.0,0.24679996924409264,99.9976561880242,1.0,1.0,0.6938775510204082,48526.183673469386,130114.0,0.3997793785578585,0.4835817919993133,0.052479958001640625,8.582636916999036,ok,247107.0,247107.0,5320.7709187729015,961.7417623219247,0.3716122377289133,1.663953908826692,2.7679738053635754,0.9666,4.552479360557651,15000,3335.0,11665.0,3,0,,,False,,0.0
GP_Matern52_PI,Acquisition Ablation,4,49,150,3,186121.0,776635,60986.0,0.24679996924409264,99.9976561880242,1.0,1.0,0.7,48307.27333333333,50044.0,0.1636262914884569,0.22527004100265913,0.03720804100157693,8.845114999003272,ok,247107.0,247107.0,5307.978187044087,945.5353519820321,0.37123957836162164,1.6688461034657862,2.7803645620384296,0.966,4.580889848897648,15000,3422.0,11578.0,3,0,,,False,,0.0
GP_Matern52_PI_GATE_2T1S,Imperfection-aware,0,0,3,3,0.0,2370341,247107.0,1.0,93.70319341923158,0.0,0.0,0.0,0.0,0.0,1.0123451313576954,0.0,0.0,0.0,initial,247107.0,247107.0,,,,,,,,0,,,0,3,,,False,,1.0
GP_Matern52_PI_GATE_2T1S,Imperfection-aware,0,1,6,3,45710.0,1041565,201397.0,0.8150194045494462,99.1430826732962,1.0,0.0,0.16666666666666666,7618.333333333333,45710.0,1.0795447114014973,0.0001580419993842952,0.006267875000048662,0.006425916999432957,constant_target_fallback,247107.0,247107.0,8794.15225607335,1574.217,0.0,0.8138185086950146,3.9690805000534337,0.9332,1.0,15000,3347.0,11653.0,2,1,2.0,1.0,False,,0.3333333333333333
GP_Matern52_PI_GATE_2T1S,Imperfection-aware,0,2,9,3,45710.0,1041565,201397.0,0.8150194045494462,99.1430826732962,1.0,0.0,0.3333333333333333,10258.111111111111,44837.0,0.7001676839242,0.043924790999881225,0.01353204199767788,0.06388274999699206,ok,247107.0,247107.0,9055.259347037258,2690.1849444810605,0.3513265516970542,1.8379836438096762,3.9271734731205985,0.8556,2.4657712167120653,15000,3332.0,11668.0,2,1,2.0,1.0,False,,0.3333333333333333
GP_Matern52_PI_GATE_2T1S,Imperfection-aware,0,3,12,3,100093.0,957005,147014.0,0.594940653239285,99.89842935095093,1.0,0.0,0.4166666666666667,19747.916666666668,100093.0,0.49135752748211053,0.036824874998274026,0.006699458997900365,0.10740708399316645,ok,247107.0,247107.0,7461.548807163517,1321.6641425650753,0.41524733129728436,1.2102323851206476,2.319914301210348,0.9664,3.045277673598911,15000,3312.0,11688.0,2,1,2.0,1.0,False,,0.3333333333333333
GP_Matern52_PI_GATE_2T1S,Imperfection-aware,0,4,15,3,109831.0,1045238,137276.0,0.555532623519366,99.94369934170025,1.0,1.0,0.4666666666666667,29934.933333333334,109831.0,0.3564395883739073,0.028367792001517955,0.005964874999335734,0.14173975099402014,ok,247107.0,247107.0,10743.518176787837,1844.5269215900753,0.2643296732565852,1.4745196792355544,3.583931778375059,0.912,3.2438780503015363,15000,3351.0,11649.0,2,1,2.0,1.0,False,,0.3333333333333333
GP_Matern52_PI_GATE_2T1S,Imperfection-aware,0,5,18,3,109831.0,1045238,137276.0,0.555532623519366,99.94369934170025,1.0,1.0,0.5555555555555556,34742.5,100257.0,0.615267742613001,0.03123033299925737,0.011866500000905944,0.18483658399418346,ok,247107.0,247107.0,7575.369442387318,1329.785267809243,0.38740883394063774,1.664252903731707,2.5929094873654344,0.981,4.268536083211025,15000,3306.0,11694.0,2,1,2.0,1.0,False,,0.3333333333333333
GP_Matern52_PI_GATE_2T1S,Imperfection-aware,0,6,21,3,114582.0,1036670,132525.0,0.5363061345894693,99.95843421559005,1.0,1.0,0.5714285714285714,40341.0,114582.0,1.1283426605432014,0.023721583998849383,0.014155458997265669,0.2227136269902985,ok,247107.0,247107.0,7021.0215337841255,1286.7025577900306,0.36790877487959767,1.9586116893806313,2.702029764509564,0.9848,4.5788158045839955,15000,3333.0,11667.0,2,1,2.0,1.0,False,,0.3333333333333333
GP_Matern52_PI_GATE_2T1S,Imperfection-aware,0,7,24,3,114582.0,1036670,132525.0,0.5363061345894693,99.95843421559005,1.0,1.0,0.625,44526.208333333336,109696.0,0.8541248923068001,0.026230542000121204,0.008167792002495844,0.25711196099291556,ok,247107.0,247107.0,7484.501406178358,1368.4650499644033,0.3528723560017356,1.8315282012422511,2.702429873913545,0.9814,4.7939301232536495,15000,3323.0,11677.0,2,1,2.0,1.0,False,,0.3333333333333333
GP_Matern52_PI_GATE_2T1S,Imperfection-aware,0,8,27,3,155545.0,950243,91562.0,0.37053584074914914,99.99391920109775,1.0,1.0,0.6296296296296297,49262.0,155545.0,1.1169177777679782,0.03179166700283531,0.017341667000437155,0.306245294996188,ok,247107.0,247107.0,6826.5673410362,1214.188596079178,0.40987031502209165,1.6695916679758296,2.651927850283225,0.977,4.453094790938537,15000,3422.0,11578.0,2,1,2.0,1.0,False,,0.3333333333333333
GP_Matern52_PI_GATE_2T1S,Imperfection-aware,0,9,30,3,155545.0,950243,91562.0,0.37053584074914914,99.99391920109775,1.0,1.0,0.6333333333333333,47948.3,94472.0,0.9323255387124728,0.03534945800129208,0.010261499999614898,0.351856252997095,ok,247107.0,247107.0,6694.004535236445,1204.8343390664395,0.4156299201737189,1.5414290789439449,2.6389980767090724,0.968,4.228925246860656,15000,3360.0,11640.0,2,1,2.0,1.0,False,,0.3333333333333333
GP_Matern52_PI_GATE_2T1S,Imperfection-aware,0,10,33,3,155545.0,950243,91562.0,0.37053584074914914,99.99391920109775,1.0,1.0,0.6363636363636364,45448.878787878784,39862.0,0.8977701344451319,0.04398104199935915,0.010443207997013815,0.40628050299346796,ok,247107.0,247107.0,6796.0168456731635,1214.4082042889074,0.41318680056112417,1.4822328944652752,2.616768716098963,0.9668,4.177291207677284,15000,3323.0,11677.0,2,1,2.0,1.0,False,,0.3333333333333333
GP_Matern52_PI_GATE_2T1S,Imperfection-aware,0,11,36,3,155545.0,950243,91562.0,0.37053584074914914,99.99391920109775,1.0,1.0,0.6388888888888888,47446.88888888889,146739.0,1.0915259482614068,0.052355083000293234,0.015532457997323945,0.47416804399108514,ok,247107.0,247107.0,6668.746587966502,1167.8153248353433,0.4204110022043863,1.2962183332080048,2.5859981800294873,0.9542,3.7717605201180153,15000,3332.0,11668.0,2,1,2.0,1.0,False,,0.3333333333333333
GP_Matern52_PI_GATE_2T1S,Imperfection-aware,0,12,39,3,155545.0,950243,91562.0,0.37053584074914914,99.99391920109775,1.0,1.0,0.6410256410256411,46389.35897435898,62400.0,0.9630201052529296,0.06041095799810137,0.00954904099853593,0.5441280429877224,ok,247107.0,247107.0,6723.851953081305,1176.3515588416226,0.4189911617023389,1.3072456740162903,2.6216386664234834,0.951,3.7447909615390236,15000,3310.0,11690.0,2,1,2.0,1.0,False,,0.3333333333333333
GP_Matern52_PI_GATE_2T1S,Imperfection-aware,0,13,42,3,155545.0,950243,91562.0,0.37053584074914914,99.99391920109775,1.0,1.0,0.6428571428571429,45008.357142857145,44070.0,1.2112743106672825,0.06383258400092018,0.019826374998956453,0.6277870019875991,ok,247107.0,247107.0,6768.212130326823,1203.4479243409323,0.4183683515717421,1.2423021744056542,2.5892419270048515,0.9476,3.4627042979369973,15000,3445.0,11555.0,2,1,2.0,1.0,False,,0.3333333333333333
GP_Matern52_PI_GATE_2T1S,Imperfection-aware,0,14,45,3,155545.0,950243,91562.0,0.37053584074914914,99.99391920109775,1.0,1.0,0.6444444444444445,45785.24444444444,101581.0,0.8636716960010679,0.08827187499991851,0.014411375002964633,0.7304702519904822,ok,247107.0,247107.0,6728.191575325863,1186.1348706614283,0.41824347621099645,1.210480275067927,2.5834611693438627,0.941,3.2196074292112455,15000,3291.0,11709.0,2,1,2.0,1.0,False,,0.3333333333333333
GP_Matern52_PI_GATE_2T1S,Imperfection-aware,0,15,48,3,155545.0,950243,91562.0,0.37053584074914914,99.99391920109775,1.0,1.0,0.6458333333333334,45489.875,91067.0,1.2391113024630502,0.12072875000012573,0.01156716600235086,0.8627661679929588,ok,247107.0,247107.0,6788.88823501098,1216.8733339076296,0.4131103383502744,1.1976525942784293,2.630469922587947,0.9314,3.154565212266302,15000,3333.0,11667.0,2,1,2.0,1.0,False,,0.3333333333333333
GP_Matern52_PI_GATE_2T1S,Imperfection-aware,0,16,51,3,155545.0,950243,91562.0,0.37053584074914914,99.99391920109775,1.0,1.0,0.6470588235294118,43221.21568627451,18139.0,0.8678876056694035,0.06982645800235332,0.01907466600096086,0.951667291996273,ok,247107.0,247107.0,6776.124715055729,1232.2480829320664,0.41224621275645995,1.1998949606599465,2.7338445128320448,0.9238,2.962380534838957,15000,3369.0,11631.0,2,1,2.0,1.0,False,,0.3333333333333333
GP_Matern52_PI_GATE_2T1S,Imperfection-aware,0,17,54,3,155545.0,950243,91562.0,0.37053584074914914,99.99391920109775,1.0,1.0,0.6481481481481481,41220.48148148148,10832.0,1.0802523762709402,0.13361370799975703,0.028227708000486018,1.113508707996516,ok,247107.0,247107.0,6758.018043061484,1229.7037472034938,0.41175635612414885,1.1902233623370861,2.833812029749204,0.9164,2.8270014753195953,15000,3405.0,11595.0,2,1,2.0,1.0,False,,0.3333333333333333
GP_Matern52_PI_GATE_2T1S,Imperfection-aware,0,18,57,3,155545.0,950243,91562.0,0.37053584074914914,99.99391920109775,1.0,1.0,0.6491228070175439,39697.61403508772,35263.0,0.6662565987685126,0.08837845800007926,0.019410375000006752,1.221297540996602,ok,247107.0,247107.0,6646.811547264756,1224.3496331211995,0.4097562089587005,1.2107132460318117,2.964567656037473,0.9112,2.7512173793408086,15000,3338.0,11662.0,2,1,2.0,1.0,False,,0.3333333333333333
GP_Matern52_PI_GATE_2T1S,Imperfection-aware,0,19,60,3,155545.0,950243,91562.0,0.37053584074914914,99.99391920109775,1.0,1.0,0.65,41389.183333333334,123777.0,0.7337063538212011,0.07715233400085708,0.018344707998039667,1.3167945829954988,ok,247107.0,247107.0,6818.62727041221,1145.4239981511957,0.4150873595082618,1.18952937251722,2.7520056704393263,0.9302,3.041876479332499,15000,3428.0,11572.0,2,1,2.0,1.0,False,,0.3333333333333333
GP_Matern52_PI_GATE_2T1S,Imperfection-aware,0,20,63,3,155545.0,950243,91562.0,0.37053584074914914,99.99391920109775,1.0,1.0,0.6507936507936508,43064.0,116185.0,0.6506488301232626,0.057657000001199776,0.02463808300308301,1.3990896659997816,ok,247107.0,247107.0,6894.839485489455,1164.171007010158,0.4171373932239002,1.1367685391981923,2.6356273938521775,0.9354,3.0179684020427455,15000,3416.0,11584.0,2,1,2.0,1.0,False,,0.3333333333333333
GP_Matern52_PI_GATE_2T1S,Imperfection-aware,0,21,66,3,155545.0,950243,91562.0,0.37053584074914914,99.99391920109775,1.0,1.0,0.6515151515151515,43619.90909090909,110700.0,1.1913278009445614,0.1428672080000979,0.02459462499973597,1.5665514989996154,ok,247107.0,247107.0,6811.609174034425,1155.2067342887638,0.416804455552874,1.1498498953293306,2.6647778593539106,0.934,2.9189494007066767,15000,3263.0,11737.0,2,1,2.0,1.0,False,,0.3333333333333333
GP_Matern52_PI_GATE_2T1S,Imperfection-aware,0,22,69,3,155545.0,950243,91562.0,0.37053584074914914,99.99391920109775,1.0,1.0,0.6521739130434783,44836.27536231884,108132.0,0.5988219221161173,0.12364275000072666,0.01561720799873001,1.705811456999072,ok,247107.0,247107.0,6772.213312611753,1137.8974289566083,0.41473204123612595,1.1940321587329044,2.7954824735623753,0.9266,2.855647822264643,15000,3323.0,11677.0,2,1,2.0,1.0,False,,0.3333333333333333
GP_Matern52_PI_GATE_2T1S,Imperfection-aware,0,23,72,3,155545.0,950243,91562.0,0.37053584074914914,99.99391920109775,1.0,1.0,0.6527777777777778,46258.125,119504.0,0.9082545206796165,0.10003166699971189,0.021070167000289075,1.826913290999073,ok,247107.0,247107.0,6744.475566959932,1145.2113084767948,0.4170825787403066,1.1502197468288191,2.6923137488149624,0.9326,2.816773623732155,15000,3390.0,11610.0,2,1,2.0,1.0,False,,0.3333333333333333
GP_Matern52_PI_GATE_2T1S,Imperfection-aware,0,24,75,3,155545.0,950243,91562.0,0.37053584074914914,99.99391920109775,1.0,1.0,0.6533333333333333,46961.986666666664,148178.0,0.9439829678806158,0.13284474999818485,0.03825499999948079,1.9980130409967387,ok,247107.0,247107.0,6726.299550452843,1140.8767814428695,0.41755668989728845,1.1230643078707043,2.66801273031952,0.9322,2.690894907145801,15000,3414.0,11586.0,2,1,2.0,1.0,False,,0.3333333333333333
GP_Matern52_PI_GATE_2T1S,Imperfection-aware,0,25,78,3,155545.0,950243,91562.0,0.37053584074914914,99.99391920109775,1.0,1.0,0.6538461538461539,45641.48717948718,19029.0,0.6497622406035904,0.17110008400049992,0.017051832997822203,2.186164957995061,ok,247107.0,247107.0,6615.167045698138,1194.4634879650202,0.419856623504414,1.1128821581347252,2.4620646690645733,0.9386,2.8805237449544983,15000,3320.0,11680.0,2,1,2.0,1.0,False,,0.3333333333333333
GP_Matern52_PI_GATE_2T1S,Imperfection-aware,0,26,81,3,155545.0,950243,91562.0,0.37053584074914914,99.99391920109775,1.0,1.0,0.654320987654321,45080.62962962963,52621.0,1.1506054024684915,0.08782579099715804,0.021392250000644708,2.2953829989928636,ok,247107.0,247107.0,6666.584760061291,1105.2536724284264,0.4244158830967555,1.0505763923592697,2.4988339941888675,0.9452,3.0304682847127085,15000,3265.0,11735.0,2,1,2.0,1.0,False,,0.3333333333333333
GP_Matern52_PI_GATE_2T1S,Imperfection-aware,0,27,84,3,155545.0,950243,91562.0,0.37053584074914914,99.99391920109775,1.0,1.0,0.6547619047619048,46471.369047619046,143800.0,1.0767748735317717,0.13461649999953806,0.02352141699884669,2.4535209159912483,ok,247107.0,247107.0,6613.037536475777,1079.8800397970974,0.4250750436817582,1.0450979239031628,2.5473359071762682,0.9428,2.9524957280998554,15000,3320.0,11680.0,2,1,2.0,1.0,False,,0.3333333333333333
GP_Matern52_PI_GATE_2T1S,Imperfection-aware,0,28,87,3,155545.0,950243,91562.0,0.37053584074914914,99.99391920109775,1.0,1.0,0.6551724137931034,46464.8275862069,97338.0,1.1646237040700067,0.1288208330006455,0.024820750000799308,2.607162498992693,ok,247107.0,247107.0,6618.140049937975,1080.9190701207915,0.4250454816266898,1.024692142370957,2.5287691952520515,0.942,2.8333045819534064,15000,3344.0,11656.0,2,1,2.0,1.0,False,,0.3333333333333333
GP_Matern52_PI_GATE_2T1S,Imperfection-aware,0,29,90,3,155545.0,950243,91562.0,0.37053584074914914,99.99391920109775,1.0,1.0,0.6555555555555556,47479.455555555556,120088.0,0.817269919755954,0.13545779199921526,0.020556415998726152,2.7631767069906346,ok,247107.0,247107.0,6572.868859901407,1083.5902286202418,0.42419021240525634,1.0134954361869923,2.4459905488482376,0.9454,2.738170410945024,15000,3429.0,11571.0,2,1,2.0,1.0,False,,0.3333333333333333
GP_Matern52_PI_GATE_2T1S,Imperfection-aware,0,30,93,3,155545.0,950243,91562.0,0.37053584074914914,99.99391920109775,1.0,1.0,0.6559139784946236,47200.79569892473,95508.0,1.2791355816528878,0.12479187499775435,0.03007699999943725,2.918045581987826,ok,247107.0,247107.0,6644.925469491981,1112.324017969846,0.4125928117373411,1.0970557216678063,2.541013602227522,0.941,2.85147836479218,15000,3354.0,11646.0,2,1,2.0,1.0,False,,0.3333333333333333
GP_Matern52_PI_GATE_2T1S,Imperfection-aware,0,31,96,3,155545.0,950243,91562.0,0.37053584074914914,99.99391920109775,1.0,1.0,0.65625,47247.697916666664,113631.0,1.1202374207800785,0.21586129199931747,0.044276124997850275,3.178182998984994,ok,247107.0,247107.0,6558.913965713678,1102.021152101848,0.41284328579467877,1.0752504212599299,2.508100807868509,0.9408,2.738181340242796,15000,3371.0,11629.0,2,1,2.0,1.0,False,,0.3333333333333333
GP_Matern52_PI_GATE_2T1S,Imperfection-aware,0,32,99,3,155545.0,950243,91562.0,0.37053584074914914,99.99391920109775,1.0,1.0,0.6565656565656566,48312.9898989899,140571.0,0.7878318856063137,0.38925537500108476,0.04454612500194344,3.611984498988022,ok,247107.0,247107.0,6547.309962024155,1077.0476461562969,0.4182273685132087,0.991678715754969,2.4633893490611634,0.9428,2.7474072951429003,15000,3349.0,11651.0,2,1,2.0,1.0,False,,0.3333333333333333
GP_Matern52_PI_GATE_2T1S,Imperfection-aware,0,33,102,3,155545.0,950243,91562.0,0.37053584074914914,99.99391920109775,1.0,1.0,0.6568627450980392,48700.96078431373,101260.0,0.8564613732877451,0.6723960829986027,0.046232041997427586,4.330612623984052,ok,247107.0,247107.0,6545.411224776957,1076.1393124056506,0.41829348353897483,0.9824531790361766,2.4560499859101177,0.9426,2.692769504849338,15000,3282.0,11718.0,2,1,2.0,1.0,False,,0.3333333333333333
GP_Matern52_PI_GATE_2T1S,Imperfection-aware,0,34,105,3,155545.0,950243,91562.0,0.37053584074914914,99.99391920109775,1.0,1.0,0.6571428571428571,48778.64761904762,101260.0,0.8242079402377235,0.5198369589998038,0.042608333998941816,4.893057916982798,ok,247107.0,247107.0,6513.375676190625,1079.9731578780704,0.4152306578625828,1.002567690482008,2.4956784499336497,0.9396,2.5776773884768156,15000,3333.0,11667.0,2,1,2.0,1.0,False,,0.3333333333333333
GP_Matern52_PI_GATE_2T1S,Imperfection-aware,0,35,108,3,155545.0,950243,91562.0,0.37053584074914914,99.99391920109775,1.0,1.0,0.6574074074074074,49421.13888888889,110650.0,0.9551840511780881,0.7096978750014387,0.037940375001198845,5.640696166985435,ok,247107.0,247107.0,6519.25552063217,1074.5326224935218,0.4183545205740851,0.9638341077055311,2.4735600992869244,0.9402,2.568854155273364,15000,3322.0,11678.0,2,1,2.0,1.0,False,,0.3333333333333333
GP_Matern52_PI_GATE_2T1S,Imperfection-aware,0,36,111,3,155545.0,950243,91562.0,0.37053584074914914,99.99391920109775,1.0,1.0,0.6576576576576577,50111.55855855856,113777.0,0.9137722093405203,0.2347862909991818,0.028716916996927466,5.904199374981545,ok,247107.0,247107.0,6530.676732061271,1082.6327339720985,0.41741929556940727,0.9704552753316901,2.491341441423809,0.9388,2.457359545313834,15000,3434.0,11566.0,2,1,2.0,1.0,False,,0.3333333333333333
GP_Matern52_PI_GATE_2T1S,Imperfection-aware,0,37,114,3,155545.0,950243,91562.0,0.37053584074914914,99.99391920109775,1.0,1.0,0.6578947368421053,49792.39473684211,109545.0,0.5286734681529777,0.10850295799900778,0.03595549999954528,6.048657832980098,ok,247107.0,247107.0,6413.3229887956595,1088.512521753763,0.41350317215548305,1.0276560787241993,2.5002658241589875,0.9342,2.416220869418708,15000,3350.0,11650.0,2,1,2.0,1.0,False,,0.3333333333333333
GP_Matern52_PI_GATE_2T1S,Imperfection-aware,0,38,117,3,155545.0,950243,91562.0,0.37053584074914914,99.99391920109775,1.0,1.0,0.6581196581196581,50041.307692307695,127748.0,0.759277265917683,0.11580804199911654,0.03374308300044504,6.198208957979659,ok,247107.0,247107.0,6495.919635258456,1076.3315844183514,0.41539856272271075,0.9793640090918161,2.520992766907238,0.9356,2.417035852705843,15000,3415.0,11585.0,2,1,2.0,1.0,False,,0.3333333333333333
GP_Matern52_PI_GATE_2T1S,Imperfection-aware,0,39,120,3,155545.0,950243,91562.0,0.37053584074914914,99.99391920109775,1.0,1.0,0.6583333333333333,50380.11666666667,104958.0,1.0385074920737292,0.12832766700012144,0.02967374999934691,6.356210374979128,ok,247107.0,247107.0,6524.941248452301,1079.4128424712208,0.41748737021201926,0.9339771563519991,2.506730343999894,0.9362,2.334080652076915,15000,3335.0,11665.0,2,1,2.0,1.0,False,,0.3333333333333333
GP_Matern52_PI_GATE_2T1S,Imperfection-aware,0,40,123,3,155545.0,950243,91562.0,0.37053584074914914,99.99391920109775,1.0,1.0,0.6585365853658537,50036.51219512195,102542.0,0.8839380186772146,0.2445418339993921,0.0327195420031785,6.633471750981698,ok,247107.0,247107.0,6453.247410459781,1076.691809000915,0.41401718767270623,0.978963561830256,2.5207015400551325,0.9326,2.299309895143755,15000,3389.0,11611.0,2,1,2.0,1.0,False,,0.3333333333333333
GP_Matern52_PI_GATE_2T1S,Imperfection-aware,0,41,126,3,155545.0,950243,91562.0,0.37053584074914914,99.99391920109775,1.0,1.0,0.6587301587301587,50500.06349206349,130417.0,1.0584088027153655,0.17325974999766913,0.03764295899964054,6.844374459979008,ok,247107.0,247107.0,6524.372533816968,1083.4636898869758,0.4127765218517036,1.0150962680818534,2.559915273284629,0.934,2.4325360255124417,15000,3246.0,11754.0,2,1,2.0,1.0,False,,0.3333333333333333
GP_Matern52_PI_GATE_2T1S,Imperfection-aware,0,42,129,3,155545.0,950243,91562.0,0.37053584074914914,99.99391920109775,1.0,1.0,0.6589147286821705,51215.38759689922,142662.0,0.5130531850575896,0.1393772910014377,0.030911542002286296,7.014663292982732,ok,247107.0,247107.0,6528.304438285948,1084.8942801425428,0.41279619376968324,1.0116587823128473,2.562369527217348,0.9334,2.4062596984969895,15000,3452.0,11548.0,2,1,2.0,1.0,False,,0.3333333333333333
GP_Matern52_PI_GATE_2T1S,Imperfection-aware,0,43,132,3,155545.0,950243,91562.0,0.37053584074914914,99.99391920109775,1.0,1.0,0.6590909090909091,51880.61363636364,134583.0,1.1170754953230795,0.22369362500103307,0.034546499999123625,7.272903417982889,ok,247107.0,247107.0,6531.498480715881,1086.677292663265,0.4115688241524936,1.0024101191787493,2.5458763899517107,0.933,2.3323468184965743,15000,3422.0,11578.0,2,1,2.0,1.0,False,,0.3333333333333333
GP_Matern52_PI_GATE_2T1S,Imperfection-aware,0,44,135,3,155545.0,950243,91562.0,0.37053584074914914,99.99391920109775,1.0,1.0,0.6592592592592592,52464.02222222222,122138.0,0.9398225830118957,0.26521341699844925,0.03897974999927101,7.577096584980609,ok,247107.0,247107.0,6535.851438944223,1088.5635998035978,0.41156331928056317,0.9998145300342861,2.5492711054691926,0.933,2.3125356588400825,15000,3383.0,11617.0,2,1,2.0,1.0,False,,0.3333333333333333
GP_Matern52_PI_GATE_2T1S,Imperfection-aware,0,45,138,3,155545.0,950243,91562.0,0.37053584074914914,99.99391920109775,1.0,1.0,0.6594202898550725,52840.50724637681,105143.0,0.666256499298615,0.2914348329977656,0.034072624999680556,7.902604042978055,ok,247107.0,247107.0,6544.512709729433,1089.0057643695911,0.41171383657542926,0.9908555050288207,2.537805798709596,0.9324,2.277129841376994,15000,3298.0,11702.0,2,1,2.0,1.0,False,,0.3333333333333333
GP_Matern52_PI_GATE_2T1S,Imperfection-aware,0,46,141,3,155545.0,950243,91562.0,0.37053584074914914,99.99391920109775,1.0,1.0,0.6595744680851063,53235.54609929078,108411.0,1.2139868002382468,0.21019495899963658,0.030717916997673456,8.143516918975365,ok,247107.0,247107.0,6506.509344197723,1086.6248628769993,0.41147323424460835,0.9817764674965616,2.510855169712541,0.9322,2.1932048256638867,15000,3228.0,11772.0,2,1,2.0,1.0,False,,0.3333333333333333
GP_Matern52_PI_GATE_2T1S,Imperfection-aware,0,47,144,3,155545.0,950243,91562.0,0.37053584074914914,99.99391920109775,1.0,1.0,0.6597222222222222,53896.77777777778,140962.0,0.5161482828205899,0.19842200000130106,0.04380812499948661,8.385747043976153,ok,247107.0,247107.0,6497.192684292838,1085.7459314263697,0.4118782825770723,0.9743822976515457,2.50582214926137,0.9322,2.1808861808192685,15000,3309.0,11691.0,2,1,2.0,1.0,False,,0.3333333333333333
GP_Matern52_PI_GATE_2T1S,Imperfection-aware,0,48,147,3,155545.0,950243,91562.0,0.37053584074914914,99.99391920109775,1.0,1.0,0.6598639455782312,53623.95238095238,69143.0,0.9272809704066972,0.2728865409990249,0.03611825000189128,8.694751834977069,ok,247107.0,247107.0,6444.065047520456,1077.6104116356403,0.41322431631601114,0.9744794696043609,2.5168657001032684,0.9298,2.14395350289845,15000,3346.0,11654.0,2,1,2.0,1.0,False,,0.3333333333333333
GP_Matern52_PI_GATE_2T1S,Imperfection-aware,0,49,150,3,155545.0,950243,91562.0,0.37053584074914914,99.99391920109775,1.0,1.0,0.66,53656.54,108470.0,0.894880229950013,0.19948170800125808,0.03710358299940708,8.931337125977734,ok,247107.0,247107.0,6304.733370668527,1049.2177337140743,0.41502027515478995,0.9371283302323616,2.499603722426505,0.9312,2.1326723841399975,15000,3330.0,11670.0,2,1,2.0,1.0,False,,0.3333333333333333
GP_Matern52_PI_GATE_2T1S,Imperfection-aware,1,0,3,3,0.0,6047398,247107.0,1.0,93.70319341923158,0.0,0.0,0.0,0.0,0.0,1.0430113993225636,0.0,0.0,0.0,initial,247107.0,247107.0,,,,,,,,0,,,1,2,,,False,,0.6666666666666666
GP_Matern52_PI_GATE_2T1S,Imperfection-aware,1,1,6,3,0.0,6047398,247107.0,1.0,93.70319341923158,0.0,0.0,0.0,0.0,0.0,0.920286179297923,9.937499999068677e-05,0.003335291999974288,0.003434666999964975,constant_target_fallback,247107.0,247107.0,7917.9183090633105,1413.8866,0.0,0.7939908874887035,3.8456615956198963,0.935,1.0,15000,3400.0,11600.0,2,1,2.0,1.0,False,,0.3333333333333333
GP_Matern52_PI_GATE_2T1S,Imperfection-aware,1,2,9,3,0.0,6047398,247107.0,1.0,93.70319341923158,0.0,0.0,0.0,0.0,0.0,0.8465374726387598,8.57499981066212e-05,0.0036572499993781094,0.007177666997449705,constant_target_fallback,247107.0,247107.0,7917.9183090633105,1413.8866,0.0,0.7939908874887035,3.8456615956198963,0.935,1.0,15000,3407.0,11593.0,2,1,2.0,1.0,False,,0.3333333333333333
GP_Matern52_PI_GATE_2T1S,Imperfection-aware,1,3,12,3,45259.0,879289,201848.0,0.8168445248414654,99.12384046868372,1.0,0.0,0.08333333333333333,3771.5833333333335,45259.0,0.40337447156464795,7.470900163752958e-05,0.0037501250008062925,0.011002500999893527,constant_target_fallback,247107.0,247107.0,7917.9183090633105,1413.8866,0.0,0.7939908874887035,3.8456615956198963,0.935,1.0,15000,3379.0,11621.0,2,1,2.0,1.0,False,,0.3333333333333333
GP_Matern52_PI_GATE_2T1S,Imperfection-aware,1,4,15,3,45259.0,879289,201848.0,0.8168445248414654,99.12384046868372,1.0,0.0,0.13333333333333333,4314.266666666666,19455.0,0.5490785256785933,0.059519749996979954,0.007110667000233661,0.07763291799710714,ok,247107.0,247107.0,11974.417620766584,3344.0324724603042,-0.01987517540446861,1.4401837909184818,69.49476466550003,0.8914,1.9327548673818935,15000,3373.0,11627.0,2,1,2.0,1.0,False,,0.3333333333333333
GP_Matern52_PI_GATE_2T1S,Imperfection-aware,1,5,18,3,48031.0,617836,199076.0,0.8056267123149081,99.23875281667195,1.0,0.0,0.16666666666666666,6263.611111111111,48031.0,0.22090775007962313,0.029815124999004183,0.010223916000541067,0.11767195899665239,ok,247107.0,247107.0,7524.390367897757,1463.7734014212488,0.06393779381461029,1.188449118777053,3.547301550529086,0.9278,2.37662902270798,15000,3322.0,11678.0,2,1,2.0,1.0,False,,0.3333333333333333
GP_Matern52_PI_GATE_2T1S,Imperfection-aware,1,6,21,3,48031.0,617836,199076.0,0.8056267123149081,99.23875281667195,1.0,0.0,0.23809523809523808,7745.476190476191,41195.0,0.28809264276296487,0.0537115420011105,0.009100874998694053,0.18048437599645695,ok,247107.0,247107.0,8295.815848470444,1652.3187292323125,0.06594367703767362,1.4703468917563127,8.023669511908631,0.934,3.169232545539629,15000,3401.0,11599.0,2,1,2.0,1.0,False,,0.3333333333333333
GP_Matern52_PI_GATE_2T1S,Imperfection-aware,1,7,24,3,71607.0,1136458,175500.0,0.7102186502203499,99.71277649605682,1.0,0.0,0.2916666666666667,11169.25,71607.0,0.7918581927689207,0.05751987500116229,0.015255790996889118,0.25326004199450836,ok,247107.0,247107.0,7725.101795216711,1380.6859449268854,0.09568752657864468,1.613550343294494,2.5351982512100477,0.9676,3.5644937606145906,15000,3454.0,11546.0,2,1,2.0,1.0,False,,0.3333333333333333
GP_Matern52_PI_GATE_2T1S,Imperfection-aware,1,8,27,3,90593.0,792974,156514.0,0.633385537439247,99.84573455722933,1.0,0.0,0.37037037037037035,14354.0,90593.0,0.5376083961765233,0.02855808300228091,0.023625917001481866,0.30544404199827113,ok,247107.0,247107.0,7612.2510277845595,1359.763762989525,0.08176259578000407,1.8561595993369713,2.6392982732955903,0.9898,3.995637057180525,15000,3292.0,11708.0,2,1,2.0,1.0,False,,0.3333333333333333
GP_Matern52_PI_GATE_2T1S,Imperfection-aware,1,9,30,3,90593.0,792974,156514.0,0.633385537439247,99.84573455722933,1.0,0.0,0.4,16544.4,73948.0,0.9788887997824655,0.04454670899940538,0.007845957999961684,0.3578367089976382,ok,247107.0,247107.0,7572.180778166771,1362.2295860212307,0.046360465892234026,2.2102443174884456,2.763625614581923,0.9966,4.412668425458739,15000,3301.0,11699.0,2,1,2.0,1.0,False,,0.3333333333333333
GP_Matern52_PI_GATE_2T1S,Imperfection-aware,1,10,33,3,105844.0,882460,141263.0,0.5716673343936027,99.92735821904381,1.0,1.0,0.42424242424242425,19394.78787878788,105844.0,0.5705070665698163,0.055038708000211045,0.010355833001085557,0.4232312499989348,ok,247107.0,247107.0,7641.909854502515,1399.9439266040574,0.06527149366986784,2.392213005121147,2.868957078840518,0.9974,4.578505749499712,15000,3392.0,11608.0,2,1,2.0,1.0,False,,0.3333333333333333
GP_Matern52_PI_GATE_2T1S,Imperfection-aware,1,11,36,3,105844.0,882460,141263.0,0.5716673343936027,99.92735821904381,1.0,1.0,0.4444444444444444,19337.583333333332,53968.0,0.4445380931899201,0.054637833000015235,0.011099291001301026,0.48896837400025106,ok,247107.0,247107.0,7602.621620150833,1406.4261529045602,0.10350789631336955,2.506735085070976,2.937087898884059,0.9956,4.706581272316581,15000,3380.0,11620.0,2,1,2.0,1.0,False,,0.3333333333333333
GP_Matern52_PI_GATE_2T1S,Imperfection-aware,1,12,39,3,105844.0,882460,141263.0,0.5716673343936027,99.92735821904381,1.0,1.0,0.46153846153846156,21045.74358974359,81093.0,0.4728894490794433,0.08838566699705552,0.012182083999505267,0.5895361249968118,ok,247107.0,247107.0,7568.657640360578,1420.0046692326068,0.03664146677169069,2.592084212821601,2.898198798697161,0.9954,4.679293006848106,15000,3353.0,11647.0,2,1,2.0,1.0,False,,0.3333333333333333
GP_Matern52_PI_GATE_2T1S,Imperfection-aware,1,13,42,3,105844.0,882460,141263.0,0.5716673343936027,99.92735821904381,1.0,1.0,0.47619047619047616,20518.571428571428,20810.0,0.6734698636365142,0.05175362500085612,0.012059790999046527,0.6533495409967145,ok,247107.0,247107.0,14339.70643257932,1694.6710732818678,0.12702182569443035,2.7286664538790415,2.9722096287476814,0.9962,4.763203687437102,15000,3389.0,11611.0,2,1,2.0,1.0,False,,0.3333333333333333
GP_Matern52_PI_GATE_2T1S,Imperfection-aware,1,14,45,3,105844.0,882460,141263.0,0.5716673343936027,99.92735821904381,1.0,1.0,0.4888888888888889,22261.133333333335,105540.0,0.9873835586422564,0.042075500001374166,0.02017833300124039,0.715603373999329,ok,247107.0,247107.0,7621.526501359241,1451.748760027387,-0.03551069898664022,2.85956737012983,3.0035405361028906,0.9982,4.736111149664495,15000,3333.0,11667.0,2,1,2.0,1.0,False,,0.3333333333333333
GP_Matern52_PI_GATE_2T1S,Imperfection-aware,1,15,48,3,105844.0,882460,141263.0,0.5716673343936027,99.92735821904381,1.0,1.0,0.4791666666666667,20910.770833333332,1966.0,0.5965835812282438,0.16271475000030478,0.016807125000923406,0.8951252490005572,ok,247107.0,247107.0,9123.156439448197,1969.960719036962,0.0809863679376583,2.609923246549936,4.50069463867503,0.9492,4.494803436850938,15000,3314.0,11686.0,2,1,2.0,1.0,False,,0.3333333333333333
GP_Matern52_PI_GATE_2T1S,Imperfection-aware,1,16,51,3,105844.0,882460,141263.0,0.5716673343936027,99.92735821904381,1.0,1.0,0.49019607843137253,21609.941176470587,51740.0,0.8396403428304241,0.1875108749991341,0.03295233300013933,1.1155884569998307,ok,247107.0,247107.0,6967.142882334082,1296.4695453599072,0.2323349217588566,2.420288466885183,2.8972471567751725,0.988,4.704204509104228,15000,3323.0,11677.0,2,1,2.0,1.0,False,,0.3333333333333333
GP_Matern52_PI_GATE_2T1S,Imperfection-aware,1,17,54,3,105844.0,882460,141263.0,0.5716673343936027,99.92735821904381,1.0,1.0,0.5,22320.666666666668,55721.0,0.5299849759377184,0.15820075000010547,0.015930207999190316,1.2897194149991265,ok,247107.0,247107.0,7209.714755898328,1357.972568244126,0.2282919143168464,2.692482698051903,2.9593085093934914,0.9968,4.913637004017965,15000,3394.0,11606.0,2,1,2.0,1.0,False,,0.3333333333333333
GP_Matern52_PI_GATE_2T1S,Imperfection-aware,1,18,57,3,105844.0,882460,141263.0,0.5716673343936027,99.92735821904381,1.0,1.0,0.5263157894736842,23306.035087719298,72725.0,0.38779404465804634,0.12587804199938546,0.01858212500155787,1.4341795820000698,ok,247107.0,247107.0,7378.459821483184,1411.5277502128392,0.17568720116213113,2.855975683453876,3.0994281450426073,0.997,4.965837459685208,15000,3383.0,11617.0,2,1,2.0,1.0,False,,0.3333333333333333
GP_Matern52_PI_GATE_2T1S,Imperfection-aware,1,19,60,3,105844.0,882460,141263.0,0.5716673343936027,99.92735821904381,1.0,1.0,0.55,23683.45,54780.0,1.039484413063505,0.12336695799967856,0.02017133299887064,1.577717872998619,ok,247107.0,247107.0,7287.064655138911,1425.9576796650297,0.1655251585269633,2.95697108068939,3.145982166721244,0.9964,5.029932557206368,15000,3471.0,11529.0,2,1,2.0,1.0,False,,0.3333333333333333
GP_Matern52_PI_GATE_2T1S,Imperfection-aware,1,20,63,3,105844.0,882460,141263.0,0.5716673343936027,99.92735821904381,1.0,1.0,0.5555555555555556,23422.74603174603,42735.0,0.7204458594895887,0.09239329199772328,0.022025207999831764,1.692136372996174,ok,247107.0,247107.0,7305.839314136668,1467.4335939908526,0.15368842417830517,3.0763718501487145,3.1407903727587794,0.9966,5.077410156609296,15000,3272.0,11728.0,2,1,2.0,1.0,False,,0.3333333333333333
GP_Matern52_PI_GATE_2T1S,Imperfection-aware,1,21,66,3,105844.0,882460,141263.0,0.5716673343936027,99.92735821904381,1.0,1.0,0.5606060606060606,23502.5,54032.0,0.8088468726161923,0.10971237500052666,0.02001474999997299,1.8218634979966737,ok,247107.0,247107.0,7360.438392132204,1495.909463224492,0.14420810016045033,3.160146494027436,3.1585904445391555,0.9966,5.154551000331564,15000,3401.0,11599.0,2,1,2.0,1.0,False,,0.3333333333333333
GP_Matern52_PI_GATE_2T1S,Imperfection-aware,1,22,69,3,105844.0,882460,141263.0,0.5716673343936027,99.92735821904381,1.0,1.0,0.5797101449275363,24686.884057971016,83693.0,0.7036106989675921,0.1485926669993205,0.02148420799858286,1.991940372994577,ok,247107.0,247107.0,7419.036849216655,1525.6771081106604,0.1541764145092438,3.2305210402877615,3.187409836961193,0.9966,5.245789112808868,15000,3378.0,11622.0,2,1,2.0,1.0,False,,0.3333333333333333
GP_Matern52_PI_GATE_2T1S,Imperfection-aware,1,23,72,3,105844.0,882460,141263.0,0.5716673343936027,99.92735821904381,1.0,1.0,0.5833333333333334,24741.555555555555,60065.0,0.7591208684964784,0.12541487499765935,0.02723520800282131,2.1445904559950577,ok,247107.0,247107.0,7390.58585969309,1565.930793297221,0.14355942846584863,3.3408207693615086,3.2237936050895826,0.9966,5.229157565837585,15000,3323.0,11677.0,2,1,2.0,1.0,False,,0.3333333333333333
GP_Matern52_PI_GATE_2T1S,Imperfection-aware,1,24,75,3,105844.0,882460,141263.0,0.5716673343936027,99.92735821904381,1.0,1.0,0.5866666666666667,25460.466666666667,105614.0,1.5326745918482416,0.11253416699764784,0.02500083400082076,2.2821254569935263,ok,247107.0,247107.0,7375.706711452531,1577.0817559602085,0.13848524522311062,3.3476877940771512,3.225152992624323,0.9966,5.250729195976211,15000,3338.0,11662.0,2,1,2.0,1.0,False,,0.3333333333333333
GP_Matern52_PI_GATE_2T1S,Imperfection-aware,1,25,78,3,105844.0,882460,141263.0,0.5716673343936027,99.92735821904381,1.0,1.0,0.5897435897435898,25733.0641025641,65004.0,0.6186360610657092,0.15793575000134297,0.02973708400168107,2.4697982909965503,ok,247107.0,247107.0,7478.523355671335,1586.449424047143,0.1429901406921073,3.352884275103503,3.224756263595163,0.9966,5.266507879908536,15000,3348.0,11652.0,2,1,2.0,1.0,False,,0.3333333333333333
GP_Matern52_PI_GATE_2T1S,Imperfection-aware,1,26,81,3,105844.0,882460,141263.0,0.5716673343936027,99.92735821904381,1.0,1.0,0.5925925925925926,26611.703703703704,103973.0,0.7963560909517614,0.16405749999830732,0.022820792000857182,2.656676582995715,ok,247107.0,247107.0,7342.403265330411,1584.2151809599097,0.1023507869551211,3.34312523753312,3.226015220130933,0.9956,5.330184664823783,15000,3363.0,11637.0,2,1,2.0,1.0,False,,0.3333333333333333
GP_Matern52_PI_GATE_2T1S,Imperfection-aware,1,27,84,3,110473.0,795282,136634.0,0.5529345587134318,99.94625622749203,1.0,1.0,0.5952380952380952,27506.785714285714,110473.0,0.6916745021031696,0.147593333000259,0.02592045800338383,2.8301903739993577,ok,247107.0,247107.0,7309.291199738314,1639.4795781229452,0.17934133792228368,3.4892279562186523,3.22647104345228,0.996,5.3179620504094,15000,3295.0,11705.0,2,1,2.0,1.0,False,,0.3333333333333333
GP_Matern52_PI_GATE_2T1S,Imperfection-aware,1,28,87,3,133046.0,1035412,114061.0,0.46158546702440645,99.98341302294051,1.0,1.0,0.6091954022988506,29300.42528735632,133046.0,0.6002745720651167,0.14010229199993773,0.024688666002475657,2.994981332001771,ok,247107.0,247107.0,7192.509880852152,1593.4019961361614,0.10457036648210691,3.3666837302440125,3.198309740460792,0.996,5.434520172397462,15000,3413.0,11587.0,2,1,2.0,1.0,False,,0.3333333333333333
GP_Matern52_PI_GATE_2T1S,Imperfection-aware,1,29,90,3,133046.0,1035412,114061.0,0.46158546702440645,99.98341302294051,1.0,1.0,0.6111111111111112,30017.4,93396.0,1.3451988148447729,0.23317770900030155,0.02276358300150605,3.2509226240035787,ok,247107.0,247107.0,7059.259515281416,1614.4008996071307,0.10336241922105974,3.419549334260235,3.212395841080707,0.9952,5.4877070558990395,15000,3335.0,11665.0,2,1,2.0,1.0,False,,0.3333333333333333
GP_Matern52_PI_GATE_2T1S,Imperfection-aware,1,30,93,3,133046.0,1035412,114061.0,0.46158546702440645,99.98341302294051,1.0,1.0,0.6129032258064516,31333.516129032258,111192.0,1.2234140097904092,0.12528787499832106,0.02007466699797078,3.3962851659998705,ok,247107.0,247107.0,7012.055282986713,1612.949777369678,0.10858602881377989,3.416285667319281,3.2132089495317073,0.995,5.4977413967393,15000,3371.0,11629.0,2,1,2.0,1.0,False,,0.3333333333333333
GP_Matern52_PI_GATE_2T1S,Imperfection-aware,1,31,96,3,133046.0,1035412,114061.0,0.46158546702440645,99.98341302294051,1.0,1.0,0.6145833333333334,32070.520833333332,83459.0,1.1788000147947477,0.15658583299955353,0.02931983400048921,3.5821908329999133,ok,247107.0,247107.0,6986.30513792689,1613.1983949325227,0.1102084161713481,3.4114324722319043,3.215581729736317,0.995,5.544436354197917,15000,3395.0,11605.0,2,1,2.0,1.0,False,,0.3333333333333333
GP_Matern52_PI_GATE_2T1S,Imperfection-aware,1,32,99,3,133046.0,1035412,114061.0,0.46158546702440645,99.98341302294051,1.0,1.0,0.6161616161616161,32292.464646464647,71831.0,1.1781129504734105,0.17471191699951305,0.021269542001391528,3.778172292000818,ok,247107.0,247107.0,6945.000119842142,1613.7794453378613,0.1187440032350243,3.3886009022374033,3.2093017955355667,0.995,5.5857394916558905,15000,3344.0,11656.0,2,1,2.0,1.0,False,,0.3333333333333333
GP_Matern52_PI_GATE_2T1S,Imperfection-aware,1,33,102,3,133046.0,1035412,114061.0,0.46158546702440645,99.98341302294051,1.0,1.0,0.6176470588235294,33306.12745098039,100604.0,0.8889766514282957,0.21458583300045575,0.03252283400070155,4.025280959001975,ok,247107.0,247107.0,6856.99215377691,1596.0554159626402,0.11792245890212238,3.381967974446409,3.209069149020288,0.995,5.621620324427517,15000,3387.0,11613.0,2,1,2.0,1.0,False,,0.3333333333333333
GP_Matern52_PI_GATE_2T1S,Imperfection-aware,1,34,105,3,133046.0,1035412,114061.0,0.46158546702440645,99.98341302294051,1.0,1.0,0.6190476190476191,33510.857142857145,63735.0,1.1244721968789244,0.27425737499652314,0.024345249999896623,4.323883583998395,ok,247107.0,247107.0,6912.557870068187,1608.6918038440308,0.07710289183655536,3.3635248896907592,3.2043200141697064,0.995,5.668420431956429,15000,3346.0,11654.0,2,1,2.0,1.0,False,,0.3333333333333333
GP_Matern52_PI_GATE_2T1S,Imperfection-aware,1,35,108,3,151318.0,778401,95789.0,0.38764179080317435,99.99249324556003,1.0,1.0,0.6203703703703703,35326.416666666664,151318.0,1.0563811843946098,0.2775435000003199,0.029316416999790817,4.630743500998506,ok,247107.0,247107.0,6726.7364083720895,1565.6029527101196,0.09112565611788889,3.325171368236706,3.19349135606941,0.995,5.671199204659279,15000,3350.0,11650.0,2,1,2.0,1.0,False,,0.3333333333333333
GP_Matern52_PI_GATE_2T1S,Imperfection-aware,1,36,111,3,151318.0,778401,95789.0,0.38764179080317435,99.99249324556003,1.0,1.0,0.6216216216216216,35576.67567567567,67958.0,0.9560202589726932,0.20952445800139685,0.025784541998291388,4.866052500998194,ok,247107.0,247107.0,6701.620348406894,1559.2087140313643,0.09386582773929607,3.304917475763962,3.1911351954765155,0.995,5.6965668738445645,15000,3364.0,11636.0,2,1,2.0,1.0,False,,0.3333333333333333
GP_Matern52_PI_GATE_2T1S,Imperfection-aware,1,37,114,3,151318.0,778401,95789.0,0.38764179080317435,99.99249324556003,1.0,1.0,0.6228070175438597,35978.55263157895,101830.0,1.0738431735868292,0.18565345800016075,0.03572883300148533,5.08743479199984,ok,247107.0,247107.0,6697.193259911766,1550.1371475374426,0.09872038247130693,3.286380778641389,3.1875691367859846,0.995,5.672983316745506,15000,3354.0,11646.0,2,1,2.0,1.0,False,,0.3333333333333333
GP_Matern52_PI_GATE_2T1S,Imperfection-aware,1,38,117,3,151318.0,778401,95789.0,0.38764179080317435,99.99249324556003,1.0,1.0,0.6239316239316239,36452.905982905984,143643.0,1.1259008430959734,0.2312824170003296,0.04126404199996614,5.359981251000136,ok,247107.0,247107.0,6711.525052614347,1543.0792796286353,0.09936917447010592,3.260647591321905,3.180962170978748,0.995,5.7032713276999205,15000,3389.0,11611.0,2,1,2.0,1.0,False,,0.3333333333333333
GP_Matern52_PI_GATE_2T1S,Imperfection-aware,1,39,120,3,151318.0,778401,95789.0,0.38764179080317435,99.99249324556003,1.0,1.0,0.625,37270.48333333333,109282.0,1.028810841217657,0.2554244999992079,0.02575529100067797,5.6411610420000216,ok,247107.0,247107.0,6543.201310803181,1504.1933397262567,0.11290970729593013,3.241875874733144,3.1762808792649175,0.995,5.700952614886928,15000,3398.0,11602.0,2,1,2.0,1.0,False,,0.3333333333333333
GP_Matern52_PI_GATE_2T1S,Imperfection-aware,1,40,123,3,151318.0,778401,95789.0,0.38764179080317435,99.99249324556003,1.0,1.0,0.6260162601626016,37278.39837398374,56961.0,1.0226539261707202,0.18245316700267722,0.02463254200119991,5.848246751003899,ok,247107.0,247107.0,6523.45115712862,1483.573765352536,0.11975070044531197,3.2036599426926506,3.166425403830138,0.9948,5.717636223183604,15000,3379.0,11621.0,2,1,2.0,1.0,False,,0.3333333333333333
GP_Matern52_PI_GATE_2T1S,Imperfection-aware,1,41,126,3,151318.0,778401,95789.0,0.38764179080317435,99.99249324556003,1.0,1.0,0.626984126984127,37707.48412698413,129416.0,1.0924951899173638,0.2114173749978363,0.02474633300153073,6.084410459003266,ok,247107.0,247107.0,6563.161399658097,1478.0494733625098,0.1249350353792759,3.1712523498497487,3.159718144252654,0.9948,5.71556071938616,15000,3323.0,11677.0,2,1,2.0,1.0,False,,0.3333333333333333
GP_Matern52_PI_GATE_2T1S,Imperfection-aware,1,42,129,3,151318.0,778401,95789.0,0.38764179080317435,99.99249324556003,1.0,1.0,0.627906976744186,37683.01550387597,70835.0,0.6998715491796036,0.21527312499893014,0.03647379099857062,6.3361573750007665,ok,247107.0,247107.0,6482.607113062521,1443.6348274591164,0.13214016057756064,3.133365345375176,3.149983846068164,0.9948,5.726859481756506,15000,3282.0,11718.0,2,1,2.0,1.0,False,,0.3333333333333333
GP_Matern52_PI_GATE_2T1S,Imperfection-aware,1,43,132,3,151318.0,778401,95789.0,0.38764179080317435,99.99249324556003,1.0,1.0,0.6287878787878788,38158.121212121216,99223.0,1.084339748088656,0.2412878750001255,0.029127166999387555,6.6065724170002795,ok,247107.0,247107.0,6443.346191367158,1412.7852782783295,0.13808607432401754,3.0694991392186357,3.123939101601787,0.9946,5.779590347218247,15000,3446.0,11554.0,2,1,2.0,1.0,False,,0.3333333333333333
GP_Matern52_PI_GATE_2T1S,Imperfection-aware,1,44,135,3,151318.0,778401,95789.0,0.38764179080317435,99.99249324556003,1.0,1.0,0.6296296296296297,39044.38518518519,119362.0,0.9379820862252087,0.2815546660021937,0.04242729100224096,6.930554374004714,ok,247107.0,247107.0,6474.499793206932,1416.1818963566336,0.137925515286471,3.050022624633328,3.111889943200185,0.9946,5.77940509720002,15000,3311.0,11689.0,2,1,2.0,1.0,False,,0.3333333333333333
GP_Matern52_PI_GATE_2T1S,Imperfection-aware,1,45,138,3,151318.0,778401,95789.0,0.38764179080317435,99.99249324556003,1.0,1.0,0.6304347826086957,39365.217391304344,105890.0,1.124453211595449,0.3857985409995308,0.04510524999932386,7.361458165003569,ok,247107.0,247107.0,6654.4113748404925,1368.6929705012155,0.1717589636996437,2.8660957175995727,3.02335761278462,0.994,5.798172158659131,15000,3273.0,11727.0,2,1,2.0,1.0,False,,0.3333333333333333
GP_Matern52_PI_GATE_2T1S,Imperfection-aware,1,46,141,3,151318.0,778401,95789.0,0.38764179080317435,99.99249324556003,1.0,1.0,0.6312056737588653,39877.48936170213,109719.0,1.0783481385872282,0.2992822909982351,0.037856333001400344,7.698596789003204,ok,247107.0,247107.0,6462.429475598426,1372.5636701798383,0.15302212561606432,2.9495829225089976,3.091002911803745,0.9942,5.808584416266144,15000,3320.0,11680.0,2,1,2.0,1.0,False,,0.3333333333333333
GP_Matern52_PI_GATE_2T1S,Imperfection-aware,1,47,144,3,151318.0,778401,95789.0,0.38764179080317435,99.99249324556003,1.0,1.0,0.6319444444444444,40588.15972222222,149422.0,0.7014722406980961,0.49729854199904366,0.035491916998580564,8.231387248000829,ok,247107.0,247107.0,6424.5961617357825,1289.7108419833692,0.19238129127497822,2.763582504898724,3.000046667007437,0.9936,5.826543275915043,15000,3328.0,11672.0,2,1,2.0,1.0,False,,0.3333333333333333
GP_Matern52_PI_GATE_2T1S,Imperfection-aware,1,48,147,3,151318.0,778401,95789.0,0.38764179080317435,99.99249324556003,1.0,1.0,0.6326530612244898,41321.99319727891,139542.0,0.9707150844723733,0.2845662080035254,0.04362812500039581,8.55958158100475,ok,247107.0,247107.0,6428.422359224929,1333.64418758903,0.1648983290647163,2.86955425051586,3.074940183368227,0.9942,5.835886745433495,15000,3355.0,11645.0,2,1,2.0,1.0,False,,0.3333333333333333
GP_Matern52_PI_GATE_2T1S,Imperfection-aware,1,49,150,3,151318.0,778401,95789.0,0.38764179080317435,99.99249324556003,1.0,1.0,0.6333333333333333,41944.45333333333,111374.0,0.9215454013219503,0.3063667499991425,0.042691750000813045,8.908640081004705,ok,247107.0,247107.0,6434.4509342226165,1282.5699090184128,0.19731180075274793,2.729321435374647,3.000045388223149,0.9934,5.7885776529994795,15000,3299.0,11701.0,2,1,2.0,1.0,False,,0.3333333333333333
GP_Matern52_PI_GATE_2T1S,Imperfection-aware,2,0,3,3,0.0,2729609,247107.0,1.0,93.70319341923158,0.0,0.0,0.0,0.0,0.0,0.47049671902245843,0.0,0.0,0.0,initial,247107.0,247107.0,,,,,,,,0,,,0,3,,,False,,1.0
GP_Matern52_PI_GATE_2T1S,Imperfection-aware,2,1,6,3,17589.0,1471759,229518.0,0.9288203086112494,97.57458075268161,0.0,0.0,0.16666666666666666,2931.5,17589.0,0.9104166516964357,0.00015962500037858263,0.008915667000110261,0.009075292000488844,constant_target_fallback,247107.0,247107.0,7992.336081909969,1363.7274,0.0,0.8102606103318564,3.884107341202348,0.9316,1.0,15000,3295.0,11705.0,2,1,2.0,1.0,False,,0.3333333333333333
GP_Matern52_PI_GATE_2T1S,Imperfection-aware,2,2,9,3,17589.0,1471759,229518.0,0.9288203086112494,97.57458075268161,0.0,0.0,0.4444444444444444,4502.777777777777,12390.0,0.6008441178895959,0.021387624998169485,0.005649208000249928,0.03611212499890826,ok,247107.0,247107.0,9091.08871973862,2587.172771778813,0.014064882701670271,1.9055032933983984,42.16539179247787,0.8714,2.6780003430185104,15000,3423.0,11577.0,2,1,2.0,1.0,False,,0.3333333333333333
GP_Matern52_PI_GATE_2T1S,Imperfection-aware,2,3,12,3,33370.0,1126527,213737.0,0.8649572857102389,98.56493145907048,0.0,0.0,0.5,8236.0,33370.0,0.3513656495411288,0.023277124997548526,0.007083000000420725,0.06647224999687751,ok,247107.0,247107.0,8031.291925690008,1452.2797405511728,0.02467685618790532,2.449338507178223,6.13824658102718,0.9842,3.794803623943887,15000,3310.0,11690.0,2,1,2.0,1.0,False,,0.3333333333333333
GP_Matern52_PI_GATE_2T1S,Imperfection-aware,2,4,15,3,33370.0,1126527,213737.0,0.8649572857102389,98.56493145907048,0.0,0.0,0.4,6588.8,0.0,0.2352374822531763,0.02775850000034552,0.010242249998555053,0.10447299999577808,ok,247107.0,247107.0,10074.887858938806,3386.4330792205096,0.03815146358247276,3.1644801711762085,49.93172464641029,0.7942,2.673535421183023,15000,3323.0,11677.0,2,1,2.0,1.0,False,,0.3333333333333333
GP_Matern52_PI_GATE_2T1S,Imperfection-aware,2,5,18,3,33370.0,1126527,213737.0,0.8649572857102389,98.56493145907048,0.0,0.0,0.4444444444444444,8007.055555555556,32643.0,0.45805060699298245,0.0335300830010965,0.008297042000776855,0.14630012499765144,ok,247107.0,247107.0,7984.214085437672,1397.2694104143043,0.17554606698738523,2.297605116044026,2.8489409429905783,0.9982,4.511424043527975,15000,3401.0,11599.0,2,1,2.0,1.0,False,,0.3333333333333333
GP_Matern52_PI_GATE_2T1S,Imperfection-aware,2,6,21,3,43616.0,699678,203491.0,0.823493466393101,99.05101839449864,1.0,0.0,0.47619047619047616,10400.904761904761,43616.0,0.7656179082260001,0.04565166699831025,0.008223916000133613,0.2001757079960953,ok,247107.0,247107.0,7519.340965592977,1389.8012512644525,0.269607243197636,2.4273761864653234,4.213292493568014,0.9846,4.220721613870666,15000,3406.0,11594.0,2,1,2.0,1.0,False,,0.3333333333333333
GP_Matern52_PI_GATE_2T1S,Imperfection-aware,2,7,24,3,89154.0,612300,157953.0,0.6392089256880622,99.83612984521663,1.0,0.0,0.5,14514.291666666666,89154.0,0.4358539369452629,0.05123874999844702,0.010701915998652112,0.26211637399319443,ok,247107.0,247107.0,7489.8418258280935,1312.0109178483137,0.3068007613724252,2.4881887574852786,2.8426519027620465,0.996,4.275184596161079,15000,3299.0,11701.0,2,1,2.0,1.0,False,,0.3333333333333333
GP_Matern52_PI_GATE_2T1S,Imperfection-aware,2,8,27,3,89154.0,612300,157953.0,0.6392089256880622,99.83612984521663,1.0,0.0,0.5555555555555556,14648.222222222223,24921.0,0.5343460938936951,0.05734604199824389,0.014414915996894706,0.333877331988333,ok,247107.0,247107.0,7634.134984433979,1397.3165302750017,0.1842473541818993,2.8681937160431525,3.033018854342447,0.9964,4.554193301672553,15000,3372.0,11628.0,2,1,2.0,1.0,False,,0.3333333333333333
GP_Matern52_PI_GATE_2T1S,Imperfection-aware,2,9,30,3,94100.0,611795,153007.0,0.6191933049245874,99.86643549796662,1.0,0.0,0.6,19526.266666666666,94100.0,0.4674247988191125,0.0737790839993977,0.013867000001482666,0.4215234159892134,ok,247107.0,247107.0,7501.921938785013,1423.8220731198585,0.17192063528707502,3.110110153786152,3.0925816477145918,0.9948,4.532747798405635,15000,3323.0,11677.0,2,1,2.0,1.0,False,,0.3333333333333333
GP_Matern52_PI_GATE_2T1S,Imperfection-aware,2,10,33,3,94500.0,616856,152607.0,0.6175745729582731,99.86904155463901,1.0,0.0,0.6060606060606061,21903.484848484848,94500.0,0.7327418255887252,0.059827541997947264,0.013152167000953341,0.494503124988114,ok,247107.0,247107.0,7377.881310451711,1495.3065599183556,0.1531648499059849,3.4097032882317455,3.1875561411731907,0.9946,4.672810630614643,15000,3272.0,11728.0,2,1,2.0,1.0,False,,0.3333333333333333
GP_Matern52_PI_GATE_2T1S,Imperfection-aware,2,11,36,3,94500.0,616856,152607.0,0.6175745729582731,99.86904155463901,1.0,0.0,0.6111111111111112,20685.805555555555,11686.0,0.5150683768692761,0.04655070800072281,0.013472875001752982,0.5545267079905898,ok,247107.0,247107.0,7496.412705065481,1532.1977926103993,0.16329958541299489,3.3980371329693457,3.172893382381343,0.9938,4.671546897037969,15000,3286.0,11714.0,2,1,2.0,1.0,False,,0.3333333333333333
GP_Matern52_PI_GATE_2T1S,Imperfection-aware,2,12,39,3,94500.0,616856,152607.0,0.6175745729582731,99.86904155463901,1.0,0.0,0.6410256410256411,22036.25641025641,61932.0,0.6040385336759125,0.04952029099877109,0.017145458001323277,0.6211924569906841,ok,247107.0,247107.0,7573.055594148258,1563.2896394197078,0.08877418162239148,3.4311744804277,3.182876352472719,0.9966,4.674778255829787,15000,3370.0,11630.0,2,1,2.0,1.0,False,,0.3333333333333333
GP_Matern52_PI_GATE_2T1S,Imperfection-aware,2,13,42,3,94500.0,616856,152607.0,0.6175745729582731,99.86904155463901,1.0,0.0,0.6666666666666666,22885.571428571428,65954.0,0.6640697575502378,0.06715408300078707,0.013927584001066862,0.7022741239925381,ok,247107.0,247107.0,7352.405748928842,1599.8918228902417,0.07150216520597401,3.447856856246806,3.1678430054776365,0.9932,5.052582456613576,15000,3374.0,11626.0,2,1,2.0,1.0,False,,0.3333333333333333
GP_Matern52_PI_GATE_2T1S,Imperfection-aware,2,14,45,3,104621.0,614061,142486.0,0.5766166073806084,99.92157244542524,1.0,1.0,0.6666666666666666,24969.155555555557,104621.0,0.647066184178382,0.12477237500206684,0.018055666001600912,0.8451021649962058,ok,247107.0,247107.0,7379.3786953151275,1687.686017940472,0.045413394618057636,3.550189162244205,3.1861023980034346,0.9928,4.930485641299785,15000,3307.0,11693.0,2,1,2.0,1.0,False,,0.3333333333333333
GP_Matern52_PI_GATE_2T1S,Imperfection-aware,2,15,48,3,104621.0,614061,142486.0,0.5766166073806084,99.92157244542524,1.0,1.0,0.6666666666666666,25961.25,65832.0,0.5462610300472062,0.12277304099916364,0.021805041997140506,0.98968024799251,ok,247107.0,247107.0,7394.05349853172,1712.1310936160721,-0.0072656322943519995,3.4951821286390157,3.1686921068414633,0.9914,5.116209710279367,15000,3306.0,11694.0,2,1,2.0,1.0,False,,0.3333333333333333
GP_Matern52_PI_GATE_2T1S,Imperfection-aware,2,16,51,3,104621.0,614061,142486.0,0.5766166073806084,99.92157244542524,1.0,1.0,0.6666666666666666,26554.86274509804,97988.0,0.9249996363862759,0.07894508300159941,0.024781332998827565,1.093406663992937,ok,247107.0,247107.0,7349.487153636246,1702.7579633828304,-0.007615803732197327,3.4474253141924223,3.1527678079483934,0.9922,5.188748388441323,15000,3415.0,11585.0,2,1,2.0,1.0,False,,0.3333333333333333
GP_Matern52_PI_GATE_2T1S,Imperfection-aware,2,17,54,3,104621.0,614061,142486.0,0.5766166073806084,99.92157244542524,1.0,1.0,0.6666666666666666,26760.666666666668,57693.0,1.3370190147313519,0.07016362499780371,0.013396875001490116,1.1769671639922308,ok,247107.0,247107.0,7317.731563659428,1731.2415776595901,-0.10625100565708223,3.5204369000141043,3.175742366033274,0.9922,5.244572106369646,15000,3345.0,11655.0,2,1,2.0,1.0,False,,0.3333333333333333
GP_Matern52_PI_GATE_2T1S,Imperfection-aware,2,18,57,3,218787.0,604528,28320.0,0.11460622321504449,99.99952468148743,1.0,1.0,0.6666666666666666,29264.385964912282,218787.0,1.5057667028340624,0.10762462500133552,0.027740958001231775,1.312332746994798,ok,247107.0,247107.0,7266.897796316935,1653.1130782504442,-0.06833147615383417,3.3512432064381974,3.129326906388909,0.9898,5.324084326316424,15000,3357.0,11643.0,2,1,2.0,1.0,False,,0.3333333333333333
GP_Matern52_PI_GATE_2T1S,Imperfection-aware,2,19,60,3,218787.0,604528,28320.0,0.11460622321504449,99.99952468148743,1.0,1.0,0.6333333333333333,27801.166666666668,0.0,1.4738558191812927,0.08506900000065798,0.01991058299972792,1.417312329995184,ok,247107.0,247107.0,7273.958636385005,1640.023181021263,-0.06661860780528932,3.333930800032568,3.1225327728536656,0.9912,5.2829085598235785,15000,3295.0,11705.0,2,1,2.0,1.0,False,,0.3333333333333333
GP_Matern52_PI_GATE_2T1S,Imperfection-aware,2,20,63,3,218787.0,604528,28320.0,0.11460622321504449,99.99952468148743,1.0,1.0,0.6190476190476191,26940.571428571428,29186.0,1.2103184569960697,0.16753691700068885,0.021069999998871936,1.6059192469947448,ok,247107.0,247107.0,7264.350536297965,1473.237279243936,-0.009850419684625276,3.052570242208331,3.0430156618880067,0.991,5.15793259366526,15000,3300.0,11700.0,2,1,2.0,1.0,False,,0.3333333333333333
GP_Matern52_PI_GATE_2T1S,Imperfection-aware,2,21,66,3,218787.0,604528,28320.0,0.11460622321504449,99.99952468148743,1.0,1.0,0.5909090909090909,25716.0,0.0,0.8321925764275093,0.08519595800316893,0.022292875000857748,1.7134080799987714,ok,247107.0,247107.0,7248.67574435661,1407.0938636294734,0.03036376199940811,2.885550140158122,2.9957043932673484,0.9898,5.0687455160321315,15000,3348.0,11652.0,2,1,2.0,1.0,False,,0.3333333333333333
GP_Matern52_PI_GATE_2T1S,Imperfection-aware,2,22,69,3,218787.0,604528,28320.0,0.11460622321504449,99.99952468148743,1.0,1.0,0.5797101449275363,25093.521739130436,34197.0,1.3882117324978906,0.1702742080015014,0.016150209001352778,1.8998324970016256,ok,247107.0,247107.0,7250.611766818529,1353.6769523775051,0.06179606213801246,2.7090738595761743,2.9407143873348724,0.989,4.906381301292925,15000,3396.0,11604.0,2,1,2.0,1.0,False,,0.3333333333333333
GP_Matern52_PI_GATE_2T1S,Imperfection-aware,2,23,72,3,218787.0,604528,28320.0,0.11460622321504449,99.99952468148743,1.0,1.0,0.5555555555555556,24047.958333333332,0.0,0.7766297495409175,0.1614415830008511,0.023587457999383332,2.08486153800186,ok,247107.0,247107.0,7243.003335245105,1314.1694731032965,0.09567299209306579,2.526544825088177,2.887036199744104,0.9884,4.853901801695237,15000,3336.0,11664.0,2,1,2.0,1.0,False,,0.3333333333333333
GP_Matern52_PI_GATE_2T1S,Imperfection-aware,2,24,75,3,218787.0,604528,28320.0,0.11460622321504449,99.99952468148743,1.0,1.0,0.5466666666666666,23364.266666666666,20867.0,0.9992361129598081,0.10423312499915482,0.031069374999788124,2.220164038000803,ok,247107.0,247107.0,7235.481855136739,1298.2333642421115,0.10305923804274128,2.451160278788606,2.856233778808106,0.987,4.669227845100274,15000,3362.0,11638.0,2,1,2.0,1.0,False,,0.3333333333333333
GP_Matern52_PI_GATE_2T1S,Imperfection-aware,2,25,78,3,218787.0,604528,28320.0,0.11460622321504449,99.99952468148743,1.0,1.0,0.5256410256410257,22465.641025641027,0.0,0.43323473860454054,0.201104708998173,0.021152458000869956,2.442421204999846,ok,247107.0,247107.0,20695.636026570995,2662.316654547876,0.2632526531511746,2.090709097395399,3.9760686051280274,0.9292,4.153655561892399,15000,3382.0,11618.0,2,1,2.0,1.0,False,,0.3333333333333333
GP_Matern52_PI_GATE_2T1S,Imperfection-aware,2,26,81,3,218787.0,604528,28320.0,0.11460622321504449,99.99952468148743,1.0,1.0,0.5308641975308642,22879.16049382716,94527.0,1.0592848495123368,0.09844795800017891,0.022084624997660285,2.562953787997685,ok,247107.0,247107.0,7446.9394176555825,1287.6055332594547,0.17553047265571534,2.2304583165936545,2.772123289224943,0.9904,4.463313920817777,15000,3335.0,11665.0,2,1,2.0,1.0,False,,0.3333333333333333
GP_Matern52_PI_GATE_2T1S,Imperfection-aware,2,27,84,3,218787.0,604528,28320.0,0.11460622321504449,99.99952468148743,1.0,1.0,0.5357142857142857,23510.130952380954,67743.0,0.8644802131381923,0.1545354160007264,0.018467458001396153,2.7359566619998077,ok,247107.0,247107.0,7439.7857387369795,1286.770885676319,0.1883817180920882,2.192483541911827,2.759308171763754,0.99,4.442024697347422,15000,3320.0,11680.0,2,1,2.0,1.0,False,,0.3333333333333333
GP_Matern52_PI_GATE_2T1S,Imperfection-aware,2,28,87,3,218787.0,604528,28320.0,0.11460622321504449,99.99952468148743,1.0,1.0,0.5402298850574713,23745.19540229885,53260.0,0.855405332683465,0.10826587499832385,0.024591749999672174,2.8688142869978037,ok,247107.0,247107.0,7405.479745668194,1269.2496229753856,0.2272781939250939,2.093128860723359,2.7327842342188178,0.9894,4.471108917996875,15000,3336.0,11664.0,2,1,2.0,1.0,False,,0.3333333333333333
GP_Matern52_PI_GATE_2T1S,Imperfection-aware,2,29,90,3,218787.0,604528,28320.0,0.11460622321504449,99.99952468148743,1.0,1.0,0.5444444444444444,23790.633333333335,49541.0,0.8860224901316633,0.11707024999850546,0.025975208001909778,3.011859744998219,ok,247107.0,247107.0,7277.103607571623,1234.848053449652,0.2270858424578506,2.023354081079112,2.7149521675978616,0.988,4.486978570341649,15000,3365.0,11635.0,2,1,2.0,1.0,False,,0.3333333333333333
GP_Matern52_PI_GATE_2T1S,Imperfection-aware,2,30,93,3,218787.0,604528,28320.0,0.11460622321504449,99.99952468148743,1.0,1.0,0.5483870967741935,24016.59139784946,52941.0,0.6443107905621814,0.10967750000054366,0.023966042001120513,3.145503286999883,ok,247107.0,247107.0,7263.380078073948,1226.2965895411187,0.24082221215386201,1.9367264592612956,2.691937554029116,0.986,4.472349129530357,15000,3369.0,11631.0,2,1,2.0,1.0,False,,0.3333333333333333
GP_Matern52_PI_GATE_2T1S,Imperfection-aware,2,31,96,3,218787.0,604528,28320.0,0.11460622321504449,99.99952468148743,1.0,1.0,0.53125,23266.072916666668,0.0,0.4144044252760965,0.20843204199991305,0.025917833001585677,3.379853162001382,ok,247107.0,247107.0,6829.731510667951,1170.2453586176384,0.1346387199432626,2.1315205683481713,2.7902120448872547,0.9824,4.741039242361407,15000,3310.0,11690.0,2,1,2.0,1.0,False,,0.3333333333333333
GP_Matern52_PI_GATE_2T1S,Imperfection-aware,2,32,99,3,218787.0,604528,28320.0,0.11460622321504449,99.99952468148743,1.0,1.0,0.5353535353535354,24379.08080808081,128039.0,0.9283635302842868,0.14157408399842097,0.024353374999918742,3.5457806209997216,ok,247107.0,247107.0,7308.052715664734,1235.3003747402763,0.2581074533178125,1.9689221581567282,2.708293005127641,0.9876,4.570963474265098,15000,3370.0,11630.0,2,1,2.0,1.0,False,,0.3333333333333333
GP_Matern52_PI_GATE_2T1S,Imperfection-aware,2,33,102,3,218787.0,604528,28320.0,0.11460622321504449,99.99952468148743,1.0,1.0,0.5392156862745098,24039.225490196077,23991.0,0.8767688418041724,0.10911045799730346,0.02915000000211876,3.684041078999144,ok,247107.0,247107.0,7332.445357284731,1230.4220748592156,0.32532198692219083,1.8983872444822067,2.6802922344645936,0.9906,4.586915833368484,15000,3400.0,11600.0,2,1,2.0,1.0,False,,0.3333333333333333
GP_Matern52_PI_GATE_2T1S,Imperfection-aware,2,34,105,3,218787.0,604528,28320.0,0.11460622321504449,99.99952468148743,1.0,1.0,0.5523809523809524,24020.885714285716,51597.0,0.3814533941623277,0.20708462500260794,0.03074341700266814,3.92186912100442,ok,247107.0,247107.0,7188.72938552618,1227.5559726283575,0.207810988246883,1.9510174349737857,2.7204638192722808,0.9812,4.607759518289153,15000,3346.0,11654.0,2,1,2.0,1.0,False,,0.3333333333333333
GP_Matern52_PI_GATE_2T1S,Imperfection-aware,2,35,108,3,218787.0,604528,28320.0,0.11460622321504449,99.99952468148743,1.0,1.0,0.5555555555555556,24817.712962962964,100756.0,1.1140884860977145,0.1704360000003362,0.030198666001524543,4.122503787006281,ok,247107.0,247107.0,6875.135346518896,1145.6092616618546,0.37771125376191916,1.7584758909428253,2.636430618195867,0.992,4.596097905138385,15000,3333.0,11667.0,2,1,2.0,1.0,False,,0.3333333333333333
GP_Matern52_PI_GATE_2T1S,Imperfection-aware,2,36,111,3,218787.0,604528,28320.0,0.11460622321504449,99.99952468148743,1.0,1.0,0.5585585585585585,25121.61261261261,62604.0,0.9865095876994229,0.22506208300183062,0.029036083000391955,4.376601953008503,ok,247107.0,247107.0,7010.976418561346,1228.5105571275287,0.15853356909015162,2.114114116221931,2.7911718802516488,0.9798,4.753888702422609,15000,3411.0,11589.0,2,1,2.0,1.0,False,,0.3333333333333333
GP_Matern52_PI_GATE_2T1S,Imperfection-aware,2,37,114,3,218787.0,604528,28320.0,0.11460622321504449,99.99952468148743,1.0,1.0,0.5614035087719298,25191.894736842107,46781.0,1.1137960033005951,0.18524920799973188,0.036849500000244007,4.598700661008479,ok,247107.0,247107.0,7000.783129336192,1166.6483293134706,0.38268083738501013,1.6500289573829119,2.6176534561918148,0.9888,4.605722301085497,15000,3413.0,11587.0,2,1,2.0,1.0,False,,0.3333333333333333
GP_Matern52_PI_GATE_2T1S,Imperfection-aware,2,38,117,3,218787.0,604528,28320.0,0.11460622321504449,99.99952468148743,1.0,1.0,0.5641025641025641,25081.666666666668,50012.0,1.208368844527581,0.16321358300046995,0.028063833000487648,4.789978077009437,ok,247107.0,247107.0,6858.0294782329065,1134.577937524954,0.39149480403547493,1.5915419819132615,2.5991645301323905,0.987,4.5805323328843786,15000,3301.0,11699.0,2,1,2.0,1.0,False,,0.3333333333333333
GP_Matern52_PI_GATE_2T1S,Imperfection-aware,2,39,120,3,218787.0,604528,28320.0,0.11460622321504449,99.99952468148743,1.0,1.0,0.5666666666666667,25125.783333333333,44256.0,0.2811116119214054,0.3119002920029743,0.039740541000355734,5.141618910012767,ok,247107.0,247107.0,6741.276316406512,1116.9083594141928,0.3926759731766475,1.5929787232910297,2.596618324366502,0.9886,4.574183817970156,15000,3336.0,11664.0,2,1,2.0,1.0,False,,0.3333333333333333
GP_Matern52_PI_GATE_2T1S,Imperfection-aware,2,40,123,3,218787.0,604528,28320.0,0.11460622321504449,99.99952468148743,1.0,1.0,0.5691056910569106,24688.91869918699,11661.0,0.853928489546365,0.27066779199958546,0.02464683300058823,5.43693353501294,ok,247107.0,247107.0,6655.352338908975,1097.3315760213181,0.3988444850622342,1.540464747224328,2.578840804804857,0.9884,4.540560510442245,15000,3346.0,11654.0,2,1,2.0,1.0,False,,0.3333333333333333
GP_Matern52_PI_GATE_2T1S,Imperfection-aware,2,41,126,3,218787.0,604528,28320.0,0.11460622321504449,99.99952468148743,1.0,1.0,0.5714285714285714,24913.738095238095,56291.0,0.853820731299653,0.4061763339996105,0.03254308300165576,5.875652952014207,ok,247107.0,247107.0,6660.285197389504,1095.7856496704708,0.4007729915944149,1.5101870216522333,2.566235778934917,0.9876,4.492487569519975,15000,3394.0,11606.0,2,1,2.0,1.0,False,,0.3333333333333333
GP_Matern52_PI_GATE_2T1S,Imperfection-aware,2,42,129,3,218787.0,604528,28320.0,0.11460622321504449,99.99952468148743,1.0,1.0,0.5736434108527132,25429.666666666668,76732.0,0.7789214464452447,0.1787438329993165,0.043911249998927815,6.098308035012451,ok,247107.0,247107.0,6596.139551079415,1088.112216697108,0.4031895798789556,1.5072464240584653,2.560395893035979,0.9888,4.466575879467422,15000,3237.0,11763.0,2,1,2.0,1.0,False,,0.3333333333333333
GP_Matern52_PI_GATE_2T1S,Imperfection-aware,2,43,132,3,218787.0,604528,28320.0,0.11460622321504449,99.99952468148743,1.0,1.0,0.5757575757575758,26208.590909090908,119659.0,1.0410410158743948,0.23089066700049443,0.03738208299910184,6.366580785012047,ok,247107.0,247107.0,6455.058328080651,1065.3816333352554,0.41262132613939334,1.4190374348176606,2.5331243038681803,0.9876,4.4183690791230275,15000,3371.0,11629.0,2,1,2.0,1.0,False,,0.3333333333333333
GP_Matern52_PI_GATE_2T1S,Imperfection-aware,2,44,135,3,218787.0,604528,28320.0,0.11460622321504449,99.99952468148743,1.0,1.0,0.5777777777777777,26680.503703703704,108914.0,0.9660795938557215,0.27169750000030035,0.03716600000188919,6.675444285014237,ok,247107.0,247107.0,6370.012254937699,1045.3015072461856,0.42017200027229007,1.3429228278145104,2.506849900194883,0.9872,4.36005923278027,15000,3336.0,11664.0,2,1,2.0,1.0,False,,0.3333333333333333
GP_Matern52_PI_GATE_2T1S,Imperfection-aware,2,45,138,3,218787.0,604528,28320.0,0.11460622321504449,99.99952468148743,1.0,1.0,0.5797101449275363,27666.405797101448,109231.0,0.6938006321601377,0.2773004590017081,0.046292375001939945,6.999037119017885,ok,247107.0,247107.0,6210.441023039246,1017.8698722653967,0.4164357911352389,1.3723286200562208,2.513055993256536,0.9868,4.372714314879905,15000,3368.0,11632.0,2,1,2.0,1.0,False,,0.3333333333333333
GP_Matern52_PI_GATE_2T1S,Imperfection-aware,2,46,141,3,218787.0,604528,28320.0,0.11460622321504449,99.99952468148743,1.0,1.0,0.5815602836879432,28819.127659574468,125448.0,0.9529934910168979,0.27552504200139083,0.03106254100202932,7.305624702021305,ok,247107.0,247107.0,6119.77434882009,1002.3190592026234,0.4210442654582189,1.3209237625781982,2.494070272705435,0.9856,4.321782627509996,15000,3367.0,11633.0,2,1,2.0,1.0,False,,0.3333333333333333
GP_Matern52_PI_GATE_2T1S,Imperfection-aware,2,47,144,3,218787.0,604528,28320.0,0.11460622321504449,99.99952468148743,1.0,1.0,0.5833333333333334,29495.208333333332,94754.0,1.028859167086831,0.26968337500147754,0.0351758750002773,7.61048395202306,ok,247107.0,247107.0,6143.854324518889,1006.1527784263812,0.42676973915106764,1.253519289716874,2.4686594585074295,0.9852,4.240803699493108,15000,3324.0,11676.0,2,1,2.0,1.0,False,,0.3333333333333333
GP_Matern52_PI_GATE_2T1S,Imperfection-aware,2,48,147,3,218787.0,604528,28320.0,0.11460622321504449,99.99952468148743,1.0,1.0,0.5850340136054422,30343.068027210884,109654.0,0.6835174826377731,0.2888424170014332,0.03774004099977901,7.937066410024272,ok,247107.0,247107.0,6128.275681331032,1003.1874182145864,0.42771472569013086,1.236742741352506,2.4631813294518268,0.9848,4.218065531151655,15000,3348.0,11652.0,2,1,2.0,1.0,False,,0.3333333333333333
GP_Matern52_PI_GATE_2T1S,Imperfection-aware,2,49,150,3,218787.0,604528,28320.0,0.11460622321504449,99.99952468148743,1.0,1.0,0.5866666666666667,30736.68666666667,130635.0,1.0201648734993527,0.34901712499777204,0.03256316599799902,8.318646701020043,ok,247107.0,247107.0,6097.834179143629,999.9420456023324,0.4225546848695071,1.2261504841514674,2.463663673537041,0.984,4.225126164064162,15000,3336.0,11664.0,2,1,2.0,1.0,False,,0.3333333333333333
GP_Matern52_PI_GATE_2T1S,Imperfection-aware,3,0,3,3,0.0,409668,247107.0,1.0,93.70319341923158,0.0,0.0,0.0,0.0,0.0,1.0055793833043412,0.0,0.0,0.0,initial,247107.0,247107.0,,,,,,,,0,,,0,3,,,False,,1.0
GP_Matern52_PI_GATE_2T1S,Imperfection-aware,3,1,6,3,33849.0,1653487,213258.0,0.8630188541805777,98.58587825421084,0.0,0.0,0.3333333333333333,7589.833333333333,33849.0,0.8097436239127038,8.541600254829973e-05,0.004128625001612818,0.004214041004161118,constant_target_fallback,247107.0,247107.0,7909.099054228617,1427.68,0.0,0.8171530915714472,3.9560373352279044,0.932,1.0,15000,3394.0,11606.0,2,1,2.0,1.0,False,,0.3333333333333333
GP_Matern52_PI_GATE_2T1S,Imperfection-aware,3,2,9,3,33849.0,1653487,213258.0,0.8630188541805777,98.58587825421084,0.0,0.0,0.5555555555555556,8030.111111111111,20165.0,0.2991954029642103,0.016140374998940388,0.006840250000095693,0.0271946660031972,ok,247107.0,247107.0,10220.75576222028,3479.9200803070426,0.2206426545983717,2.7261734980052323,22.06665339154974,0.712,1.8507795710007282,15000,3350.0,11650.0,2,1,2.0,1.0,False,,0.3333333333333333
GP_Matern52_PI_GATE_2T1S,Imperfection-aware,3,3,12,3,33849.0,1653487,213258.0,0.8630188541805777,98.58587825421084,0.0,0.0,0.5833333333333334,7151.5,9033.0,0.44247042979042656,0.04360083299980033,0.009716791999380803,0.08051229100237833,ok,247107.0,247107.0,13283.538516476003,3672.616286002496,0.18098084006125925,2.887193422393313,4.479610144057778,0.7832,2.9146349359816215,15000,3278.0,11722.0,2,1,2.0,1.0,False,,0.3333333333333333
GP_Matern52_PI_GATE_2T1S,Imperfection-aware,3,4,15,3,48819.0,1561323,198288.0,0.8024378103412692,99.26914042088963,1.0,0.0,0.5333333333333333,8975.8,48819.0,0.28539848424851527,0.0276297499985958,0.012709250000625616,0.12085129100159975,ok,247107.0,247107.0,21491.551679954962,6369.752998865781,0.33739627834948693,2.4917549586707106,23.968374799165858,0.6568,1.4650291025880626,15000,3287.0,11713.0,2,1,2.0,1.0,False,,0.3333333333333333
GP_Matern52_PI_GATE_2T1S,Imperfection-aware,3,5,18,3,48819.0,1561323,198288.0,0.8024378103412692,99.26914042088963,1.0,0.0,0.5555555555555556,8803.0,13455.0,0.3257524477118427,0.042009833996417,0.00969529200301622,0.17255641700103297,ok,247107.0,247107.0,14743.024507926062,3532.867680751665,0.15583147084000437,2.4324118402010173,5.588439724260802,0.8114,3.067454466381426,15000,3265.0,11735.0,2,1,2.0,1.0,False,,0.3333333333333333
GP_Matern52_PI_GATE_2T1S,Imperfection-aware,3,6,21,3,49209.0,1641454,197898.0,0.8008595466741129,99.2837769530182,1.0,0.0,0.5714285714285714,10979.619047619048,49209.0,0.6304193550812158,0.0389784580002015,0.008234666998760076,0.21976954199999454,ok,247107.0,247107.0,7687.220159704156,1475.9966259704158,0.14210931636391166,2.772697234130271,2.972754292992024,0.9908,4.455242648158499,15000,3376.0,11624.0,2,1,2.0,1.0,False,,0.3333333333333333
GP_Matern52_PI_GATE_2T1S,Imperfection-aware,3,7,24,3,49209.0,1641454,197898.0,0.8008595466741129,99.2837769530182,1.0,0.0,0.5833333333333334,12981.958333333334,44690.0,0.5944235296952902,0.03495404199929908,0.008614082998974482,0.2633376669982681,ok,247107.0,247107.0,7639.546082016256,1481.4864559648984,0.10242198851286097,2.815277083477009,2.980669886156481,0.9928,4.738944857878267,15000,3303.0,11697.0,2,1,2.0,1.0,False,,0.3333333333333333
GP_Matern52_PI_GATE_2T1S,Imperfection-aware,3,8,27,3,49209.0,1641454,197898.0,0.8008595466741129,99.2837769530182,1.0,0.0,0.5925925925925926,13327.074074074075,44040.0,0.6378592730007396,0.04677974999867729,0.00935274999937974,0.31947016699632513,ok,247107.0,247107.0,7492.6517596960075,1476.7676910913274,0.19558500734495182,2.97154430967694,3.0334708603984275,0.9948,4.850079204134893,15000,3368.0,11632.0,2,1,2.0,1.0,False,,0.3333333333333333
GP_Matern52_PI_GATE_2T1S,Imperfection-aware,3,9,30,3,49209.0,1641454,197898.0,0.8008595466741129,99.2837769530182,1.0,0.0,0.6,14883.966666666667,48696.0,0.6434653310037278,0.04125966699939454,0.015063625000038883,0.37579345899575856,ok,247107.0,247107.0,7564.65086130645,1525.5344152592697,0.21121038693405894,3.161574193388743,3.082708063223809,0.995,4.5815830893670855,15000,3384.0,11616.0,2,1,2.0,1.0,False,,0.3333333333333333
GP_Matern52_PI_GATE_2T1S,Imperfection-aware,3,10,33,3,49209.0,1641454,197898.0,0.8008595466741129,99.2837769530182,1.0,0.0,0.6060606060606061,14347.969696969696,17409.0,0.6767854878226851,0.04733420800039312,0.009346666000055848,0.4324743329962075,ok,247107.0,247107.0,7464.223053645243,1484.19613459142,0.13933054726734379,3.051898690761587,3.044230961335436,0.995,4.885051211430788,15000,3342.0,11658.0,2,1,2.0,1.0,False,,0.3333333333333333
GP_Matern52_PI_GATE_2T1S,Imperfection-aware,3,11,36,3,49209.0,1641454,197898.0,0.8008595466741129,99.2837769530182,1.0,0.0,0.6111111111111112,15054.5,44624.0,0.7593357056900186,0.08572220799760544,0.008368415998120327,0.5265649569919333,ok,247107.0,247107.0,7378.186179429663,1564.3523120943676,0.18258630950438026,3.363222514920971,3.1424551818836504,0.9946,4.8666899360059785,15000,3308.0,11692.0,2,1,2.0,1.0,False,,0.3333333333333333
GP_Matern52_PI_GATE_2T1S,Imperfection-aware,3,12,39,3,57075.0,1473876,190032.0,0.7690271825565443,99.51147091083483,1.0,0.0,0.6153846153846154,16513.076923076922,57075.0,0.32773332957924145,0.10211749999871245,0.017360707999614533,0.6460431649902603,ok,247107.0,247107.0,7527.903526443688,1545.2815954052062,0.09095899186103586,3.1479089270482508,3.0767041346518322,0.994,5.01469006193013,15000,3371.0,11629.0,2,1,2.0,1.0,False,,0.3333333333333333
GP_Matern52_PI_GATE_2T1S,Imperfection-aware,3,13,42,3,57075.0,1473876,190032.0,0.7690271825565443,99.51147091083483,1.0,0.0,0.6190476190476191,16407.5,42592.0,0.9602483918943544,0.03564020799967693,0.011089957999502076,0.6927733309894393,ok,247107.0,247107.0,7411.726167446257,1442.9464930694182,0.08649563745871675,2.7764891007354056,3.010261630217371,0.9916,5.655856601448236,15000,3379.0,11621.0,2,1,2.0,1.0,False,,0.3333333333333333
GP_Matern52_PI_GATE_2T1S,Imperfection-aware,3,14,45,3,57075.0,1473876,190032.0,0.7690271825565443,99.51147091083483,1.0,0.0,0.6222222222222222,16312.733333333334,35872.0,0.4907667161306403,0.12544770800013794,0.01631416599775548,0.8345352049873327,ok,247107.0,247107.0,11069.34360969199,1571.527859259764,0.28920140041762193,2.0104170526052707,2.8998332116433745,0.9862,6.09608515597415,15000,3385.0,11615.0,2,1,2.0,1.0,False,,0.3333333333333333
GP_Matern52_PI_GATE_2T1S,Imperfection-aware,3,15,48,3,57075.0,1473876,190032.0,0.7690271825565443,99.51147091083483,1.0,0.0,0.6041666666666666,15458.291666666666,7925.0,0.5860870269733006,0.10804833300062455,0.020507749999524094,0.9630912879874813,ok,247107.0,247107.0,7416.1144597369885,1603.444852220234,0.09995114879542637,3.2973520293696317,3.1385302392497456,0.9916,5.57054012829166,15000,3354.0,11646.0,2,1,2.0,1.0,False,,0.3333333333333333
GP_Matern52_PI_GATE_2T1S,Imperfection-aware,3,16,51,3,57075.0,1473876,190032.0,0.7690271825565443,99.51147091083483,1.0,0.0,0.6078431372549019,15511.941176470587,35230.0,0.6514176724238402,0.1035293749991979,0.02292495800065808,1.0895456209873373,ok,247107.0,247107.0,7660.577123955111,1506.5896812843973,-0.031599991203197494,2.864957081456092,3.026058095083263,0.9916,5.6875393966112355,15000,3279.0,11721.0,2,1,2.0,1.0,False,,0.3333333333333333
GP_Matern52_PI_GATE_2T1S,Imperfection-aware,3,17,54,3,57075.0,1473876,190032.0,0.7690271825565443,99.51147091083483,1.0,0.0,0.6111111111111112,16442.037037037036,49904.0,1.142164479939927,0.12415933399825008,0.01916016700124601,1.2328651219868334,ok,247107.0,247107.0,7813.193430727752,1454.4973316273358,-0.01588367663591823,2.482312222468653,2.9554896852104924,0.9828,5.769289925590942,15000,3286.0,11714.0,2,1,2.0,1.0,False,,0.3333333333333333
GP_Matern52_PI_GATE_2T1S,Imperfection-aware,3,18,57,3,57075.0,1473876,190032.0,0.7690271825565443,99.51147091083483,1.0,0.0,0.631578947368421,16922.035087719298,39005.0,0.7558377225415862,0.09783179200167069,0.023393916999339126,1.3540908309878432,ok,247107.0,247107.0,7673.81057403967,1403.3335314666847,0.011024833915006131,2.3370091555519497,2.9315232133382914,0.9808,5.789306138968332,15000,3280.0,11720.0,2,1,2.0,1.0,False,,0.3333333333333333
GP_Matern52_PI_GATE_2T1S,Imperfection-aware,3,19,60,3,57075.0,1473876,190032.0,0.7690271825565443,99.51147091083483,1.0,0.0,0.6333333333333333,17529.616666666665,44075.0,0.5355471604923269,0.08377749999999651,0.01459324999814271,1.4524615809859824,ok,247107.0,247107.0,7644.172089204328,1420.5886976211666,-0.014992842614625584,2.4599066134211958,2.9466860939042645,0.9824,5.6925612454613495,15000,3309.0,11691.0,2,1,2.0,1.0,False,,0.3333333333333333
GP_Matern52_PI_GATE_2T1S,Imperfection-aware,3,20,63,3,57075.0,1473876,190032.0,0.7690271825565443,99.51147091083483,1.0,0.0,0.6349206349206349,18049.74603174603,49360.0,0.6829861031916314,0.14028687500103842,0.01621970799897099,1.6089681639859919,ok,247107.0,247107.0,7653.374567844349,1397.371631152594,0.00634241238818548,2.3426463118150327,2.923322170314864,0.982,5.698750906244424,15000,3398.0,11602.0,2,1,2.0,1.0,False,,0.3333333333333333
GP_Matern52_PI_GATE_2T1S,Imperfection-aware,3,21,66,3,57075.0,1473876,190032.0,0.7690271825565443,99.51147091083483,1.0,0.0,0.6212121212121212,18082.333333333332,56300.0,0.7546519711716181,0.17189049999797135,0.020666290998633485,1.8015249549825967,ok,247107.0,247107.0,7477.174808824336,1578.375849577044,-0.0037737925198388553,3.1957313669462413,3.1435384117097875,0.9928,5.535759660717387,15000,3425.0,11575.0,2,1,2.0,1.0,False,,0.3333333333333333
GP_Matern52_PI_GATE_2T1S,Imperfection-aware,3,22,69,3,57075.0,1473876,190032.0,0.7690271825565443,99.51147091083483,1.0,0.0,0.6231884057971014,18450.72463768116,42619.0,1.009188387972275,0.15317162499923143,0.025888582997140475,1.9805851629789686,ok,247107.0,247107.0,7862.358516173887,1699.011932948307,0.01082632817409878,3.45117428140254,3.1902732310257793,0.9962,4.995322294615962,15000,3369.0,11631.0,2,1,2.0,1.0,False,,0.3333333333333333
GP_Matern52_PI_GATE_2T1S,Imperfection-aware,3,23,72,3,57075.0,1473876,190032.0,0.7690271825565443,99.51147091083483,1.0,0.0,0.625,19049.166666666668,50152.0,1.08890119438532,0.22132937499918626,0.024711833000765182,2.22662637097892,ok,247107.0,247107.0,7553.732300503107,1448.3046131236895,0.040391034649064676,2.6677301970121197,2.9447173416483676,0.9916,5.168276414916514,15000,3279.0,11721.0,2,1,2.0,1.0,False,,0.3333333333333333
GP_Matern52_PI_GATE_2T1S,Imperfection-aware,3,24,75,3,57075.0,1473876,190032.0,0.7690271825565443,99.51147091083483,1.0,0.0,0.6266666666666667,19301.493333333332,39100.0,0.8642851672173495,0.1356495410000207,0.026108250000106636,2.3883841619790473,ok,247107.0,247107.0,7548.263036259627,1421.8112553411072,0.044945659833810374,2.5747332243612733,2.9248898513440746,0.9908,5.225714438608743,15000,3391.0,11609.0,2,1,2.0,1.0,False,,0.3333333333333333
GP_Matern52_PI_GATE_2T1S,Imperfection-aware,3,25,78,3,57075.0,1473876,190032.0,0.7690271825565443,99.51147091083483,1.0,0.0,0.6282051282051282,19797.79487179487,51135.0,0.6224430313876876,0.11519712500012247,0.031790541997906985,2.535371828977077,ok,247107.0,247107.0,7595.249732212387,1409.9847313236787,0.04904127832980692,2.4069915825097707,2.900155854240901,0.9892,5.394846535112219,15000,3291.0,11709.0,2,1,2.0,1.0,False,,0.3333333333333333
GP_Matern52_PI_GATE_2T1S,Imperfection-aware,3,26,81,3,57075.0,1473876,190032.0,0.7690271825565443,99.51147091083483,1.0,0.0,0.6296296296296297,19697.283950617282,49838.0,0.6525080929781474,0.11765545799789834,0.021654249998391606,2.6746815369733667,ok,247107.0,247107.0,7621.432297891728,1412.3628398094977,-0.009462628416606243,2.438340249328716,2.9091626198550204,0.9878,5.384285135114036,15000,3351.0,11649.0,2,1,2.0,1.0,False,,0.3333333333333333
GP_Matern52_PI_GATE_2T1S,Imperfection-aware,3,27,84,3,57075.0,1473876,190032.0,0.7690271825565443,99.51147091083483,1.0,0.0,0.6309523809523809,20058.678571428572,44961.0,1.0944696393415796,0.1348416670007282,0.017910165999637684,2.8274333699737326,ok,247107.0,247107.0,7517.011149030498,1301.2504633783599,0.3396305578411334,1.5393346576520117,2.6727334461468226,0.9598,4.7626852612220665,15000,3302.0,11698.0,2,1,2.0,1.0,False,,0.3333333333333333
GP_Matern52_PI_GATE_2T1S,Imperfection-aware,3,28,87,3,57075.0,1473876,190032.0,0.7690271825565443,99.51147091083483,1.0,0.0,0.632183908045977,20515.126436781607,51083.0,1.1889769937876196,0.15434520800044993,0.02615512500051409,3.0079337029746966,ok,247107.0,247107.0,7244.180599689935,1388.7516509301975,0.10727448461035775,2.7482306369260523,2.9729358659563956,0.9928,5.388024612942825,15000,3311.0,11689.0,2,1,2.0,1.0,False,,0.3333333333333333
GP_Matern52_PI_GATE_2T1S,Imperfection-aware,3,29,90,3,57075.0,1473876,190032.0,0.7690271825565443,99.51147091083483,1.0,0.0,0.6333333333333333,20869.844444444443,50812.0,1.1378439960959155,0.4704366250007297,0.02732224999999744,3.5056925779754238,ok,247107.0,247107.0,7566.322426135352,1622.9280911023116,-0.08795669053229851,3.2860082057307665,3.1261044442398838,0.996,5.399061448537758,15000,3346.0,11654.0,2,1,2.0,1.0,False,,0.3333333333333333
GP_Matern52_PI_GATE_2T1S,Imperfection-aware,3,30,93,3,57722.0,1473604,189385.0,0.7664088836010311,99.52504207388351,1.0,0.0,0.6344086021505376,21390.7311827957,57722.0,0.9499436887198854,0.6292791670020961,0.029096124999341555,4.164067869976861,ok,247107.0,247107.0,7520.216873091906,1470.928151337945,-0.043637890458231965,2.805509598074351,2.9997605570053465,0.9932,5.486600906694462,15000,3329.0,11671.0,2,1,2.0,1.0,False,,0.3333333333333333
GP_Matern52_PI_GATE_2T1S,Imperfection-aware,3,31,96,3,57722.0,1473604,189385.0,0.7664088836010311,99.52504207388351,1.0,0.0,0.6354166666666666,21793.3125,52788.0,0.9123503682544402,0.46520970900019165,0.03393441699881805,4.663211995975871,ok,247107.0,247107.0,7446.788121677607,1279.888182115649,0.34697085134349553,1.4707745449337082,2.6299297824773102,0.9616,4.57145492729746,15000,3333.0,11667.0,2,1,2.0,1.0,False,,0.3333333333333333
GP_Matern52_PI_GATE_2T1S,Imperfection-aware,3,32,99,3,57722.0,1473604,189385.0,0.7664088836010311,99.52504207388351,1.0,0.0,0.6363636363636364,21730.484848484848,47088.0,0.909305453437525,0.6099669169998378,0.04224325000177487,5.315422162977484,ok,247107.0,247107.0,7533.6290457351115,1451.7951307065941,-0.03702264981731787,2.711485104734143,2.983650100026323,0.9922,5.586691075356987,15000,3303.0,11697.0,2,1,2.0,1.0,False,,0.3333333333333333
GP_Matern52_PI_GATE_2T1S,Imperfection-aware,3,33,102,3,57722.0,1473604,189385.0,0.7664088836010311,99.52504207388351,1.0,0.0,0.6372549019607843,22076.07843137255,51804.0,0.7215610922842037,0.692710374998569,0.03184187499937252,6.039974412975425,ok,247107.0,247107.0,7523.143029272596,1408.4195060075087,-0.007292102897052773,2.5768554350393575,2.9496561098142293,0.9918,5.539390815710041,15000,3386.0,11614.0,2,1,2.0,1.0,False,,0.3333333333333333
GP_Matern52_PI_GATE_2T1S,Imperfection-aware,3,34,105,3,57722.0,1473604,189385.0,0.7664088836010311,99.52504207388351,1.0,0.0,0.6476190476190476,21901.704761904763,40207.0,0.9190853845325521,0.15270670899917604,0.027803708999272203,6.220484830973874,ok,247107.0,247107.0,7533.747786553233,1397.5128676355846,0.0024852195325064733,2.50321181696056,2.9356846978148154,0.991,5.559660764063763,15000,3316.0,11684.0,2,1,2.0,1.0,False,,0.3333333333333333
GP_Matern52_PI_GATE_2T1S,Imperfection-aware,3,35,108,3,57722.0,1473604,189385.0,0.7664088836010311,99.52504207388351,1.0,0.0,0.6481481481481481,21895.416666666668,41388.0,0.9544538968152461,0.14333962499949848,0.02326412500042352,6.387088580973796,ok,247107.0,247107.0,7084.155707120112,1294.6731660878982,0.21877363367298122,2.399705006429092,2.896563219492921,0.9922,5.5095571436135895,15000,3359.0,11641.0,2,1,2.0,1.0,False,,0.3333333333333333
GP_Matern52_PI_GATE_2T1S,Imperfection-aware,3,36,111,3,57722.0,1473604,189385.0,0.7664088836010311,99.52504207388351,1.0,0.0,0.6486486486486487,22102.432432432433,53344.0,0.7042111977573189,0.21925345799900242,0.02806616700036102,6.634408205973159,ok,247107.0,247107.0,7590.8384383979555,1501.7645418127443,-0.006815321791037527,2.8423085314140755,3.0394771443489152,0.9892,5.705070873021341,15000,3311.0,11689.0,2,1,2.0,1.0,False,,0.3333333333333333
GP_Matern52_PI_GATE_2T1S,Imperfection-aware,3,37,114,3,57722.0,1473604,189385.0,0.7664088836010311,99.52504207388351,1.0,0.0,0.6491228070175439,22002.09649122807,53508.0,0.8656888665208803,0.2878863750011078,0.032950915996480035,6.955245496970747,ok,247107.0,247107.0,7021.49950494424,1258.069933324478,0.24283863860057547,2.2806479729079303,2.866795792257466,0.9914,5.471377098193456,15000,3400.0,11600.0,2,1,2.0,1.0,False,,0.3333333333333333
GP_Matern52_PI_GATE_2T1S,Imperfection-aware,3,38,117,3,57722.0,1473604,189385.0,0.7664088836010311,99.52504207388351,1.0,0.0,0.6495726495726496,22274.965811965812,49588.0,0.4430728858704242,0.155480917001114,0.029152875002182554,7.1398792889740434,ok,247107.0,247107.0,7572.577129542738,1533.5395254877303,-0.0308306914840796,2.9404290201129504,3.0223217771849815,0.9938,5.452797630727414,15000,3400.0,11600.0,2,1,2.0,1.0,False,,0.3333333333333333
GP_Matern52_PI_GATE_2T1S,Imperfection-aware,3,39,120,3,57722.0,1473604,189385.0,0.7664088836010311,99.52504207388351,1.0,0.0,0.6583333333333333,22660.483333333334,57600.0,0.512672286484794,0.2707696670004225,0.03041391700025997,7.441062872974726,ok,247107.0,247107.0,7491.70188505245,1385.1198825834051,0.037998413607191694,2.4240679090016433,2.9227360177084147,0.9918,5.659639555776654,15000,3334.0,11666.0,2,1,2.0,1.0,False,,0.3333333333333333
GP_Matern52_PI_GATE_2T1S,Imperfection-aware,3,40,123,3,57722.0,1473604,189385.0,0.7664088836010311,99.52504207388351,1.0,0.0,0.6585365853658537,22902.650406504064,52991.0,1.1652770898193712,0.1499561669988907,0.03324091700051213,7.624259956974129,ok,247107.0,247107.0,7518.177841242989,1390.3463810488088,0.03286116815093696,2.4319322644679575,2.9287725191946223,0.9914,5.693814804304295,15000,3255.0,11745.0,2,1,2.0,1.0,False,,0.3333333333333333
GP_Matern52_PI_GATE_2T1S,Imperfection-aware,3,41,126,3,57722.0,1473604,189385.0,0.7664088836010311,99.52504207388351,1.0,0.0,0.6587301587301587,23240.93650793651,56740.0,1.1898372326001752,0.22104391700122505,0.03439800000342075,7.8797018739787745,ok,247107.0,247107.0,7518.086306105174,1372.2165196123158,0.05374877738397683,2.3321891820892633,2.9097978863139504,0.9906,5.714850396627758,15000,3336.0,11664.0,2,1,2.0,1.0,False,,0.3333333333333333
GP_Matern52_PI_GATE_2T1S,Imperfection-aware,3,42,129,3,57722.0,1473604,189385.0,0.7664088836010311,99.52504207388351,1.0,0.0,0.6589147286821705,23480.58914728682,50509.0,0.8657639571365756,0.27599904199814773,0.03499766599998111,8.190698581976903,ok,247107.0,247107.0,7515.059814256828,1362.4245149959208,0.07614744702662228,2.259605485983706,2.8960500208919906,0.99,5.7220072921279055,15000,3298.0,11702.0,2,1,2.0,1.0,False,,0.3333333333333333
GP_Matern52_PI_GATE_2T1S,Imperfection-aware,3,43,132,3,57722.0,1473604,189385.0,0.7664088836010311,99.52504207388351,1.0,0.0,0.6590909090909091,23753.909090909092,53552.0,0.3627459062147426,0.20817808300125762,0.030732540999451885,8.429609205977613,ok,247107.0,247107.0,7516.375463151356,1351.9478409186897,0.10387389732751728,2.1621416567893452,2.876079221305025,0.99,5.719019785681961,15000,3406.0,11594.0,2,1,2.0,1.0,False,,0.3333333333333333
GP_Matern52_PI_GATE_2T1S,Imperfection-aware,3,44,135,3,57722.0,1473604,189385.0,0.7664088836010311,99.52504207388351,1.0,0.0,0.6592592592592592,24003.266666666666,53117.0,0.6948706162764241,0.37021850000019185,0.027106790999823716,8.826934496977628,ok,247107.0,247107.0,7531.181341771777,1351.93324882501,0.0587164681996933,2.1401732172220878,2.873530549824022,0.9868,5.692456106414583,15000,3252.0,11748.0,2,1,2.0,1.0,False,,0.3333333333333333
GP_Matern52_PI_GATE_2T1S,Imperfection-aware,3,45,138,3,57722.0,1473604,189385.0,0.7664088836010311,99.52504207388351,1.0,0.0,0.6594202898550725,24038.55072463768,53688.0,0.9407408913317413,0.3794744999977411,0.032328000001143664,9.238736996976513,ok,247107.0,247107.0,7529.360739205729,1345.509832920331,0.07723691701883777,2.0737146409367706,2.8607919052706814,0.9862,5.695190903987596,15000,3393.0,11607.0,2,1,2.0,1.0,False,,0.3333333333333333
GP_Matern52_PI_GATE_2T1S,Imperfection-aware,3,46,141,3,57722.0,1473604,189385.0,0.7664088836010311,99.52504207388351,1.0,0.0,0.6595744680851063,23740.04964539007,20386.0,0.5593722667557549,0.2496417090005707,0.0357791670030565,9.52415787298014,ok,247107.0,247107.0,7518.9508448535,1339.6875938900937,0.08170934143577449,2.0369050443276318,2.853336499743012,0.9858,5.694933221332405,15000,3307.0,11693.0,2,1,2.0,1.0,False,,0.3333333333333333
GP_Matern52_PI_GATE_2T1S,Imperfection-aware,3,47,144,3,57722.0,1473604,189385.0,0.7664088836010311,99.52504207388351,1.0,0.0,0.6597222222222222,23993.277777777777,57617.0,0.9996166525278944,0.2615460830020311,0.04177700000218465,9.827480955984356,ok,247107.0,247107.0,7522.442693656955,1335.7474905853906,0.0951604164150645,1.959311433570972,2.8297742295610804,0.9846,5.60785571608048,15000,3387.0,11613.0,2,1,2.0,1.0,False,,0.3333333333333333
GP_Matern52_PI_GATE_2T1S,Imperfection-aware,3,48,147,3,57722.0,1473604,189385.0,0.7664088836010311,99.52504207388351,1.0,0.0,0.6598639455782312,24184.38775510204,52025.0,1.1800224923705895,0.2748363340033393,0.037888582999585196,10.14020587298728,ok,247107.0,247107.0,7498.454487282036,1332.4559024963032,0.10794444731547309,1.9567269961143785,2.8301474060562497,0.9852,5.623048977222857,15000,3356.0,11644.0,2,1,2.0,1.0,False,,0.3333333333333333
GP_Matern52_PI_GATE_2T1S,Imperfection-aware,3,49,150,3,57722.0,1473604,189385.0,0.7664088836010311,99.52504207388351,1.0,0.0,0.66,24186.52,53781.0,0.9228429456166231,0.3096399999994901,0.04699745900143171,10.496843331988202,ok,247107.0,247107.0,7460.503181364348,1326.8403558368257,0.12637392023958247,1.9487290411209677,2.8303415395407066,0.9878,5.64568746946218,15000,3331.0,11669.0,2,1,2.0,1.0,False,,0.3333333333333333
GP_Matern52_PI_GATE_2T1S,Imperfection-aware,4,0,3,3,0.0,3806703,247107.0,1.0,93.70319341923158,0.0,0.0,0.0,0.0,0.0,0.8989998979021484,0.0,0.0,0.0,initial,247107.0,247107.0,,,,,,,,0,,,1,2,,,False,,0.6666666666666666
GP_Matern52_PI_GATE_2T1S,Imperfection-aware,4,1,6,3,5899.0,1575801,241208.0,0.9761277503267816,95.46791993407169,0.0,0.0,0.16666666666666666,983.1666666666666,5899.0,0.7089814480228128,9.058299838216044e-05,0.0028400420014804695,0.00293062499986263,constant_target_fallback,247107.0,247107.0,8775.797842190761,1529.645,0.0,0.8104050858432441,3.93666540770458,0.9332,1.0,15000,3299.0,11701.0,2,1,2.0,1.0,False,,0.3333333333333333
GP_Matern52_PI_GATE_2T1S,Imperfection-aware,4,2,9,3,5899.0,1575801,241208.0,0.9761277503267816,95.46791993407169,0.0,0.0,0.1111111111111111,655.4444444444445,0.0,0.4269452129820537,0.021195249999436783,0.006646292000368703,0.030772166999668116,ok,247107.0,247107.0,8787.990005024983,1768.7129864058713,-0.035491602105578404,1.7601752485796063,39.618997098999685,0.8244,2.1433450457837804,15000,3365.0,11635.0,2,1,2.0,1.0,False,,0.3333333333333333
GP_Matern52_PI_GATE_2T1S,Imperfection-aware,4,3,12,3,5899.0,1575801,241208.0,0.9761277503267816,95.46791993407169,0.0,0.0,0.08333333333333333,491.5833333333333,0.0,0.3161989908882455,0.027194624999538064,0.00622220799778006,0.06418899999698624,ok,247107.0,247107.0,8872.56317407612,1961.9455084735691,-0.03761258994355954,1.779139624600036,110.6127560725913,0.71,0.8351884300118457,15000,3280.0,11720.0,2,1,2.0,1.0,False,,0.3333333333333333
GP_Matern52_PI_GATE_2T1S,Imperfection-aware,4,4,15,3,5899.0,1575801,241208.0,0.9761277503267816,95.46791993407169,0.0,0.0,0.06666666666666667,393.26666666666665,0.0,0.6319099421095363,0.03613558300276054,0.011399375001929002,0.11172395800167578,ok,247107.0,247107.0,8803.169759714967,1701.6076790388006,0.006278195579054447,1.2348691638825304,68.4557427127947,0.9016,1.8174449742270633,15000,3289.0,11711.0,2,1,2.0,1.0,False,,0.3333333333333333
GP_Matern52_PI_GATE_2T1S,Imperfection-aware,4,5,18,3,5899.0,1575801,241208.0,0.9761277503267816,95.46791993407169,0.0,0.0,0.05555555555555555,327.72222222222223,0.0,0.5096655659292746,0.044839792000857415,0.007869041997764725,0.16443279200029792,ok,247107.0,247107.0,8782.033322548805,1550.5391513097375,-0.03602083706587673,1.0669465002403133,24.226621636966275,0.9224,2.015059536655359,15000,3304.0,11696.0,2,1,2.0,1.0,False,,0.3333333333333333
GP_Matern52_PI_GATE_2T1S,Imperfection-aware,4,6,21,3,5899.0,1575801,241208.0,0.9761277503267816,95.46791993407169,0.0,0.0,0.047619047619047616,280.9047619047619,0.0,0.5966036016387295,0.03312183299931348,0.009312707999924896,0.2068673329995363,ok,247107.0,247107.0,8775.80807394477,1531.5603307433798,0.021745547445011344,1.0102504321621684,3.158296109137065,0.9314,2.006457576567938,15000,3336.0,11664.0,2,1,2.0,1.0,False,,0.3333333333333333
GP_Matern52_PI_GATE_2T1S,Imperfection-aware,4,7,24,3,5899.0,1575801,241208.0,0.9761277503267816,95.46791993407169,0.0,0.0,0.041666666666666664,245.79166666666666,0.0,0.16796171221761277,0.046310624999023275,0.010937208000541432,0.264115165999101,ok,247107.0,247107.0,8776.013694373598,1531.09929729676,-0.026551403250640697,0.973741233930137,4.923100121207165,0.932,1.851352331649456,15000,3384.0,11616.0,2,1,2.0,1.0,False,,0.3333333333333333
GP_Matern52_PI_GATE_2T1S,Imperfection-aware,4,8,27,3,9028.0,1567895,238079.0,0.9634652195202887,96.23564128334688,0.0,0.0,0.07407407407407407,552.8518518518518,9028.0,0.9030149377169122,0.039591000000655185,0.012590667000040412,0.3162968329997966,ok,247107.0,247107.0,8758.038976440052,1536.636187619722,-0.013263275279885271,0.9629080410078353,6.500056414093777,0.9254,1.6663717487839,15000,3308.0,11692.0,2,1,2.0,1.0,False,,0.3333333333333333
GP_Matern52_PI_GATE_2T1S,Imperfection-aware,4,9,30,3,9909.0,1047531,237198.0,0.9598999623644818,96.43476695952843,0.0,0.0,0.13333333333333333,887.0,9909.0,0.7118348012294134,0.07291779099978157,0.011121625000669155,0.40033624900024734,ok,247107.0,247107.0,8775.296019076533,1530.1191629637112,-0.0335446769136229,1.0755488667011028,2.2780832146355254,0.9332,2.349950090239672,15000,3330.0,11670.0,2,1,2.0,1.0,False,,0.3333333333333333
GP_Matern52_PI_GATE_2T1S,Imperfection-aware,4,10,33,3,9909.0,1047531,237198.0,0.9598999623644818,96.43476695952843,0.0,0.0,0.12121212121212122,806.3636363636364,0.0,0.9715422270849423,0.03073187500194763,0.019821458001388237,0.4508895820035832,ok,247107.0,247107.0,8775.422401348662,1531.512457346969,0.03163682412000127,1.2493699211655578,2.339143618905781,0.9332,2.940359443888285,15000,3434.0,11566.0,2,1,2.0,1.0,False,,0.3333333333333333
GP_Matern52_PI_GATE_2T1S,Imperfection-aware,4,11,36,3,38626.0,794633,208481.0,0.8436871476728705,98.81058917860372,0.0,0.0,0.16666666666666666,2196.9166666666665,38626.0,0.7466289750268511,0.04545033399699605,0.010788583000248764,0.507128499000828,ok,247107.0,247107.0,8776.270321372658,1534.5910511051475,0.0009906076147494357,1.2150919942376626,2.7098973394116417,0.932,2.798225443942759,15000,3303.0,11697.0,2,1,2.0,1.0,False,,0.3333333333333333
GP_Matern52_PI_GATE_2T1S,Imperfection-aware,4,12,39,3,38626.0,794633,208481.0,0.8436871476728705,98.81058917860372,0.0,0.0,0.15384615384615385,2027.923076923077,0.0,0.3526712506852198,0.04963991700060433,0.02046591699763667,0.577234332999069,ok,247107.0,247107.0,8828.1006955941,1573.206227827801,-0.0340591649551144,1.3723238917460083,5.092796491920007,0.9298,2.883068555609365,15000,3410.0,11590.0,2,1,2.0,1.0,False,,0.3333333333333333
GP_Matern52_PI_GATE_2T1S,Imperfection-aware,4,13,42,3,38626.0,794633,208481.0,0.8436871476728705,98.81058917860372,0.0,0.0,0.19047619047619047,2198.1428571428573,6851.0,0.7792300672100767,0.0819004170007247,0.011017958997399546,0.6701527089971933,ok,247107.0,247107.0,8775.255776577971,1532.3058138223325,0.0029925673034126993,1.316656539424795,2.362616962410002,0.9354,2.9974128446448356,15000,3426.0,11574.0,2,1,2.0,1.0,False,,0.3333333333333333
GP_Matern52_PI_GATE_2T1S,Imperfection-aware,4,14,45,3,38626.0,794633,208481.0,0.8436871476728705,98.81058917860372,0.0,0.0,0.24444444444444444,3029.6666666666665,21598.0,0.39365506550444795,0.1553091250025318,0.016585584002314135,0.8420474180020392,ok,247107.0,247107.0,8774.058968062347,1533.6261035359746,0.013953284893904617,1.4120678587641071,2.3956279389792625,0.9406,3.0076323289649567,15000,3338.0,11662.0,2,1,2.0,1.0,False,,0.3333333333333333
GP_Matern52_PI_GATE_2T1S,Imperfection-aware,4,15,48,3,38626.0,794633,208481.0,0.8436871476728705,98.81058917860372,0.0,0.0,0.2708333333333333,3876.8541666666665,29552.0,0.7098762426240471,0.0923981250016368,0.013188875000196276,0.9476344180038723,ok,247107.0,247107.0,8748.90858487498,1530.4726969763399,0.00561598284432321,1.599324441471309,2.4756829736163324,0.9476,3.1846420735102394,15000,3398.0,11602.0,2,1,2.0,1.0,False,,0.3333333333333333
GP_Matern52_PI_GATE_2T1S,Imperfection-aware,4,16,51,3,38626.0,794633,208481.0,0.8436871476728705,98.81058917860372,0.0,0.0,0.2549019607843137,3648.8039215686276,0.0,0.6706902950071999,0.10521575000166195,0.02087595900229644,1.0737261270078307,ok,247107.0,247107.0,8738.637923649901,1530.2224296225234,0.011086950005754626,1.7195769087779496,2.5291309165611615,0.9574,3.3439230115807455,15000,3334.0,11666.0,2,1,2.0,1.0,False,,0.3333333333333333
GP_Matern52_PI_GATE_2T1S,Imperfection-aware,4,17,54,3,38626.0,794633,208481.0,0.8436871476728705,98.81058917860372,0.0,0.0,0.2777777777777778,4273.666666666667,34189.0,0.49670995641115523,0.09710845799781964,0.013218541000242112,1.1840531260058924,ok,247107.0,247107.0,8758.019377252796,1534.3835366114276,0.026141110354857965,1.6567548003868113,2.499002396641758,0.9508,3.229589473410832,15000,3362.0,11638.0,2,1,2.0,1.0,False,,0.3333333333333333
GP_Matern52_PI_GATE_2T1S,Imperfection-aware,4,18,57,3,62776.0,1483662,184331.0,0.7459562052066514,99.61389385514782,1.0,0.0,0.2982456140350877,5514.421052631579,62776.0,0.6251332192480908,0.17208345900144195,0.0133942910033511,1.3695308760106855,ok,247107.0,247107.0,8639.215547937014,1502.7233485646548,0.04783645591296349,1.6480478030910723,2.5086114690957184,0.9694,3.4705220994792993,15000,3440.0,11560.0,2,1,2.0,1.0,False,,0.3333333333333333
GP_Matern52_PI_GATE_2T1S,Imperfection-aware,4,19,60,3,62776.0,1483662,184331.0,0.7459562052066514,99.61389385514782,1.0,0.0,0.31666666666666665,5671.35,17048.0,0.5806955572109905,0.09942141699866625,0.017548208001244348,1.486500501010596,ok,247107.0,247107.0,8759.733237507699,1540.0634751330704,0.0920772105264292,1.8658021442181885,2.614363389246734,0.9824,3.8358513891527974,15000,3421.0,11579.0,2,1,2.0,1.0,False,,0.3333333333333333
GP_Matern52_PI_GATE_2T1S,Imperfection-aware,4,20,63,3,62776.0,1483662,184331.0,0.7459562052066514,99.61389385514782,1.0,0.0,0.3333333333333333,6480.809523809524,41282.0,0.5155391143203083,0.13294062500062864,0.0203470840024238,1.6397882100136485,ok,247107.0,247107.0,8814.09479203771,1558.0348595575665,0.03450610739924177,1.963255328999937,2.9262784075734576,0.9956,4.2307939310085185,15000,3341.0,11659.0,2,1,2.0,1.0,False,,0.3333333333333333
GP_Matern52_PI_GATE_2T1S,Imperfection-aware,4,21,66,3,62776.0,1483662,184331.0,0.7459562052066514,99.61389385514782,1.0,0.0,0.3484848484848485,6796.742424242424,24941.0,0.41525166155202303,0.0854235000006156,0.02156874999855063,1.7467804600128147,ok,247107.0,247107.0,8757.930323494493,1546.2283189459545,0.09205179726200391,2.031450363251393,2.677353148102277,0.992,3.947043135355234,15000,3343.0,11657.0,2,1,2.0,1.0,False,,0.3333333333333333
GP_Matern52_PI_GATE_2T1S,Imperfection-aware,4,22,69,3,111221.0,880694,135886.0,0.5499075299364243,99.94869838122905,1.0,1.0,0.37681159420289856,8465.014492753624,111221.0,0.8714943693079825,0.09880345800047508,0.020735375001095235,1.866319293014385,ok,247107.0,247107.0,8757.860957249077,1549.9310319963745,0.08491288028409051,2.1012922553550517,2.7044443735501575,0.9944,4.012738309299403,15000,3333.0,11667.0,2,1,2.0,1.0,False,,0.3333333333333333
GP_Matern52_PI_GATE_2T1S,Imperfection-aware,4,23,72,3,111221.0,880694,135886.0,0.5499075299364243,99.94869838122905,1.0,1.0,0.3888888888888889,8863.069444444445,43400.0,0.5351475002154008,0.11490520799998194,0.022927583999262424,2.0041520850136294,ok,247107.0,247107.0,8745.194109391277,1553.9169613061606,0.06956094939527913,2.2291857267690007,2.75332656925033,0.9974,4.115427740358582,15000,3292.0,11708.0,2,1,2.0,1.0,False,,0.3333333333333333
GP_Matern52_PI_GATE_2T1S,Imperfection-aware,4,24,75,3,111221.0,880694,135886.0,0.5499075299364243,99.94869838122905,1.0,1.0,0.4,9423.826666666666,43819.0,0.31344586638725797,0.13994958300099825,0.021036916998127708,2.1651385850127554,ok,247107.0,247107.0,8743.872766946724,1556.008277768548,0.08788881575552346,2.2915930707706655,2.775176707020649,0.9988,4.198276412082127,15000,3357.0,11643.0,2,1,2.0,1.0,False,,0.3333333333333333
GP_Matern52_PI_GATE_2T1S,Imperfection-aware,4,25,78,3,111221.0,880694,135886.0,0.5499075299364243,99.94869838122905,1.0,1.0,0.41025641025641024,9367.076923076924,13341.0,0.24978660781790749,0.09621225000228151,0.031453583997063106,2.2928044190121,ok,247107.0,247107.0,8727.245147812677,1552.847312483271,0.18548657782362732,2.3001396814809056,2.786391876239922,0.9988,4.357944589100407,15000,3387.0,11613.0,2,1,2.0,1.0,False,,0.3333333333333333
GP_Matern52_PI_GATE_2T1S,Imperfection-aware,4,26,81,3,111221.0,880694,135886.0,0.5499075299364243,99.94869838122905,1.0,1.0,0.41975308641975306,9988.666666666666,63958.0,0.6555756922681124,0.10745229099848075,0.020685166000475874,2.4209418760110566,ok,247107.0,247107.0,8723.434071555648,1557.2429529960589,0.18558273147208704,2.358734217494696,2.8050951184172233,0.999,4.364546611362047,15000,3356.0,11644.0,2,1,2.0,1.0,False,,0.3333333333333333
GP_Matern52_PI_GATE_2T1S,Imperfection-aware,4,27,84,3,111221.0,880694,135886.0,0.5499075299364243,99.94869838122905,1.0,1.0,0.42857142857142855,10454.559523809523,40890.0,0.3926095727619603,0.1606508330005454,0.02545908400134067,2.6070517930129427,ok,247107.0,247107.0,8707.363248637119,1555.2422452222725,0.18528650780884795,2.3917596296025923,2.8199629421414634,0.9986,4.446148139118622,15000,3296.0,11704.0,2,1,2.0,1.0,False,,0.3333333333333333
GP_Matern52_PI_GATE_2T1S,Imperfection-aware,4,28,87,3,111221.0,880694,135886.0,0.5499075299364243,99.94869838122905,1.0,1.0,0.4367816091954023,11106.0,44700.0,1.198772962469361,0.10879858300177148,0.029331417001230875,2.745181793015945,ok,247107.0,247107.0,8183.248836937253,1402.6495484703473,0.3377292897388186,1.4764747209239317,2.5065240678020833,0.9912,4.151025674058602,15000,3380.0,11620.0,2,1,2.0,1.0,False,,0.3333333333333333
GP_Matern52_PI_GATE_2T1S,Imperfection-aware,4,29,90,3,120818.0,1223140,126289.0,0.5110701032346312,99.97105474161357,1.0,1.0,0.4444444444444444,12445.91111111111,120818.0,0.9643085845901177,0.1985328330010816,0.02086783299819217,2.9645824590152188,ok,247107.0,247107.0,8149.456722483672,1400.6276090779297,0.3431595842123119,1.4389115628050388,2.491095907547366,0.9904,4.109821882919749,15000,3322.0,11678.0,2,1,2.0,1.0,False,,0.3333333333333333
GP_Matern52_PI_GATE_2T1S,Imperfection-aware,4,30,93,3,120818.0,1223140,126289.0,0.5110701032346312,99.97105474161357,1.0,1.0,0.45161290322580644,12978.064516129032,65637.0,0.6126501129798082,0.22147312499873806,0.02362666699991678,3.2096822510138736,ok,247107.0,247107.0,8655.43445970677,1557.0687395426314,0.29071308458656986,2.5067635534590074,2.8645984076403934,0.9992,4.643965395421848,15000,3317.0,11683.0,2,1,2.0,1.0,False,,0.3333333333333333
GP_Matern52_PI_GATE_2T1S,Imperfection-aware,4,31,96,3,120818.0,1223140,126289.0,0.5110701032346312,99.97105474161357,1.0,1.0,0.4583333333333333,13869.020833333334,62543.0,0.7678518329350968,0.18816483299815445,0.035774124997260515,3.4336212090092886,ok,247107.0,247107.0,8639.575837102651,1559.1333060076863,0.2777216682381342,2.53569641717125,2.876691164007186,0.9988,4.709751757158562,15000,3336.0,11664.0,2,1,2.0,1.0,False,,0.3333333333333333
GP_Matern52_PI_GATE_2T1S,Imperfection-aware,4,32,99,3,120818.0,1223140,126289.0,0.5110701032346312,99.97105474161357,1.0,1.0,0.46464646464646464,14871.222222222223,74325.0,0.7426397638506744,0.14941724999880535,0.021783208001579624,3.6048216670096735,ok,247107.0,247107.0,8315.266613048387,1469.670387332565,0.1253202852519421,2.4249711376337886,2.8936265858623536,0.9938,4.744098084209876,15000,3368.0,11632.0,2,1,2.0,1.0,False,,0.3333333333333333
GP_Matern52_PI_GATE_2T1S,Imperfection-aware,4,33,102,3,120818.0,1223140,126289.0,0.5110701032346312,99.97105474161357,1.0,1.0,0.47058823529411764,15231.362745098038,43989.0,0.6082762086816161,0.24042729200300528,0.02757062499949825,3.872819584012177,ok,247107.0,247107.0,8602.111878908312,1563.554534693095,0.2389756761260326,2.607578155377513,2.902285267930794,0.9988,4.798256365514981,15000,3271.0,11729.0,2,1,2.0,1.0,False,,0.3333333333333333
GP_Matern52_PI_GATE_2T1S,Imperfection-aware,4,34,105,3,120818.0,1223140,126289.0,0.5110701032346312,99.97105474161357,1.0,1.0,0.47619047619047616,15251.952380952382,37354.0,0.6990339972050322,0.2166692079990753,0.041599625001254026,4.131088417012506,ok,247107.0,247107.0,8590.853036527667,1559.9881682709597,0.23881740620586828,2.601235093429269,2.9022205373250474,0.9986,4.850806683380615,15000,3368.0,11632.0,2,1,2.0,1.0,False,,0.3333333333333333
GP_Matern52_PI_GATE_2T1S,Imperfection-aware,4,35,108,3,120818.0,1223140,126289.0,0.5110701032346312,99.97105474161357,1.0,1.0,0.48148148148148145,15478.49074074074,54184.0,0.6945024412302184,0.32052070799909416,0.03107304199875216,4.482682167010353,ok,247107.0,247107.0,8555.372229734798,1555.7394528902457,0.23426101200891664,2.6085549898379328,2.9062012500678103,0.999,4.890261081181618,15000,3467.0,11533.0,2,1,2.0,1.0,False,,0.3333333333333333
GP_Matern52_PI_GATE_2T1S,Imperfection-aware,4,36,111,3,120818.0,1223140,126289.0,0.5110701032346312,99.97105474161357,1.0,1.0,0.4954954954954955,16086.963963963964,61214.0,0.799193083333002,0.24420791599914082,0.0409052499999234,4.767795333009417,ok,247107.0,247107.0,8558.069971633113,1561.9353666681684,0.2066869948330457,2.6283962540436123,2.914109433088084,0.9986,4.932546088155169,15000,3313.0,11687.0,2,1,2.0,1.0,False,,0.3333333333333333
GP_Matern52_PI_GATE_2T1S,Imperfection-aware,4,37,114,3,120818.0,1223140,126289.0,0.5110701032346312,99.97105474161357,1.0,1.0,0.5087719298245614,16620.929824561405,83644.0,0.4794582363741427,0.29015766700103995,0.0351852499989036,5.0931382500093605,ok,247107.0,247107.0,7848.4821143538675,1421.0051322913978,0.117450061518659,2.507223673115751,2.924093908899846,0.9936,4.989052632710542,15000,3388.0,11612.0,2,1,2.0,1.0,False,,0.3333333333333333
GP_Matern52_PI_GATE_2T1S,Imperfection-aware,4,38,117,3,120818.0,1223140,126289.0,0.5110701032346312,99.97105474161357,1.0,1.0,0.5128205128205128,17097.470085470086,58596.0,1.1491285196871757,0.40742545900138794,0.03448075000051176,5.53504445901126,ok,247107.0,247107.0,7911.4759995189415,1348.3829888449607,0.31608335929065595,1.3789849898461326,2.4787567163478457,0.982,4.079013449687244,15000,3343.0,11657.0,2,1,2.0,1.0,False,,0.3333333333333333
GP_Matern52_PI_GATE_2T1S,Imperfection-aware,4,39,120,3,120818.0,1223140,126289.0,0.5110701032346312,99.97105474161357,1.0,1.0,0.525,17678.716666666667,105700.0,0.8465523933816278,0.4128703750029672,0.027794792000349844,5.975709626014577,ok,247107.0,247107.0,7649.623084973997,1389.5901428457644,0.11506534345700978,2.5567279600579442,2.9362601135709454,0.9932,5.023383856318051,15000,3505.0,11495.0,2,1,2.0,1.0,False,,0.3333333333333333
GP_Matern52_PI_GATE_2T1S,Imperfection-aware,4,40,123,3,120818.0,1223140,126289.0,0.5110701032346312,99.97105474161357,1.0,1.0,0.5365853658536586,18765.065040650406,92170.0,0.5966042557490661,0.33643758299876936,0.029773458001727704,6.341920667015074,ok,247107.0,247107.0,7809.323380906887,1385.7522542593886,0.1286358900775851,2.3604597387390505,2.8179513298708625,0.9894,4.732596955229123,15000,3281.0,11719.0,2,1,2.0,1.0,False,,0.3333333333333333
GP_Matern52_PI_GATE_2T1S,Imperfection-aware,4,41,126,3,149913.0,1137716,97194.0,0.3933275868348529,99.99193597557976,1.0,1.0,0.5476190476190477,19837.150793650795,149913.0,0.4837935056651577,0.3474848750011006,0.028469834000134142,6.717875376016309,ok,247107.0,247107.0,7904.251230925993,1422.5598605602534,0.16466056519318487,2.661744926102451,2.956418445327724,0.9934,5.031332018622001,15000,3264.0,11736.0,2,1,2.0,1.0,False,,0.3333333333333333
GP_Matern52_PI_GATE_2T1S,Imperfection-aware,4,42,129,3,149913.0,1137716,97194.0,0.3933275868348529,99.99193597557976,1.0,1.0,0.5503875968992248,20415.891472868218,69333.0,0.6944752297770972,0.3679392910016759,0.026618957999744453,7.112433625017729,ok,247107.0,247107.0,7744.422027340262,1403.5475054237374,0.16330412071959075,2.682781035195124,2.9591829201424837,0.9928,5.038210723876056,15000,3384.0,11616.0,2,1,2.0,1.0,False,,0.3333333333333333
GP_Matern52_PI_GATE_2T1S,Imperfection-aware,4,43,132,3,149913.0,1137716,97194.0,0.3933275868348529,99.99193597557976,1.0,1.0,0.553030303030303,20978.969696969696,115507.0,0.734720338137895,0.5239617909974186,0.025700707999931183,7.662096124015079,ok,247107.0,247107.0,7901.124026626008,1471.786082141111,0.22848592301245507,2.7718422077667593,2.9741874491432805,0.9972,5.3294561567584635,15000,3356.0,11644.0,2,1,2.0,1.0,False,,0.3333333333333333
GP_Matern52_PI_GATE_2T1S,Imperfection-aware,4,44,135,3,149913.0,1137716,97194.0,0.3933275868348529,99.99193597557976,1.0,1.0,0.5555555555555556,21707.296296296296,104861.0,0.910645506739581,0.44034299999839277,0.033774833998904796,8.136213958012377,ok,247107.0,247107.0,7701.678877017267,1284.1665005634807,0.3282175971527276,1.3913896116841276,2.5013797199857692,0.9836,4.242740235555423,15000,3294.0,11706.0,2,1,2.0,1.0,False,,0.3333333333333333
GP_Matern52_PI_GATE_2T1S,Imperfection-aware,4,45,138,3,149913.0,1137716,97194.0,0.3933275868348529,99.99193597557976,1.0,1.0,0.5579710144927537,23092.072463768116,147852.0,0.4077529803132573,0.35440829200160806,0.03593837500011432,8.526560625014099,ok,247107.0,247107.0,7912.256051439595,1561.2993601734981,0.12700253880472573,3.1390706319052915,3.072471548656394,0.9956,5.059148671683547,15000,3314.0,11686.0,2,1,2.0,1.0,False,,0.3333333333333333
GP_Matern52_PI_GATE_2T1S,Imperfection-aware,4,46,141,3,149913.0,1137716,97194.0,0.3933275868348529,99.99193597557976,1.0,1.0,0.5673758865248227,23874.510638297874,97362.0,0.5124332604149789,0.6004342500018538,0.043958499998552725,9.170953375014506,ok,247107.0,247107.0,7906.8647738950285,1482.8640582808405,0.22009942059254556,2.7700331412062145,2.97696609634965,0.9968,5.408525962296898,15000,3402.0,11598.0,2,1,2.0,1.0,False,,0.3333333333333333
GP_Matern52_PI_GATE_2T1S,Imperfection-aware,4,47,144,3,149913.0,1137716,97194.0,0.3933275868348529,99.99193597557976,1.0,1.0,0.5694444444444444,23975.48611111111,44348.0,0.36958944193869164,0.5420169999997597,0.03128387499964447,9.74425425001391,ok,247107.0,247107.0,7381.6576291714055,1399.303649924877,0.15669103694186362,2.7642900381945017,2.9731003683945016,0.994,5.21250510645297,15000,3300.0,11700.0,2,1,2.0,1.0,False,,0.3333333333333333
GP_Matern52_PI_GATE_2T1S,Imperfection-aware,4,48,147,3,149913.0,1137716,97194.0,0.3933275868348529,99.99193597557976,1.0,1.0,0.5714285714285714,24064.571428571428,59448.0,0.7487715509911407,0.581274874999508,0.04849041600027704,10.374019541013695,ok,247107.0,247107.0,7558.1165114712385,1440.0383338379447,0.11258688785720586,2.825934320983672,2.992227196246914,0.9946,5.2675249626320575,15000,3281.0,11719.0,2,1,2.0,1.0,False,,0.3333333333333333
GP_Matern52_PI_GATE_2T1S,Imperfection-aware,4,49,150,3,149913.0,1137716,97194.0,0.3933275868348529,99.99193597557976,1.0,1.0,0.5733333333333334,24427.493333333332,66876.0,1.0579591419261691,0.47463716700076475,0.0425800419980078,10.891236750012467,ok,247107.0,247107.0,7530.251807961605,1236.0323167322417,0.31479685014741293,1.4535095600626395,2.5472635580016765,0.9806,4.441243721408411,15000,3441.0,11559.0,2,1,2.0,1.0,False,,0.3333333333333333
