method,family,run,iteration,configured_batch_size,configured_budget,configured_exploration,n_experiments,batch_size_added,best_q,best_pool_idx,simple_regret,normalized_regret,best_rank_percentile,hit_top1pct,hit_top0_1pct,success_fraction_selected,mean_q_selected,last_batch_best_q,mean_pairwise_batch_distance,fit_seconds,acq_seconds,cum_seconds,status,pool_oracle_best_q,full_grid_best_q,surrogate_rmse_raw,surrogate_mae_raw,surrogate_spearman_raw,surrogate_crps,surrogate_nll,surrogate_coverage95,surrogate_mean_sd,n_acq_candidates,n_trustworthy_candidates,n_suspicious_candidates,selected_trustworthy,selected_suspicious,requested_trustworthy,requested_suspicious,gate_fallback,fallback_slots,selected_suspicious_fraction
GP_Matern52_PI,Acquisition Ablation,0,0,5,150,1,3,3,0.0,2370341,247107.0,1.0,93.70319341923158,0.0,0.0,0.0,0.0,0.0,1.0123451313576954,0.0,0.0,0.0,initial,247107.0,247107.0,,,,,,,,0,,,0,3,,,False,,1.0
GP_Matern52_PI,Acquisition Ablation,0,1,5,150,1,8,5,45710.0,1041565,201397.0,0.8150194045494462,99.1430826732962,1.0,0.0,0.125,5713.75,45710.0,1.0244301206542628,0.00011737499880837277,0.008220624997193227,0.0083379999960016,constant_target_fallback,247107.0,247107.0,8794.15225607335,1574.217,0.0,0.8138185086950146,3.9690805000534337,0.9332,1.0,15000,3347.0,11653.0,2,3,,,False,,0.6
GP_Matern52_PI,Acquisition Ablation,0,2,5,150,1,13,5,65281.0,871546,181826.0,0.7358188962676088,99.64885435126234,1.0,0.0,0.46153846153846156,20813.923076923078,65281.0,0.37172356385225963,0.018211040998721728,0.008198499999707565,0.03474754099443089,ok,247107.0,247107.0,10510.737809834724,3285.5524311535796,0.3481575328432913,1.819807348767927,4.898176703900038,0.8036,1.6373739811896089,15000,3369.0,11631.0,5,0,,,False,,0.0
GP_Matern52_PI,Acquisition Ablation,0,3,5,150,1,18,5,113242.0,793496,133865.0,0.5417288866766219,99.95487752189251,1.0,1.0,0.5555555555555556,38858.61111111111,113242.0,0.3678003354209559,0.013667208000697428,0.009229208000760991,0.05764395699588931,ok,247107.0,247107.0,11378.34667450104,3453.1332765560733,0.3491229692638747,1.9469794125624444,5.943549157447333,0.787,1.679675190887379,15000,3358.0,11642.0,5,0,,,False,,0.0
GP_Matern52_PI,Acquisition Ablation,0,4,5,150,1,23,5,145900.0,785458,101207.0,0.4095675152869,99.99087060649987,1.0,1.0,0.6521739130434783,45783.95652173913,145900.0,0.32184084827134146,0.01476787499996135,0.010234542001853697,0.08264637399770436,ok,247107.0,247107.0,9351.157120148597,1755.1105592312813,0.4087717577444689,1.317149692698487,2.970586400818029,0.922,2.8731669935096975,15000,3346.0,11654.0,5,0,,,False,,0.0
GP_Matern52_PI,Acquisition Ablation,0,5,5,150,1,28,5,145900.0,785458,101207.0,0.4095675152869,99.99087060649987,1.0,1.0,0.6071428571428571,42111.42857142857,122848.0,0.2110686069791011,0.022219792001124006,0.01102362500023446,0.11588979099906282,ok,247107.0,247107.0,7608.198743547178,1431.5945569719604,0.41368722719080264,1.3171106810854225,2.749628713774699,0.9408,3.007351984789099,15000,3342.0,11658.0,5,0,,,False,,0.0
GP_Matern52_PI,Acquisition Ablation,0,6,5,150,1,33,5,146467.0,871632,100640.0,0.40727296272464963,99.99111646090292,1.0,1.0,0.6666666666666666,47944.606060606064,146467.0,0.5564253228016838,0.03004108300228836,0.012799584001186304,0.1587304580025375,ok,247107.0,247107.0,11063.082379778789,1745.7378011413566,0.40810536391191027,2.9061961563909144,3.0338102601020087,0.9978,6.129760284770471,15000,3397.0,11603.0,5,0,,,False,,0.0
GP_Matern52_PI,Acquisition Ablation,0,7,5,150,1,38,5,146467.0,871632,100640.0,0.40727296272464963,99.99111646090292,1.0,1.0,0.7105263157894737,51124.36842105263,91448.0,0.4092311028282813,0.053405041002406506,0.014579125003365334,0.22671462400830933,ok,247107.0,247107.0,12863.59593934792,2812.9789957343983,0.18133253727348161,3.073293201404408,4.292466906054027,0.9626,5.301935906019014,15000,3272.0,11728.0,5,0,,,False,,0.0
GP_Matern52_PI,Acquisition Ablation,0,8,5,150,1,43,5,146467.0,871632,100640.0,0.40727296272464963,99.99111646090292,1.0,1.0,0.7441860465116279,54731.6976744186,105567.0,0.5240699984317632,0.03436191599757876,0.014484084000287112,0.2755606240061752,ok,247107.0,247107.0,6207.1777686159985,1361.826468741335,0.41051917356118434,2.6791145581736173,3.042073586670481,0.993,7.069331044301888,15000,3411.0,11589.0,5,0,,,False,,0.0
GP_Matern52_PI,Acquisition Ablation,0,9,5,150,1,48,5,146467.0,871632,100640.0,0.40727296272464963,99.99111646090292,1.0,1.0,0.6875,51302.8125,109072.0,0.4559404517118101,0.07292033300109324,0.018589541999972425,0.36707049900724087,ok,247107.0,247107.0,10800.792104966253,2915.213807253994,0.18515868733486054,3.19844688261779,4.516230639907939,0.9588,5.512060132864943,15000,3363.0,11637.0,2,3,,,False,,0.6
GP_Matern52_PI,Acquisition Ablation,0,10,5,150,1,53,5,146467.0,871632,100640.0,0.40727296272464963,99.99111646090292,1.0,1.0,0.7169811320754716,52456.301886792455,101978.0,0.5170965623016124,0.06552237500000047,0.01775820799957728,0.4503510820068186,ok,247107.0,247107.0,5479.467597080872,1099.970028715802,0.3763897158822756,2.301017783042609,2.927854311021468,0.9898,6.436656346165683,15000,3363.0,11637.0,5,0,,,False,,0.0
GP_Matern52_PI,Acquisition Ablation,0,11,5,150,1,58,5,146467.0,871632,100640.0,0.40727296272464963,99.99111646090292,1.0,1.0,0.7413793103448276,54437.93103448276,119832.0,0.5847573630207697,0.06050045899974066,0.019621166997239925,0.5304727080037992,ok,247107.0,247107.0,5194.065592354151,1043.2041511161895,0.38043793947556476,2.241906575456049,2.9205701152495154,0.9876,6.422249161622558,15000,3340.0,11660.0,5,0,,,False,,0.0
GP_Matern52_PI,Acquisition Ablation,0,12,5,150,1,63,5,146467.0,871632,100640.0,0.40727296272464963,99.99111646090292,1.0,1.0,0.7142857142857143,51100.69841269841,37147.0,1.212783600715978,0.09768904099837528,0.02007570800196845,0.6482374570041429,ok,247107.0,247107.0,5444.3580922954825,1130.5541414657569,0.3794077413171631,2.2265364610315177,2.928976870424502,0.985,6.430037809715649,15000,3362.0,11638.0,2,3,,,False,,0.6
GP_Matern52_PI,Acquisition Ablation,0,13,5,150,1,68,5,146467.0,871632,100640.0,0.40727296272464963,99.99111646090292,1.0,1.0,0.6617647058823529,47343.294117647056,0.0,0.5950429653267048,0.06320791699909023,0.02378395800042199,0.7352293320036551,ok,247107.0,247107.0,5226.786860179292,979.1678210980233,0.40819149988017445,1.933918505937975,2.8231751600730126,0.9844,5.881854502574936,15000,3456.0,11544.0,1,4,,,False,,0.8
GP_Matern52_PI,Acquisition Ablation,0,14,5,150,1,73,5,146467.0,871632,100640.0,0.40727296272464963,99.99111646090292,1.0,1.0,0.684931506849315,48248.71232876712,107473.0,0.31307864063250646,0.09884195800259477,0.019765709002967924,0.8538369990092178,ok,247107.0,247107.0,5179.258586502139,971.1624241320318,0.41704741221876773,1.7595001436342066,2.747841804091087,0.9838,5.420810890303695,15000,3332.0,11668.0,5,0,,,False,,0.0
GP_Matern52_PI,Acquisition Ablation,0,15,5,150,1,78,5,146467.0,871632,100640.0,0.40727296272464963,99.99111646090292,1.0,1.0,0.7051282051282052,47795.94871794872,98223.0,0.51618446338106,0.1339388339983998,0.022883749999891734,1.0106595830075094,ok,247107.0,247107.0,5095.4441818462365,937.7736119357035,0.4188969614599173,1.7224058937693487,2.7352904245007834,0.981,5.322557843249737,15000,3284.0,11716.0,5,0,,,False,,0.0
GP_Matern52_PI,Acquisition Ablation,0,16,5,150,1,83,5,146467.0,871632,100640.0,0.40727296272464963,99.99111646090292,1.0,1.0,0.6746987951807228,46191.73493975904,105830.0,0.9766394999285465,0.12204387500241864,0.02637045800292981,1.1590739160128578,ok,247107.0,247107.0,5119.662589483016,945.2218887338285,0.41874141674801457,1.7082636824778008,2.7291015944020436,0.98,5.219597771212715,15000,3400.0,11600.0,2,3,,,False,,0.6
GP_Matern52_PI,Acquisition Ablation,0,17,5,150,1,88,5,146467.0,871632,100640.0,0.40727296272464963,99.99111646090292,1.0,1.0,0.6931818181818182,46601.681818181816,113633.0,0.4783105252751059,0.09789349999846308,0.023705708001216408,1.2806731240125373,ok,247107.0,247107.0,5136.669820902782,948.5225225901786,0.41921994766225046,1.6600174164560506,2.691330156252499,0.9794,4.973461921601485,15000,3404.0,11596.0,5,0,,,False,,0.0
GP_Matern52_PI,Acquisition Ablation,0,18,5,150,1,93,5,146467.0,871632,100640.0,0.40727296272464963,99.99111646090292,1.0,1.0,0.6666666666666666,44656.55913978495,52112.0,0.595052505306924,0.11450295900067431,0.024554166000598343,1.41973024901381,ok,247107.0,247107.0,5083.4188020024585,943.6225044175446,0.418420146388809,1.6842023066162437,2.7244044259464797,0.9712,4.833417071677699,15000,3303.0,11697.0,1,4,,,False,,0.8
GP_Matern52_PI,Acquisition Ablation,0,19,5,150,1,98,5,146467.0,871632,100640.0,0.40727296272464963,99.99111646090292,1.0,1.0,0.6326530612244898,42378.163265306124,0.0,0.5616843773316623,0.11827958299909369,0.025538999998389045,1.5635488320112927,ok,247107.0,247107.0,5102.559765768654,952.717533517223,0.41838568412710203,1.6136999096387425,2.719205293547357,0.9664,4.574150688569127,15000,3366.0,11634.0,0,5,,,False,,1.0
GP_Matern52_PI,Acquisition Ablation,0,20,5,150,1,103,5,146467.0,871632,100640.0,0.40727296272464963,99.99111646090292,1.0,1.0,0.6504854368932039,44439.36893203884,123017.0,0.4488336706468298,0.06985345799694187,0.027221583000937244,1.6606238730091718,ok,247107.0,247107.0,5122.904397193391,958.2371324325298,0.4186921270996224,1.5253808102417798,2.67225350825938,0.9656,4.298343112209723,15000,3397.0,11603.0,5,0,,,False,,0.0
GP_Matern52_PI,Acquisition Ablation,0,21,5,150,1,108,5,146467.0,871632,100640.0,0.40727296272464963,99.99111646090292,1.0,1.0,0.6666666666666666,47333.31481481482,117655.0,0.3239327099864012,0.10762541700023576,0.027007208998838905,1.7952564990082465,ok,247107.0,247107.0,4998.200102055139,952.4931245071757,0.4190300452739986,1.5125336115074783,2.6907792288102503,0.964,4.276660245482799,15000,3318.0,11682.0,5,0,,,False,,0.0
GP_Matern52_PI,Acquisition Ablation,0,22,5,150,1,113,5,146467.0,871632,100640.0,0.40727296272464963,99.99111646090292,1.0,1.0,0.6460176991150443,46067.03539823009,93577.0,0.6402704634026395,0.1711949589989672,0.027056292001361726,1.9935077500085754,ok,247107.0,247107.0,4926.1181300840535,926.0549132115412,0.4198136804016317,1.5142339787409336,2.7145139236678557,0.9608,4.288320345170349,15000,3386.0,11614.0,3,2,,,False,,0.4
GP_Matern52_PI,Acquisition Ablation,0,23,5,150,1,118,5,218507.0,690183,28600.0,0.11573933559146443,99.99947551060681,1.0,1.0,0.6610169491525424,49084.16949152543,218507.0,0.38209596343860025,0.1673647079987859,0.02802766699824133,2.1889001250056026,ok,247107.0,247107.0,6527.826060311928,1226.281163034956,0.3782995672883548,2.0471035174576833,2.8532199760883294,0.967,4.886115291907558,15000,3325.0,11675.0,5,0,,,False,,0.0
GP_Matern52_PI,Acquisition Ablation,0,24,5,150,1,123,5,218507.0,690183,28600.0,0.11573933559146443,99.99947551060681,1.0,1.0,0.6666666666666666,48659.37398373984,90581.0,0.5947613307880244,0.1764849579994916,0.028500000000349246,2.3938850830054434,ok,247107.0,247107.0,5591.143409922703,1164.673317035215,0.3657594130227046,2.003459432506895,2.8597395330923443,0.9608,4.716077341456055,15000,3417.0,11583.0,4,1,,,False,,0.2
GP_Matern52_PI,Acquisition Ablation,0,25,5,150,1,128,5,218507.0,690183,28600.0,0.11573933559146443,99.99947551060681,1.0,1.0,0.6796875,48804.6953125,94059.0,0.31576229584481674,0.1869005830012611,0.03109754199977033,2.611883208006475,ok,247107.0,247107.0,5262.660823577942,1089.0183580261846,0.4070073090432699,2.1607774071390717,2.7914598612007393,0.972,4.526465387533739,15000,3291.0,11709.0,5,0,,,False,,0.0
GP_Matern52_PI,Acquisition Ablation,0,26,5,150,1,133,5,218507.0,690183,28600.0,0.11573933559146443,99.99947551060681,1.0,1.0,0.6917293233082706,48866.827067669175,115967.0,0.47051846742019565,0.31600362500103074,0.03251362500304822,2.960400458010554,ok,247107.0,247107.0,4925.117328142465,986.4872758317115,0.3874304358632781,1.815919996486538,2.8740529514289985,0.9616,4.719303750586629,15000,3366.0,11634.0,5,0,,,False,,0.0
GP_Matern52_PI,Acquisition Ablation,0,27,5,150,1,138,5,218507.0,690183,28600.0,0.11573933559146443,99.99947551060681,1.0,1.0,0.6811594202898551,48681.362318840576,109632.0,0.8926245647255202,0.20278754200262483,0.03298433300005854,3.196172333013237,ok,247107.0,247107.0,4918.261069220449,975.02979193254,0.3908764235837916,1.75323699647668,2.866239446288733,0.9594,4.651454951741852,15000,3283.0,11717.0,3,2,,,False,,0.4
GP_Matern52_PI,Acquisition Ablation,0,28,5,150,1,143,5,218507.0,690183,28600.0,0.11573933559146443,99.99947551060681,1.0,1.0,0.6923076923076923,50151.55244755245,128821.0,0.389470281444279,0.2667584580012772,0.029607250002300134,3.4925380410168145,ok,247107.0,247107.0,4750.692297204311,917.4943132328417,0.4180058562819299,1.4549943534557441,2.72157635722592,0.9628,4.256638667031992,15000,3320.0,11680.0,5,0,,,False,,0.0
GP_Matern52_PI,Acquisition Ablation,0,29,5,150,1,148,5,218507.0,690183,28600.0,0.11573933559146443,99.99947551060681,1.0,1.0,0.6824324324324325,50208.37162162162,140057.0,0.9079265117753843,0.29152404100022977,0.031511124998360174,3.8155732070154045,ok,247107.0,247107.0,4948.818388822755,962.4262517963584,0.4037140818238211,1.5373995706385326,2.836831854511224,0.9602,4.540152622099643,15000,3388.0,11612.0,3,2,,,False,,0.4
GP_Matern52_PI,Acquisition Ablation,0,30,5,150,1,150,2,218507.0,690183,28600.0,0.11573933559146443,99.99947551060681,1.0,1.0,0.6866666666666666,50689.09333333333,168681.0,0.4040568436152546,0.25841508400117164,0.02779191700028605,4.101780208016862,ok,247107.0,247107.0,6252.997768534635,1159.110086447267,0.413254782818155,1.5589375668800176,2.7170588695356344,0.9714,4.573511508324419,15000,3338.0,11662.0,2,0,,,False,,0.0
GP_Matern52_PI,Acquisition Ablation,1,0,5,150,1,3,3,0.0,6047398,247107.0,1.0,93.70319341923158,0.0,0.0,0.0,0.0,0.0,1.0430113993225636,0.0,0.0,0.0,initial,247107.0,247107.0,,,,,,,,0,,,1,2,,,False,,0.6666666666666666
GP_Matern52_PI,Acquisition Ablation,1,1,5,150,1,8,5,0.0,6047398,247107.0,1.0,93.70319341923158,0.0,0.0,0.0,0.0,0.0,0.8144655897070585,6.404200030374341e-05,0.006899542000610381,0.006963584000914125,constant_target_fallback,247107.0,247107.0,7917.9183090633105,1413.8866,0.0,0.7939908874887035,3.8456615956198963,0.935,1.0,15000,3400.0,11600.0,1,4,,,False,,0.8
GP_Matern52_PI,Acquisition Ablation,1,2,5,150,1,13,5,0.0,6047398,247107.0,1.0,93.70319341923158,0.0,0.0,0.0,0.0,0.0,0.8426081566467625,4.170800093561411e-05,0.00682904100176529,0.01383433300361503,constant_target_fallback,247107.0,247107.0,7917.9183090633105,1413.8866,0.0,0.7939908874887035,3.8456615956198963,0.935,1.0,15000,3414.0,11586.0,2,3,,,False,,0.6
GP_Matern52_PI,Acquisition Ablation,1,3,5,150,1,18,5,0.0,6047398,247107.0,1.0,93.70319341923158,0.0,0.0,0.0,0.0,0.0,0.9923745909438264,3.954100247938186e-05,0.006335499998385785,0.020209374004480196,constant_target_fallback,247107.0,247107.0,7917.9183090633105,1413.8866,0.0,0.7939908874887035,3.8456615956198963,0.935,1.0,15000,3396.0,11604.0,0,5,,,False,,1.0
GP_Matern52_PI,Acquisition Ablation,1,4,5,150,1,23,5,1270.0,2010331,245837.0,0.9948605260069524,93.85083718341328,0.0,0.0,0.043478260869565216,55.21739130434783,1270.0,0.9347573518138882,4.9167003453476354e-05,0.005675167001754744,0.025933708009688416,constant_target_fallback,247107.0,247107.0,7917.9183090633105,1413.8866,0.0,0.7939908874887035,3.8456615956198963,0.935,1.0,15000,3383.0,11617.0,1,4,,,False,,0.8
GP_Matern52_PI,Acquisition Ablation,1,5,5,150,1,28,5,1270.0,2010331,245837.0,0.9948605260069524,93.85083718341328,0.0,0.0,0.03571428571428571,45.357142857142854,0.0,0.6235306559495525,0.009159416000329657,0.011841833002108615,0.04693495701212669,ok,247107.0,247107.0,7916.08282514429,1452.0516540959188,0.024952180998970737,0.9587957010741004,206.32881558297282,0.9022,0.6988340268394583,15000,3278.0,11722.0,3,2,,,False,,0.4
GP_Matern52_PI,Acquisition Ablation,1,6,5,150,1,33,5,11920.0,1822531,235187.0,0.9517617874038372,96.81430059667224,0.0,0.0,0.09090909090909091,577.7878787878788,11920.0,0.6163414591022408,0.029371332999289734,0.011670332998619415,0.08797662301003584,ok,247107.0,247107.0,7917.6598660470545,1414.3720655824404,0.06974064205528156,0.8589978524934632,3.0727436356921425,0.93,1.2976511585898942,15000,3329.0,11671.0,2,3,,,False,,0.6
GP_Matern52_PI,Acquisition Ablation,1,7,5,150,1,38,5,11920.0,1822531,235187.0,0.9517617874038372,96.81430059667224,0.0,0.0,0.10526315789473684,641.6052631578947,5314.0,1.4210544238039737,0.008548292000341462,0.012560458002553787,0.10908537301293109,ok,247107.0,247107.0,7917.71359260439,1414.8843891827823,0.044828399863767396,1.0936347349255149,2.2727629070051654,0.935,2.4324034126771874,15000,3416.0,11584.0,1,4,,,False,,0.8
GP_Matern52_PI,Acquisition Ablation,1,8,5,150,1,43,5,12944.0,1899685,234163.0,0.9476178335700729,96.97928529141613,0.0,0.0,0.20930232558139536,1444.1860465116279,12944.0,0.5835398822211018,0.03664387500248267,0.019428457999310922,0.16515770601472468,ok,247107.0,247107.0,7876.758114976774,1380.6920176043052,0.3327258880776468,0.8189102997681315,2.4545216768551583,0.919,1.4569715568741002,15000,3296.0,11704.0,5,0,,,False,,0.0
GP_Matern52_PI,Acquisition Ablation,1,9,5,150,1,48,5,19435.0,1986666,227672.0,0.9213498605867094,97.76987110017551,0.0,0.0,0.2916666666666667,2992.6041666666665,19435.0,0.43178058306611156,0.048303542000212474,0.014870708997477777,0.22833195701241493,ok,247107.0,247107.0,7859.816941581515,1369.5009840754312,0.3330052383551806,0.8951842169432587,2.4457632648951737,0.918,1.6682745857410954,15000,3268.0,11732.0,5,0,,,False,,0.0
GP_Matern52_PI,Acquisition Ablation,1,10,5,150,1,53,5,26671.0,1819338,220436.0,0.8920669993160858,98.28918116060325,0.0,0.0,0.3584905660377358,4369.509433962264,26671.0,0.5058869410589898,0.03390679199947044,0.016499999997904524,0.2787387490097899,ok,247107.0,247107.0,7770.6549119864785,1471.3493573278677,0.34406337371181994,1.154595127201808,6.865123592140245,0.887,1.682552287185468,15000,3368.0,11632.0,5,0,,,False,,0.0
GP_Matern52_PI,Acquisition Ablation,1,11,5,150,1,58,5,26671.0,1819338,220436.0,0.8920669993160858,98.28918116060325,0.0,0.0,0.41379310344827586,5493.241379310345,20300.0,0.5357726570682158,0.042221957999572624,0.016226125000684988,0.3371868320100475,ok,247107.0,247107.0,7778.763922652221,1335.1688812594075,0.34253033305771435,0.9865647493947166,2.4308500725303293,0.9274,1.9958984905663488,15000,3316.0,11684.0,5,0,,,False,,0.0
GP_Matern52_PI,Acquisition Ablation,1,12,5,150,1,63,5,50500.0,1642693,196607.0,0.7956350892528338,99.32914528552875,1.0,0.0,0.4603174603174603,7628.0,50500.0,0.45672404487583174,0.0350408750018687,0.01787704099842813,0.39010474801034434,ok,247107.0,247107.0,7739.29556596562,1327.2586843359065,0.34558563517724883,1.0007153687389776,2.51118454883512,0.9222,2.0007596222890816,15000,3351.0,11649.0,5,0,,,False,,0.0
GP_Matern52_PI,Acquisition Ablation,1,13,5,150,1,68,5,50500.0,1642693,196607.0,0.7956350892528338,99.32914528552875,1.0,0.0,0.5,9762.176470588236,50468.0,0.37699835048760044,0.03921529199942597,0.017745375000231434,0.44706541501000174,ok,247107.0,247107.0,7338.672982348937,1266.8780554709926,0.37202175643016233,1.0525919807688173,2.45796943756209,0.9344,2.209707685039308,15000,3375.0,11625.0,5,0,,,False,,0.0
GP_Matern52_PI,Acquisition Ablation,1,14,5,150,1,73,5,71327.0,1569635,175780.0,0.7113517625967698,99.71033434231981,1.0,0.0,0.5342465753424658,11772.109589041096,71327.0,0.4281270787490997,0.056935708002129104,0.018263917001604568,0.5222650400137354,ok,247107.0,247107.0,7300.6277611492105,1226.4887132139966,0.36842771425503695,1.035539270718387,2.5042959155830284,0.9198,2.0782426722153318,15000,3401.0,11599.0,5,0,,,False,,0.0
GP_Matern52_PI,Acquisition Ablation,1,15,5,150,1,78,5,71327.0,1569635,175780.0,0.7113517625967698,99.71033434231981,1.0,0.0,0.5641025641025641,13748.73076923077,54783.0,0.578207386263281,0.08243608299744665,0.020104709001316223,0.6248058320124983,ok,247107.0,247107.0,7239.527395476501,1206.613383211853,0.35924400456017286,1.1006709131924028,2.5451596165872843,0.9224,2.2512685515412145,15000,3299.0,11701.0,5,0,,,False,,0.0
GP_Matern52_PI,Acquisition Ablation,1,16,5,150,1,83,5,71327.0,1569635,175780.0,0.7113517625967698,99.71033434231981,1.0,0.0,0.5903614457831325,16026.096385542169,65800.0,0.34964642583597955,0.11590112499834504,0.020758582999405917,0.7614655400102492,ok,247107.0,247107.0,7158.600948445464,1192.38413253346,0.3666346269237654,1.1145453563260883,2.571480979286068,0.9244,2.2711266553177345,15000,3334.0,11666.0,5,0,,,False,,0.0
GP_Matern52_PI,Acquisition Ablation,1,17,5,150,1,88,5,71327.0,1569635,175780.0,0.7113517625967698,99.71033434231981,1.0,0.0,0.6022727272727273,17633.147727272728,71240.0,0.5072658749513912,0.08097870799974771,0.01988804199936567,0.8623322900093626,ok,247107.0,247107.0,7058.680182584185,1171.033920826544,0.3688887170183646,1.1427803554152818,2.6238234222297057,0.924,2.327040708944643,15000,3326.0,11674.0,4,1,,,False,,0.2
GP_Matern52_PI,Acquisition Ablation,1,18,5,150,1,93,5,71327.0,1569635,175780.0,0.7113517625967698,99.71033434231981,1.0,0.0,0.5806451612903226,17283.870967741936,55683.0,0.8096590498955699,0.08559095799864735,0.020778791997145163,0.9687020400051551,ok,247107.0,247107.0,7195.165857410549,1179.901549766771,0.3701670582978309,1.1756277672623472,2.537769132702069,0.9378,2.7476327887266785,15000,3379.0,11621.0,2,3,,,False,,0.6
GP_Matern52_PI,Acquisition Ablation,1,19,5,150,1,98,5,71327.0,1569635,175780.0,0.7113517625967698,99.71033434231981,1.0,0.0,0.6020408163265306,18178.663265306124,69478.0,0.3798649040485175,0.12818066700128838,0.021802667000883957,1.1186853740073275,ok,247107.0,247107.0,7195.7793683476,1177.491297065869,0.3798611842166876,1.0932428713428934,2.536020782117466,0.9358,2.6464930359130006,15000,3312.0,11688.0,5,0,,,False,,0.0
GP_Matern52_PI,Acquisition Ablation,1,20,5,150,1,103,5,71327.0,1569635,175780.0,0.7113517625967698,99.71033434231981,1.0,0.0,0.6213592233009708,20186.44660194175,68526.0,0.3083467384522246,0.10473999999885564,0.02256708300046739,1.2459924570066505,ok,247107.0,247107.0,7190.570351948144,1163.0372966118143,0.3759027552308299,1.0903831817797522,2.3752138592421685,0.9486,2.8709741378458022,15000,3318.0,11682.0,5,0,,,False,,0.0
GP_Matern52_PI,Acquisition Ablation,1,21,5,150,1,108,5,81410.0,1656045,165697.0,0.6705475765559049,99.78666393932181,1.0,0.0,0.6388888888888888,21657.824074074073,81410.0,0.6118940388964627,0.0914526670021587,0.022815707998233847,1.360260832007043,ok,247107.0,247107.0,7122.326167464044,1149.4202828983482,0.37839087147404504,1.0970719609463802,2.3893077465319825,0.948,2.910760980392086,15000,3291.0,11709.0,5,0,,,False,,0.0
GP_Matern52_PI,Acquisition Ablation,1,22,5,150,1,113,5,81410.0,1656045,165697.0,0.6705475765559049,99.78666393932181,1.0,0.0,0.6371681415929203,22014.929203539825,50492.0,0.6939267143911779,0.13705133300027228,0.024550624999392312,1.5218627900067077,ok,247107.0,247107.0,7075.010483088031,1139.977205203597,0.3802393863525556,1.098764445559141,2.403967673668701,0.946,2.921098186611137,15000,3279.0,11721.0,3,2,,,False,,0.4
GP_Matern52_PI,Acquisition Ablation,1,23,5,150,1,118,5,81410.0,1656045,165697.0,0.6705475765559049,99.78666393932181,1.0,0.0,0.652542372881356,23267.63559322034,65642.0,0.46121746067509745,0.10230883300027926,0.0264216249997844,1.6505932480067713,ok,247107.0,247107.0,7012.680683007703,1126.3014460422055,0.38287705239515796,1.0898858053817164,2.456785062864986,0.941,2.8476118606317447,15000,3320.0,11680.0,5,0,,,False,,0.0
GP_Matern52_PI,Acquisition Ablation,1,24,5,150,1,123,5,81410.0,1656045,165697.0,0.6705475765559049,99.78666393932181,1.0,0.0,0.6585365853658537,24224.016260162603,69242.0,0.6893314308871084,0.10981004199857125,0.025498041999526322,1.785901332004869,ok,247107.0,247107.0,6878.846149803922,1103.999152713974,0.3955477140967003,1.080706279537025,2.46256184054921,0.9426,2.842039763251032,15000,3314.0,11686.0,4,1,,,False,,0.2
GP_Matern52_PI,Acquisition Ablation,1,25,5,150,1,128,5,81410.0,1656045,165697.0,0.6705475765559049,99.78666393932181,1.0,0.0,0.65625,24667.1328125,69641.0,0.9835529241067205,0.09287274999951478,0.028048042000591522,1.9068221240049752,ok,247107.0,247107.0,6872.437672881508,1099.14079379431,0.3999538841896468,1.0431114174722345,2.4476317097465587,0.9426,2.804772487151891,15000,3284.0,11716.0,3,2,,,False,,0.4
GP_Matern52_PI,Acquisition Ablation,1,26,5,150,1,133,5,81410.0,1656045,165697.0,0.6705475765559049,99.78666393932181,1.0,0.0,0.6691729323308271,25806.0977443609,73022.0,0.4184396251182466,0.24921545899997,0.030354708000231767,2.186392291005177,ok,247107.0,247107.0,6874.610814524961,1100.5370216431743,0.40322627472764644,1.0089303117570492,2.443915645311056,0.9402,2.6984923448104854,15000,3350.0,11650.0,5,0,,,False,,0.0
GP_Matern52_PI,Acquisition Ablation,1,27,5,150,1,138,5,81410.0,1656045,165697.0,0.6705475765559049,99.78666393932181,1.0,0.0,0.6811594202898551,26695.956521739132,80110.0,0.3215588962602663,0.3698692910002137,0.029316291002032813,2.5855778730074235,ok,247107.0,247107.0,6749.735776277975,1071.9251155353402,0.4089622250745287,1.0061527783054753,2.448088921669606,0.9432,2.7321545482008083,15000,3368.0,11632.0,5,0,,,False,,0.0
GP_Matern52_PI,Acquisition Ablation,1,28,5,150,1,143,5,145018.0,1121335,102089.0,0.4131368192726228,99.990264165639,1.0,1.0,0.6923076923076923,28647.18181818182,145018.0,0.2449518589848664,0.2784763329982525,0.02984183299849974,2.8938960390041757,ok,247107.0,247107.0,6747.440312579723,1068.0430767981202,0.40833999098549334,1.0052529302350892,2.4854534703344706,0.941,2.7062128488953303,15000,3479.0,11521.0,5,0,,,False,,0.0
GP_Matern52_PI,Acquisition Ablation,1,29,5,150,1,148,5,150909.0,1035389,96198.0,0.38929694423873057,99.99229656203758,1.0,1.0,0.7027027027027027,30905.202702702703,150909.0,0.6478089048864764,0.18427704199712025,0.030122375002974877,3.108295456004271,ok,247107.0,247107.0,5913.668239978078,922.246194251436,0.4160971436189145,0.999201669951398,2.505683629247637,0.9496,2.78329957664298,15000,3353.0,11647.0,5,0,,,False,,0.0
GP_Matern52_PI,Acquisition Ablation,1,30,5,150,1,150,2,150909.0,1035389,96198.0,0.38929694423873057,99.99229656203758,1.0,1.0,0.7066666666666667,32025.226666666666,115714.0,0.2603089913450104,0.3383828750011162,0.027837625002575805,3.474515956007963,ok,247107.0,247107.0,5951.8309116282035,953.3565746461439,0.417138574257252,1.0011343198978102,2.4765911345164406,0.9472,2.7992526527480184,15000,3382.0,11618.0,2,0,,,False,,0.0
GP_Matern52_PI,Acquisition Ablation,2,0,5,150,1,3,3,0.0,2729609,247107.0,1.0,93.70319341923158,0.0,0.0,0.0,0.0,0.0,0.47049671902245843,0.0,0.0,0.0,initial,247107.0,247107.0,,,,,,,,0,,,0,3,,,False,,1.0
GP_Matern52_PI,Acquisition Ablation,2,1,5,150,1,8,5,17589.0,1471759,229518.0,0.9288203086112494,97.57458075268161,0.0,0.0,0.125,2198.625,17589.0,1.1237339199544876,7.691700011491776e-05,0.009098833997995825,0.009175750998110743,constant_target_fallback,247107.0,247107.0,7992.336081909969,1363.7274,0.0,0.8102606103318564,3.884107341202348,0.9316,1.0,15000,3295.0,11705.0,2,3,,,False,,0.6
GP_Matern52_PI,Acquisition Ablation,2,2,5,150,1,13,5,17589.0,1471759,229518.0,0.9288203086112494,97.57458075268161,0.0,0.0,0.15384615384615385,1583.5384615384614,2997.0,0.5540735955465906,0.014533792000293033,0.009904292001010617,0.033613834999414394,ok,247107.0,247107.0,9071.56814416923,2683.061795921886,0.0142738497770888,2.3926834321658736,53.03578952648891,0.7162,1.751744841201201,15000,3412.0,11588.0,2,3,,,False,,0.6
GP_Matern52_PI,Acquisition Ablation,2,3,5,150,1,18,5,65510.0,1035121,181597.0,0.7348921722168938,99.6515751399895,1.0,0.0,0.2222222222222222,6488.833333333333,65510.0,0.4026137871472696,0.013470083998981863,0.011831333002191968,0.058915252000588225,ok,247107.0,247107.0,8675.475831351601,2049.726338693145,-0.025525598001258133,1.4517355830040726,36.77299684157133,0.8854,1.8344056571385765,15000,3327.0,11673.0,3,2,,,False,,0.4
GP_Matern52_PI,Acquisition Ablation,2,4,5,150,1,23,5,65510.0,1035121,181597.0,0.7348921722168938,99.6515751399895,1.0,0.0,0.2608695652173913,6939.826086956522,31909.0,0.3765867326489712,0.02497820799908368,0.013009207999857608,0.09690266799952951,ok,247107.0,247107.0,8012.673929387186,1399.2087070161622,-0.005931971476844559,1.5818883880123837,2.7475095261642264,0.9514,3.3677827605797974,15000,3318.0,11682.0,2,3,,,False,,0.6
GP_Matern52_PI,Acquisition Ablation,2,5,5,150,1,28,5,65510.0,1035121,181597.0,0.7348921722168938,99.6515751399895,1.0,0.0,0.39285714285714285,10479.5,40939.0,0.36527717420543776,0.018657165997865377,0.013209374999860302,0.1287692089972552,ok,247107.0,247107.0,7944.683320381551,1368.2881470804423,-0.016126464624214538,1.7188402655928905,2.559961513574448,0.9652,3.503949838277485,15000,3366.0,11634.0,5,0,,,False,,0.0
GP_Matern52_PI,Acquisition Ablation,2,6,5,150,1,33,5,113396.0,949464,133711.0,0.5411056748695909,99.95525449864387,1.0,1.0,0.42424242424242425,17531.21212121212,113396.0,0.4899182964392773,0.053289833002054365,0.01730370899895206,0.19936275099826162,ok,247107.0,247107.0,6729.114528039284,1233.9772930379836,0.2909674878686958,1.518465364752678,3.209197131319563,0.9234,3.0786146860965835,15000,3350.0,11650.0,3,2,,,False,,0.4
GP_Matern52_PI,Acquisition Ablation,2,7,5,150,1,38,5,113396.0,949464,133711.0,0.5411056748695909,99.95525449864387,1.0,1.0,0.5,25285.684210526317,107543.0,0.499031269019701,0.03995816599854152,0.014151374998618849,0.253472291995422,ok,247107.0,247107.0,11940.645584070175,1612.6833129360627,0.25474144562446854,1.6655264136663988,2.6089047725074703,0.9794,4.026333585839841,15000,3339.0,11661.0,5,0,,,False,,0.0
GP_Matern52_PI,Acquisition Ablation,2,8,5,150,1,43,5,113396.0,949464,133711.0,0.5411056748695909,99.95525449864387,1.0,1.0,0.5581395348837209,29600.79069767442,96410.0,0.4957409997671506,0.025628125000366708,0.01844837499811547,0.29754879199390416,ok,247107.0,247107.0,7023.929320996526,1194.9529862639401,0.2688814481181173,1.8141657557160655,2.6716099608057804,0.9826,4.287063825525748,15000,3336.0,11664.0,5,0,,,False,,0.0
GP_Matern52_PI,Acquisition Ablation,2,9,5,150,1,48,5,113396.0,949464,133711.0,0.5411056748695909,99.95525449864387,1.0,1.0,0.6041666666666666,36594.479166666664,109841.0,0.3774414267974018,0.06830537499990896,0.016864083001564723,0.38271824999537785,ok,247107.0,247107.0,6746.249438980935,1163.3187794362766,0.24210113467264902,1.8759818096009977,2.7217345797466312,0.977,4.391676910754211,15000,3339.0,11661.0,5,0,,,False,,0.0
GP_Matern52_PI,Acquisition Ablation,2,10,5,150,1,53,5,113396.0,949464,133711.0,0.5411056748695909,99.95525449864387,1.0,1.0,0.6415094339622641,38186.41509433962,100286.0,0.49828273182756355,0.04300816599788959,0.0228936249986873,0.44862004099195474,ok,247107.0,247107.0,6667.811537566609,1161.2360494917025,0.22848116565102525,1.9382651521404493,2.7738040159490045,0.9746,4.533029780888936,15000,3324.0,11676.0,5,0,,,False,,0.0
GP_Matern52_PI,Acquisition Ablation,2,11,5,150,1,58,5,120556.0,1122851,126551.0,0.5121303726725669,99.97075971632992,1.0,1.0,0.6724137931034483,42729.879310344826,120556.0,0.39524176731033933,0.03897054199842387,0.017520249999506632,0.5051108329898852,ok,247107.0,247107.0,6439.346398570543,1138.6476294653266,0.22161052765299316,2.0492645378447394,2.8980953917488472,0.9752,4.674976340319053,15000,3210.0,11790.0,5,0,,,False,,0.0
GP_Matern52_PI,Acquisition Ablation,2,12,5,150,1,63,5,120556.0,1122851,126551.0,0.5121303726725669,99.97075971632992,1.0,1.0,0.6190476190476191,39338.619047619046,0.0,0.47701899190398,0.05791766699985601,0.018623374999151565,0.5816518749888928,ok,247107.0,247107.0,6312.3819690825985,1115.0929083457377,0.25016020210044004,2.0189290252325276,2.8683217457655448,0.9754,4.765506226277473,15000,3352.0,11648.0,0,5,,,False,,1.0
GP_Matern52_PI,Acquisition Ablation,2,13,5,150,1,68,5,120556.0,1122851,126551.0,0.5121303726725669,99.97075971632992,1.0,1.0,0.5735294117647058,36446.07352941176,0.0,0.5164320399966472,0.050735208998958115,0.028503249999630498,0.6608903339874814,ok,247107.0,247107.0,6322.579406672712,1060.3232611311537,0.2867169821468661,1.765621436867978,2.784243989841907,0.9748,4.397538991407068,15000,3414.0,11586.0,4,1,,,False,,0.2
GP_Matern52_PI,Acquisition Ablation,2,14,5,150,1,73,5,120556.0,1122851,126551.0,0.5121303726725669,99.97075971632992,1.0,1.0,0.6027397260273972,37822.356164383564,70961.0,0.4528408977526787,0.07082145800086437,0.02277874999708729,0.7544905419854331,ok,247107.0,247107.0,6333.562467428268,1051.2400388382976,0.3026163885781335,1.6345748874627852,2.729995979694743,0.9734,4.083221017344815,15000,3320.0,11680.0,5,0,,,False,,0.0
GP_Matern52_PI,Acquisition Ablation,2,15,5,150,1,78,5,120556.0,1122851,126551.0,0.5121303726725669,99.97075971632992,1.0,1.0,0.6025641025641025,38997.6282051282,112419.0,1.1441536792518734,0.07768033300089883,0.020525791998807108,0.852696666985139,ok,247107.0,247107.0,6362.395163178992,1058.5789934985366,0.3003124569634776,1.639701040915777,2.726405049612245,0.9712,4.148279228673217,15000,3399.0,11601.0,4,1,,,False,,0.2
GP_Matern52_PI,Acquisition Ablation,2,16,5,150,1,83,5,151964.0,1036145,95143.0,0.38502753867757694,99.9927882708437,1.0,1.0,0.6265060240963856,43557.75903614458,151964.0,0.3229548484966772,0.09101870900121867,0.02537954099898343,0.9690949169853411,ok,247107.0,247107.0,6354.758146583628,1044.6888942133467,0.32085124286681227,1.502664587524343,2.6877511925763726,0.9688,4.049473086585502,15000,3410.0,11590.0,5,0,,,False,,0.0
GP_Matern52_PI,Acquisition Ablation,2,17,5,150,1,88,5,151964.0,1036145,95143.0,0.38502753867757694,99.9927882708437,1.0,1.0,0.5909090909090909,41082.88636363636,0.0,1.1866142148522223,0.1056450420001056,0.021499709000636358,1.096239667986083,ok,247107.0,247107.0,6381.909944876231,1049.0942053822737,0.3198784735590724,1.5092902773611505,2.702900154833184,0.9674,4.108718683726476,15000,3321.0,11679.0,0,5,,,False,,1.0
GP_Matern52_PI,Acquisition Ablation,2,18,5,150,1,93,5,151964.0,1036145,95143.0,0.38502753867757694,99.9927882708437,1.0,1.0,0.5591397849462365,38874.12903225807,0.0,0.43644754329224983,0.13702674999876763,0.023907333001261577,1.2571737509861123,ok,247107.0,247107.0,6396.285378905487,1045.2865993244768,0.3404161285387452,1.3177926915215257,2.617990269169043,0.9646,3.7959392453573395,15000,3360.0,11640.0,0,5,,,False,,1.0
GP_Matern52_PI,Acquisition Ablation,2,19,5,150,1,98,5,151964.0,1036145,95143.0,0.38502753867757694,99.9927882708437,1.0,1.0,0.5510204081632653,39095.897959183676,109648.0,1.2385806209636345,0.09967204200074775,0.022562709000339964,1.3794085019872,ok,247107.0,247107.0,6398.604733887553,1044.1821146945895,0.353908635991863,1.2122680814363178,2.56131860312871,0.9622,3.5333959350021766,15000,3240.0,11760.0,2,3,,,False,,0.6
GP_Matern52_PI,Acquisition Ablation,2,20,5,150,1,103,5,151964.0,1036145,95143.0,0.38502753867757694,99.9927882708437,1.0,1.0,0.5631067961165048,39332.23300970874,62861.0,0.7783366649606502,0.11662675000115996,0.022490084000310162,1.5185253359886701,ok,247107.0,247107.0,6390.754068320531,1041.4551462283746,0.3602441116990188,1.1681489620288354,2.5425286117615085,0.9612,3.4187293767223768,15000,3258.0,11742.0,4,1,,,False,,0.2
GP_Matern52_PI,Acquisition Ablation,2,21,5,150,1,108,5,151964.0,1036145,95143.0,0.38502753867757694,99.9927882708437,1.0,1.0,0.5833333333333334,41014.98148148148,147117.0,0.5392044935515704,0.08609720899767126,0.02332304200172075,1.6279455869880621,ok,247107.0,247107.0,6346.85663674327,1035.1992194878712,0.3714236392706512,1.1396548007398168,2.534190398334232,0.9618,3.3764814590761687,15000,3362.0,11638.0,5,0,,,False,,0.0
GP_Matern52_PI,Acquisition Ablation,2,22,5,150,1,113,5,151964.0,1036145,95143.0,0.38502753867757694,99.9927882708437,1.0,1.0,0.6017699115044248,39578.566371681416,11611.0,0.5684166022274253,0.1179895419991226,0.02323154199984856,1.7691666709870333,ok,247107.0,247107.0,6167.726134464986,985.0427574276093,0.37914965724878963,1.1531080972819707,2.5522367312898977,0.9608,3.3879093658859856,15000,3332.0,11668.0,5,0,,,False,,0.0
GP_Matern52_PI,Acquisition Ablation,2,23,5,150,1,118,5,151964.0,1036145,95143.0,0.38502753867757694,99.9927882708437,1.0,1.0,0.5932203389830508,39698.872881355936,109127.0,0.918560634656626,0.11208049999913783,0.025286708001658553,1.9065338789878297,ok,247107.0,247107.0,6176.295093368814,984.5347511773292,0.37968883009552656,1.1604289748933145,2.6029968278529974,0.9538,3.3356141757473625,15000,3341.0,11659.0,2,3,,,False,,0.6
GP_Matern52_PI,Acquisition Ablation,2,24,5,150,1,123,5,151964.0,1036145,95143.0,0.38502753867757694,99.9927882708437,1.0,1.0,0.5934959349593496,40164.365853658535,107841.0,0.8166369661831698,0.0931952499995532,0.02659454199965694,2.02632367098704,ok,247107.0,247107.0,6162.913889827757,983.3686536231932,0.38170767932911737,1.141164133712666,2.5880616422393885,0.9534,3.2341277406717213,15000,3369.0,11631.0,3,2,,,False,,0.4
GP_Matern52_PI,Acquisition Ablation,2,25,5,150,1,128,5,151964.0,1036145,95143.0,0.38502753867757694,99.9927882708437,1.0,1.0,0.609375,42735.9140625,121744.0,0.33882125502349847,0.14285541600111173,0.02650174999871524,2.195680836986867,ok,247107.0,247107.0,6148.179892153704,977.5869984835856,0.3893255466716195,1.0724526351803907,2.5569656210295375,0.9514,3.0641228427249865,15000,3335.0,11665.0,5,0,,,False,,0.0
GP_Matern52_PI,Acquisition Ablation,2,26,5,150,1,133,5,151964.0,1036145,95143.0,0.38502753867757694,99.9927882708437,1.0,1.0,0.6165413533834586,42714.24812030075,99862.0,0.763168683915829,0.24597716700009187,0.02743008300240035,2.469088086989359,ok,247107.0,247107.0,6137.495490919343,975.9606001225602,0.38985533866563515,1.0799355997768403,2.5777637100256565,0.9514,3.0857692162005836,15000,3375.0,11625.0,4,1,,,False,,0.2
GP_Matern52_PI,Acquisition Ablation,2,27,5,150,1,138,5,151964.0,1036145,95143.0,0.38502753867757694,99.9927882708437,1.0,1.0,0.6304347826086957,43323.311594202896,122712.0,0.4335495333690285,0.28900900000007823,0.03136191700104973,2.789459003990487,ok,247107.0,247107.0,6106.825039508886,964.2138813561593,0.39167012692956055,1.1191996795201273,2.651493896482144,0.9366,2.9446954588486984,15000,3310.0,11690.0,5,0,,,False,,0.0
GP_Matern52_PI,Acquisition Ablation,2,28,5,150,1,143,5,151964.0,1036145,95143.0,0.38502753867757694,99.9927882708437,1.0,1.0,0.6083916083916084,41808.51048951049,0.0,0.4754542565923483,0.21542408400273416,0.030036167001526337,3.0349192549947475,ok,247107.0,247107.0,6082.972191332747,980.0356802154396,0.39474427558491404,1.1822495987782276,2.6548620433646355,0.9354,3.079658376094256,15000,3274.0,11726.0,2,3,,,False,,0.6
GP_Matern52_PI,Acquisition Ablation,2,29,5,150,1,148,5,151964.0,1036145,95143.0,0.38502753867757694,99.9927882708437,1.0,1.0,0.5945945945945946,40410.93918918919,2202.0,0.5689135086249013,0.28992320799807203,0.033024333002686035,3.3578667959955055,ok,247107.0,247107.0,5979.203838710938,950.7365211347336,0.39955321846728553,1.1702943858224815,2.5237088462656336,0.961,3.432917114094079,15000,3375.0,11625.0,5,0,,,False,,0.0
GP_Matern52_PI,Acquisition Ablation,2,30,5,150,1,150,2,151964.0,1036145,95143.0,0.38502753867757694,99.9927882708437,1.0,1.0,0.6,40544.26666666667,55476.0,0.2532823632787317,0.3191345839986752,0.03712416599955759,3.7141255459937383,ok,247107.0,247107.0,107082.72449886698,4948.845224990469,0.37257840556745997,1.7397877271513595,2.7766340999591557,0.9772,4.569091633953336,15000,3373.0,11627.0,2,0,,,False,,0.0
GP_Matern52_PI,Acquisition Ablation,3,0,5,150,1,3,3,0.0,409668,247107.0,1.0,93.70319341923158,0.0,0.0,0.0,0.0,0.0,1.0055793833043412,0.0,0.0,0.0,initial,247107.0,247107.0,,,,,,,,0,,,0,3,,,False,,1.0
GP_Matern52_PI,Acquisition Ablation,3,1,5,150,1,8,5,33849.0,1653487,213258.0,0.8630188541805777,98.58587825421084,0.0,0.0,0.25,5692.375,33849.0,0.8818276199609532,6.937500074855052e-05,0.006329957999696489,0.00639933300044504,constant_target_fallback,247107.0,247107.0,7909.099054228617,1427.68,0.0,0.8171530915714472,3.9560373352279044,0.932,1.0,15000,3394.0,11606.0,2,3,,,False,,0.6
GP_Matern52_PI,Acquisition Ablation,3,2,5,150,1,13,5,33849.0,1653487,213258.0,0.8630188541805777,98.58587825421084,0.0,0.0,0.46153846153846156,5852.153846153846,21242.0,0.32674109080153946,0.010218208000878803,0.010714708998420974,0.027332249999744818,ok,247107.0,247107.0,10229.020976463442,3395.7048882854515,0.2899154028662861,2.147016080021341,25.227204965585283,0.6938,0.9322537039633817,15000,3336.0,11664.0,4,1,,,False,,0.2
GP_Matern52_PI,Acquisition Ablation,3,3,5,150,1,18,5,44239.0,1223859,202868.0,0.8209722913555666,99.0798980917109,1.0,0.0,0.5555555555555556,10680.388888888889,44239.0,0.23755314654742313,0.02135058299973025,0.009944375000486616,0.058627207999961684,ok,247107.0,247107.0,10350.139695205762,3269.146001367422,0.27137126109363946,2.211991169032526,4.346524034815015,0.8054,2.576565374208474,15000,3319.0,11681.0,4,1,,,False,,0.2
GP_Matern52_PI,Acquisition Ablation,3,4,5,150,1,23,5,45948.0,1394203,201159.0,0.8140562590294893,99.1534249485181,1.0,0.0,0.6521739130434783,15718.869565217392,45948.0,0.40817673101217206,0.026425416999700246,0.01181479099977878,0.09686741599944071,ok,247107.0,247107.0,7193.811638460349,1352.456788557459,0.37860187842722565,1.692604713831877,2.6888012850230445,0.9622,3.7973177004142062,15000,3344.0,11656.0,5,0,,,False,,0.0
GP_Matern52_PI,Acquisition Ablation,3,5,5,150,1,28,5,49339.0,1125048,197768.0,0.8003334587850607,99.2887268216664,1.0,0.0,0.7142857142857143,20053.75,49339.0,0.3522301855340168,0.014718415997776901,0.014511000001220964,0.12609683199843857,ok,247107.0,247107.0,7275.457658588754,1404.6491030921507,0.37593032966026013,1.817886280658628,2.766377216129063,0.9598,4.073288858446808,15000,3302.0,11698.0,5,0,,,False,,0.0
GP_Matern52_PI,Acquisition Ablation,3,6,5,150,1,33,5,101830.0,1053003,145277.0,0.5879113096755656,99.90790294061534,1.0,1.0,0.7272727272727273,27525.121212121212,101830.0,0.3696660557858484,0.03350033300012001,0.014839625000604428,0.174436789999163,ok,247107.0,247107.0,7028.618745115222,1389.9571867974405,0.37053247117475663,1.859486277636496,2.8581243067444237,0.9534,4.187895885747723,15000,3304.0,11696.0,5,0,,,False,,0.0
GP_Matern52_PI,Acquisition Ablation,3,7,5,150,1,38,5,101830.0,1053003,145277.0,0.5879113096755656,99.90790294061534,1.0,1.0,0.7631578947368421,32045.447368421053,94144.0,0.4069163666059004,0.037278458003129344,0.014597000001231208,0.22631224800352356,ok,247107.0,247107.0,6616.24471455973,1259.819466759145,0.3898848912580997,1.9061416846668107,2.7692270562477153,0.9852,5.221665060296764,15000,3413.0,11587.0,5,0,,,False,,0.0
GP_Matern52_PI,Acquisition Ablation,3,8,5,150,1,43,5,116612.0,792466,130495.0,0.5280910698604249,99.9633676939447,1.0,1.0,0.7906976744186046,38230.348837209305,116612.0,0.3390163902508999,0.042529124999418855,0.014408208000531886,0.2832495810034743,ok,247107.0,247107.0,6436.704683331496,1255.058112664745,0.39336569627078527,1.8542514796895069,2.784742578881949,0.9798,5.209803105717173,15000,3437.0,11563.0,5,0,,,False,,0.0
GP_Matern52_PI,Acquisition Ablation,3,9,5,150,1,48,5,116612.0,792466,130495.0,0.5280910698604249,99.9633676939447,1.0,1.0,0.75,37271.666666666664,80983.0,0.30850187328036355,0.04925633300081245,0.017583166998520028,0.3500890810028068,ok,247107.0,247107.0,6337.933621746317,1244.2428358880557,0.39840868698338855,1.8275558578726347,2.8002211181572667,0.9782,5.322276426411888,15000,3414.0,11586.0,5,0,,,False,,0.0
GP_Matern52_PI,Acquisition Ablation,3,10,5,150,1,53,5,116612.0,792466,130495.0,0.5280910698604249,99.9633676939447,1.0,1.0,0.7735849056603774,40970.981132075474,114348.0,0.6876332283381312,0.06405995800014352,0.015181124999799067,0.42933016400274937,ok,247107.0,247107.0,7329.207433505903,1443.1011301147316,0.3503718079780184,2.3089788173838968,2.9952998440334877,0.9736,5.518240593574492,15000,3341.0,11659.0,5,0,,,False,,0.0
GP_Matern52_PI,Acquisition Ablation,3,11,5,150,1,58,5,116612.0,792466,130495.0,0.5280910698604249,99.9633676939447,1.0,1.0,0.7931034482758621,39102.89655172414,42300.0,0.3856209122861966,0.05241587499767775,0.019185624998499407,0.5009316639989265,ok,247107.0,247107.0,5975.493817793773,1165.699446394893,0.34569614906272006,2.2485424652505395,2.92326657694319,0.9782,5.6989781161484485,15000,3321.0,11679.0,5,0,,,False,,0.0
GP_Matern52_PI,Acquisition Ablation,3,12,5,150,1,63,5,116612.0,792466,130495.0,0.5280910698604249,99.9633676939447,1.0,1.0,0.8095238095238095,40818.666666666664,104379.0,0.4721705095209668,0.09691641699828324,0.022645541997917462,0.6204936229951272,ok,247107.0,247107.0,5769.51413414203,1096.1286132305092,0.3538010156165856,2.1575613297346803,2.920726503550217,0.9762,5.6984201168707465,15000,3363.0,11637.0,5,0,,,False,,0.0
GP_Matern52_PI,Acquisition Ablation,3,13,5,150,1,68,5,116612.0,792466,130495.0,0.5280910698604249,99.9633676939447,1.0,1.0,0.7794117647058824,40074.32352941176,81946.0,0.7833571216004678,0.06162229199981084,0.021023375000368105,0.7031392899953062,ok,247107.0,247107.0,5702.157061370089,1023.8884971477383,0.37010029835870073,2.0644285723986124,2.9322467479894025,0.972,5.854734806780014,15000,3410.0,11590.0,2,3,,,False,,0.6
GP_Matern52_PI,Acquisition Ablation,3,14,5,150,1,73,5,131413.0,1129377,115694.0,0.4681939402768841,99.98205262857694,1.0,1.0,0.7945205479452054,44396.13698630137,131413.0,0.385796482765221,0.10664175000056275,0.020562292000249727,0.8303433319961186,ok,247107.0,247107.0,4950.495177560262,906.9537900590378,0.3856538875518537,1.9781814931868358,2.9160563686290484,0.9742,5.716232391757741,15000,3361.0,11639.0,5,0,,,False,,0.0
GP_Matern52_PI,Acquisition Ablation,3,15,5,150,1,78,5,131413.0,1129377,115694.0,0.4681939402768841,99.98205262857694,1.0,1.0,0.8076923076923077,45822.730769230766,94385.0,0.48828044204191495,0.09868612499849405,0.01951474999805214,0.9485442069926648,ok,247107.0,247107.0,4926.581167328753,889.3031756457383,0.3918245497578293,1.944560550566671,2.9311916228729955,0.9696,5.751713605935524,15000,3283.0,11717.0,5,0,,,False,,0.0
GP_Matern52_PI,Acquisition Ablation,3,16,5,150,1,83,5,131413.0,1129377,115694.0,0.4681939402768841,99.98205262857694,1.0,1.0,0.7710843373493976,44355.19277108434,107308.0,0.9266297765019382,0.09364904099857085,0.020341625000583008,1.0625348729918187,ok,247107.0,247107.0,5011.284336238747,891.9532414657069,0.3961687563450058,1.9168802879021154,2.919993122615065,0.9692,5.6506662477689575,15000,3266.0,11734.0,1,4,,,False,,0.8
GP_Matern52_PI,Acquisition Ablation,3,17,5,150,1,88,5,131413.0,1129377,115694.0,0.4681939402768841,99.98205262857694,1.0,1.0,0.7840909090909091,46284.181818181816,104581.0,0.4265709190199572,0.08253837499796646,0.02277250000042841,1.1678457479902136,ok,247107.0,247107.0,4946.568665938187,852.7092451108485,0.40522103570236634,1.7256610611104755,2.8470160157810427,0.9682,5.255886859679497,15000,3340.0,11660.0,5,0,,,False,,0.0
GP_Matern52_PI,Acquisition Ablation,3,18,5,150,1,93,5,131413.0,1129377,115694.0,0.4681939402768841,99.98205262857694,1.0,1.0,0.7526881720430108,45116.04301075269,122784.0,0.7676157114045787,0.12253500000224449,0.022577292002097238,1.3129580399945553,ok,247107.0,247107.0,4958.221489379676,883.8832905682639,0.40306942818240254,1.735882482841863,2.843965551268541,0.9686,5.19464641984378,15000,3284.0,11716.0,1,4,,,False,,0.8
GP_Matern52_PI,Acquisition Ablation,3,19,5,150,1,98,5,131413.0,1129377,115694.0,0.4681939402768841,99.98205262857694,1.0,1.0,0.7653061224489796,46295.02040816326,80764.0,0.5286871154165225,0.09322645800057217,0.02233104200058733,1.4285155399957148,ok,247107.0,247107.0,4954.457744319944,874.9219348689835,0.4098850011941795,1.5914612448851422,2.779707693242851,0.9682,4.834621117334587,15000,3340.0,11660.0,5,0,,,False,,0.0
GP_Matern52_PI,Acquisition Ablation,3,20,5,150,1,103,5,133674.0,793745,113433.0,0.45904405783729313,99.9838063899854,1.0,1.0,0.7572815533980582,46379.601941747576,133674.0,1.0529458229557038,0.137721708000754,0.02416191600059392,1.5903991639970627,ok,247107.0,247107.0,4988.327337506866,875.8370345393758,0.40971957772691125,1.593591977516663,2.779553315086645,0.9686,4.824071354449653,15000,3365.0,11635.0,3,2,,,False,,0.4
GP_Matern52_PI,Acquisition Ablation,3,21,5,150,1,108,5,133674.0,793745,113433.0,0.45904405783729313,99.9838063899854,1.0,1.0,0.7407407407407407,46088.333333333336,100700.0,0.8007246377866449,0.18833079100295436,0.026306625000870554,1.8050365800008876,ok,247107.0,247107.0,4733.590724284682,817.4607021887226,0.4056942725501138,1.5629132928402634,2.7679231393380004,0.9664,4.665744977609841,15000,3377.0,11623.0,2,3,,,False,,0.6
GP_Matern52_PI,Acquisition Ablation,3,22,5,150,1,113,5,133674.0,793745,113433.0,0.45904405783729313,99.9838063899854,1.0,1.0,0.7522123893805309,47927.55752212389,105731.0,0.2828696185282287,0.14848662499935017,0.027864667001267662,1.9813878720015055,ok,247107.0,247107.0,4702.269264977913,801.1049548904205,0.41181274309753385,1.4666866619129861,2.729221940498276,0.9656,4.4506539259267335,15000,3381.0,11619.0,5,0,,,False,,0.0
GP_Matern52_PI,Acquisition Ablation,3,23,5,150,1,118,5,133674.0,793745,113433.0,0.45904405783729313,99.9838063899854,1.0,1.0,0.7542372881355932,48417.14406779661,99144.0,0.8918727615909209,0.2429515830008313,0.025848790999589255,2.250188246001926,ok,247107.0,247107.0,4572.461136663026,799.6837946331889,0.4119493001579397,1.481802734542747,2.740941264616236,0.9636,4.457557856743944,15000,3254.0,11746.0,4,1,,,False,,0.2
GP_Matern52_PI,Acquisition Ablation,3,24,5,150,1,123,5,133674.0,793745,113433.0,0.45904405783729313,99.9838063899854,1.0,1.0,0.7642276422764228,49804.04878048781,110654.0,0.39951117134391256,0.1582352080004057,0.026232500000332948,2.4346559540026647,ok,247107.0,247107.0,4668.258769232007,814.8826613698915,0.41348182641179604,1.4787815494442664,2.758529037007469,0.9614,4.404568367288746,15000,3379.0,11621.0,5,0,,,False,,0.0
GP_Matern52_PI,Acquisition Ablation,3,25,5,150,1,128,5,133674.0,793745,113433.0,0.45904405783729313,99.9838063899854,1.0,1.0,0.7421875,48706.046875,108476.0,1.342551396389888,0.16090220900150598,0.028133124997111736,2.6236912880012824,ok,247107.0,247107.0,4647.586461560817,816.0277293988507,0.41402754759229465,1.5055921977604272,2.780049689671774,0.9582,4.393123414572222,15000,3290.0,11710.0,1,4,,,False,,0.8
GP_Matern52_PI,Acquisition Ablation,3,26,5,150,1,133,5,143257.0,949992,103850.0,0.420263286754321,99.98898572274311,1.0,1.0,0.7518796992481203,49613.827067669175,143257.0,0.6345354165104586,0.15933620800205972,0.028662750002695248,2.8116902460060373,ok,247107.0,247107.0,4642.933885112898,812.0016276077264,0.41542828195040826,1.4315830502364841,2.743759950717442,0.9572,4.195400478513441,15000,3338.0,11662.0,5,0,,,False,,0.0
GP_Matern52_PI,Acquisition Ablation,3,27,5,150,1,138,5,143257.0,949992,103850.0,0.420263286754321,99.98898572274311,1.0,1.0,0.7391304347826086,48932.27536231884,106050.0,1.224690830305207,0.18631975000243983,0.02987537499939208,3.0278853710078693,ok,247107.0,247107.0,4493.623811520684,760.8719261816841,0.4159659412989937,1.4416004957280015,2.7457932382460735,0.9594,4.255436190038777,15000,3250.0,11750.0,2,3,,,False,,0.6
GP_Matern52_PI,Acquisition Ablation,3,28,5,150,1,143,5,143257.0,949992,103850.0,0.420263286754321,99.98898572274311,1.0,1.0,0.7482517482517482,50839.46153846154,120732.0,0.24085933978741267,0.2959824999998091,0.030505874998198124,3.3543737460058765,ok,247107.0,247107.0,4418.137222551672,732.8833823490522,0.4182198087488652,1.4085201740227937,2.7465006295117798,0.9582,4.050874076678472,15000,3315.0,11685.0,5,0,,,False,,0.0
GP_Matern52_PI,Acquisition Ablation,3,29,5,150,1,148,5,143257.0,949992,103850.0,0.420263286754321,99.98898572274311,1.0,1.0,0.7297297297297297,49780.9527027027,97538.0,0.8562607330512725,0.2839565409994975,0.03614633300094283,3.674476620006317,ok,247107.0,247107.0,4546.354973126259,779.853106696775,0.41833076868175856,1.4154032053183103,2.727739591009679,0.9562,4.004791824816199,15000,3384.0,11616.0,1,4,,,False,,0.8
GP_Matern52_PI,Acquisition Ablation,3,30,5,150,1,150,2,143257.0,949992,103850.0,0.420263286754321,99.98898572274311,1.0,1.0,0.7333333333333333,49881.62,59348.0,0.12332439845530077,0.362178417002724,0.02754537500004517,4.064200412009086,ok,247107.0,247107.0,4538.768784153561,776.7032960958182,0.41902470558881333,1.3569983564117498,2.692291454094491,0.9558,3.8345267720053298,15000,3313.0,11687.0,2,0,,,False,,0.0
GP_Matern52_PI,Acquisition Ablation,4,0,5,150,1,3,3,0.0,3806703,247107.0,1.0,93.70319341923158,0.0,0.0,0.0,0.0,0.0,0.8989998979021484,0.0,0.0,0.0,initial,247107.0,247107.0,,,,,,,,0,,,1,2,,,False,,0.6666666666666666
GP_Matern52_PI,Acquisition Ablation,4,1,5,150,1,8,5,0.0,3806703,247107.0,1.0,93.70319341923158,0.0,0.0,0.0,0.0,0.0,0.8282073906636042,9.950000094249845e-05,0.007492707998608239,0.0075922079995507374,constant_target_fallback,247107.0,247107.0,8775.797842190761,1529.645,0.0,0.8104050858432441,3.93666540770458,0.9332,1.0,15000,3299.0,11701.0,1,4,,,False,,0.8
GP_Matern52_PI,Acquisition Ablation,4,2,5,150,1,13,5,0.0,3806703,247107.0,1.0,93.70319341923158,0.0,0.0,0.0,0.0,0.0,0.6603495593511466,4.912500298814848e-05,0.007535042001109105,0.01517637500364799,constant_target_fallback,247107.0,247107.0,8775.797842190761,1529.645,0.0,0.8104050858432441,3.93666540770458,0.9332,1.0,15000,3372.0,11628.0,0,5,,,False,,1.0
GP_Matern52_PI,Acquisition Ablation,4,3,5,150,1,18,5,0.0,3806703,247107.0,1.0,93.70319341923158,0.0,0.0,0.0,0.0,0.0,0.6669386643516844,6.108299930929206e-05,0.00617091700041783,0.021408375003375113,constant_target_fallback,247107.0,247107.0,8775.797842190761,1529.645,0.0,0.8104050858432441,3.93666540770458,0.9332,1.0,15000,3323.0,11677.0,1,4,,,False,,0.8
GP_Matern52_PI,Acquisition Ablation,4,4,5,150,1,23,5,0.0,3806703,247107.0,1.0,93.70319341923158,0.0,0.0,0.0,0.0,0.0,1.130400845340199,4.4249998609302565e-05,0.006528124999022111,0.027980750001006527,constant_target_fallback,247107.0,247107.0,8775.797842190761,1529.645,0.0,0.8104050858432441,3.93666540770458,0.9332,1.0,15000,3427.0,11573.0,1,4,,,False,,0.8
GP_Matern52_PI,Acquisition Ablation,4,5,5,150,1,28,5,58131.0,1053718,188976.0,0.7647537301654749,99.53361419740338,1.0,0.0,0.07142857142857142,2543.0,58131.0,0.9901187580739286,5.7541998103260994e-05,0.007568749999336433,0.03560704199844622,constant_target_fallback,247107.0,247107.0,8775.797842190761,1529.645,0.0,0.8104050858432441,3.93666540770458,0.9332,1.0,15000,3268.0,11732.0,2,3,,,False,,0.6
GP_Matern52_PI,Acquisition Ablation,4,6,5,150,1,33,5,58131.0,1053718,188976.0,0.7647537301654749,99.53361419740338,1.0,0.0,0.09090909090909091,2662.787878787879,16668.0,0.5386653885328934,0.01615295800002059,0.013596374999906402,0.06535637499837321,ok,247107.0,247107.0,23971.408481197916,3667.656655022381,0.17038031677927135,1.438557158128748,5.19298272196142,0.8072,1.153377298105005,15000,3373.0,11627.0,3,2,,,False,,0.4
GP_Matern52_PI,Acquisition Ablation,4,7,5,150,1,38,5,58131.0,1053718,188976.0,0.7647537301654749,99.53361419740338,1.0,0.0,0.07894736842105263,2312.4210526315787,0.0,0.35750505009540495,0.046230333999119466,0.014267291997384746,0.12585400099487742,ok,247107.0,247107.0,8889.832000932087,1650.3819526704035,0.07270921940132492,1.1987528537830208,3.2678053324456813,0.9044,2.167648054400564,15000,3384.0,11616.0,3,2,,,False,,0.4
GP_Matern52_PI,Acquisition Ablation,4,8,5,150,1,43,5,58131.0,1053718,188976.0,0.7647537301654749,99.53361419740338,1.0,0.0,0.13953488372093023,3664.6046511627906,39006.0,0.34661419175903435,0.02192941699831863,0.018752457999653416,0.16653587599284947,ok,247107.0,247107.0,9779.733629970031,2032.0340514412387,0.04191298511665341,1.1934822277434973,50.16043689902191,0.9138,2.0800693741060297,15000,3351.0,11649.0,3,2,,,False,,0.4
GP_Matern52_PI,Acquisition Ablation,4,9,5,150,1,48,5,113835.0,1050759,133272.0,0.5393291165365611,99.9566804541816,1.0,1.0,0.20833333333333334,7367.354166666667,113835.0,0.5556409995626488,0.06420145800075261,0.015902749997621868,0.24664008399122395,ok,247107.0,247107.0,8368.496029161635,1578.9424266756175,0.36108571681766727,1.1200317649735119,5.6191313078745155,0.9498,2.6818525725800573,15000,3311.0,11689.0,5,0,,,False,,0.0
GP_Matern52_PI,Acquisition Ablation,4,10,5,150,1,53,5,113835.0,1050759,133272.0,0.5393291165365611,99.9566804541816,1.0,1.0,0.24528301886792453,10836.490566037735,109872.0,0.5281931151878132,0.03644979199816589,0.01736029200037592,0.30045016798976576,ok,247107.0,247107.0,8749.16157999567,1547.8822463725455,0.11685258766240142,1.6003696728528651,2.6142878668744207,0.9722,3.8329614006894115,15000,3371.0,11629.0,5,0,,,False,,0.0
GP_Matern52_PI,Acquisition Ablation,4,11,5,150,1,58,5,113835.0,1050759,133272.0,0.5393291165365611,99.9566804541816,1.0,1.0,0.3103448275862069,12777.465517241379,57100.0,0.4229496564177639,0.05632783300097799,0.017769874997611623,0.37454787598835537,ok,247107.0,247107.0,7657.65829282088,1278.9870725882195,0.3719793666047444,1.3175701288903408,2.3792374019247755,0.9856,3.4645977063949105,15000,3242.0,11758.0,5,0,,,False,,0.0
GP_Matern52_PI,Acquisition Ablation,4,12,5,150,1,63,5,113835.0,1050759,133272.0,0.5393291165365611,99.9566804541816,1.0,1.0,0.36507936507936506,14643.84126984127,55696.0,0.5124267252431097,0.11761508400013554,0.01963541700024507,0.511798376988736,ok,247107.0,247107.0,7670.855785092753,1307.521670759609,0.35050529629517363,1.4895847540450486,2.4668127310648615,0.9844,3.590012717221289,15000,3418.0,11582.0,5,0,,,False,,0.0
GP_Matern52_PI,Acquisition Ablation,4,13,5,150,1,68,5,113835.0,1050759,133272.0,0.5393291165365611,99.9566804541816,1.0,1.0,0.4117647058823529,18284.220588235294,82882.0,0.347403563589498,0.05991299999732291,0.021325583998986986,0.5930369609850459,ok,247107.0,247107.0,7234.199151389922,1223.2928518738522,0.35311360066100483,1.6025616638766056,2.5046830849276702,0.9846,3.6427659851894285,15000,3424.0,11576.0,5,0,,,False,,0.0
GP_Matern52_PI,Acquisition Ablation,4,14,5,150,1,73,5,135843.0,620383,111264.0,0.4502664837499545,99.98528151640373,1.0,1.0,0.4520547945205479,24405.739726027397,135843.0,0.40932977814094124,0.10486041600233875,0.02002679200086277,0.7179241689882474,ok,247107.0,247107.0,7194.690294221555,1213.3243989966181,0.34905186448474884,1.666135315729069,2.5406432091572904,0.9816,3.7067814175067717,15000,3324.0,11676.0,5,0,,,False,,0.0
GP_Matern52_PI,Acquisition Ablation,4,15,5,150,1,78,5,137196.0,620655,109911.0,0.4447911228738967,99.98611742137412,1.0,1.0,0.48717948717948717,28120.79487179487,137196.0,0.3713748989400926,0.08404683299886528,0.02165275000152178,0.8236237519886345,ok,247107.0,247107.0,7187.679186239862,1208.1204255208183,0.34759008259267354,1.6935617528699405,2.5677051034739726,0.9794,3.805694338838644,15000,3385.0,11615.0,5,0,,,False,,0.0
GP_Matern52_PI,Acquisition Ablation,4,16,5,150,1,83,5,137196.0,620655,109911.0,0.4447911228738967,99.98611742137412,1.0,1.0,0.5180722891566265,31310.168674698794,101948.0,0.39171542257584635,0.07706083400262287,0.023419541998009663,0.924104127989267,ok,247107.0,247107.0,7117.113873826705,1202.0779200576146,0.3473026750425516,1.7041824447866432,2.573659605607777,0.9804,3.95091862600435,15000,3355.0,11645.0,5,0,,,False,,0.0
GP_Matern52_PI,Acquisition Ablation,4,17,5,150,1,88,5,137196.0,620655,109911.0,0.4447911228738967,99.98611742137412,1.0,1.0,0.5454545454545454,33567.03409090909,112057.0,0.3940829884909637,0.09779862499999581,0.023639915998501237,1.045542668987764,ok,247107.0,247107.0,7161.86198948087,1221.0355498768881,0.3412716747701614,1.7388191680092613,2.5988765617410334,0.9792,4.030186841275432,15000,3381.0,11619.0,5,0,,,False,,0.0
GP_Matern52_PI,Acquisition Ablation,4,18,5,150,1,93,5,137196.0,620655,109911.0,0.4447911228738967,99.98611742137412,1.0,1.0,0.5698924731182796,35694.6129032258,114071.0,0.24830104140424866,0.0966270839999197,0.022951708000618964,1.1651214609883027,ok,247107.0,247107.0,7066.0528312082615,1214.2923978990264,0.3357686180562613,1.7719420392149212,2.621412629181838,0.9794,4.144092183834841,15000,3413.0,11587.0,5,0,,,False,,0.0
GP_Matern52_PI,Acquisition Ablation,4,19,5,150,1,98,5,137196.0,620655,109911.0,0.4447911228738967,99.98611742137412,1.0,1.0,0.5918367346938775,36114.87755102041,69892.0,0.645310752265586,0.13060924999808776,0.02295070800028043,1.318681418986671,ok,247107.0,247107.0,8377.805880946133,1299.537880790126,0.3432460519035818,1.9079558316024559,2.654124313471378,0.9812,4.251719083898265,15000,3388.0,11612.0,5,0,,,False,,0.0
GP_Matern52_PI,Acquisition Ablation,4,20,5,150,1,103,5,137196.0,620655,109911.0,0.4447911228738967,99.98611742137412,1.0,1.0,0.6116504854368932,38416.33980582524,97793.0,0.4513019746557877,0.15901991699865903,0.023597708001034334,1.5012990439863643,ok,247107.0,247107.0,6840.77465703755,1145.6542697725442,0.33564341551970417,1.7813028317465383,2.6368860734774953,0.978,4.219337137340619,15000,3385.0,11615.0,5,0,,,False,,0.0
GP_Matern52_PI,Acquisition Ablation,4,21,5,150,1,108,5,137196.0,620655,109911.0,0.4447911228738967,99.98611742137412,1.0,1.0,0.6111111111111112,37484.62962962963,86052.0,0.39468039978631453,0.16276545800064923,0.024810666000121273,1.6888751679871348,ok,247107.0,247107.0,6838.080070563239,1158.6398616863146,0.3345285029998782,1.795336190463526,2.6444024241434367,0.977,4.238373407844495,15000,3312.0,11688.0,5,0,,,False,,0.0
GP_Matern52_PI,Acquisition Ablation,4,22,5,150,1,113,5,137196.0,620655,109911.0,0.4447911228738967,99.98611742137412,1.0,1.0,0.6017699115044248,36827.83185840708,98793.0,0.5290122633878187,0.20461566700032563,0.02501045800090651,1.918501292988367,ok,247107.0,247107.0,6606.718484434192,1117.5049061994562,0.34854756564603695,2.0321697476625356,2.716514804557232,0.9884,4.680317634105677,15000,3387.0,11613.0,3,2,,,False,,0.4
GP_Matern52_PI,Acquisition Ablation,4,23,5,150,1,118,5,137196.0,620655,109911.0,0.4447911228738967,99.98611742137412,1.0,1.0,0.6186440677966102,38254.32203389831,103556.0,0.5243204063041706,0.18018087499876856,0.02632087500023772,2.125003042987373,ok,247107.0,247107.0,7928.959204974192,1125.6880901211803,0.39208167440120356,1.8578707289305112,2.6349864134706373,0.9886,4.352009277066088,15000,3266.0,11734.0,5,0,,,False,,0.0
GP_Matern52_PI,Acquisition Ablation,4,24,5,150,1,123,5,137196.0,620655,109911.0,0.4447911228738967,99.98611742137412,1.0,1.0,0.6341463414634146,38676.35772357724,70245.0,0.6065838641662938,0.15237387500019395,0.028859583999292227,2.3062365019868594,ok,247107.0,247107.0,6131.521374367695,1039.9743636124208,0.36048589938432196,2.074264885604267,2.7257804831400048,0.988,4.718763050602399,15000,3291.0,11709.0,5,0,,,False,,0.0
GP_Matern52_PI,Acquisition Ablation,4,25,5,150,1,128,5,159327.0,1051283,87780.0,0.3552307300076485,99.99526320516779,1.0,1.0,0.6484375,41175.734375,159327.0,0.27640051596740955,0.1718231669983652,0.027921249999053543,2.505980918984278,ok,247107.0,247107.0,6076.442665453808,1024.606013157258,0.3622300323518336,2.064158074813402,2.7227599510077916,0.9872,4.707448701810737,15000,3390.0,11610.0,5,0,,,False,,0.0
GP_Matern52_PI,Acquisition Ablation,4,26,5,150,1,133,5,159327.0,1051283,87780.0,0.3552307300076485,99.99526320516779,1.0,1.0,0.6616541353383458,40924.8045112782,53249.0,0.6691597008883937,0.1647666669996397,0.029406542002107017,2.700154127986025,ok,247107.0,247107.0,6769.815077829419,1092.921416432218,0.3889745716323078,1.710372116059736,2.604386594285902,0.9838,4.417295790247879,15000,3408.0,11592.0,5,0,,,False,,0.0
GP_Matern52_PI,Acquisition Ablation,4,27,5,150,1,138,5,159327.0,1051283,87780.0,0.3552307300076485,99.99526320516779,1.0,1.0,0.6739130434782609,41060.89855072464,106888.0,0.6069010880118744,0.39470362499923795,0.028703166997729568,3.1235609199829923,ok,247107.0,247107.0,6120.59393650788,1038.5946765288934,0.3613250937363499,2.0759496406391853,2.7355179641364913,0.9862,4.81035644212652,15000,3341.0,11659.0,5,0,,,False,,0.0
GP_Matern52_PI,Acquisition Ablation,4,28,5,150,1,143,5,159327.0,1051283,87780.0,0.3552307300076485,99.99526320516779,1.0,1.0,0.6853146853146853,40585.82517482517,69322.0,0.5624059358681327,0.24351033299899427,0.029395583002042258,3.396466835984029,ok,247107.0,247107.0,6035.733444441445,1023.4940183765888,0.36582118987194084,2.0462916951586716,2.7215926272333038,0.9856,4.733472454862916,15000,3319.0,11681.0,5,0,,,False,,0.0
GP_Matern52_PI,Acquisition Ablation,4,29,5,150,1,148,5,159327.0,1051283,87780.0,0.3552307300076485,99.99526320516779,1.0,1.0,0.6824324324324325,40434.27702702703,67886.0,0.6425817395361358,0.3023697919998085,0.031928790998790646,3.730765418982628,ok,247107.0,247107.0,5947.778180544399,1024.055421209562,0.3666839047278397,2.0565805500484564,2.7336967010985447,0.9806,4.691832903420267,15000,3331.0,11669.0,3,2,,,False,,0.4
GP_Matern52_PI,Acquisition Ablation,4,30,5,150,1,150,2,159327.0,1051283,87780.0,0.3552307300076485,99.99526320516779,1.0,1.0,0.6733333333333333,39895.153333333335,0.0,1.3032166813824395,0.5422331250010757,0.02873399999953108,4.301732543983235,ok,247107.0,247107.0,5879.263506492663,981.5605514856746,0.3739775771108524,1.9707795888547932,2.7052315956998436,0.9804,4.6038630002894,15000,3342.0,11658.0,1,1,,,False,,0.5
GP_Matern52_PI_GATE_4T1S,Imperfection-aware,0,0,5,150,1,3,3,0.0,2370341,247107.0,1.0,93.70319341923158,0.0,0.0,0.0,0.0,0.0,1.0123451313576954,0.0,0.0,0.0,initial,247107.0,247107.0,,,,,,,,0,,,0,3,,,False,,1.0
GP_Matern52_PI_GATE_4T1S,Imperfection-aware,0,1,5,150,1,8,5,45710.0,1041565,201397.0,0.8150194045494462,99.1430826732962,1.0,0.0,0.125,5713.75,45710.0,1.0898130110744915,7.258299956447445e-05,0.004595041998982197,0.004667624998546671,constant_target_fallback,247107.0,247107.0,8794.15225607335,1574.217,0.0,0.8138185086950146,3.9690805000534337,0.9332,1.0,15000,3347.0,11653.0,4,1,4.0,1.0,False,,0.2
GP_Matern52_PI_GATE_4T1S,Imperfection-aware,0,2,5,150,1,13,5,46596.0,953961,200511.0,0.8114339132440602,99.1808622998991,1.0,0.0,0.38461538461538464,17216.53846153846,46596.0,0.6558923668708578,0.009768500000063796,0.006987583001318853,0.02142370799992932,ok,247107.0,247107.0,8691.300291847048,1868.3302880041924,0.1640351853671022,1.4577869108272026,3.372320486661563,0.907,2.813694744266164,15000,3354.0,11646.0,4,1,4.0,1.0,False,,0.2
GP_Matern52_PI_GATE_4T1S,Imperfection-aware,0,3,5,150,1,18,5,46596.0,953961,200511.0,0.8114339132440602,99.1808622998991,1.0,0.0,0.5,19129.722222222223,31832.0,0.2673617143817893,0.014736125001945766,0.007779749998007901,0.04393958299988299,ok,247107.0,247107.0,7814.878486031465,1633.3197930497956,0.40894201272520125,1.2037114309828405,2.7277869503442913,0.912,2.256930962537722,15000,3362.0,11638.0,4,1,4.0,1.0,False,,0.2
GP_Matern52_PI_GATE_4T1S,Imperfection-aware,0,4,5,150,1,23,5,46596.0,953961,200511.0,0.8114339132440602,99.1808622998991,1.0,0.0,0.5217391304347826,18017.695652173912,46457.0,0.5997084657166928,0.020022207998408703,0.009276791999582201,0.07323858299787389,ok,247107.0,247107.0,8512.169530487028,1897.9240099378817,0.18738007123845032,2.131151321649578,3.28241158779701,0.9242,3.652172750200627,15000,3323.0,11677.0,4,1,4.0,1.0,False,,0.2
GP_Matern52_PI_GATE_4T1S,Imperfection-aware,0,5,5,150,1,28,5,97479.0,689909,149628.0,0.6055190666391482,99.8843500888026,1.0,0.0,0.5714285714285714,22393.64285714286,97479.0,0.6312042096401268,0.02754862499932642,0.010219957999652252,0.11100716599685256,ok,247107.0,247107.0,7126.043992531659,1363.9388480714804,0.3596136268258718,2.305648130533378,2.8037388535910353,0.9864,4.632777303228093,15000,3340.0,11660.0,4,1,4.0,1.0,False,,0.2
GP_Matern52_PI_GATE_4T1S,Imperfection-aware,0,6,5,150,1,33,5,97479.0,689909,149628.0,0.6055190666391482,99.8843500888026,1.0,0.0,0.6060606060606061,27018.515151515152,81767.0,0.6128518243492949,0.026108041001862148,0.014141416002530605,0.15125662300124532,ok,247107.0,247107.0,6771.465129926991,1366.9233820753607,0.3280908238815157,2.6295416636333786,2.9166056345739255,0.9942,5.225192957923069,15000,3431.0,11569.0,4,1,4.0,1.0,False,,0.2
GP_Matern52_PI_GATE_4T1S,Imperfection-aware,0,7,5,150,1,38,5,97479.0,689909,149628.0,0.6055190666391482,99.8843500888026,1.0,0.0,0.631578947368421,26206.5,38634.0,0.4450666732163386,0.03428100000019185,0.01296004100004211,0.19849766400147928,ok,247107.0,247107.0,25468.67306850342,7081.185707748555,0.12322754678885084,3.608827408139089,14.808847065323192,0.8564,4.270873319615231,15000,3284.0,11716.0,4,1,4.0,1.0,False,,0.2
GP_Matern52_PI_GATE_4T1S,Imperfection-aware,0,8,5,150,1,43,5,182263.0,690707,64844.0,0.262412639059193,99.99726282097932,1.0,1.0,0.6744186046511628,30967.79069767442,182263.0,0.5100907100139059,0.026953707998472964,0.013649917000293499,0.23910128900024574,ok,247107.0,247107.0,6052.250403400568,1360.2309569035542,0.2760161179867888,3.0011694066043044,3.0140624222277204,0.9966,5.414591739251303,15000,3431.0,11569.0,4,1,4.0,1.0,False,,0.2
GP_Matern52_PI_GATE_4T1S,Imperfection-aware,0,9,5,150,1,48,5,182263.0,690707,64844.0,0.262412639059193,99.99726282097932,1.0,1.0,0.6875,31504.166666666668,89368.0,0.436200958934365,0.044332083001791034,0.013583875002950663,0.29701724700498744,ok,247107.0,247107.0,6294.806093571859,1490.8881082735004,0.27018929328598346,3.1243885512191887,3.0484822171307213,0.9946,5.520136389577682,15000,3328.0,11672.0,4,1,4.0,1.0,False,,0.2
GP_Matern52_PI_GATE_4T1S,Imperfection-aware,0,10,5,150,1,53,5,182263.0,690707,64844.0,0.262412639059193,99.99726282097932,1.0,1.0,0.660377358490566,29266.943396226416,19603.0,0.71148268386551,0.06285550000029616,0.014807750001637032,0.37468049700692063,ok,247107.0,247107.0,13131.865420107719,2378.6926699996857,0.3422071279543886,2.3936771876811647,3.0325800483010616,0.9142,4.392409723964753,15000,3362.0,11638.0,4,1,4.0,1.0,False,,0.2
GP_Matern52_PI_GATE_4T1S,Imperfection-aware,0,11,5,150,1,58,5,182263.0,690707,64844.0,0.262412639059193,99.99726282097932,1.0,1.0,0.6724137931034483,29856.431034482757,112656.0,1.1175512771919578,0.06372399999963818,0.01617545899716788,0.4545799560037267,ok,247107.0,247107.0,6279.764267127306,1341.2113867231426,0.21130038596978684,2.7744179709658483,2.966124019022619,0.9886,5.54708586815248,15000,3328.0,11672.0,4,1,4.0,1.0,False,,0.2
GP_Matern52_PI_GATE_4T1S,Imperfection-aware,0,12,5,150,1,63,5,182263.0,690707,64844.0,0.262412639059193,99.99726282097932,1.0,1.0,0.6825396825396826,34432.730158730155,135641.0,0.8870853606794092,0.04711604199837893,0.016781709000497358,0.518477707002603,ok,247107.0,247107.0,6056.39621928799,1256.8091162710425,0.23029012715498917,2.6801273265800534,2.940534832434223,0.9876,5.535090502111619,15000,3350.0,11650.0,4,1,4.0,1.0,False,,0.2
GP_Matern52_PI_GATE_4T1S,Imperfection-aware,0,13,5,150,1,68,5,182263.0,690707,64844.0,0.262412639059193,99.99726282097932,1.0,1.0,0.6911764705882353,33608.632352941175,97496.0,0.7179317988172477,0.07476883399795042,0.019183792002877453,0.6124303330034309,ok,247107.0,247107.0,5962.067844637957,1173.2491797801845,0.24577992211677477,2.529770322074271,2.9157138781720886,0.9866,5.658719272074162,15000,3471.0,11529.0,4,1,4.0,1.0,False,,0.2
GP_Matern52_PI_GATE_4T1S,Imperfection-aware,0,14,5,150,1,73,5,182263.0,690707,64844.0,0.262412639059193,99.99726282097932,1.0,1.0,0.6712328767123288,32972.24657534246,63925.0,0.8596581108244538,0.09406787500120117,0.019510792000801302,0.7260090000054333,ok,247107.0,247107.0,6077.783817014278,1171.4086835083242,0.2505355383337334,2.442651363193722,2.896665316835901,0.9868,5.654534355942468,15000,3370.0,11630.0,4,1,4.0,1.0,False,,0.2
GP_Matern52_PI_GATE_4T1S,Imperfection-aware,0,15,5,150,1,78,5,182263.0,690707,64844.0,0.262412639059193,99.99726282097932,1.0,1.0,0.6282051282051282,30858.641025641027,0.0,0.5006487951901075,0.1022670839993225,0.016555292000703048,0.8448313760054589,ok,247107.0,247107.0,6102.030180469438,1137.998789839811,0.2730538307803988,2.2646066055170637,2.8390648580851114,0.9862,5.424581664346171,15000,3320.0,11680.0,4,1,4.0,1.0,False,,0.2
GP_Matern52_PI_GATE_4T1S,Imperfection-aware,0,16,5,150,1,83,5,182263.0,690707,64844.0,0.262412639059193,99.99726282097932,1.0,1.0,0.6265060240963856,29322.63855421687,18848.0,0.9903226764791414,0.14147037500151782,0.01783900000009453,1.0041407510070712,ok,247107.0,247107.0,6108.580404282637,1089.586872895792,0.3057288055824875,1.9489439046232997,2.7356384150789608,0.985,5.069494733941082,15000,3377.0,11623.0,4,1,4.0,1.0,False,,0.2
GP_Matern52_PI_GATE_4T1S,Imperfection-aware,0,17,5,150,1,88,5,182263.0,690707,64844.0,0.262412639059193,99.99726282097932,1.0,1.0,0.6363636363636364,28877.715909090908,88725.0,0.5548897121406713,0.09828120800011675,0.019864834001054987,1.122286793008243,ok,247107.0,247107.0,6097.192533435767,1081.5485928956696,0.31811777212009296,1.8349049432727378,2.704650535771565,0.9796,4.894059005951806,15000,3329.0,11671.0,4,1,4.0,1.0,False,,0.2
GP_Matern52_PI_GATE_4T1S,Imperfection-aware,0,18,5,150,1,93,5,182263.0,690707,64844.0,0.262412639059193,99.99726282097932,1.0,1.0,0.6451612903225806,28798.0,88404.0,0.3041978753900538,0.12104575000194018,0.02637062500070897,1.2697031680108921,ok,247107.0,247107.0,6852.58589877814,1153.3412260308814,0.3357337748718244,1.7053771394650314,2.692533617508856,0.9808,5.070581315681628,15000,3336.0,11664.0,4,1,4.0,1.0,False,,0.2
GP_Matern52_PI_GATE_4T1S,Imperfection-aware,0,19,5,150,1,98,5,182263.0,690707,64844.0,0.262412639059193,99.99726282097932,1.0,1.0,0.6530612244897959,31280.438775510203,107212.0,0.7870003334253479,0.0749594579974655,0.02063679200000479,1.3652994180083624,ok,247107.0,247107.0,6130.104851450948,1083.9376918797195,0.30973674429341197,1.7832140926817615,2.697874976848983,0.9834,5.039998263547635,15000,3450.0,11550.0,4,1,4.0,1.0,False,,0.2
GP_Matern52_PI_GATE_4T1S,Imperfection-aware,0,20,5,150,1,103,5,182263.0,690707,64844.0,0.262412639059193,99.99726282097932,1.0,1.0,0.6601941747572816,32437.572815533982,94532.0,0.8325867914500774,0.10505079100039438,0.02113991599981091,1.4914901250085677,ok,247107.0,247107.0,5891.656676737909,1060.2406802479904,0.315152003651992,1.6421136460493932,2.6726495680424325,0.9858,5.0104782946144875,15000,3421.0,11579.0,4,1,4.0,1.0,False,,0.2
GP_Matern52_PI_GATE_4T1S,Imperfection-aware,0,21,5,150,1,108,5,182263.0,690707,64844.0,0.262412639059193,99.99726282097932,1.0,1.0,0.6666666666666666,32121.333333333332,56948.0,0.7465650953580377,0.141598125002929,0.02282550000018091,1.6559137500116776,ok,247107.0,247107.0,5908.490321460587,1042.4546051243033,0.3495930544945732,1.70728667383023,2.6830534371538275,0.9818,5.048226953052138,15000,3257.0,11743.0,4,1,4.0,1.0,False,,0.2
GP_Matern52_PI_GATE_4T1S,Imperfection-aware,0,22,5,150,1,113,5,182263.0,690707,64844.0,0.262412639059193,99.99726282097932,1.0,1.0,0.6814159292035398,32825.38938053097,82010.0,0.43184037279308907,0.1747378750005737,0.021933083000476472,1.8525847080127278,ok,247107.0,247107.0,5784.129444425511,1025.6774554219871,0.32373465740862484,1.5524212942466267,2.657328448921924,0.9828,4.984500951944049,15000,3361.0,11639.0,4,1,4.0,1.0,False,,0.2
GP_Matern52_PI_GATE_4T1S,Imperfection-aware,0,23,5,150,1,118,5,182263.0,690707,64844.0,0.262412639059193,99.99726282097932,1.0,1.0,0.6779661016949152,33049.05084745763,105386.0,0.8829182379548532,0.15534137500071665,0.022571292000066023,2.0304973750135105,ok,247107.0,247107.0,5568.34694200406,982.6207811901484,0.3408410095013923,1.6097370874727468,2.672937179431651,0.9808,5.0840278978570295,15000,3322.0,11678.0,4,1,4.0,1.0,False,,0.2
GP_Matern52_PI_GATE_4T1S,Imperfection-aware,0,24,5,150,1,123,5,182263.0,690707,64844.0,0.262412639059193,99.99726282097932,1.0,1.0,0.6829268292682927,34122.76422764228,88142.0,0.7954613369705432,0.1860695420000411,0.02536158300063107,2.2419285000141826,ok,247107.0,247107.0,5461.587959773626,964.5725733780507,0.33273163975688663,1.4910307357167067,2.636067896433458,0.981,4.857897295127982,15000,3381.0,11619.0,4,1,4.0,1.0,False,,0.2
GP_Matern52_PI_GATE_4T1S,Imperfection-aware,0,25,5,150,1,128,5,182263.0,690707,64844.0,0.262412639059193,99.99726282097932,1.0,1.0,0.6875,33645.6796875,43578.0,0.7032540369352835,0.22225458299726597,0.026878666001721285,2.49106174901317,ok,247107.0,247107.0,16971.623653897153,1462.9683878931496,0.3948589608071021,1.5332107847465373,2.668188136692455,0.966,4.442525530135245,15000,3315.0,11685.0,4,1,4.0,1.0,False,,0.2
GP_Matern52_PI_GATE_4T1S,Imperfection-aware,0,26,5,150,1,133,5,182263.0,690707,64844.0,0.262412639059193,99.99726282097932,1.0,1.0,0.6917293233082706,34498.84210526316,91282.0,0.5091540554866405,0.32986875000278815,0.025790625000809086,2.846721124016767,ok,247107.0,247107.0,5320.989707565954,937.5427557617426,0.35316299815630364,1.5222971025061278,2.646695732122758,0.9794,4.938990004939185,15000,3322.0,11678.0,4,1,4.0,1.0,False,,0.2
GP_Matern52_PI_GATE_4T1S,Imperfection-aware,0,27,5,150,1,138,5,182263.0,690707,64844.0,0.262412639059193,99.99726282097932,1.0,1.0,0.6956521739130435,34793.137681159424,62524.0,0.6930353697100561,0.22426070800065645,0.026319084001443116,3.0973009160188667,ok,247107.0,247107.0,5288.927317200517,933.3048668181974,0.3571155914715376,1.4739562804976838,2.6357127078903333,0.978,4.910223667701896,15000,3309.0,11691.0,4,1,4.0,1.0,False,,0.2
GP_Matern52_PI_GATE_4T1S,Imperfection-aware,0,28,5,150,1,143,5,182263.0,690707,64844.0,0.262412639059193,99.99726282097932,1.0,1.0,0.6923076923076923,34822.39160839161,71619.0,1.0110554604474677,0.2625542089990631,0.026685500000894535,3.3865406250188244,ok,247107.0,247107.0,5138.838845574909,901.268228457786,0.36830161145748275,1.4418180896186517,2.623848132801004,0.9766,4.841517728379204,15000,3308.0,11692.0,4,1,4.0,1.0,False,,0.2
GP_Matern52_PI_GATE_4T1S,Imperfection-aware,0,29,5,150,1,148,5,182263.0,690707,64844.0,0.262412639059193,99.99726282097932,1.0,1.0,0.6959459459459459,34909.58783783784,100618.0,0.6725007524315599,0.37797274999684305,0.031486291001783684,3.795999666017451,ok,247107.0,247107.0,4991.784544542609,871.8655509221126,0.3738419022230421,1.4084420995595393,2.6074244369951374,0.9752,4.739267964845601,15000,3436.0,11564.0,4,1,4.0,1.0,False,,0.2
GP_Matern52_PI_GATE_4T1S,Imperfection-aware,0,30,5,150,1,150,2,182263.0,690707,64844.0,0.262412639059193,99.99726282097932,1.0,1.0,0.6933333333333334,35079.14,95252.0,0.982426783283637,0.3035507079985109,0.028626667000935413,4.128177041016897,ok,247107.0,247107.0,4926.306290680054,867.6416747955282,0.3718031223577041,1.3840523929439599,2.598993286815286,0.976,4.688504513038785,15000,3275.0,11725.0,1,1,1.0,1.0,False,,0.5
GP_Matern52_PI_GATE_4T1S,Imperfection-aware,1,0,5,150,1,3,3,0.0,6047398,247107.0,1.0,93.70319341923158,0.0,0.0,0.0,0.0,0.0,1.0430113993225636,0.0,0.0,0.0,initial,247107.0,247107.0,,,,,,,,0,,,1,2,,,False,,0.6666666666666666
GP_Matern52_PI_GATE_4T1S,Imperfection-aware,1,1,5,150,1,8,5,53052.0,773571,194055.0,0.7853075793077493,99.41160485231362,1.0,0.0,0.125,6631.5,53052.0,0.9192081524096551,6.87079991621431e-05,0.0040246249991469085,0.004093332998309052,constant_target_fallback,247107.0,247107.0,7917.9183090633105,1413.8866,0.0,0.7939908874887035,3.8456615956198963,0.935,1.0,15000,3400.0,11600.0,4,1,4.0,1.0,False,,0.2
GP_Matern52_PI_GATE_4T1S,Imperfection-aware,1,2,5,150,1,13,5,110704.0,1119575,136403.0,0.5519997410028854,99.94714130334303,1.0,1.0,0.3076923076923077,16537.076923076922,110704.0,0.47910632430040395,0.013525540998671204,0.007623707999300677,0.025242581996280933,ok,247107.0,247107.0,15617.471168213564,5228.90543118072,-0.004871440117385558,1.6337899162745602,50.97095380647546,0.8694,1.563078965708414,15000,3411.0,11589.0,4,1,4.0,1.0,False,,0.2
GP_Matern52_PI_GATE_4T1S,Imperfection-aware,1,3,5,150,1,18,5,110704.0,1119575,136403.0,0.5519997410028854,99.94714130334303,1.0,1.0,0.5,23211.722222222223,64275.0,0.5561781591498602,0.01911695899980259,0.0087173329993675,0.053076873995451024,ok,247107.0,247107.0,7783.422966914451,1389.4901595975832,0.040139481709718185,1.9033728987222813,2.6661393836822223,0.9878,3.903429962303782,15000,3356.0,11644.0,4,1,4.0,1.0,False,,0.2
GP_Matern52_PI_GATE_4T1S,Imperfection-aware,1,4,5,150,1,23,5,110704.0,1119575,136403.0,0.5519997410028854,99.94714130334303,1.0,1.0,0.43478260869565216,22173.565217391304,92181.0,0.6404825049320025,0.015169082998909289,0.008473165999021148,0.07671912299338146,ok,247107.0,247107.0,6647.570997373406,1404.2651871728774,0.31284587750076925,2.0001351900444253,2.820861966309007,0.9548,3.8719337702210104,15000,3429.0,11571.0,4,1,4.0,1.0,False,,0.2
GP_Matern52_PI_GATE_4T1S,Imperfection-aware,1,5,5,150,1,28,5,110704.0,1119575,136403.0,0.5519997410028854,99.94714130334303,1.0,1.0,0.5,25151.428571428572,69333.0,0.6617043594167085,0.022492374999274034,0.011116374997072853,0.11032787298972835,ok,247107.0,247107.0,7598.979080628703,1423.724662599145,0.32196650376336344,1.574174547982027,2.587525882235733,0.9552,3.6366813577515886,15000,3350.0,11650.0,4,1,4.0,1.0,False,,0.2
GP_Matern52_PI_GATE_4T1S,Imperfection-aware,1,6,5,150,1,33,5,110704.0,1119575,136403.0,0.5519997410028854,99.94714130334303,1.0,1.0,0.5757575757575758,24151.303030303032,45552.0,0.558553378463518,0.02733045800050604,0.010824624998349464,0.14848295598858385,ok,247107.0,247107.0,9978.348396520352,1655.043978163128,0.23856097612862867,2.669870955988827,3.0315418581182914,0.9822,4.7548000872164105,15000,3319.0,11681.0,4,1,4.0,1.0,False,,0.2
GP_Matern52_PI_GATE_4T1S,Imperfection-aware,1,7,5,150,1,38,5,128509.0,864054,118598.0,0.47994593435232513,99.97908598544673,1.0,1.0,0.6052631578947368,28731.184210526317,128509.0,0.9827516309273129,0.02312595900002634,0.012174416999187088,0.18378333198779728,ok,247107.0,247107.0,6841.224475956125,1227.9665072437615,0.33467739289695914,1.4692896584472281,2.6237267840157976,0.9676,4.372139832918737,15000,3370.0,11630.0,4,1,4.0,1.0,False,,0.2
GP_Matern52_PI_GATE_4T1S,Imperfection-aware,1,8,5,150,1,43,5,128509.0,864054,118598.0,0.47994593435232513,99.97908598544673,1.0,1.0,0.627906976744186,35338.95348837209,116942.0,0.13958465985534987,0.03553745799945318,0.012905207997391699,0.23222599798464216,ok,247107.0,247107.0,7288.999486616188,1419.0959493921168,0.375545576113021,1.4937837967651975,2.730877266933177,0.9406,3.8131550827308254,15000,3278.0,11722.0,4,1,4.0,1.0,False,,0.2
GP_Matern52_PI_GATE_4T1S,Imperfection-aware,1,9,5,150,1,48,5,128509.0,864054,118598.0,0.47994593435232513,99.97908598544673,1.0,1.0,0.6458333333333334,36264.958333333336,61352.0,0.8688724795015567,0.06382737500098301,0.014097582999966107,0.3101509559855913,ok,247107.0,247107.0,6692.783710654245,1182.6234626955277,0.30268666959643425,1.6247372365204913,2.727343521593243,0.9734,5.012507502331738,15000,3353.0,11647.0,4,1,4.0,1.0,False,,0.2
GP_Matern52_PI_GATE_4T1S,Imperfection-aware,1,10,5,150,1,53,5,128509.0,864054,118598.0,0.47994593435232513,99.97908598544673,1.0,1.0,0.660377358490566,40082.92452830189,104319.0,0.7114213020010509,0.039621291998628294,0.01382062500124448,0.36359287298546406,ok,247107.0,247107.0,6590.724945820064,1168.9794145767162,0.3142877384692545,1.5771238961886658,2.7076233508470375,0.9746,4.983341953067802,15000,3309.0,11691.0,4,1,4.0,1.0,False,,0.2
GP_Matern52_PI_GATE_4T1S,Imperfection-aware,1,11,5,150,1,58,5,128509.0,864054,118598.0,0.47994593435232513,99.97908598544673,1.0,1.0,0.6724137931034483,41869.65517241379,125205.0,0.6313652548452714,0.060147624997625826,0.015491209000174422,0.4392317069832643,ok,247107.0,247107.0,6571.1035110594685,1164.3463728345293,0.3399809964685185,1.4913290054728374,2.689216569819849,0.9738,4.894261944481259,15000,3320.0,11680.0,4,1,4.0,1.0,False,,0.2
GP_Matern52_PI_GATE_4T1S,Imperfection-aware,1,12,5,150,1,63,5,128509.0,864054,118598.0,0.47994593435232513,99.97908598544673,1.0,1.0,0.6825396825396826,44790.93650793651,125891.0,0.6980069013363918,0.04797174999839626,0.016678084000886884,0.5038815409825474,ok,247107.0,247107.0,6547.759312524709,1159.657154919329,0.3550856923409899,1.4423604581295046,2.6796255314776762,0.9682,4.727729263287407,15000,3323.0,11677.0,4,1,4.0,1.0,False,,0.2
GP_Matern52_PI_GATE_4T1S,Imperfection-aware,1,13,5,150,1,68,5,128509.0,864054,118598.0,0.47994593435232513,99.97908598544673,1.0,1.0,0.6911764705882353,45121.32352941176,114792.0,0.9422993050952352,0.046634791000542464,0.017963583002710948,0.5684799149858009,ok,247107.0,247107.0,6506.502159129902,1152.0140114756393,0.37823762279798984,1.4315059905970215,2.6646160441720412,0.9732,4.756993578752643,15000,3268.0,11732.0,4,1,4.0,1.0,False,,0.2
GP_Matern52_PI_GATE_4T1S,Imperfection-aware,1,14,5,150,1,73,5,128509.0,864054,118598.0,0.47994593435232513,99.97908598544673,1.0,1.0,0.6986301369863014,45828.91780821918,124504.0,0.6472758223380828,0.055666000000201166,0.0164370409984258,0.6405829559844278,ok,247107.0,247107.0,6562.457875152612,1163.9487674472975,0.37866516122460353,1.3251634727251516,2.6332585489811304,0.963,4.360492141617976,15000,3293.0,11707.0,4,1,4.0,1.0,False,,0.2
GP_Matern52_PI_GATE_4T1S,Imperfection-aware,1,15,5,150,1,78,5,128509.0,864054,118598.0,0.47994593435232513,99.97908598544673,1.0,1.0,0.7051282051282052,45905.294871794875,90560.0,0.7603150818611739,0.11670462500114809,0.017357541000819765,0.7746451219863957,ok,247107.0,247107.0,6448.710387787834,1133.8507730805998,0.38633220601428137,1.32952409954342,2.6081685685464966,0.9708,4.415256157458438,15000,3350.0,11650.0,4,1,4.0,1.0,False,,0.2
GP_Matern52_PI_GATE_4T1S,Imperfection-aware,1,16,5,150,1,83,5,133441.0,949995,113666.0,0.4599869692076712,99.98370804822417,1.0,1.0,0.7108433734939759,47886.096385542165,133441.0,0.5722924396776669,0.06229904200154124,0.0174013340001693,0.8543454979881062,ok,247107.0,247107.0,6407.715019150741,1116.7151366289083,0.38745454880746955,1.3203295534384578,2.627886392764801,0.9582,4.1297692398001065,15000,3345.0,11655.0,4,1,4.0,1.0,False,,0.2
GP_Matern52_PI_GATE_4T1S,Imperfection-aware,1,17,5,150,1,88,5,133441.0,949995,113666.0,0.4599869692076712,99.98370804822417,1.0,1.0,0.7159090909090909,48249.78409090909,128135.0,0.7723884230340252,0.09563054200043553,0.024989500001538545,0.9749655399900803,ok,247107.0,247107.0,6367.48984365628,1104.4377728209738,0.3886500490210905,1.2879896370069188,2.592825789444083,0.9594,4.012650717261889,15000,3403.0,11597.0,4,1,4.0,1.0,False,,0.2
GP_Matern52_PI_GATE_4T1S,Imperfection-aware,1,18,5,150,1,93,5,133441.0,949995,113666.0,0.4599869692076712,99.98370804822417,1.0,1.0,0.7204301075268817,49411.397849462366,129883.0,0.9102059881678304,0.05387437500030501,0.019533333001163555,1.0483732479915489,ok,247107.0,247107.0,6344.72468509651,1114.171836692302,0.39666124457935753,1.2471658543533644,2.564764308381135,0.958,3.8355565524115156,15000,3359.0,11641.0,4,1,4.0,1.0,False,,0.2
GP_Matern52_PI_GATE_4T1S,Imperfection-aware,1,19,5,150,1,98,5,133441.0,949995,113666.0,0.4599869692076712,99.98370804822417,1.0,1.0,0.7244897959183674,49469.80612244898,97040.0,0.7295308021771012,0.11284449999948265,0.0207543340002303,1.1819720819912618,ok,247107.0,247107.0,6259.738304586513,1091.324954119193,0.3951043652722644,1.2522997940042542,2.5450428858959904,0.9634,3.911496724247835,15000,3460.0,11540.0,4,1,4.0,1.0,False,,0.2
GP_Matern52_PI_GATE_4T1S,Imperfection-aware,1,20,5,150,1,103,5,152159.0,778149,94948.0,0.38423840684399874,99.99287022231138,1.0,1.0,0.7281553398058253,51168.22330097087,152159.0,0.6971832738930284,0.08604683399971691,0.019940083999244962,1.2879589999902237,ok,247107.0,247107.0,6255.490812944715,1090.1757802548068,0.3989095383930206,1.2349842147481545,2.5465550752358928,0.9588,3.7562424520071334,15000,3366.0,11634.0,4,1,4.0,1.0,False,,0.2
GP_Matern52_PI_GATE_4T1S,Imperfection-aware,1,21,5,150,1,108,5,152159.0,778149,94948.0,0.38423840684399874,99.99287022231138,1.0,1.0,0.7314814814814815,51891.49074074074,114582.0,0.7867732633726251,0.07484454099903814,0.021867832998395897,1.3846713739876577,ok,247107.0,247107.0,6185.247373072056,1080.4972486780043,0.40329692777639126,1.2203647168111174,2.517406831840006,0.9604,3.7060888949495574,15000,3390.0,11610.0,4,1,4.0,1.0,False,,0.2
GP_Matern52_PI_GATE_4T1S,Imperfection-aware,1,22,5,150,1,113,5,152159.0,778149,94948.0,0.38423840684399874,99.99287022231138,1.0,1.0,0.7345132743362832,53500.32743362832,143165.0,0.693939941808604,0.09634899999946356,0.02205770799992024,1.5030780819870415,ok,247107.0,247107.0,6153.8465563070995,1077.214926367832,0.4027545357975912,1.2160295220969375,2.52008546203351,0.9588,3.6518864431107154,15000,3268.0,11732.0,4,1,4.0,1.0,False,,0.2
GP_Matern52_PI_GATE_4T1S,Imperfection-aware,1,23,5,150,1,118,5,152159.0,778149,94948.0,0.38423840684399874,99.99287022231138,1.0,1.0,0.7203389830508474,52021.83050847457,61207.0,0.8170545198668769,0.07714041700091911,0.02217374999963795,1.6023922489875986,ok,247107.0,247107.0,6113.022338921871,1068.1688815380337,0.40603942314469726,1.2060749262720167,2.511878867172481,0.9604,3.660986509560964,15000,3319.0,11681.0,4,1,4.0,1.0,False,,0.2
GP_Matern52_PI_GATE_4T1S,Imperfection-aware,1,24,5,150,1,123,5,152159.0,778149,94948.0,0.38423840684399874,99.99287022231138,1.0,1.0,0.7073170731707317,51158.64227642276,108132.0,0.7536116982942838,0.13007287499931408,0.02347712499977206,1.7559422489866847,ok,247107.0,247107.0,6119.714554360099,1066.5630996837974,0.4057816073184719,1.1516171535507904,2.47786785754559,0.9562,3.446719131470301,15000,3331.0,11669.0,4,1,4.0,1.0,False,,0.2
GP_Matern52_PI_GATE_4T1S,Imperfection-aware,1,25,5,150,1,128,5,189068.0,776846,58039.0,0.23487396148227285,99.99795121330787,1.0,1.0,0.7109375,52883.2109375,189068.0,0.6774565779449578,0.1085392499990121,0.02593604100184166,1.8904175399875385,ok,247107.0,247107.0,6111.484678353508,1065.5430198369475,0.40622875645252654,1.1012478785680493,2.437917428181738,0.9546,3.237718664538027,15000,3346.0,11654.0,4,1,4.0,1.0,False,,0.2
GP_Matern52_PI_GATE_4T1S,Imperfection-aware,1,26,5,150,1,133,5,189068.0,776846,58039.0,0.23487396148227285,99.99795121330787,1.0,1.0,0.6992481203007519,51764.924812030076,112738.0,1.0575822727975583,0.37276333299814723,0.025720583002112107,2.288901455987798,ok,247107.0,247107.0,5969.13961764634,1043.7711477043815,0.41282090750277006,1.0821104965759913,2.409733292797925,0.9572,3.2372918167119473,15000,3310.0,11690.0,4,1,4.0,1.0,False,,0.2
GP_Matern52_PI_GATE_4T1S,Imperfection-aware,1,27,5,150,1,138,5,189068.0,776846,58039.0,0.23487396148227285,99.99795121330787,1.0,1.0,0.7028985507246377,53012.45652173913,142039.0,0.6234151299595434,0.4547212919969752,0.026495458001591032,2.770118205986364,ok,247107.0,247107.0,5920.126826456002,1031.740744148181,0.410439313156355,1.0675610034940595,2.3916779227183507,0.9562,3.12619567914202,15000,3406.0,11594.0,4,1,4.0,1.0,False,,0.2
GP_Matern52_PI_GATE_4T1S,Imperfection-aware,1,28,5,150,1,143,5,189068.0,776846,58039.0,0.23487396148227285,99.99795121330787,1.0,1.0,0.7062937062937062,53166.17482517483,101154.0,0.9049796892132352,0.357969917000446,0.028381167001498397,3.1564692899883084,ok,247107.0,247107.0,5844.569013414799,1015.920082690584,0.41243962980301707,1.0524865867749658,2.3766513722216382,0.955,3.0285095304932947,15000,3429.0,11571.0,4,1,4.0,1.0,False,,0.2
GP_Matern52_PI_GATE_4T1S,Imperfection-aware,1,29,5,150,1,148,5,189068.0,776846,58039.0,0.23487396148227285,99.99795121330787,1.0,1.0,0.7094594594594594,51810.31756756757,31310.0,0.7349053172911498,0.25719925000157673,0.028735791998769855,3.442404331988655,ok,247107.0,247107.0,5780.727143733483,1000.8412243862961,0.4137148744007747,1.0387809470689477,2.3722001741033885,0.9532,2.9514471888887726,15000,3305.0,11695.0,4,1,4.0,1.0,False,,0.2
GP_Matern52_PI_GATE_4T1S,Imperfection-aware,1,30,5,150,1,150,2,189068.0,776846,58039.0,0.23487396148227285,99.99795121330787,1.0,1.0,0.7066666666666667,51168.886666666665,7406.0,0.18043238631097244,0.35663212500003283,0.028465417002735194,3.827501873991423,ok,247107.0,247107.0,5753.096759787668,995.7943371743661,0.4120789708497957,1.055392910877022,2.400922576188683,0.9464,2.8996715211202106,15000,3357.0,11643.0,1,1,1.0,1.0,False,,0.5
GP_Matern52_PI_GATE_4T1S,Imperfection-aware,2,0,5,150,1,3,3,0.0,2729609,247107.0,1.0,93.70319341923158,0.0,0.0,0.0,0.0,0.0,0.47049671902245843,0.0,0.0,0.0,initial,247107.0,247107.0,,,,,,,,0,,,0,3,,,False,,1.0
GP_Matern52_PI_GATE_4T1S,Imperfection-aware,2,1,5,150,1,8,5,17589.0,1471759,229518.0,0.9288203086112494,97.57458075268161,0.0,0.0,0.25,3919.25,17589.0,0.7807235415918656,6.466699778684415e-05,0.003771833002247149,0.0038365000000339933,constant_target_fallback,247107.0,247107.0,7992.336081909969,1363.7274,0.0,0.8102606103318564,3.884107341202348,0.9316,1.0,15000,3295.0,11705.0,4,1,4.0,1.0,False,,0.2
GP_Matern52_PI_GATE_4T1S,Imperfection-aware,2,2,5,150,1,13,5,17589.0,1471759,229518.0,0.9288203086112494,97.57458075268161,0.0,0.0,0.3076923076923077,4074.846153846154,12598.0,0.624409495528471,0.01314112499676412,0.006047416001820238,0.02302504099861835,ok,247107.0,247107.0,9783.010605316078,3630.336663232186,-0.025323948524690963,2.6544690916605265,62.310137087942906,0.805,2.4421328194258662,15000,3382.0,11618.0,4,1,4.0,1.0,False,,0.2
GP_Matern52_PI_GATE_4T1S,Imperfection-aware,2,3,5,150,1,18,5,56843.0,695411,190264.0,0.7699660470970066,99.50648826159959,1.0,0.0,0.3888888888888889,8406.0,56843.0,0.3893723093806127,0.020591582997440128,0.008069542000157526,0.051686165996216005,ok,247107.0,247107.0,8713.150912444871,3155.8625900898246,0.04291444608384428,2.5075130988060774,136.83825072313635,0.7914,1.8417431091266967,15000,3322.0,11678.0,4,1,4.0,1.0,False,,0.2
GP_Matern52_PI_GATE_4T1S,Imperfection-aware,2,4,5,150,1,23,5,56843.0,695411,190264.0,0.7699660470970066,99.50648826159959,1.0,0.0,0.43478260869565216,11129.521739130434,53977.0,0.4419180339712355,0.018894707998697413,0.0101789580003242,0.08075983199523762,ok,247107.0,247107.0,9200.237088584725,2150.7023001977846,-0.006750042729429736,2.573916010051882,9.610155235662978,0.899,3.592458084398387,15000,3296.0,11704.0,4,1,4.0,1.0,False,,0.2
GP_Matern52_PI_GATE_4T1S,Imperfection-aware,2,5,5,150,1,28,5,70167.0,947890,176940.0,0.716046085299081,99.70012318944622,1.0,0.0,0.5,17850.75,70167.0,0.4902750190037768,0.014050583999051014,0.010252375002892222,0.10506279099718085,ok,247107.0,247107.0,11907.358475176543,1640.5755543351875,0.06488300690391538,2.3947022732216885,2.8950992803173254,0.9726,4.089962154274829,15000,3407.0,11593.0,4,1,4.0,1.0,False,,0.2
GP_Matern52_PI_GATE_4T1S,Imperfection-aware,2,6,5,150,1,33,5,70167.0,947890,176940.0,0.716046085299081,99.70012318944622,1.0,0.0,0.5454545454545454,18593.484848484848,40213.0,0.5459688575111474,0.014087167000980116,0.01065470799949253,0.1298046659976535,ok,247107.0,247107.0,17423.7279186859,2598.417193930326,0.4123310933937607,1.7780247443661044,2.8954117877196763,0.9376,4.739631404719594,15000,3440.0,11560.0,4,1,4.0,1.0,False,,0.2
GP_Matern52_PI_GATE_4T1S,Imperfection-aware,2,7,5,150,1,38,5,73108.0,1045680,173999.0,0.7041443585167559,99.72831449432994,1.0,0.0,0.5789473684210527,22699.947368421053,73108.0,0.4657656373208578,0.036625166998419445,0.012477708001824794,0.17890754099789774,ok,247107.0,247107.0,6873.881693947575,1178.244427591413,0.35962815297486406,1.8933604332208787,2.761111551355851,0.9734,4.927047342892001,15000,3309.0,11691.0,4,1,4.0,1.0,False,,0.2
GP_Matern52_PI_GATE_4T1S,Imperfection-aware,2,8,5,150,1,43,5,98071.0,1033121,149036.0,0.6031233433290032,99.88766092809709,1.0,0.0,0.627906976744186,27348.302325581397,98071.0,0.2910007485036575,0.0416886249986419,0.016317749999871012,0.23691391599641065,ok,247107.0,247107.0,6758.718309146693,1212.403836861521,0.33935298504801514,2.1958735910900513,2.828636691961322,0.9802,5.173132401316908,15000,3387.0,11613.0,4,1,4.0,1.0,False,,0.2
GP_Matern52_PI_GATE_4T1S,Imperfection-aware,2,9,5,150,1,48,5,105331.0,959565,141776.0,0.5737433581404007,99.9246046497296,1.0,1.0,0.6458333333333334,30806.5,105331.0,0.8886481776427674,0.06963020900002448,0.013664333000633633,0.32020845799706876,ok,247107.0,247107.0,5604.263976163311,1103.2066569328615,0.3358254696090417,2.3778677025756414,2.858568815198305,0.9814,5.158637283834498,15000,3363.0,11637.0,4,1,4.0,1.0,False,,0.2
GP_Matern52_PI_GATE_4T1S,Imperfection-aware,2,10,5,150,1,53,5,105331.0,959565,141776.0,0.5737433581404007,99.9246046497296,1.0,1.0,0.6792452830188679,33996.264150943396,92496.0,0.5907911698407691,0.08831595800074865,0.014603166000597412,0.4231275819984148,ok,247107.0,247107.0,5760.730453684037,1092.2720384922345,0.3548581419475886,2.1476060472490905,2.830787641169068,0.9754,5.20014590558648,15000,3224.0,11776.0,4,1,4.0,1.0,False,,0.2
GP_Matern52_PI_GATE_4T1S,Imperfection-aware,2,11,5,150,1,58,5,155982.0,1036166,91125.0,0.3687673760759509,99.99400115256543,1.0,1.0,0.6896551724137931,38367.43103448276,155982.0,0.825031366595707,0.06405366699982551,0.015240791999531211,0.5024220409977715,ok,247107.0,247107.0,5333.786721239293,1077.5815039181612,0.33927821267542124,2.3392429285171246,2.8811667734676836,0.9782,5.300790993371062,15000,3230.0,11770.0,4,1,4.0,1.0,False,,0.2
GP_Matern52_PI_GATE_4T1S,Imperfection-aware,2,12,5,150,1,63,5,155982.0,1036166,91125.0,0.3687673760759509,99.99400115256543,1.0,1.0,0.6984126984126984,40001.65079365079,104532.0,0.6805105641431421,0.06609666700023809,0.016320457998517668,0.5848391659965273,ok,247107.0,247107.0,5253.708857387921,982.6209754205506,0.37146989470656955,2.089330832052342,2.85772445446434,0.9746,5.488600781072505,15000,3345.0,11655.0,4,1,4.0,1.0,False,,0.2
GP_Matern52_PI_GATE_4T1S,Imperfection-aware,2,13,5,150,1,68,5,155982.0,1036166,91125.0,0.3687673760759509,99.99400115256543,1.0,1.0,0.7058823529411765,39864.80882352941,55595.0,0.7830617668828175,0.0667911250020552,0.01977229200201691,0.6714025830005994,ok,247107.0,247107.0,5276.079821171158,943.5815450201094,0.3820204441107552,1.9293931018371673,2.8350485489818187,0.9666,5.238865094418994,15000,3385.0,11615.0,4,1,4.0,1.0,False,,0.2
GP_Matern52_PI_GATE_4T1S,Imperfection-aware,2,14,5,150,1,73,5,155982.0,1036166,91125.0,0.3687673760759509,99.99400115256543,1.0,1.0,0.7123287671232876,37966.75342465754,21377.0,0.46743684968895527,0.08093887500217534,0.01701087499895948,0.7693523330017342,ok,247107.0,247107.0,5388.993234737169,948.1638999344751,0.39642882630699616,1.7918768614790053,2.784217975700389,0.9702,5.0420035647243235,15000,3325.0,11675.0,4,1,4.0,1.0,False,,0.2
GP_Matern52_PI_GATE_4T1S,Imperfection-aware,2,15,5,150,1,78,5,155982.0,1036166,91125.0,0.3687673760759509,99.99400115256543,1.0,1.0,0.717948717948718,37408.89743589744,50813.0,0.7056224506096358,0.11009666700192611,0.016965999999229098,0.8964150000028894,ok,247107.0,247107.0,6592.08646329788,1003.8873369351965,0.3903363569167074,2.0016045757145227,2.8390121054206934,0.9758,5.609569341698563,15000,3337.0,11663.0,4,1,4.0,1.0,False,,0.2
GP_Matern52_PI_GATE_4T1S,Imperfection-aware,2,16,5,150,1,83,5,155982.0,1036166,91125.0,0.3687673760759509,99.99400115256543,1.0,1.0,0.7228915662650602,36993.301204819276,42464.0,0.7106446386248592,0.09235541700036265,0.018008374998316867,1.006778792001569,ok,247107.0,247107.0,4832.943773649723,856.508705110784,0.38486032516548196,1.9221422081339508,2.8305973555145405,0.97,5.392693588174553,15000,3318.0,11682.0,4,1,4.0,1.0,False,,0.2
GP_Matern52_PI_GATE_4T1S,Imperfection-aware,2,17,5,150,1,88,5,155982.0,1036166,91125.0,0.3687673760759509,99.99400115256543,1.0,1.0,0.7272727272727273,37817.420454545456,71270.0,0.7136247524152886,0.10008341700086021,0.02020300000003772,1.1270652090024669,ok,247107.0,247107.0,4618.750425342254,794.6642192766824,0.396022201991405,1.7962999302357374,2.8050577437550275,0.9694,5.3439886079638335,15000,3402.0,11598.0,4,1,4.0,1.0,False,,0.2
GP_Matern52_PI_GATE_4T1S,Imperfection-aware,2,18,5,150,1,93,5,155982.0,1036166,91125.0,0.3687673760759509,99.99400115256543,1.0,1.0,0.7311827956989247,38092.81720430108,96604.0,0.7099688125012749,0.15664520900099888,0.01985837500251364,1.3035687930059794,ok,247107.0,247107.0,4395.9117213965865,774.27460540438,0.40248341447136754,1.733161603199293,2.7938676818166175,0.967,5.260559128850647,15000,3323.0,11677.0,4,1,4.0,1.0,False,,0.2
GP_Matern52_PI_GATE_4T1S,Imperfection-aware,2,19,5,150,1,98,5,155982.0,1036166,91125.0,0.3687673760759509,99.99400115256543,1.0,1.0,0.7346938775510204,37882.21428571428,101893.0,0.9196605134661986,0.09728708299735445,0.020614500001101987,1.4214703760044358,ok,247107.0,247107.0,4595.909696741963,794.8777198673778,0.41054784462727706,1.6429737899549712,2.7469174722934686,0.9668,5.1497516665832626,15000,3273.0,11727.0,4,1,4.0,1.0,False,,0.2
GP_Matern52_PI_GATE_4T1S,Imperfection-aware,2,20,5,150,1,103,5,155982.0,1036166,91125.0,0.3687673760759509,99.99400115256543,1.0,1.0,0.7378640776699029,39670.320388349515,107731.0,0.693774922797358,0.20513333300186787,0.020843041998887202,1.647446751005191,ok,247107.0,247107.0,4481.945469160138,761.6802559135358,0.4168256455312122,1.549675105139897,2.763306830616184,0.965,4.950497309685443,15000,3341.0,11659.0,4,1,4.0,1.0,False,,0.2
GP_Matern52_PI_GATE_4T1S,Imperfection-aware,2,21,5,150,1,108,5,155982.0,1036166,91125.0,0.3687673760759509,99.99400115256543,1.0,1.0,0.7407407407407407,41828.305555555555,129656.0,0.7749245674564869,0.12156383299952722,0.021209250000538304,1.7902198340052564,ok,247107.0,247107.0,4340.619449985996,755.7486060007313,0.4187535948284557,1.5334943146678122,2.7809975068301553,0.9628,4.847415872265565,15000,3437.0,11563.0,4,1,4.0,1.0,False,,0.2
GP_Matern52_PI_GATE_4T1S,Imperfection-aware,2,22,5,150,1,113,5,155982.0,1036166,91125.0,0.3687673760759509,99.99400115256543,1.0,1.0,0.7256637168141593,41851.66371681416,106493.0,0.9609135293385946,0.21611462500004563,0.02317712500007474,2.029511584005377,ok,247107.0,247107.0,4294.576554247244,757.9255626451387,0.4179372596861196,1.5324950809915427,2.7994272220313308,0.961,4.769638808413725,15000,3323.0,11677.0,4,1,4.0,1.0,False,,0.2
GP_Matern52_PI_GATE_4T1S,Imperfection-aware,2,23,5,150,1,118,5,155982.0,1036166,91125.0,0.3687673760759509,99.99400115256543,1.0,1.0,0.7288135593220338,42268.40677966102,109166.0,0.7400182332928686,0.21425208300206577,0.023973750001459848,2.2677374170089024,ok,247107.0,247107.0,4291.758525007536,755.1432475885041,0.4223398573091361,1.4260319627217934,2.7438632926433435,0.9602,4.459167056879314,15000,3375.0,11625.0,4,1,4.0,1.0,False,,0.2
GP_Matern52_PI_GATE_4T1S,Imperfection-aware,2,24,5,150,1,123,5,155982.0,1036166,91125.0,0.3687673760759509,99.99400115256543,1.0,1.0,0.7317073170731707,43823.69105691057,113592.0,0.6469030677043016,0.1782136250003532,0.02577562499936903,2.4717266670086246,ok,247107.0,247107.0,4262.16096449951,748.0514325168805,0.4287490806469994,1.3663716628449347,2.6600331072170187,0.9602,4.380832807719692,15000,3353.0,11647.0,4,1,4.0,1.0,False,,0.2
GP_Matern52_PI_GATE_4T1S,Imperfection-aware,2,25,5,150,1,128,5,155982.0,1036166,91125.0,0.3687673760759509,99.99400115256543,1.0,1.0,0.734375,44001.0859375,85277.0,0.7501349250180771,0.2360904590022983,0.02522175000194693,2.73303887601287,ok,247107.0,247107.0,4188.072528769218,741.8261904339341,0.42898617237571496,1.3745434670881063,2.6643844692569583,0.9592,4.325253324573399,15000,3366.0,11634.0,4,1,4.0,1.0,False,,0.2
GP_Matern52_PI_GATE_4T1S,Imperfection-aware,2,26,5,150,1,133,5,155982.0,1036166,91125.0,0.3687673760759509,99.99400115256543,1.0,1.0,0.7368421052631579,44945.48120300752,110044.0,0.861657342049661,0.20584824999968987,0.024812792002194328,2.963699918014754,ok,247107.0,247107.0,4183.403253617291,732.8648088336535,0.43009558369754997,1.344452186349281,2.659027629778115,0.9576,4.233160558567686,15000,3446.0,11554.0,4,1,4.0,1.0,False,,0.2
GP_Matern52_PI_GATE_4T1S,Imperfection-aware,2,27,5,150,1,138,5,155982.0,1036166,91125.0,0.3687673760759509,99.99400115256543,1.0,1.0,0.7246376811594203,44647.15217391304,94722.0,0.9436917969697456,0.2945476669992786,0.026265791999321664,3.2845133770133543,ok,247107.0,247107.0,3722.1678993833334,668.4944250976473,0.4271794003970663,1.4316080330271048,2.6759764432364523,0.9602,4.455209900132724,15000,3322.0,11678.0,4,1,4.0,1.0,False,,0.2
GP_Matern52_PI_GATE_4T1S,Imperfection-aware,2,28,5,150,1,143,5,155982.0,1036166,91125.0,0.3687673760759509,99.99400115256543,1.0,1.0,0.7132867132867133,44175.39160839161,84332.0,0.8519279833981512,0.45139929200013285,0.029164416999265086,3.7650770860127523,ok,247107.0,247107.0,3579.9543511608495,652.7297192206573,0.4280920608379525,1.3686016876776015,2.6553775524456293,0.958,4.191083490738301,15000,3314.0,11686.0,4,1,4.0,1.0,False,,0.2
GP_Matern52_PI_GATE_4T1S,Imperfection-aware,2,29,5,150,1,148,5,155982.0,1036166,91125.0,0.3687673760759509,99.99400115256543,1.0,1.0,0.7162162162162162,44238.18243243243,89962.0,0.9675605773976909,0.2586505830004171,0.02973504200053867,4.053462711013708,ok,247107.0,247107.0,3582.26002628326,653.5638715751141,0.42848756162534096,1.2917824100677153,2.600448776796255,0.958,3.9009935174215875,15000,3371.0,11629.0,4,1,4.0,1.0,False,,0.2
GP_Matern52_PI_GATE_4T1S,Imperfection-aware,2,30,5,150,1,150,2,155982.0,1036166,91125.0,0.3687673760759509,99.99400115256543,1.0,1.0,0.7133333333333334,44223.426666666666,86263.0,0.7242552325998338,0.3374297089976608,0.027911249999306165,4.418803670010675,ok,247107.0,247107.0,3560.541619090611,653.7042746819893,0.4279818377929329,1.2974060552951605,2.624022295259015,0.9544,3.8044847080405795,15000,3322.0,11678.0,1,1,1.0,1.0,False,,0.5
GP_Matern52_PI_GATE_4T1S,Imperfection-aware,3,0,5,150,1,3,3,0.0,409668,247107.0,1.0,93.70319341923158,0.0,0.0,0.0,0.0,0.0,1.0055793833043412,0.0,0.0,0.0,initial,247107.0,247107.0,,,,,,,,0,,,0,3,,,False,,1.0
GP_Matern52_PI_GATE_4T1S,Imperfection-aware,3,1,5,150,1,8,5,33849.0,1653487,213258.0,0.8630188541805777,98.58587825421084,0.0,0.0,0.375,5869.25,33849.0,0.7197951509477969,6.033300087437965e-05,0.003722042001754744,0.0037823750026291236,constant_target_fallback,247107.0,247107.0,7909.099054228617,1427.68,0.0,0.8171530915714472,3.9560373352279044,0.932,1.0,15000,3394.0,11606.0,4,1,4.0,1.0,False,,0.2
GP_Matern52_PI_GATE_4T1S,Imperfection-aware,3,2,5,150,1,13,5,57463.0,620848,189644.0,0.7674570125492196,99.5198627411258,1.0,0.0,0.5384615384615384,15562.846153846154,57463.0,0.28711932555921954,0.01596804200016777,0.007147083000745624,0.026897500003542518,ok,247107.0,247107.0,9549.615123948539,3615.674830584927,0.3467057496683836,2.7922681862269165,8.954614669246059,0.6706,1.9042933582393016,15000,3341.0,11659.0,4,1,4.0,1.0,False,,0.2
GP_Matern52_PI_GATE_4T1S,Imperfection-aware,3,3,5,150,1,18,5,70568.0,1398025,176539.0,0.714423306502851,99.70372905402436,1.0,0.0,0.6111111111111112,22002.722222222223,70568.0,0.6575902680774136,0.017667041000095196,0.00858775000233436,0.053152291005972074,ok,247107.0,247107.0,5453.686913382949,1184.582525056986,0.41927233708333383,1.9022079355181405,2.7884977806076723,0.9398,3.970390606751972,15000,3257.0,11743.0,4,1,4.0,1.0,False,,0.2
GP_Matern52_PI_GATE_4T1S,Imperfection-aware,3,4,5,150,1,23,5,70568.0,1398025,176539.0,0.714423306502851,99.70372905402436,1.0,0.0,0.5217391304347826,17791.391304347828,13153.0,0.5664722017171134,0.018483042000298155,0.008501749998686137,0.08013708300495637,ok,247107.0,247107.0,12469.057634678946,2943.010714992066,0.17109574831233748,3.782565920242769,6.013242188475691,0.9586,4.734577364723062,15000,3365.0,11635.0,4,1,4.0,1.0,False,,0.2
GP_Matern52_PI_GATE_4T1S,Imperfection-aware,3,5,5,150,1,28,5,100846.0,697467,146261.0,0.5918933903126985,99.90311697490253,1.0,1.0,0.5357142857142857,19727.75,100846.0,0.6119027361760445,0.020960333000402898,0.009260833998268936,0.1103582500036282,ok,247107.0,247107.0,10252.58824462738,2156.759906768057,0.33364458621524967,2.4263469239859763,3.1737247252457434,0.9386,4.050137150755857,15000,3267.0,11733.0,4,1,4.0,1.0,False,,0.2
GP_Matern52_PI_GATE_4T1S,Imperfection-aware,3,6,5,150,1,33,5,100846.0,697467,146261.0,0.5918933903126985,99.90311697490253,1.0,1.0,0.5757575757575758,24614.939393939392,78340.0,0.5460196256047215,0.023096541000995785,0.011130167000374058,0.14458495800499804,ok,247107.0,247107.0,24479.18193297029,2572.1527536731733,0.3396538187477598,2.608473251534752,2.918298369224449,0.986,4.677706513964517,15000,3369.0,11631.0,4,1,4.0,1.0,False,,0.2
GP_Matern52_PI_GATE_4T1S,Imperfection-aware,3,7,5,150,1,38,5,115056.0,692956,132051.0,0.534387937209387,99.95966348760533,1.0,1.0,0.6052631578947368,29462.63157894737,115056.0,0.537113783961337,0.042187333001493244,0.012403999997331994,0.19917629100382328,ok,247107.0,247107.0,22954.885811362685,2397.53262884522,0.2664767836347813,2.1108799706813026,2.850692264385737,0.96,4.423255467979926,15000,3424.0,11576.0,4,1,4.0,1.0,False,,0.2
GP_Matern52_PI_GATE_4T1S,Imperfection-aware,3,8,5,150,1,43,5,147105.0,690185,100002.0,0.4046910852383785,99.9912803638383,1.0,1.0,0.627906976744186,36053.79069767442,147105.0,0.3681063070714993,0.02690029199948185,0.012877249999291962,0.2389538330025971,ok,247107.0,247107.0,7780.798662043597,1306.3767606344477,0.3981282886710434,1.7436015312285071,2.728319678083937,0.9728,4.689984648682288,15000,3443.0,11557.0,4,1,4.0,1.0,False,,0.2
GP_Matern52_PI_GATE_4T1S,Imperfection-aware,3,9,5,150,1,48,5,147105.0,690185,100002.0,0.4046910852383785,99.9912803638383,1.0,1.0,0.6458333333333334,37644.354166666664,89719.0,0.5240691276936046,0.04371920799894724,0.012577916000736877,0.2952509570022812,ok,247107.0,247107.0,10038.054337388357,1423.189584707155,0.30967787096195565,1.987045600967757,2.867646628433054,0.9692,5.121817682549801,15000,3338.0,11662.0,4,1,4.0,1.0,False,,0.2
GP_Matern52_PI_GATE_4T1S,Imperfection-aware,3,10,5,150,1,53,5,186637.0,776636,60470.0,0.24471180500754733,99.99768896861127,1.0,1.0,0.6415094339622641,41187.056603773584,186637.0,0.48613564207323356,0.08249804200022481,0.01491395800258033,0.39266295700508635,ok,247107.0,247107.0,18752.917525866105,3868.9351341296874,0.12799278679387696,2.69949012433662,6.1478643912844,0.8954,4.743713672984845,15000,3316.0,11684.0,4,1,4.0,1.0,False,,0.2
GP_Matern52_PI_GATE_4T1S,Imperfection-aware,3,11,5,150,1,58,5,186637.0,776636,60470.0,0.24471180500754733,99.99768896861127,1.0,1.0,0.6551724137931034,42257.379310344826,88178.0,0.7259642455422204,0.08037158300066949,0.015439709000929724,0.48847424900668557,ok,247107.0,247107.0,18993.343552572802,2384.4750986229546,0.31789970782790916,2.711771405012655,2.9609473587191615,0.9882,5.6456045805281825,15000,3329.0,11671.0,4,1,4.0,1.0,False,,0.2
GP_Matern52_PI_GATE_4T1S,Imperfection-aware,3,12,5,150,1,63,5,186637.0,776636,60470.0,0.24471180500754733,99.99768896861127,1.0,1.0,0.6825396825396826,42142.98412698413,76185.0,0.6612655535916261,0.08424916599688004,0.01675829200030421,0.5894817070038698,ok,247107.0,247107.0,6306.847729791883,1864.791819593348,0.14624321566498494,3.6898105519713456,3.2170466537242697,0.9858,5.305240246020958,15000,3346.0,11654.0,4,1,4.0,1.0,False,,0.2
GP_Matern52_PI_GATE_4T1S,Imperfection-aware,3,13,5,150,1,68,5,186637.0,776636,60470.0,0.24471180500754733,99.99768896861127,1.0,1.0,0.6911764705882353,43459.382352941175,152384.0,0.704329972851587,0.05164412500016624,0.017921541999385227,0.6590473740034213,ok,247107.0,247107.0,5764.89982091424,1483.9768564538872,0.22453330094922896,3.1441580969391336,3.061734312399468,0.9898,5.6022394077011555,15000,3393.0,11607.0,4,1,4.0,1.0,False,,0.2
GP_Matern52_PI_GATE_4T1S,Imperfection-aware,3,14,5,150,1,73,5,186637.0,776636,60470.0,0.24471180500754733,99.99768896861127,1.0,1.0,0.6986301369863014,43389.79452054795,79319.0,0.9320579531715806,0.09152387500216719,0.015988208000635495,0.766559457006224,ok,247107.0,247107.0,5493.082432174096,1280.1781239726904,0.2415282333870822,2.720076170761976,2.9808006989448854,0.9874,5.9553862706567235,15000,3379.0,11621.0,4,1,4.0,1.0,False,,0.2
GP_Matern52_PI_GATE_4T1S,Imperfection-aware,3,15,5,150,1,78,5,186637.0,776636,60470.0,0.24471180500754733,99.99768896861127,1.0,1.0,0.7051282051282052,41336.192307692305,17045.0,0.8103042318212497,0.11472816699824762,0.017343208000966115,0.8986308320054377,ok,247107.0,247107.0,5492.431191555616,1072.266740687421,0.2885508517740639,2.3540014474103312,2.93079836819706,0.9854,6.2537951608485844,15000,3266.0,11734.0,4,1,4.0,1.0,False,,0.2
GP_Matern52_PI_GATE_4T1S,Imperfection-aware,3,16,5,150,1,83,5,186637.0,776636,60470.0,0.24471180500754733,99.99768896861127,1.0,1.0,0.6987951807228916,40288.903614457835,115179.0,0.9344158265661207,0.09438412500094273,0.020071041999472072,1.0130859990058525,ok,247107.0,247107.0,5323.383771047126,1030.3542791308273,0.2903624595212237,2.32405807749898,2.9119190947822795,0.9852,6.06547648266166,15000,3331.0,11669.0,4,1,4.0,1.0,False,,0.2
GP_Matern52_PI_GATE_4T1S,Imperfection-aware,3,17,5,150,1,88,5,186637.0,776636,60470.0,0.24471180500754733,99.99768896861127,1.0,1.0,0.6931818181818182,40602.181818181816,110273.0,1.137305226627333,0.12191270800030907,0.01854891699986183,1.1535476240060234,ok,247107.0,247107.0,5181.120017375768,1015.9461133173305,0.28210994996689226,2.3620123293916846,2.8961531399959424,0.9864,5.803494513912,15000,3378.0,11622.0,4,1,4.0,1.0,False,,0.2
GP_Matern52_PI_GATE_4T1S,Imperfection-aware,3,18,5,150,1,93,5,186637.0,776636,60470.0,0.24471180500754733,99.99768896861127,1.0,1.0,0.6559139784946236,38419.2688172043,0.0,0.6118554923727488,0.1150763330006157,0.018909375001385342,1.2875333320080244,ok,247107.0,247107.0,5115.444863352123,969.574847940703,0.3009299608191325,2.189069155473328,2.8582716911089445,0.9856,5.756407131134061,15000,3273.0,11727.0,4,1,4.0,1.0,False,,0.2
GP_Matern52_PI_GATE_4T1S,Imperfection-aware,3,19,5,150,1,98,5,186637.0,776636,60470.0,0.24471180500754733,99.99768896861127,1.0,1.0,0.6326530612244898,37563.06122448979,108188.0,0.9833262673506772,0.11680362499828334,0.020039291001012316,1.42437624800732,ok,247107.0,247107.0,5113.332280851182,948.2646664729403,0.3219263252041025,2.0312595899435424,2.7929259268046054,0.9854,5.395705825220706,15000,3349.0,11651.0,4,1,4.0,1.0,False,,0.2
GP_Matern52_PI_GATE_4T1S,Imperfection-aware,3,20,5,150,1,103,5,186637.0,776636,60470.0,0.24471180500754733,99.99768896861127,1.0,1.0,0.6019417475728155,35739.611650485436,0.0,0.548724980495894,0.14458216599814477,0.021103874998516403,1.5900622890039813,ok,247107.0,247107.0,5119.662328528767,931.9522284026492,0.34390954338869445,1.8657045581217993,2.739061666811749,0.9844,5.184429628094895,15000,3358.0,11642.0,4,1,4.0,1.0,False,,0.2
GP_Matern52_PI_GATE_4T1S,Imperfection-aware,3,21,5,150,1,108,5,186637.0,776636,60470.0,0.24471180500754733,99.99768896861127,1.0,1.0,0.6111111111111112,37164.7037037037,116429.0,0.8675891555022062,0.11239266700067674,0.021522166000067955,1.723977122004726,ok,247107.0,247107.0,5105.455335197557,923.5703056412002,0.3527756703780359,1.7559420402502868,2.6840965602358287,0.984,4.88946705505168,15000,3410.0,11590.0,4,1,4.0,1.0,False,,0.2
GP_Matern52_PI_GATE_4T1S,Imperfection-aware,3,22,5,150,1,113,5,186637.0,776636,60470.0,0.24471180500754733,99.99768896861127,1.0,1.0,0.6106194690265486,37365.318584070796,87254.0,1.0865566677105387,0.13354512499790872,0.033267916998738656,1.8907901640013733,ok,247107.0,247107.0,4956.764222640233,903.2824395997222,0.3583620197622674,1.6978389493214119,2.6773582718888806,0.9818,4.8996725462359825,15000,3374.0,11626.0,4,1,4.0,1.0,False,,0.2
GP_Matern52_PI_GATE_4T1S,Imperfection-aware,3,23,5,150,1,118,5,218753.0,776384,28354.0,0.1147438154321812,99.99950829119388,1.0,1.0,0.6186440677966102,38952.97457627119,218753.0,0.9142603428468025,0.23411029199996847,0.022971583999606082,2.147872040000948,ok,247107.0,247107.0,4935.557702370928,890.0257618479192,0.3658036827028096,1.5867552184514946,2.6434930436738338,0.9804,4.798204837320875,15000,3312.0,11688.0,4,1,4.0,1.0,False,,0.2
GP_Matern52_PI_GATE_4T1S,Imperfection-aware,3,24,5,150,1,123,5,218753.0,776384,28354.0,0.1147438154321812,99.99950829119388,1.0,1.0,0.5934959349593496,37369.52032520325,0.0,0.8723078742510564,0.15723558299941942,0.025901166001858655,2.331008789002226,ok,247107.0,247107.0,4924.853160765885,880.4190979769837,0.36972206320733725,1.5511189234329568,2.6416593313610712,0.9788,4.809016012895015,15000,3343.0,11657.0,4,1,4.0,1.0,False,,0.2
GP_Matern52_PI_GATE_4T1S,Imperfection-aware,3,25,5,150,1,128,5,218753.0,776384,28354.0,0.1147438154321812,99.99950829119388,1.0,1.0,0.59375,37954.203125,117020.0,0.990961606296216,0.18625941600112128,0.024364917000639252,2.5416331220039865,ok,247107.0,247107.0,4919.802557581891,875.1593577033766,0.3787288157351613,1.385831329659586,2.564837033195228,0.9782,4.485560925605443,15000,3320.0,11680.0,4,1,4.0,1.0,False,,0.2
GP_Matern52_PI_GATE_4T1S,Imperfection-aware,3,26,5,150,1,133,5,218753.0,776384,28354.0,0.1147438154321812,99.99950829119388,1.0,1.0,0.5789473684210527,37380.503759398496,113469.0,0.8488268160569581,0.21396262499911245,0.030871208000462502,2.7864669550035615,ok,247107.0,247107.0,4962.28818127248,882.9118604594868,0.38137271746177775,1.3471060964329802,2.546571752812323,0.9768,4.410817828960503,15000,3405.0,11595.0,4,1,4.0,1.0,False,,0.2
GP_Matern52_PI_GATE_4T1S,Imperfection-aware,3,27,5,150,1,138,5,218753.0,776384,28354.0,0.1147438154321812,99.99950829119388,1.0,1.0,0.572463768115942,37542.45652173913,115226.0,1.0939949857564673,0.20257608400061144,0.028433416002371814,3.0174764550065447,ok,247107.0,247107.0,4966.878804083007,883.5224346184609,0.3829151086393074,1.3040045077863687,2.5150977077158507,0.9762,4.24704834133001,15000,3309.0,11691.0,4,1,4.0,1.0,False,,0.2
GP_Matern52_PI_GATE_4T1S,Imperfection-aware,3,28,5,150,1,143,5,218753.0,776384,28354.0,0.1147438154321812,99.99950829119388,1.0,1.0,0.5664335664335665,37593.72027972028,138764.0,0.9452755349819432,0.2702767090013367,0.026085665998834884,3.3138388300067163,ok,247107.0,247107.0,4964.800862949857,882.4854756684491,0.3849047402676834,1.2552018775886664,2.4874912632566315,0.9748,4.119697647680469,15000,3338.0,11662.0,4,1,4.0,1.0,False,,0.2
GP_Matern52_PI_GATE_4T1S,Imperfection-aware,3,29,5,150,1,148,5,218753.0,776384,28354.0,0.1147438154321812,99.99950829119388,1.0,1.0,0.5743243243243243,37793.50675675676,108826.0,0.8156413752801189,0.2409259590021975,0.030305959000543226,3.585070748009457,ok,247107.0,247107.0,4964.392338368335,879.4035548090276,0.37749209607232403,1.2255976274228895,2.469627652803319,0.974,4.059529636645876,15000,3361.0,11639.0,4,1,4.0,1.0,False,,0.2
GP_Matern52_PI_GATE_4T1S,Imperfection-aware,3,30,5,150,1,150,2,218753.0,776384,28354.0,0.1147438154321812,99.99950829119388,1.0,1.0,0.5733333333333334,37911.566666666666,93296.0,1.354335282996612,0.5426484169984178,0.027930083000683226,4.155649248008558,ok,247107.0,247107.0,4831.683363644335,859.2103667458613,0.38182579923477994,1.207014213726352,2.461036605893947,0.9746,4.0307498116340135,15000,3323.0,11677.0,1,1,1.0,1.0,False,,0.5
GP_Matern52_PI_GATE_4T1S,Imperfection-aware,4,0,5,150,1,3,3,0.0,3806703,247107.0,1.0,93.70319341923158,0.0,0.0,0.0,0.0,0.0,0.8989998979021484,0.0,0.0,0.0,initial,247107.0,247107.0,,,,,,,,0,,,1,2,,,False,,0.6666666666666666
GP_Matern52_PI_GATE_4T1S,Imperfection-aware,4,1,5,150,1,8,5,5899.0,1575801,241208.0,0.9761277503267816,95.46791993407169,0.0,0.0,0.125,737.375,5899.0,0.7772819694018805,6.174999725772068e-05,0.003773208001803141,0.0038349579990608618,constant_target_fallback,247107.0,247107.0,8775.797842190761,1529.645,0.0,0.8104050858432441,3.93666540770458,0.9332,1.0,15000,3299.0,11701.0,4,1,4.0,1.0,False,,0.2
GP_Matern52_PI_GATE_4T1S,Imperfection-aware,4,2,5,150,1,13,5,12096.0,864128,235011.0,0.9510495453386589,96.8443603950192,0.0,0.0,0.3076923076923077,2587.4615384615386,12096.0,0.284677097371811,0.01002895800047554,0.006459999996877741,0.020323915996414144,ok,247107.0,247107.0,8783.908226217234,1805.8186322628335,-0.02289776682810304,1.8029899544381305,51.34417886262939,0.78,1.5004649995823067,15000,3350.0,11650.0,4,1,4.0,1.0,False,,0.2
GP_Matern52_PI_GATE_4T1S,Imperfection-aware,4,3,5,150,1,18,5,21436.0,608120,225671.0,0.9132521539252226,97.95124608845644,0.0,0.0,0.3888888888888889,3991.277777777778,21436.0,0.6871519193642008,0.016583667002123548,0.007872124999266816,0.04477970799780451,ok,247107.0,247107.0,8871.8029958918,1927.3875974606178,0.07315007518717187,2.197920625060657,26.86990343815616,0.8856,3.415587648560725,15000,3282.0,11718.0,4,1,4.0,1.0,False,,0.2
GP_Matern52_PI_GATE_4T1S,Imperfection-aware,4,4,5,150,1,23,5,35147.0,947282,211960.0,0.857766068949888,98.64357208746122,0.0,0.0,0.4782608695652174,6799.739130434783,35147.0,0.41692708521681976,0.011576749999221647,0.008074165998550598,0.06443062399557675,ok,247107.0,247107.0,8779.79706447552,1639.5934266527843,0.06578339091195994,2.212584675322802,5.782383133701808,0.9532,3.948053252750434,15000,3309.0,11691.0,4,1,4.0,1.0,False,,0.2
GP_Matern52_PI_GATE_4T1S,Imperfection-aware,4,5,5,150,1,28,5,40061.0,947280,207046.0,0.8378799467437184,98.88201807783817,0.0,0.0,0.5357142857142857,9029.17857142857,40061.0,0.5375208464400639,0.012039083998388378,0.010061832999781473,0.0865315409937466,ok,247107.0,247107.0,8721.309115890957,1585.3750608282296,0.12763507752124742,2.4878523697745396,2.892924010994359,0.9852,4.318504874931623,15000,3271.0,11729.0,4,1,4.0,1.0,False,,0.2
GP_Matern52_PI_GATE_4T1S,Imperfection-aware,4,6,5,150,1,33,5,40061.0,947280,207046.0,0.8378799467437184,98.88201807783817,0.0,0.0,0.5757575757575758,9861.09090909091,27465.0,0.6694804824563405,0.01885937499901047,0.011941708999074763,0.11733262499183184,ok,247107.0,247107.0,8746.770574857272,1683.0221107466496,-0.023714999117632207,3.026917302743349,3.1128916086721152,0.9902,4.865436608178322,15000,3353.0,11647.0,4,1,4.0,1.0,False,,0.2
GP_Matern52_PI_GATE_4T1S,Imperfection-aware,4,7,5,150,1,38,5,40061.0,947280,207046.0,0.8378799467437184,98.88201807783817,0.0,0.0,0.6052631578947368,11673.842105263158,34546.0,0.3758409288977531,0.03632979200119735,0.011724957999831531,0.16538737499286071,ok,247107.0,247107.0,8748.758434664878,1750.9988027899892,-0.029275634382414175,3.2497972082687308,3.1838279314522677,0.9904,5.072276598571653,15000,3388.0,11612.0,4,1,4.0,1.0,False,,0.2
GP_Matern52_PI_GATE_4T1S,Imperfection-aware,4,8,5,150,1,43,5,40061.0,947280,207046.0,0.8378799467437184,98.88201807783817,0.0,0.0,0.5813953488372093,11772.953488372093,33960.0,0.6209929412210622,0.05731345799722476,0.0132561659993371,0.23595699898942257,ok,247107.0,247107.0,8716.324956539784,1820.512451932888,0.057716346412193774,3.408230453407117,3.2060753357178235,0.9942,5.389648789685915,15000,3338.0,11662.0,4,1,4.0,1.0,False,,0.2
GP_Matern52_PI_GATE_4T1S,Imperfection-aware,4,9,5,150,1,48,5,40061.0,947280,207046.0,0.8378799467437184,98.88201807783817,0.0,0.0,0.6041666666666666,11928.833333333334,19232.0,0.6085586874469716,0.056973958999151364,0.012959040999703575,0.3058899989882775,ok,247107.0,247107.0,8715.060750538241,1735.7942905455004,0.03511723022237117,3.2133250669170157,3.094719071272265,0.996,5.052191683547155,15000,3335.0,11665.0,4,1,4.0,1.0,False,,0.2
GP_Matern52_PI_GATE_4T1S,Imperfection-aware,4,10,5,150,1,53,5,40061.0,947280,207046.0,0.8378799467437184,98.88201807783817,0.0,0.0,0.6226415094339622,12018.094339622641,21302.0,0.5858913001565244,0.050122541997552617,0.015216040999803226,0.37122858198563335,ok,247107.0,247107.0,8698.787162293098,1684.2924554940275,0.1342370398717055,2.9630332556953087,3.027944692356079,0.995,5.164797235185227,15000,3394.0,11606.0,4,1,4.0,1.0,False,,0.2
GP_Matern52_PI_GATE_4T1S,Imperfection-aware,4,11,5,150,1,58,5,40061.0,947280,207046.0,0.8378799467437184,98.88201807783817,0.0,0.0,0.6379310344827587,12336.465517241379,29091.0,0.6407482687031967,0.05408108299889136,0.02130020799813792,0.44660987298266264,ok,247107.0,247107.0,6484.735022462857,1145.6204441944183,0.3118780298582243,2.326781780314141,2.884203107786421,0.9792,4.966914085799691,15000,3347.0,11653.0,4,1,4.0,1.0,False,,0.2
GP_Matern52_PI_GATE_4T1S,Imperfection-aware,4,12,5,150,1,63,5,73064.0,782893,174043.0,0.7043224190330505,99.72783917581737,1.0,0.0,0.6507936507936508,14533.936507936507,73064.0,0.7776221800783617,0.08293520799998078,0.01761270800125203,0.5471577889838954,ok,247107.0,247107.0,6182.727212089437,1102.8447337635382,0.3038529901833507,2.4235465591994254,2.900183271743942,0.982,5.102970360280067,15000,3456.0,11544.0,4,1,4.0,1.0,False,,0.2
GP_Matern52_PI_GATE_4T1S,Imperfection-aware,4,13,5,150,1,68,5,122395.0,783943,124712.0,0.5046882524574374,99.97275933214144,1.0,1.0,0.6617647058823529,18257.970588235294,122395.0,0.8391713027254781,0.04029083299974445,0.017808041000535013,0.6052566629841749,ok,247107.0,247107.0,6686.139310137704,1218.6518744190912,0.28560613975780447,2.472123907016996,2.9678111366070605,0.9758,5.081362029601104,15000,3351.0,11649.0,4,1,4.0,1.0,False,,0.2
GP_Matern52_PI_GATE_4T1S,Imperfection-aware,4,14,5,150,1,73,5,122395.0,783943,124712.0,0.5046882524574374,99.97275933214144,1.0,1.0,0.6712328767123288,21064.835616438355,85542.0,0.8514724387649555,0.060472459001175594,0.017164374999993015,0.6828934969853435,ok,247107.0,247107.0,6095.191688610237,1070.8005668162198,0.3037022898918547,2.3325307495749703,2.9249916686948376,0.9762,5.1997947708668955,15000,3384.0,11616.0,4,1,4.0,1.0,False,,0.2
GP_Matern52_PI_GATE_4T1S,Imperfection-aware,4,15,5,150,1,78,5,122395.0,783943,124712.0,0.5046882524574374,99.97275933214144,1.0,1.0,0.6794871794871795,23107.71794871795,97846.0,0.8708509794993298,0.0571432079996157,0.017676582996500656,0.7577132879814599,ok,247107.0,247107.0,6169.49100185638,1071.2137935019687,0.3073054351342777,2.267588201758286,2.9319018139929436,0.9742,5.286004965719167,15000,3353.0,11647.0,4,1,4.0,1.0,False,,0.2
GP_Matern52_PI_GATE_4T1S,Imperfection-aware,4,16,5,150,1,83,5,122395.0,783943,124712.0,0.5046882524574374,99.97275933214144,1.0,1.0,0.6867469879518072,25295.68674698795,85648.0,0.9535818798530764,0.10025666600267868,0.01888429100290523,0.8768542449870438,ok,247107.0,247107.0,6068.926281140089,1033.5998755861629,0.31559094735974214,2.194181150553123,2.925914669880762,0.973,5.327588271798868,15000,3372.0,11628.0,4,1,4.0,1.0,False,,0.2
GP_Matern52_PI_GATE_4T1S,Imperfection-aware,4,17,5,150,1,88,5,122395.0,783943,124712.0,0.5046882524574374,99.97275933214144,1.0,1.0,0.6590909090909091,25076.772727272728,107214.0,1.272071638557604,0.1234001669981808,0.019433417000982445,1.019687828986207,ok,247107.0,247107.0,6067.87647016117,1016.8924584129103,0.32594429488189725,2.0745601680538477,2.9179772237073203,0.9712,5.324598539549092,15000,3401.0,11599.0,4,1,4.0,1.0,False,,0.2
GP_Matern52_PI_GATE_4T1S,Imperfection-aware,4,18,5,150,1,93,5,122395.0,783943,124712.0,0.5046882524574374,99.97275933214144,1.0,1.0,0.6666666666666666,27099.505376344085,113226.0,0.9323782453323982,0.08760562500174274,0.019990541997685796,1.1272839959856356,ok,247107.0,247107.0,6027.981543292379,985.9840106424052,0.34911607567991226,1.81032374857982,2.8351314675011072,0.9708,5.050037391539569,15000,3438.0,11562.0,4,1,4.0,1.0,False,,0.2
GP_Matern52_PI_GATE_4T1S,Imperfection-aware,4,19,5,150,1,98,5,122395.0,783943,124712.0,0.5046882524574374,99.97275933214144,1.0,1.0,0.673469387755102,28303.091836734693,95026.0,0.6861925054498549,0.0987642500003858,0.01964729199971771,1.245695537985739,ok,247107.0,247107.0,5968.898774600439,979.4457402231428,0.35477018869697136,1.751791723063561,2.845192548791207,0.9694,5.058337641873133,15000,3369.0,11631.0,4,1,4.0,1.0,False,,0.2
GP_Matern52_PI_GATE_4T1S,Imperfection-aware,4,20,5,150,1,103,5,122395.0,783943,124712.0,0.5046882524574374,99.97275933214144,1.0,1.0,0.6893203883495146,28522.514563106797,106669.0,0.3731644161221865,0.12837383299847716,0.020409374999871943,1.3944787459840882,ok,247107.0,247107.0,5895.698875438722,965.1997531592448,0.3601807210850476,1.772324604373283,2.8463930276636944,0.9678,5.107659406348117,15000,3369.0,11631.0,4,1,4.0,1.0,False,,0.2
GP_Matern52_PI_GATE_4T1S,Imperfection-aware,4,21,5,150,1,108,5,122395.0,783943,124712.0,0.5046882524574374,99.97275933214144,1.0,1.0,0.6944444444444444,29937.555555555555,91356.0,0.7244335887877277,0.1382945830009703,0.02246245800051838,1.5552357869855769,ok,247107.0,247107.0,5838.716271687983,934.2368257029527,0.36315056017459674,1.7523905171723817,2.854228549747654,0.9656,5.067076798895037,15000,3395.0,11605.0,4,1,4.0,1.0,False,,0.2
GP_Matern52_PI_GATE_4T1S,Imperfection-aware,4,22,5,150,1,113,5,122395.0,783943,124712.0,0.5046882524574374,99.97275933214144,1.0,1.0,0.6991150442477876,29973.672566371682,81967.0,0.9662645321423613,0.18760895800005528,0.022025166999810608,1.7648699119854427,ok,247107.0,247107.0,5858.9633227248105,950.8552178078904,0.3628125976374398,1.741226640449847,2.8503727075146896,0.9656,5.028331605726709,15000,3326.0,11674.0,4,1,4.0,1.0,False,,0.2
GP_Matern52_PI_GATE_4T1S,Imperfection-aware,4,23,5,150,1,118,5,122395.0,783943,124712.0,0.5046882524574374,99.97275933214144,1.0,1.0,0.7033898305084746,30479.35593220339,91188.0,0.6281023754661353,0.20378429099946516,0.024079999999230495,1.9927342029841384,ok,247107.0,247107.0,5831.659946515259,934.5077310180047,0.3679029360193701,1.6822666076049617,2.860441338994053,0.9628,4.950999182602033,15000,3327.0,11673.0,4,1,4.0,1.0,False,,0.2
GP_Matern52_PI_GATE_4T1S,Imperfection-aware,4,24,5,150,1,123,5,122395.0,783943,124712.0,0.5046882524574374,99.97275933214144,1.0,1.0,0.6991869918699187,29505.593495934958,15083.0,0.8913468131687372,0.15057850000084727,0.023956958000781015,2.1672696609857667,ok,247107.0,247107.0,5847.436261654571,932.2351455681682,0.37143855616367283,1.6059635636466085,2.847682621886248,0.9616,4.859895528917332,15000,3337.0,11663.0,4,1,4.0,1.0,False,,0.2
GP_Matern52_PI_GATE_4T1S,Imperfection-aware,4,25,5,150,1,128,5,122395.0,783943,124712.0,0.5046882524574374,99.97275933214144,1.0,1.0,0.6875,29647.8125,90421.0,0.6846113190313743,0.13740587500069523,0.024766542002907954,2.32944207798937,ok,247107.0,247107.0,5769.055503790442,901.1101442718334,0.3766186832378818,1.5354826194450837,2.8608455692070196,0.9608,4.74592939791756,15000,3351.0,11649.0,4,1,4.0,1.0,False,,0.2
GP_Matern52_PI_GATE_4T1S,Imperfection-aware,4,26,5,150,1,133,5,122395.0,783943,124712.0,0.5046882524574374,99.97275933214144,1.0,1.0,0.6766917293233082,29483.864661654134,65371.0,0.8716508516999447,0.1792822499992326,0.025512165997497505,2.5342364939861,ok,247107.0,247107.0,5792.586188472749,905.2981838728858,0.37779085596378437,1.4858514430702627,2.8319194850913574,0.9626,4.643780712683983,15000,3319.0,11681.0,4,1,4.0,1.0,False,,0.2
GP_Matern52_PI_GATE_4T1S,Imperfection-aware,4,27,5,150,1,138,5,122395.0,783943,124712.0,0.5046882524574374,99.97275933214144,1.0,1.0,0.6739130434782609,29856.268115942028,90104.0,0.8555579796383513,0.2300245000005816,0.02631170899985591,2.7905727029865375,ok,247107.0,247107.0,5766.675003600111,891.5601038175765,0.3805206838571738,1.433657184630711,2.811827853984813,0.9606,4.494375325158565,15000,3320.0,11680.0,4,1,4.0,1.0,False,,0.2
GP_Matern52_PI_GATE_4T1S,Imperfection-aware,4,28,5,150,1,143,5,122395.0,783943,124712.0,0.5046882524574374,99.97275933214144,1.0,1.0,0.6783216783216783,30097.755244755244,52265.0,0.7794440205127522,0.1706829579998157,0.02817887499986682,2.98943453598622,ok,247107.0,247107.0,5719.031354905895,876.2974697319834,0.3809384811779624,1.4015250885624355,2.8004384838257956,0.9606,4.4045140386426835,15000,3308.0,11692.0,4,1,4.0,1.0,False,,0.2
GP_Matern52_PI_GATE_4T1S,Imperfection-aware,4,29,5,150,1,148,5,122395.0,783943,124712.0,0.5046882524574374,99.97275933214144,1.0,1.0,0.6824324324324325,29781.35135135135,45400.0,0.7102668229655859,0.21400516599896946,0.02818637499876786,3.2316260769839573,ok,247107.0,247107.0,5704.397938823033,871.3776307964556,0.38310285874145156,1.3762041362032473,2.8063531608090604,0.9586,4.3215178708075985,15000,3319.0,11681.0,4,1,4.0,1.0,False,,0.2
GP_Matern52_PI_GATE_4T1S,Imperfection-aware,4,30,5,150,1,150,2,122395.0,783943,124712.0,0.5046882524574374,99.97275933214144,1.0,1.0,0.68,29462.273333333334,11701.0,0.7239295194553709,0.36006545800046297,0.028813707998779137,3.6205052429831994,ok,247107.0,247107.0,5685.902886016627,875.554820978263,0.3870376361678533,1.4040059603751023,2.8086639664431883,0.9582,4.380217552293343,15000,3306.0,11694.0,1,1,1.0,1.0,False,,0.5
