method,family,run,iteration,configured_batch_size,configured_budget,configured_exploration,n_experiments,batch_size_added,best_q,best_pool_idx,simple_regret,normalized_regret,best_rank_percentile,hit_top1pct,hit_top0_1pct,success_fraction_selected,mean_q_selected,last_batch_best_q,mean_pairwise_batch_distance,fit_seconds,acq_seconds,cum_seconds,status,pool_oracle_best_q,full_grid_best_q,surrogate_rmse_raw,surrogate_mae_raw,surrogate_spearman_raw,surrogate_crps,surrogate_nll,surrogate_coverage95,surrogate_mean_sd,n_acq_candidates,n_trustworthy_candidates,n_suspicious_candidates,selected_trustworthy,selected_suspicious,requested_trustworthy,requested_suspicious,gate_fallback,fallback_slots,selected_suspicious_fraction
GP_Matern52_PI,Acquisition Ablation,0,0,6,150,1,3,3,0.0,2370341,247107.0,1.0,93.70319341923158,0.0,0.0,0.0,0.0,0.0,1.0123451313576954,0.0,0.0,0.0,initial,247107.0,247107.0,,,,,,,,0,,,0,3,,,False,,1.0
GP_Matern52_PI,Acquisition Ablation,0,1,6,150,1,9,6,45710.0,1041565,201397.0,0.8150194045494462,99.1430826732962,1.0,0.0,0.1111111111111111,5078.888888888889,45710.0,1.0009406047310325,0.00010937499973806553,0.010375875001045642,0.010485250000783708,constant_target_fallback,247107.0,247107.0,8794.15225607335,1574.217,0.0,0.8138185086950146,3.9690805000534337,0.9332,1.0,15000,3347.0,11653.0,3,3,,,False,,0.5
GP_Matern52_PI,Acquisition Ablation,0,2,6,150,1,15,6,65281.0,871546,181826.0,0.7358188962676088,99.64885435126234,1.0,0.0,0.4666666666666667,17630.2,65281.0,0.388149320821309,0.016405500002292683,0.01197933399816975,0.03887008400124614,ok,247107.0,247107.0,8728.108876900005,1903.331496547087,0.1579930569013381,1.4191156061610297,3.573096794321327,0.8996,2.5460063851237638,15000,3433.0,11567.0,6,0,,,False,,0.0
GP_Matern52_PI,Acquisition Ablation,0,3,6,150,1,21,6,83549.0,700474,163558.0,0.6618914073660398,99.79998924796743,1.0,0.0,0.6190476190476191,22305.380952380954,83549.0,0.5256784841437644,0.016628083001705818,0.012863334002759075,0.06836150100571103,ok,247107.0,247107.0,8816.28793054138,1654.9940834287383,0.4098963835047654,1.108210542021769,2.6061493001082088,0.9264,2.2717869143573832,15000,3264.0,11736.0,6,0,,,False,,0.0
GP_Matern52_PI,Acquisition Ablation,0,4,6,150,1,27,6,147145.0,612823,99962.0,0.4045292120417471,99.9913295347189,1.0,1.0,0.7037037037037037,41477.03703703704,147145.0,0.33909465401167377,0.016156917001353577,0.015097542000148678,0.09961596000721329,ok,247107.0,247107.0,7485.153854156447,1409.7146725393925,0.41493140654747085,1.4622560550697854,2.6053802152188257,0.9644,3.4387261742197834,15000,3330.0,11670.0,6,0,,,False,,0.0
GP_Matern52_PI,Acquisition Ablation,0,5,6,150,1,33,6,147145.0,612823,99962.0,0.4045292120417471,99.9913295347189,1.0,1.0,0.7272727272727273,44303.181818181816,99179.0,0.5955131972289176,0.022611332999076694,0.023174375000962755,0.14540166800725274,ok,247107.0,247107.0,7024.700700227774,1310.7855720037974,0.40700113761990797,1.404241649790264,2.6465295475165935,0.9654,3.452270281756705,15000,3261.0,11739.0,5,1,,,False,,0.16666666666666666
GP_Matern52_PI,Acquisition Ablation,0,6,6,150,1,39,6,147145.0,612823,99962.0,0.4045292120417471,99.9913295347189,1.0,1.0,0.7692307692307693,43445.4358974359,43497.0,0.2359639796318133,0.053133792000153335,0.02024008299849811,0.21877554300590418,ok,247107.0,247107.0,5864.499545333065,1065.6503067566448,0.42051061493315733,1.585747223429887,2.7215682619079664,0.9354,3.486865946130079,15000,3387.0,11613.0,6,0,,,False,,0.0
GP_Matern52_PI,Acquisition Ablation,0,7,6,150,1,45,6,201133.0,690960,45974.0,0.18604895854832118,99.99852487358166,1.0,1.0,0.8,52937.75555555556,201133.0,0.2313708849531445,0.03823775000273599,0.019008333998499438,0.2760216270071396,ok,247107.0,247107.0,5741.692489342008,1080.2198768267888,0.4183668371358357,1.253062795013639,2.827936095022065,0.9108,2.616948480554768,15000,3289.0,11711.0,6,0,,,False,,0.0
GP_Matern52_PI,Acquisition Ablation,0,8,6,150,1,51,6,201133.0,690960,45974.0,0.18604895854832118,99.99852487358166,1.0,1.0,0.7843137254901961,54908.05882352941,198589.0,1.008065102088638,0.04003812500013737,0.02097091699761222,0.3370306690048892,ok,247107.0,247107.0,5540.256013279713,1074.0849718384736,0.4171768813499447,1.606453322394377,2.9770294935579393,0.9114,3.335653685676797,15000,3463.0,11537.0,4,2,,,False,,0.3333333333333333
GP_Matern52_PI,Acquisition Ablation,0,9,6,150,1,57,6,201133.0,690960,45974.0,0.18604895854832118,99.99852487358166,1.0,1.0,0.8070175438596491,53302.05263157895,117676.0,0.6267866740140372,0.05459187499945983,0.019376624997676117,0.41099916900202516,ok,247107.0,247107.0,5295.218917543509,1001.4317900357946,0.4196177946883919,1.432793889434011,3.0565632442082022,0.9054,3.047008617967862,15000,3310.0,11690.0,6,0,,,False,,0.0
GP_Matern52_PI,Acquisition Ablation,0,10,6,150,1,63,6,201133.0,690960,45974.0,0.18604895854832118,99.99852487358166,1.0,1.0,0.8253968253968254,49946.619047619046,34392.0,0.5687444356019848,0.04405633300120826,0.02216791600221768,0.4772234180054511,ok,247107.0,247107.0,5274.734999524556,962.4298190619224,0.4227355300066351,1.4174713874891425,2.846845262733283,0.9122,3.0830289132300415,15000,3321.0,11679.0,6,0,,,False,,0.0
GP_Matern52_PI,Acquisition Ablation,0,11,6,150,1,69,6,201133.0,690960,45974.0,0.18604895854832118,99.99852487358166,1.0,1.0,0.7536231884057971,45603.434782608696,0.0,0.5140270211098501,0.051855499998055166,0.024259958001493942,0.5533388760050002,ok,247107.0,247107.0,5251.358733266037,997.471532135042,0.4204517472401436,1.4979607434868234,3.0047139646417804,0.8914,3.0198916166450522,15000,3295.0,11705.0,0,6,,,False,,1.0
GP_Matern52_PI,Acquisition Ablation,0,12,6,150,1,75,6,201133.0,690960,45974.0,0.18604895854832118,99.99852487358166,1.0,1.0,0.7733333333333333,48756.85333333333,111700.0,0.20571719570022365,0.05944825000187848,0.0259345000013127,0.6387216260081914,ok,247107.0,247107.0,5056.301931484146,996.090418826241,0.4245540087457912,1.4589289611480196,3.5672561593132954,0.8536,2.2411083661211713,15000,3411.0,11589.0,6,0,,,False,,0.0
GP_Matern52_PI,Acquisition Ablation,0,13,6,150,1,81,6,201133.0,690960,45974.0,0.18604895854832118,99.99852487358166,1.0,1.0,0.7901234567901234,48887.07407407407,107112.0,0.44392395925297373,0.09439554200071143,0.023881667002569884,0.7569988350114727,ok,247107.0,247107.0,4873.589163657438,915.6046839241799,0.4254244436204433,1.6428563043227067,2.9316246685446585,0.9048,3.0976303991529623,15000,3412.0,11588.0,6,0,,,False,,0.0
GP_Matern52_PI,Acquisition Ablation,0,14,6,150,1,87,6,201133.0,690960,45974.0,0.18604895854832118,99.99852487358166,1.0,1.0,0.8045977011494253,52656.0,138679.0,0.36025914970378636,0.11453220900148153,0.026457083000423154,0.8979881270133774,ok,247107.0,247107.0,4742.686152353488,900.57312144383,0.42487346854723984,1.4320581659242957,3.925674191182749,0.8476,2.1702802483011157,15000,3300.0,11700.0,6,0,,,False,,0.0
GP_Matern52_PI,Acquisition Ablation,0,15,6,150,1,93,6,201133.0,690960,45974.0,0.18604895854832118,99.99852487358166,1.0,1.0,0.8172043010752689,57554.07526881721,199081.0,0.1763836070073176,0.12032245799855446,0.02611208300004364,1.0444226680119755,ok,247107.0,247107.0,4767.440253795146,904.5972190983013,0.4248415442826974,1.4525403570404196,3.9865818532831123,0.8468,2.222257376711105,15000,3296.0,11704.0,6,0,,,False,,0.0
GP_Matern52_PI,Acquisition Ablation,0,16,6,150,1,99,6,201133.0,690960,45974.0,0.18604895854832118,99.99852487358166,1.0,1.0,0.7777777777777778,55068.979797979795,99300.0,0.7765227607406635,0.11011866700209794,0.026879209002800053,1.1814205440168735,ok,247107.0,247107.0,4805.540460703843,891.2709298547807,0.42476097096894205,1.4546315201079258,3.7961890494878374,0.8598,2.3927100029144124,15000,3340.0,11660.0,1,5,,,False,,0.8333333333333334
GP_Matern52_PI,Acquisition Ablation,0,17,6,150,1,105,6,201133.0,690960,45974.0,0.18604895854832118,99.99852487358166,1.0,1.0,0.7714285714285715,54829.114285714284,120933.0,0.7023260521044072,0.08940095800062409,0.028944124998815823,1.2997656270163134,ok,247107.0,247107.0,4808.096986510319,901.1336217936444,0.4248631595141849,1.4407571192602577,4.026445388145788,0.8442,2.1301615645135383,15000,3329.0,11671.0,4,2,,,False,,0.3333333333333333
GP_Matern52_PI,Acquisition Ablation,0,18,6,150,1,111,6,201133.0,690960,45974.0,0.18604895854832118,99.99852487358166,1.0,1.0,0.7567567567567568,54848.10810810811,136648.0,0.7906726338797357,0.09518033299900708,0.02877749999970547,1.423723460015026,ok,247107.0,247107.0,4362.795327723632,792.4977798885906,0.4277158798613416,1.4464646610398362,3.076689948356604,0.8832,2.773017164538118,15000,3262.0,11738.0,3,3,,,False,,0.5
GP_Matern52_PI,Acquisition Ablation,0,19,6,150,1,117,6,201133.0,690960,45974.0,0.18604895854832118,99.99852487358166,1.0,1.0,0.7692307692307693,56697.10256410256,116005.0,0.30886632020361066,0.12923520800177357,0.028868250003142748,1.5818269180199422,ok,247107.0,247107.0,4340.036958145009,768.3302532738975,0.42823165857900697,1.3391049390122298,3.035452744755457,0.884,2.658502469319939,15000,3356.0,11644.0,6,0,,,False,,0.0
GP_Matern52_PI,Acquisition Ablation,0,20,6,150,1,123,6,201133.0,690960,45974.0,0.18604895854832118,99.99852487358166,1.0,1.0,0.7723577235772358,57444.10569105691,181653.0,0.600542736591473,0.07784266700036824,0.03213599999799044,1.691805585018301,ok,247107.0,247107.0,4338.155171071842,759.1655173983451,0.42836011157969894,1.3333051285876854,3.07136622363967,0.8884,2.6975840469867123,15000,3345.0,11655.0,5,1,,,False,,0.16666666666666666
GP_Matern52_PI,Acquisition Ablation,0,21,6,150,1,129,6,221213.0,604002,25894.0,0.10478861383934894,99.99978692618402,1.0,1.0,0.7751937984496124,61291.798449612405,221213.0,0.358040451048777,0.1359939169997233,0.035127791998093016,1.8629272940161172,ok,247107.0,247107.0,4256.387695156998,765.1953066904466,0.4281054121851837,1.3551258784799722,3.3098491437058213,0.8734,2.541930587399108,15000,3305.0,11695.0,6,0,,,False,,0.0
GP_Matern52_PI,Acquisition Ablation,0,22,6,150,1,135,6,221213.0,604002,25894.0,0.10478861383934894,99.99978692618402,1.0,1.0,0.7851851851851852,61433.311111111114,201550.0,0.4696119540036951,0.24846033299763803,0.03530979200149886,2.146697419015254,ok,247107.0,247107.0,4956.903750692233,912.7695038997948,0.42234741651681335,1.5913857429672618,2.8819877755214076,0.912,3.536585204043955,15000,3365.0,11635.0,6,0,,,False,,0.0
GP_Matern52_PI,Acquisition Ablation,0,23,6,150,1,141,6,221213.0,604002,25894.0,0.10478861383934894,99.99978692618402,1.0,1.0,0.7872340425531915,59828.75177304965,106826.0,0.5675715384516674,0.25062174999766285,0.04058587499821442,2.4379050440111314,ok,247107.0,247107.0,4847.84806696828,896.3533478814838,0.42245005079753106,1.5781444913425964,2.889817532933643,0.9108,3.5139807995874826,15000,3355.0,11645.0,4,2,,,False,,0.3333333333333333
GP_Matern52_PI,Acquisition Ablation,0,24,6,150,1,147,6,221213.0,604002,25894.0,0.10478861383934894,99.99978692618402,1.0,1.0,0.7619047619047619,58727.537414965984,197094.0,0.8975334366880078,0.3200021670018032,0.046923416997742606,2.804830628010677,ok,247107.0,247107.0,5070.5319858226385,884.3841593019342,0.4223890611197355,1.5541907756388347,2.9448055337411643,0.9114,3.5866975776978753,15000,3453.0,11547.0,1,5,,,False,,0.8333333333333334
GP_Matern52_PI,Acquisition Ablation,0,25,6,150,1,150,3,221213.0,604002,25894.0,0.10478861383934894,99.99978692618402,1.0,1.0,0.7666666666666667,60117.63333333333,218740.0,0.30737836775410604,0.32168566700056545,0.04177458399863099,3.1682908790098736,ok,247107.0,247107.0,5123.462986457349,873.4245599489149,0.4238175047933458,1.4559072319301927,2.8803444624364305,0.9164,3.4630858110713083,15000,3324.0,11676.0,3,0,,,False,,0.0
GP_Matern52_PI,Acquisition Ablation,1,0,6,150,1,3,3,0.0,6047398,247107.0,1.0,93.70319341923158,0.0,0.0,0.0,0.0,0.0,1.0430113993225636,0.0,0.0,0.0,initial,247107.0,247107.0,,,,,,,,0,,,1,2,,,False,,0.6666666666666666
GP_Matern52_PI,Acquisition Ablation,1,1,6,150,1,9,6,0.0,6047398,247107.0,1.0,93.70319341923158,0.0,0.0,0.0,0.0,0.0,0.8205384635583114,6.0375001339707524e-05,0.010674167002434842,0.01073454200377455,constant_target_fallback,247107.0,247107.0,7917.9183090633105,1413.8866,0.0,0.7939908874887035,3.8456615956198963,0.935,1.0,15000,3400.0,11600.0,1,5,,,False,,0.8333333333333334
GP_Matern52_PI,Acquisition Ablation,1,2,6,150,1,15,6,1847.0,1485322,245260.0,0.9925255051455443,94.35454368439376,0.0,0.0,0.06666666666666667,123.13333333333334,1847.0,1.0123533279129462,6.03340013185516e-05,0.010769083000923274,0.021563959006016375,constant_target_fallback,247107.0,247107.0,7917.9183090633105,1413.8866,0.0,0.7939908874887035,3.8456615956198963,0.935,1.0,15000,3420.0,11580.0,1,5,,,False,,0.8333333333333334
GP_Matern52_PI,Acquisition Ablation,1,3,6,150,1,21,6,15520.0,1812906,231587.0,0.9371931997070095,97.34278922148073,0.0,0.0,0.14285714285714285,1188.904761904762,15520.0,0.609072132445671,0.013751999998930842,0.012107124999602092,0.04742308400454931,ok,247107.0,247107.0,7903.352999147266,1540.596789654456,0.06768432577705026,1.2600699592472049,208.7763712059363,0.8564,0.6945658212405172,15000,3373.0,11627.0,5,1,,,False,,0.16666666666666666
GP_Matern52_PI,Acquisition Ablation,1,4,6,150,1,27,6,31803.0,1555378,215304.0,0.8712986681882747,98.50045204429576,0.0,0.0,0.2222222222222222,3157.777777777778,31803.0,0.5461364117411739,0.01510204199803411,0.01437683400217793,0.07690196000476135,ok,247107.0,247107.0,7855.827373699556,1408.6169695099215,0.2775172414583347,1.1625256498045489,2.3651420831966314,0.933,2.6983315385793265,15000,3459.0,11541.0,3,3,,,False,,0.5
GP_Matern52_PI,Acquisition Ablation,1,5,6,150,1,33,6,46544.0,1125471,200563.0,0.8116443483996811,99.17876434232636,1.0,0.0,0.36363636363636365,8056.727272727273,46544.0,0.4060608231714636,0.014063167000131216,0.014826750000793254,0.10579187700568582,ok,247107.0,247107.0,7911.457892276161,1417.8367216358497,0.21359519300467766,1.5079599304383322,2.455704065607248,0.9592,3.454371018785586,15000,3310.0,11690.0,6,0,,,False,,0.0
GP_Matern52_PI,Acquisition Ablation,1,6,6,150,1,39,6,71639.0,868082,175468.0,0.7100891516630448,99.71321903398233,1.0,0.0,0.46153846153846156,14436.74358974359,71639.0,0.560360236158214,0.043237958001554944,0.01561654100078158,0.16464637600802234,ok,247107.0,247107.0,17556.869526776336,2317.4566939065885,0.34100412750174025,1.4426797730631813,2.600174303482802,0.9634,3.526624206509483,15000,3332.0,11668.0,6,0,,,False,,0.0
GP_Matern52_PI,Acquisition Ablation,1,7,6,150,1,45,6,90050.0,949678,157057.0,0.6355829660835185,99.84171893531276,1.0,0.0,0.5333333333333333,16886.333333333332,90050.0,0.4318722707363977,0.04904545899989898,0.01794624999820371,0.23163808500612504,ok,247107.0,247107.0,7726.629084815233,1404.6452569206956,0.331944075918903,1.4358142319059992,2.480419130208037,0.9598,3.485108577336761,15000,3429.0,11571.0,6,0,,,False,,0.0
GP_Matern52_PI,Acquisition Ablation,1,8,6,150,1,51,6,108975.0,1037155,138132.0,0.5589967099272785,99.94006069653503,1.0,1.0,0.5686274509803921,19552.274509803923,108975.0,0.4718788516307273,0.04117854200012516,0.018282875000295462,0.29109950200654566,ok,247107.0,247107.0,7462.769125215852,1358.636447165369,0.3573202336213441,1.5500005360494349,2.5573879210763737,0.958,3.513418740298308,15000,3249.0,11751.0,5,1,,,False,,0.16666666666666666
GP_Matern52_PI,Acquisition Ablation,1,9,6,150,1,57,6,108975.0,1037155,138132.0,0.5589967099272785,99.94006069653503,1.0,1.0,0.6140350877192983,22561.64912280702,87582.0,0.29159635204014384,0.05737320799744339,0.021947249999357155,0.3704199600033462,ok,247107.0,247107.0,6479.136289232738,1158.9946847255285,0.3054988982648696,2.205928288042866,2.763368921429325,0.9776,4.25454887752989,15000,3228.0,11772.0,6,0,,,False,,0.0
GP_Matern52_PI,Acquisition Ablation,1,10,6,150,1,63,6,108975.0,1037155,138132.0,0.5589967099272785,99.94006069653503,1.0,1.0,0.6190476190476191,25947.507936507936,103157.0,0.3648414278679451,0.03962558400235139,0.022246042000915622,0.4322915860066132,ok,247107.0,247107.0,8539.166553381347,1539.549186037277,0.3643692019496736,1.8134789067724593,2.7739814323265337,0.9576,3.946240331029068,15000,3420.0,11580.0,5,1,,,False,,0.16666666666666666
GP_Matern52_PI,Acquisition Ablation,1,11,6,150,1,69,6,108975.0,1037155,138132.0,0.5589967099272785,99.94006069653503,1.0,1.0,0.6521739130434783,27419.63768115942,108242.0,0.389249182627113,0.09339995799746248,0.024208333001297433,0.5498998770053731,ok,247107.0,247107.0,6087.5170890853815,1107.0073516528557,0.32353048360165804,2.0425787086126705,2.730689342863373,0.9764,4.409150311039289,15000,3305.0,11695.0,6,0,,,False,,0.0
GP_Matern52_PI,Acquisition Ablation,1,12,6,150,1,75,6,123092.0,1123354,124015.0,0.5018676120061349,99.97361162740536,1.0,1.0,0.68,31071.48,123092.0,0.7195572623093671,0.10059462500066729,0.020965667001291877,0.6714601690073323,ok,247107.0,247107.0,6694.396230697267,1200.1117335915112,0.3177691303102373,1.8976779839257383,2.7314586216245096,0.9682,4.36998442836453,15000,3348.0,11652.0,6,0,,,False,,0.0
GP_Matern52_PI,Acquisition Ablation,1,13,6,150,1,81,6,123092.0,1123354,124015.0,0.5018676120061349,99.97361162740536,1.0,1.0,0.7037037037037037,34731.87654320987,112438.0,0.46505262184252943,0.0904142920007871,0.022503916999994544,0.7843783780081139,ok,247107.0,247107.0,6038.278374262767,1105.0677703475246,0.3176872456122122,2.091315906662377,2.761712346402867,0.9748,4.46789288350287,15000,3344.0,11656.0,6,0,,,False,,0.0
GP_Matern52_PI,Acquisition Ablation,1,14,6,150,1,87,6,123092.0,1123354,124015.0,0.5018676120061349,99.97361162740536,1.0,1.0,0.7241379310344828,36300.02298850575,117519.0,0.5815573399942853,0.11187324999991688,0.023697167001955677,0.9199487950099865,ok,247107.0,247107.0,6222.881912876318,1135.74197807192,0.3199890823196863,2.0179061541381444,2.785413887729696,0.9704,4.518365554403859,15000,3373.0,11627.0,6,0,,,False,,0.0
GP_Matern52_PI,Acquisition Ablation,1,15,6,150,1,93,6,130417.0,1122347,116690.0,0.47222458287300645,99.98098725949703,1.0,1.0,0.6989247311827957,35995.903225806454,130417.0,0.9485581386719097,0.1365479999985837,0.026981625000189524,1.0834784200087597,ok,247107.0,247107.0,6028.844607732911,1096.1964005956152,0.32299923318440144,1.9974809945459648,2.793114103135782,0.9688,4.512379507140727,15000,3321.0,11679.0,2,4,,,False,,0.6666666666666666
GP_Matern52_PI,Acquisition Ablation,1,16,6,150,1,99,6,130417.0,1122347,116690.0,0.47222458287300645,99.98098725949703,1.0,1.0,0.6565656565656566,33814.333333333336,0.0,0.6728207001439267,0.1266629589990771,0.02533337500062771,1.2354747540084645,ok,247107.0,247107.0,6040.817365114958,1083.8007138451633,0.33299734253572827,1.8644800076856984,2.7545697509160707,0.9678,4.326378275530659,15000,3383.0,11617.0,1,5,,,False,,0.8333333333333334
GP_Matern52_PI,Acquisition Ablation,1,17,6,150,1,105,6,130417.0,1122347,116690.0,0.47222458287300645,99.98098725949703,1.0,1.0,0.6761904761904762,37787.8380952381,117758.0,0.4226740419422661,0.22764879200258292,0.024969541998871136,1.4880930880099186,ok,247107.0,247107.0,6036.901058137144,1059.4975684628873,0.34467734286880525,1.6812101364955305,2.682977031973787,0.9672,4.043137892310283,15000,3367.0,11633.0,6,0,,,False,,0.0
GP_Matern52_PI,Acquisition Ablation,1,18,6,150,1,111,6,136383.0,1043959,110724.0,0.4480811955954303,99.98560932227447,1.0,1.0,0.6936936936936937,39052.05405405405,136383.0,0.41870153183806896,0.11830674999873736,0.02836395800113678,1.6347637960097927,ok,247107.0,247107.0,5894.7691720366165,1037.5740786001963,0.3497735517769084,1.6776443930644873,2.7171720740302705,0.965,4.100678413830142,15000,3440.0,11560.0,6,0,,,False,,0.0
GP_Matern52_PI,Acquisition Ablation,1,19,6,150,1,117,6,136383.0,1043959,110724.0,0.4480811955954303,99.98560932227447,1.0,1.0,0.7008547008547008,39990.8547008547,99183.0,0.8872780217267412,0.16289133299869718,0.028323209000518546,1.8259783380090084,ok,247107.0,247107.0,5853.117134743518,1026.2115235500057,0.35532246571626525,1.6586777676547266,2.710189234771416,0.965,4.081143152975732,15000,3425.0,11575.0,6,0,,,False,,0.0
GP_Matern52_PI,Acquisition Ablation,1,20,6,150,1,123,6,136383.0,1043959,110724.0,0.4480811955954303,99.98560932227447,1.0,1.0,0.6991869918699187,40304.78861788618,104462.0,0.8473535276579507,0.13892225000017788,0.03177816699826508,1.9966787550074514,ok,247107.0,247107.0,5720.125685231619,997.286245350758,0.3556335734936529,1.6919030429600972,2.7530162712779944,0.9584,4.1004247696726015,15000,3353.0,11647.0,4,2,,,False,,0.3333333333333333
GP_Matern52_PI,Acquisition Ablation,1,21,6,150,1,129,6,136383.0,1043959,110724.0,0.4480811955954303,99.98560932227447,1.0,1.0,0.6976744186046512,40816.96899224806,105396.0,0.938240430998292,0.12172187499891152,0.028769917000317946,2.147170547006681,ok,247107.0,247107.0,5732.738200045001,982.894111933837,0.3649917971759585,1.548231703023015,2.737654287839955,0.9552,3.9741929865077066,15000,3395.0,11605.0,4,2,,,False,,0.3333333333333333
GP_Matern52_PI,Acquisition Ablation,1,22,6,150,1,135,6,154377.0,1121588,92730.0,0.3752625380907866,99.99357500493348,1.0,1.0,0.7111111111111111,42905.85925925926,154377.0,0.3850630709081528,0.29430491699895356,0.033053957999072736,2.474529422004707,ok,247107.0,247107.0,5572.192547154577,964.9627243321121,0.3578911885798619,1.5896182836302184,2.73377351215307,0.9578,4.064251158387333,15000,3398.0,11602.0,6,0,,,False,,0.0
GP_Matern52_PI,Acquisition Ablation,1,23,6,150,1,141,6,154377.0,1121588,92730.0,0.3752625380907866,99.99357500493348,1.0,1.0,0.6808510638297872,41080.0780141844,0.0,0.9270776378627609,0.2384917499985022,0.03202291599882301,2.7450440880020324,ok,247107.0,247107.0,5556.928771351982,961.8361139644325,0.35893217776582287,1.5838852769385736,2.7363235227222846,0.9582,4.079059486589774,15000,3378.0,11622.0,0,6,,,False,,1.0
GP_Matern52_PI,Acquisition Ablation,1,24,6,150,1,147,6,154377.0,1121588,92730.0,0.3752625380907866,99.99357500493348,1.0,1.0,0.6938775510204082,43624.3537414966,111768.0,0.4177996757205841,0.25540100000216626,0.034895791999588255,3.035340880003787,ok,247107.0,247107.0,5579.432719486202,957.9289621750085,0.36268416980399076,1.4519487579714594,2.679786978649335,0.9572,3.8848946568417553,15000,3337.0,11663.0,6,0,,,False,,0.0
GP_Matern52_PI,Acquisition Ablation,1,25,6,150,1,150,3,163429.0,1043472,83678.0,0.33863063369309654,99.99595159749634,1.0,1.0,0.7,45481.46666666667,163429.0,0.26722046726303966,0.3804833750000398,0.03234083400093368,3.4481650890047604,ok,247107.0,247107.0,5592.196458537614,966.277870983104,0.36299063862457337,1.447298492435422,2.715906909949942,0.9546,3.8864578518077515,15000,3303.0,11697.0,3,0,,,False,,0.0
GP_Matern52_PI,Acquisition Ablation,2,0,6,150,1,3,3,0.0,2729609,247107.0,1.0,93.70319341923158,0.0,0.0,0.0,0.0,0.0,0.47049671902245843,0.0,0.0,0.0,initial,247107.0,247107.0,,,,,,,,0,,,0,3,,,False,,1.0
GP_Matern52_PI,Acquisition Ablation,2,1,6,150,1,9,6,17589.0,1471759,229518.0,0.9288203086112494,97.57458075268161,0.0,0.0,0.1111111111111111,1954.3333333333333,17589.0,1.2055309120508098,6.841700087534264e-05,0.008713707997230813,0.008782124998106156,constant_target_fallback,247107.0,247107.0,7992.336081909969,1363.7274,0.0,0.8102606103318564,3.884107341202348,0.9316,1.0,15000,3295.0,11705.0,2,4,,,False,,0.6666666666666666
GP_Matern52_PI,Acquisition Ablation,2,2,6,150,1,15,6,17589.0,1471759,229518.0,0.9288203086112494,97.57458075268161,0.0,0.0,0.26666666666666666,2291.266666666667,12567.0,0.5142898455388836,0.0136405420016672,0.012079791002179263,0.03450245800195262,ok,247107.0,247107.0,9066.237594572494,2726.044811007889,0.01000104752779914,2.4573184036543347,59.8723556773098,0.7156,1.3300905904962312,15000,3400.0,11600.0,4,2,,,False,,0.3333333333333333
GP_Matern52_PI,Acquisition Ablation,2,3,6,150,1,21,6,17589.0,1471759,229518.0,0.9288203086112494,97.57458075268161,0.0,0.0,0.38095238095238093,3253.0476190476193,11184.0,0.5658403155954704,0.01704091600186075,0.013275457997224294,0.06481883200103766,ok,247107.0,247107.0,7948.0120285134535,1375.8864857123356,0.07568891130218915,1.5656242556058306,3.0129684419986362,0.943,3.1835414585115394,15000,3314.0,11686.0,4,2,,,False,,0.3333333333333333
GP_Matern52_PI,Acquisition Ablation,2,4,6,150,1,27,6,43008.0,880590,204099.0,0.8259539389818985,99.02343353047578,1.0,0.0,0.5185185185185185,8956.814814814816,43008.0,0.3141869906941946,0.012684958001045743,0.015034791998914443,0.09253858200099785,ok,247107.0,247107.0,7944.390447918009,1364.9939587184347,0.04321620022568381,1.9423319696825776,2.6306715792259876,0.9792,3.5969893074077133,15000,3292.0,11708.0,6,0,,,False,,0.0
GP_Matern52_PI,Acquisition Ablation,2,5,6,150,1,33,6,43008.0,880590,204099.0,0.8259539389818985,99.02343353047578,1.0,0.0,0.5151515151515151,11007.848484848484,42957.0,0.3925279609697047,0.028989334001380485,0.01585358299780637,0.1373814990001847,ok,247107.0,247107.0,7899.465494713446,1358.8747577894053,0.13995989325346858,1.917524585341256,2.6746467827264038,0.9814,4.197938278325168,15000,3367.0,11633.0,6,0,,,False,,0.0
GP_Matern52_PI,Acquisition Ablation,2,6,6,150,1,39,6,64592.0,1135636,182515.0,0.738607162079585,99.63942993247855,1.0,0.0,0.5897435897435898,15184.0,64592.0,0.35874829587901413,0.02663770800063503,0.017430749998311512,0.18144995699913125,ok,247107.0,247107.0,7246.39034312849,1249.8884632893835,0.18162877919166243,2.1695758025494385,3.0616649355095715,0.9718,3.9988671966922236,15000,3407.0,11593.0,6,0,,,False,,0.0
GP_Matern52_PI,Acquisition Ablation,2,7,6,150,1,45,6,67764.0,1309070,179343.0,0.7257706175867135,99.67725872996205,1.0,0.0,0.6444444444444445,19240.066666666666,67764.0,0.3873705229074112,0.07397420800043619,0.03260283299823641,0.28802699799780385,ok,247107.0,247107.0,7457.831838304822,1262.0602936255648,0.2095748833006495,2.0006920981277094,2.899190750789167,0.9648,4.5371503858076485,15000,3251.0,11749.0,6,0,,,False,,0.0
GP_Matern52_PI,Acquisition Ablation,2,8,6,150,1,51,6,112217.0,1139962,134890.0,0.5458768873403019,99.95155029230449,1.0,1.0,0.6862745098039216,24601.725490196077,112217.0,0.37373571091817326,0.03573750000214204,0.02171983299922431,0.3454843309991702,ok,247107.0,247107.0,7040.869384588463,1235.4479231102334,0.18090864857707603,2.0450851115499877,2.974638780130589,0.9544,4.5936708822780306,15000,3319.0,11681.0,6,0,,,False,,0.0
GP_Matern52_PI,Acquisition Ablation,2,9,6,150,1,57,6,117020.0,967625,130087.0,0.5264399632547844,99.96415442803448,1.0,1.0,0.6842105263157895,29768.263157894737,117020.0,0.8326732582801106,0.046119750000798376,0.0225200839995523,0.41412416499952087,ok,247107.0,247107.0,6923.870412956757,1255.643526431931,0.15755734854563483,2.2677983394653225,2.9685041947516333,0.965,4.791653557065387,15000,3409.0,11591.0,4,2,,,False,,0.3333333333333333
GP_Matern52_PI,Acquisition Ablation,2,10,6,150,1,63,6,117020.0,967625,130087.0,0.5264399632547844,99.96415442803448,1.0,1.0,0.6190476190476191,26933.190476190477,0.0,0.9264470315909907,0.05182033299934119,0.020538417000352638,0.4864829149992147,ok,247107.0,247107.0,6729.376133379333,1193.9588343050102,0.17376989775688528,2.174766871933867,2.950796975281294,0.9644,4.72653554564298,15000,3277.0,11723.0,0,6,,,False,,1.0
GP_Matern52_PI,Acquisition Ablation,2,11,6,150,1,69,6,117020.0,967625,130087.0,0.5264399632547844,99.96415442803448,1.0,1.0,0.5942028985507246,26176.028985507248,107704.0,0.5195105111935802,0.0412743330016383,0.02548616599960951,0.5532434140004625,ok,247107.0,247107.0,6581.532733170196,1130.7131675627581,0.19988844326899788,2.007745695491077,2.9725660029669,0.9576,4.334499229760727,15000,3353.0,11647.0,2,4,,,False,,0.6666666666666666
GP_Matern52_PI,Acquisition Ablation,2,12,6,150,1,75,6,117818.0,1223118,129289.0,0.5232105929819876,99.96577706709465,1.0,1.0,0.6266666666666667,29741.213333333333,117818.0,0.6162259515121205,0.06938962500134949,0.022455416998127475,0.6450884559999395,ok,247107.0,247107.0,7816.999011364559,1197.2574659161903,0.3325337813703673,1.865473259273419,2.812288063968105,0.9682,5.2185238288361795,15000,3346.0,11654.0,6,0,,,False,,0.0
GP_Matern52_PI,Acquisition Ablation,2,13,6,150,1,81,6,158309.0,879433,88798.0,0.3593504028619181,99.994689544894,1.0,1.0,0.654320987654321,33675.25925925926,158309.0,0.3288485028598018,0.05893975000071805,0.022693457998684607,0.7267216639993421,ok,247107.0,247107.0,6152.787245148939,1077.2798327163632,0.28758516931640554,1.8784667639110488,2.7859637376581188,0.974,5.123359042308661,15000,3390.0,11610.0,6,0,,,False,,0.0
GP_Matern52_PI,Acquisition Ablation,2,14,6,150,1,87,6,158309.0,879433,88798.0,0.3593504028619181,99.994689544894,1.0,1.0,0.6781609195402298,35498.64367816092,112629.0,0.6801240614857825,0.08896124999955646,0.023495166999055073,0.8391780809979537,ok,247107.0,247107.0,6284.82055282756,1093.0453763580222,0.29506637281612114,1.8665742361402826,2.796233256413725,0.9684,5.140586351015315,15000,3348.0,11652.0,6,0,,,False,,0.0
GP_Matern52_PI,Acquisition Ablation,2,15,6,150,1,93,6,158309.0,879433,88798.0,0.3593504028619181,99.994689544894,1.0,1.0,0.6559139784946236,33627.16129032258,22205.0,0.8680455133206019,0.0989694590025465,0.021965500000078464,0.9601130400005786,ok,247107.0,247107.0,6270.168278401105,1087.3949289758089,0.29500398104109604,1.888588858738824,2.8197671171889818,0.9624,5.145225518945334,15000,3395.0,11605.0,2,4,,,False,,0.6666666666666666
GP_Matern52_PI,Acquisition Ablation,2,16,6,150,1,99,6,158309.0,879433,88798.0,0.3593504028619181,99.994689544894,1.0,1.0,0.6464646464646465,34950.89898989899,141345.0,0.8916139002372051,0.11371345799852861,0.02403033299924573,1.097856830998353,ok,247107.0,247107.0,6263.426990233343,1083.8240856229704,0.31314017578723596,1.7674646304360437,2.7557628748437457,0.963,4.798561265384399,15000,3399.0,11601.0,4,2,,,False,,0.3333333333333333
GP_Matern52_PI,Acquisition Ablation,2,17,6,150,1,105,6,158309.0,879433,88798.0,0.3593504028619181,99.994689544894,1.0,1.0,0.6666666666666666,37214.12380952381,110475.0,0.5190008167906847,0.07979666700339294,0.025493291999737266,1.2031467900014832,ok,247107.0,247107.0,6052.561875228118,1055.1321800134263,0.3339191242444957,1.6857933592691796,2.7530287369128805,0.963,4.914190866070752,15000,3344.0,11656.0,6,0,,,False,,0.0
GP_Matern52_PI,Acquisition Ablation,2,18,6,150,1,111,6,158309.0,879433,88798.0,0.3593504028619181,99.994689544894,1.0,1.0,0.6756756756756757,35977.45045045045,33452.0,0.5291015441127535,0.13270541699966998,0.02818166700308211,1.3640338740042353,ok,247107.0,247107.0,5913.248948288386,1033.368737237357,0.34064731730665226,1.653017764105367,2.721362926753102,0.9644,4.79812079021388,15000,3399.0,11601.0,5,1,,,False,,0.16666666666666666
GP_Matern52_PI,Acquisition Ablation,2,19,6,150,1,117,6,158309.0,879433,88798.0,0.3593504028619181,99.994689544894,1.0,1.0,0.6923076923076923,34800.017094017094,22183.0,0.2257212966585551,0.11703983299958054,0.02994395800124039,1.5110176650050562,ok,247107.0,247107.0,9444.81955579955,1225.8243166106881,0.3415253361626908,1.675757332716342,2.720561513357731,0.9756,5.032997034641831,15000,3311.0,11689.0,6,0,,,False,,0.0
GP_Matern52_PI,Acquisition Ablation,2,20,6,150,1,123,6,158309.0,879433,88798.0,0.3593504028619181,99.994689544894,1.0,1.0,0.7073170731707317,35837.50406504065,126192.0,0.34618467259540525,0.11495645900140516,0.027715207997971447,1.6536893320044328,ok,247107.0,247107.0,5858.645820721063,1003.3904577366136,0.342525050521939,1.664310681299142,2.70608611826402,0.9748,4.976724953327118,15000,3304.0,11696.0,6,0,,,False,,0.0
GP_Matern52_PI,Acquisition Ablation,2,21,6,150,1,129,6,158309.0,879433,88798.0,0.3593504028619181,99.994689544894,1.0,1.0,0.6976744186046512,36812.0,142464.0,1.0189294002483782,0.12082429200017941,0.027289416000712663,1.8018030400053249,ok,247107.0,247107.0,5938.982425016149,1013.2307913967217,0.3370245681133923,1.6651378384872875,2.7182774847166984,0.9724,4.997774916293869,15000,3337.0,11663.0,3,3,,,False,,0.5
GP_Matern52_PI,Acquisition Ablation,2,22,6,150,1,135,6,158309.0,879433,88798.0,0.3593504028619181,99.994689544894,1.0,1.0,0.7037037037037037,37216.770370370374,78615.0,0.581132724419306,0.1609138330022688,0.031087000003026333,1.99380387301062,ok,247107.0,247107.0,5887.141864765333,1007.1213114805479,0.3468398943921648,1.598454680359898,2.6888053530320883,0.9692,4.8240347660571965,15000,3374.0,11626.0,5,1,,,False,,0.16666666666666666
GP_Matern52_PI,Acquisition Ablation,2,23,6,150,1,141,6,158309.0,879433,88798.0,0.3593504028619181,99.994689544894,1.0,1.0,0.7163120567375887,38723.46808510638,154791.0,0.42477070350587776,0.20583437500317814,0.030634167000243906,2.230272415014042,ok,247107.0,247107.0,6089.399334328365,1036.9601225984156,0.3487997168696608,1.5759916171876103,2.689498318445947,0.9688,4.787027244368578,15000,3325.0,11675.0,6,0,,,False,,0.0
GP_Matern52_PI,Acquisition Ablation,2,24,6,150,1,147,6,158309.0,879433,88798.0,0.3593504028619181,99.994689544894,1.0,1.0,0.7210884353741497,40397.319727891154,138679.0,0.8386259441363596,0.1815487910025695,0.0347797080030432,2.4466009140196547,ok,247107.0,247107.0,6073.413175329289,1033.8076926479007,0.34699133680751243,1.5944225485111583,2.7029029943479763,0.9672,4.829441345184096,15000,3452.0,11548.0,5,1,,,False,,0.16666666666666666
GP_Matern52_PI,Acquisition Ablation,2,25,6,150,1,150,3,158309.0,879433,88798.0,0.3593504028619181,99.994689544894,1.0,1.0,0.7266666666666667,40851.386666666665,103326.0,0.42172493113882664,0.18812837499717716,0.029128875001333654,2.6638581640181656,ok,247107.0,247107.0,5990.48234041277,1027.135317566822,0.3499579001793685,1.58458594798258,2.699715393067822,0.9666,4.7993951180231,15000,3334.0,11666.0,3,0,,,False,,0.0
GP_Matern52_PI,Acquisition Ablation,3,0,6,150,1,3,3,0.0,409668,247107.0,1.0,93.70319341923158,0.0,0.0,0.0,0.0,0.0,1.0055793833043412,0.0,0.0,0.0,initial,247107.0,247107.0,,,,,,,,0,,,0,3,,,False,,1.0
GP_Matern52_PI,Acquisition Ablation,3,1,6,150,1,9,6,33849.0,1653487,213258.0,0.8630188541805777,98.58587825421084,0.0,0.0,0.3333333333333333,5217.111111111111,33849.0,0.806234223397502,6.833299994468689e-05,0.00788437500159489,0.007952708001539577,constant_target_fallback,247107.0,247107.0,7909.099054228617,1427.68,0.0,0.8171530915714472,3.9560373352279044,0.932,1.0,15000,3394.0,11606.0,3,3,,,False,,0.5
GP_Matern52_PI,Acquisition Ablation,3,2,6,150,1,15,6,56166.0,968321,190941.0,0.7727057509499933,99.48962264954996,1.0,0.0,0.4666666666666667,8982.866666666667,56166.0,0.29376300423123447,0.009466416002396727,0.01081920800061198,0.028238332004548283,ok,247107.0,247107.0,8347.155717458041,1852.7274980280772,0.1434686900430772,1.8053879254637895,17.931384990657545,0.9244,2.864916279447834,15000,3325.0,11675.0,4,2,,,False,,0.3333333333333333
GP_Matern52_PI,Acquisition Ablation,3,3,6,150,1,21,6,100700.0,1131147,146407.0,0.5924842274804032,99.90213355729031,1.0,1.0,0.5714285714285714,16383.52380952381,100700.0,0.4754436016119322,0.013622000002214918,0.015893083000264596,0.0577534150070278,ok,247107.0,247107.0,10722.057851220086,2907.3461805849797,0.40034460236009695,2.3611156753314426,8.629809279898923,0.6492,1.5086103915950542,15000,3330.0,11670.0,4,2,,,False,,0.3333333333333333
GP_Matern52_PI,Acquisition Ablation,3,4,6,150,1,27,6,100700.0,1131147,146407.0,0.5924842274804032,99.90213355729031,1.0,1.0,0.6666666666666666,21942.185185185186,52278.0,0.21516346975698383,0.012258124999789288,0.016429499999503605,0.08644104000632069,ok,247107.0,247107.0,7778.150929196439,1723.0091704992444,0.21352425049413218,2.636217532269354,3.0020094692512345,0.9608,4.429418080954462,15000,3316.0,11684.0,6,0,,,False,,0.0
GP_Matern52_PI,Acquisition Ablation,3,5,6,150,1,33,6,103672.0,952491,143435.0,0.5804570489706888,99.9166881379512,1.0,1.0,0.7272727272727273,26942.666666666668,103672.0,0.6980387348722715,0.017593125001440058,0.020941833998222137,0.12497599900598289,ok,247107.0,247107.0,7054.037543626285,2057.725547532968,0.17920040799391382,2.9581630275639395,3.2895630588624605,0.925,4.25040207791179,15000,3268.0,11732.0,6,0,,,False,,0.0
GP_Matern52_PI,Acquisition Ablation,3,6,6,150,1,39,6,109179.0,694973,137928.0,0.5581711566244583,99.94109328502786,1.0,1.0,0.717948717948718,31644.923076923078,109179.0,0.4810308732283468,0.03941287500128965,0.017742667001584778,0.1821315410088573,ok,247107.0,247107.0,8856.84617284002,2239.9929508578193,0.27612982571270067,2.375899154853024,3.420485699453333,0.8972,3.8091101516436887,15000,3347.0,11653.0,4,2,,,False,,0.3333333333333333
GP_Matern52_PI,Acquisition Ablation,3,7,6,150,1,45,6,109179.0,694973,137928.0,0.5581711566244583,99.94109328502786,1.0,1.0,0.7555555555555555,31066.17777777778,49305.0,0.33293186539428105,0.034150333998695714,0.01821895799730555,0.23450083300485858,ok,247107.0,247107.0,55787.46402616129,5626.487144090242,0.3817569808109697,1.9924377849397166,3.0188188138673104,0.9224,4.163903510276417,15000,3347.0,11653.0,6,0,,,False,,0.0
GP_Matern52_PI,Acquisition Ablation,3,8,6,150,1,51,6,109179.0,694973,137928.0,0.5581711566244583,99.94109328502786,1.0,1.0,0.7647058823529411,34713.76470588235,89581.0,0.39062175201422283,0.03090620799775934,0.02052808300140896,0.2859351240040269,ok,247107.0,247107.0,7390.883025930034,1541.605132765538,0.37071597901552716,2.0167159453172303,2.969984829632286,0.9234,4.009904537514258,15000,3375.0,11625.0,6,0,,,False,,0.0
GP_Matern52_PI,Acquisition Ablation,3,9,6,150,1,57,6,215200.0,690434,31907.0,0.12912220212296696,99.99926243679084,1.0,1.0,0.7894736842105263,44417.52631578947,215200.0,0.30020096475118463,0.051409874999080785,0.019191291998140514,0.3565362910012482,ok,247107.0,247107.0,5936.741039860607,1437.2800282671717,0.361217165683156,2.6797892829854644,3.019026173226985,0.9486,4.645445089321799,15000,3398.0,11602.0,6,0,,,False,,0.0
GP_Matern52_PI,Acquisition Ablation,3,10,6,150,1,63,6,215200.0,690434,31907.0,0.12912220212296696,99.99926243679084,1.0,1.0,0.8095238095238095,42959.079365079364,94764.0,0.5114295166068957,0.03881358299986459,0.02115391600091243,0.4165037900020252,ok,247107.0,247107.0,5014.322578916812,1293.0062851864282,0.3724978306340379,2.57757321698492,3.002190302187685,0.9494,4.7382129696082655,15000,3366.0,11634.0,6,0,,,False,,0.0
GP_Matern52_PI,Acquisition Ablation,3,11,6,150,1,69,6,215200.0,690434,31907.0,0.12912220212296696,99.99926243679084,1.0,1.0,0.8115942028985508,42048.115942028984,109831.0,0.6588713338581402,0.06903929200052517,0.023304541999095818,0.5088476240016462,ok,247107.0,247107.0,4894.577087103711,1316.2907323223728,0.37063696371349397,2.6368419994557373,3.0522518361520086,0.9368,4.599869448953379,15000,3321.0,11679.0,5,1,,,False,,0.16666666666666666
GP_Matern52_PI,Acquisition Ablation,3,12,6,150,1,75,6,215200.0,690434,31907.0,0.12912220212296696,99.99926243679084,1.0,1.0,0.7733333333333333,41295.693333333336,116000.0,0.7597150718717726,0.1179422089990112,0.022381457998562837,0.6491712909992202,ok,247107.0,247107.0,4992.073124480702,1219.2972449836977,0.34939175704683234,2.3073725927399305,2.9844591033053978,0.94,4.7205767763621935,15000,3307.0,11693.0,2,4,,,False,,0.6666666666666666
GP_Matern52_PI,Acquisition Ablation,3,13,6,150,1,81,6,215200.0,690434,31907.0,0.12912220212296696,99.99926243679084,1.0,1.0,0.7901234567901234,42793.50617283951,130383.0,0.48576305203353737,0.06327708299795631,0.022877333998621907,0.7353257079957984,ok,247107.0,247107.0,4703.252926304901,1151.619527465331,0.3466681660998509,2.247872921781173,2.9539465773888267,0.9404,4.568454294396574,15000,3333.0,11667.0,6,0,,,False,,0.0
GP_Matern52_PI,Acquisition Ablation,3,14,6,150,1,87,6,215200.0,690434,31907.0,0.12912220212296696,99.99926243679084,1.0,1.0,0.7816091954022989,39924.057471264365,2026.0,0.3375006223395861,0.0707656250015134,0.02115787500224542,0.8272492079995573,ok,247107.0,247107.0,4703.328423649004,1128.1118389849287,0.3525907931422546,2.067245912739637,2.927788743098961,0.9448,4.679916167846847,15000,3387.0,11613.0,4,2,,,False,,0.3333333333333333
GP_Matern52_PI,Acquisition Ablation,3,15,6,150,1,93,6,215200.0,690434,31907.0,0.12912220212296696,99.99926243679084,1.0,1.0,0.7741935483870968,39725.18279569892,83846.0,0.6830741088569052,0.08538033399963751,0.025086917001317488,0.9377164590005123,ok,247107.0,247107.0,4799.932470351397,1021.9383757507159,0.3724745861161551,1.8189039958566928,2.8701589380687675,0.9548,4.847409547769502,15000,3296.0,11704.0,4,2,,,False,,0.3333333333333333
GP_Matern52_PI,Acquisition Ablation,3,16,6,150,1,99,6,215200.0,690434,31907.0,0.12912220212296696,99.99926243679084,1.0,1.0,0.7575757575757576,38393.707070707074,46996.0,0.819219940608621,0.10221412499959115,0.024869583001418505,1.064800167001522,ok,247107.0,247107.0,4743.462264470098,931.6056478518948,0.38706313041763474,1.7362496873385702,2.844106068805412,0.9536,4.879971926925546,15000,3305.0,11695.0,3,3,,,False,,0.5
GP_Matern52_PI,Acquisition Ablation,3,17,6,150,1,105,6,215200.0,690434,31907.0,0.12912220212296696,99.99926243679084,1.0,1.0,0.7714285714285715,41231.1619047619,106619.0,0.5440694285066201,0.15080554200176266,0.026655749999918044,1.2422614590032026,ok,247107.0,247107.0,4384.413640906332,883.2645009943293,0.3861199922164133,1.6670287597503877,2.804602006590498,0.9516,4.644367107491226,15000,3335.0,11665.0,6,0,,,False,,0.0
GP_Matern52_PI,Acquisition Ablation,3,18,6,150,1,111,6,215200.0,690434,31907.0,0.12912220212296696,99.99926243679084,1.0,1.0,0.7657657657657657,41612.81981981982,120392.0,1.0522737242106626,0.09946975000275415,0.027048209001804935,1.3687794180077617,ok,247107.0,247107.0,4176.128887091327,855.6967285423628,0.3870313764021603,1.6600470201844786,2.836640250265026,0.948,4.6399830570716585,15000,3277.0,11723.0,4,2,,,False,,0.3333333333333333
GP_Matern52_PI,Acquisition Ablation,3,19,6,150,1,117,6,215200.0,690434,31907.0,0.12912220212296696,99.99926243679084,1.0,1.0,0.7350427350427351,39526.794871794875,5612.0,0.8386581327058964,0.10469025000202237,0.028479124997829786,1.5019487930076139,ok,247107.0,247107.0,3735.6672123205876,787.9497889331327,0.4017336363652564,1.660680626687605,2.8098364375927782,0.9544,4.622887414256334,15000,3321.0,11679.0,1,5,,,False,,0.8333333333333334
GP_Matern52_PI,Acquisition Ablation,3,20,6,150,1,123,6,215200.0,690434,31907.0,0.12912220212296696,99.99926243679084,1.0,1.0,0.7317073170731707,39101.58536585366,91739.0,1.1210454539304275,0.14366158399934648,0.034892042000137735,1.680502419007098,ok,247107.0,247107.0,3785.651346722072,773.5780371794942,0.4069196714408952,1.5537642896636037,2.760964327730182,0.9528,4.3691277636478585,15000,3425.0,11575.0,4,2,,,False,,0.3333333333333333
GP_Matern52_PI,Acquisition Ablation,3,21,6,150,1,129,6,215200.0,690434,31907.0,0.12912220212296696,99.99926243679084,1.0,1.0,0.7131782945736435,39207.41860465116,139921.0,1.0226685834318343,0.15783229200314963,0.027918750001845183,1.8662534610120929,ok,247107.0,247107.0,3883.1215259147616,800.1832572638541,0.40295790927236497,1.4895854568746947,2.755055881797456,0.9436,4.049873354350677,15000,3385.0,11615.0,2,4,,,False,,0.6666666666666666
GP_Matern52_PI,Acquisition Ablation,3,22,6,150,1,135,6,221080.0,604276,26027.0,0.10532684221814842,99.99977053589049,1.0,1.0,0.7185185185185186,41840.503703703704,221080.0,0.5859002633763445,0.3047063750018424,0.031444542000826914,2.202404378014762,ok,247107.0,247107.0,3650.308147916304,752.7380255169634,0.40839886740349296,1.4638884017525193,2.73176155721537,0.9472,4.029791296966935,15000,3360.0,11640.0,5,1,,,False,,0.16666666666666666
GP_Matern52_PI,Acquisition Ablation,3,23,6,150,1,141,6,221080.0,604276,26027.0,0.10532684221814842,99.99977053589049,1.0,1.0,0.7304964539007093,41995.97163120568,107732.0,0.35211617104544923,0.2610422910001944,0.031398541999806184,2.4948452110147628,ok,247107.0,247107.0,4872.915304312168,984.7034012761768,0.380177525555079,1.5113984714005078,2.7378937880153664,0.9438,3.9985569252300213,15000,3282.0,11718.0,6,0,,,False,,0.0
GP_Matern52_PI,Acquisition Ablation,3,24,6,150,1,147,6,221080.0,604276,26027.0,0.10532684221814842,99.99977053589049,1.0,1.0,0.7414965986394558,42768.04081632653,218753.0,0.47055817777375414,0.31792270799996913,0.0382463749992894,2.8510142940140213,ok,247107.0,247107.0,4707.551098406074,937.7798204826813,0.38663331340096374,1.50417293513074,2.7240205621845766,0.9472,4.035164309622471,15000,3359.0,11641.0,6,0,,,False,,0.0
GP_Matern52_PI,Acquisition Ablation,3,25,6,150,1,150,3,221080.0,604276,26027.0,0.10532684221814842,99.99977053589049,1.0,1.0,0.74,43028.86666666667,97581.0,1.0932781892193757,0.33148645799883525,0.030591124999773456,3.21309187701263,ok,247107.0,247107.0,4478.475558509985,894.6122964755492,0.3936814158451103,1.4664703361408729,2.689805481476069,0.9528,4.06107167230234,15000,3259.0,11741.0,2,1,,,False,,0.3333333333333333
GP_Matern52_PI,Acquisition Ablation,4,0,6,150,1,3,3,0.0,3806703,247107.0,1.0,93.70319341923158,0.0,0.0,0.0,0.0,0.0,0.8989998979021484,0.0,0.0,0.0,initial,247107.0,247107.0,,,,,,,,0,,,1,2,,,False,,0.6666666666666666
GP_Matern52_PI,Acquisition Ablation,4,1,6,150,1,9,6,0.0,3806703,247107.0,1.0,93.70319341923158,0.0,0.0,0.0,0.0,0.0,0.9024484222891002,8.058299863478169e-05,0.009903124999254942,0.009983707997889724,constant_target_fallback,247107.0,247107.0,8775.797842190761,1529.645,0.0,0.8104050858432441,3.93666540770458,0.9332,1.0,15000,3299.0,11701.0,1,5,,,False,,0.8333333333333334
GP_Matern52_PI,Acquisition Ablation,4,2,6,150,1,15,6,0.0,3806703,247107.0,1.0,93.70319341923158,0.0,0.0,0.0,0.0,0.0,0.94496356097181,6.90829983795993e-05,0.010288040997693315,0.020340831993962638,constant_target_fallback,247107.0,247107.0,8775.797842190761,1529.645,0.0,0.8104050858432441,3.93666540770458,0.9332,1.0,15000,3350.0,11650.0,1,5,,,False,,0.8333333333333334
GP_Matern52_PI,Acquisition Ablation,4,3,6,150,1,21,6,0.0,3806703,247107.0,1.0,93.70319341923158,0.0,0.0,0.0,0.0,0.0,0.8835023002997018,7.399999958579428e-05,0.011265082997852005,0.03167991499140044,constant_target_fallback,247107.0,247107.0,8775.797842190761,1529.645,0.0,0.8104050858432441,3.93666540770458,0.9332,1.0,15000,3301.0,11699.0,0,6,,,False,,1.0
GP_Matern52_PI,Acquisition Ablation,4,4,6,150,1,27,6,36581.0,1209975,210526.0,0.8519629148506518,98.7096577510026,0.0,0.0,0.037037037037037035,1354.851851851852,36581.0,0.9528201139493466,6.016600309521891e-05,0.011840292001579655,0.04358037299607531,constant_target_fallback,247107.0,247107.0,8775.797842190761,1529.645,0.0,0.8104050858432441,3.93666540770458,0.9332,1.0,15000,3387.0,11613.0,2,4,,,False,,0.6666666666666666
GP_Matern52_PI,Acquisition Ablation,4,5,6,150,1,33,6,124940.0,1035391,122167.0,0.49438907032176344,99.97567680439103,1.0,1.0,0.21212121212121213,17645.515151515152,124940.0,0.30480581506923693,0.014409667001018533,0.015891750001173932,0.07388178999826778,ok,247107.0,247107.0,10591.977629040495,2286.6890434359184,0.38963427677089135,0.9355600373976831,5.644259264922891,0.7972,0.5610413805592824,15000,3317.0,11683.0,6,0,,,False,,0.0
GP_Matern52_PI,Acquisition Ablation,4,6,6,150,1,39,6,124940.0,1035391,122167.0,0.49438907032176344,99.97567680439103,1.0,1.0,0.3076923076923077,23354.333333333332,88238.0,0.30491800018304244,0.02220412500173552,0.019865792000928195,0.11595170700093149,ok,247107.0,247107.0,9232.956587474459,1854.8617341388167,0.3941172654664874,0.9385634621644967,5.851061284408519,0.8068,0.6982244405881236,15000,3371.0,11629.0,5,1,,,False,,0.16666666666666666
GP_Matern52_PI,Acquisition Ablation,4,7,6,150,1,45,6,145704.0,864576,101403.0,0.410360693950394,99.99078865503218,1.0,1.0,0.35555555555555557,31891.844444444443,145704.0,0.15428972671630672,0.025861000001896173,0.01773620799940545,0.15954891500223312,ok,247107.0,247107.0,8034.999939732358,1463.3001621286348,0.4134657247772753,0.8353817547036304,2.4670722528863966,0.8934,1.4555345862499864,15000,3355.0,11645.0,5,1,,,False,,0.16666666666666666
GP_Matern52_PI,Acquisition Ablation,4,8,6,150,1,51,6,145704.0,864576,101403.0,0.410360693950394,99.99078865503218,1.0,1.0,0.43137254901960786,36085.01960784314,108262.0,0.4211329240711592,0.08569037499910337,0.020563041001878446,0.26580233100321493,ok,247107.0,247107.0,7085.416813008895,1270.2098510772796,0.3622148254411903,1.2891177952046435,2.273195709640513,0.9838,3.0476348586613655,15000,3290.0,11710.0,6,0,,,False,,0.0
GP_Matern52_PI,Acquisition Ablation,4,9,6,150,1,57,6,145704.0,864576,101403.0,0.410360693950394,99.99078865503218,1.0,1.0,0.49122807017543857,40113.771929824565,108493.0,0.3775814852532477,0.06303333300093072,0.021688583001377992,0.35052424700552365,ok,247107.0,247107.0,7074.141839816898,1274.3772188507292,0.3506783602189963,1.356687017627093,2.3206226160301653,0.9784,3.1942717059559165,15000,3339.0,11661.0,6,0,,,False,,0.0
GP_Matern52_PI,Acquisition Ablation,4,10,6,150,1,63,6,145704.0,864576,101403.0,0.410360693950394,99.99078865503218,1.0,1.0,0.5396825396825397,42726.36507936508,111421.0,0.3060249082977355,0.05021512500024983,0.022847125001135282,0.42358649700690876,ok,247107.0,247107.0,6866.945916004355,1238.2995061097515,0.3466647639176338,1.362799648501719,2.336696067423499,0.9766,3.283315612052222,15000,3363.0,11637.0,6,0,,,False,,0.0
GP_Matern52_PI,Acquisition Ablation,4,11,6,150,1,69,6,145704.0,864576,101403.0,0.410360693950394,99.99078865503218,1.0,1.0,0.5217391304347826,42787.333333333336,130452.0,1.2741758647060335,0.0775002919981489,0.024593499998445623,0.5256802890035033,ok,247107.0,247107.0,6927.290183934453,1252.000254770336,0.32106560155189134,1.4510170814158696,2.4112464624009853,0.9702,3.4036453260581467,15000,3291.0,11709.0,2,4,,,False,,0.6666666666666666
GP_Matern52_PI,Acquisition Ablation,4,12,6,150,1,75,6,145704.0,864576,101403.0,0.410360693950394,99.99078865503218,1.0,1.0,0.49333333333333335,40964.88,120040.0,0.8516493093171229,0.16499499999918044,0.024714458999369526,0.7153897480020532,ok,247107.0,247107.0,6868.883341448512,1220.4350570511301,0.37588691102434435,1.2064840002175947,2.3321650243142487,0.9656,3.2112314037689322,15000,3441.0,11559.0,1,5,,,False,,0.8333333333333334
GP_Matern52_PI,Acquisition Ablation,4,13,6,150,1,81,6,145704.0,864576,101403.0,0.410360693950394,99.99078865503218,1.0,1.0,0.49382716049382713,41828.87654320987,113400.0,1.039184598444837,0.10577420800109394,0.024186041999200825,0.845349998002348,ok,247107.0,247107.0,6928.918867890013,1230.6738149700973,0.3611992864235939,1.1059968802777629,2.304547575792607,0.9482,2.9629238617107263,15000,3359.0,11641.0,4,2,,,False,,0.3333333333333333
GP_Matern52_PI,Acquisition Ablation,4,14,6,150,1,87,6,145704.0,864576,101403.0,0.410360693950394,99.99078865503218,1.0,1.0,0.5287356321839081,44720.26436781609,134114.0,0.3953148399579468,0.08352966600068612,0.024209250001149485,0.9530889140041836,ok,247107.0,247107.0,6857.437263124572,1212.5305238856226,0.3635985801129001,1.0988650733997707,2.284541749213564,0.9486,2.880993250563,15000,3278.0,11722.0,6,0,,,False,,0.0
GP_Matern52_PI,Acquisition Ablation,4,15,6,150,1,93,6,145704.0,864576,101403.0,0.410360693950394,99.99078865503218,1.0,1.0,0.5161290322580645,44212.95698924731,112082.0,1.1028968181452554,0.10149679199821549,0.026553416999377077,1.0811391230017762,ok,247107.0,247107.0,6834.678979522901,1209.4051083130528,0.34894674167142903,1.131664196380525,2.3329623880235846,0.9428,2.9277746602921964,15000,3343.0,11657.0,2,4,,,False,,0.6666666666666666
GP_Matern52_PI,Acquisition Ablation,4,16,6,150,1,99,6,145704.0,864576,101403.0,0.410360693950394,99.99078865503218,1.0,1.0,0.494949494949495,42860.51515151515,131386.0,0.978273935536929,0.12287908399957814,0.025216999998519896,1.2292352069998742,ok,247107.0,247107.0,6808.341982055319,1206.4097607660829,0.3664183064965577,1.077599265019699,2.294002647009694,0.9396,2.764808608965408,15000,3374.0,11626.0,1,5,,,False,,0.8333333333333334
GP_Matern52_PI,Acquisition Ablation,4,17,6,150,1,105,6,145704.0,864576,101403.0,0.410360693950394,99.99078865503218,1.0,1.0,0.5238095238095238,46046.8380952381,109575.0,0.3233338819100434,0.14351991599687608,0.027049583000916755,1.399804705997667,ok,247107.0,247107.0,6832.642226381798,1212.4680212681837,0.37817772330182864,1.0342600903175059,2.2601729382709497,0.9356,2.625726370718505,15000,3374.0,11626.0,6,0,,,False,,0.0
GP_Matern52_PI,Acquisition Ablation,4,18,6,150,1,111,6,145704.0,864576,101403.0,0.410360693950394,99.99078865503218,1.0,1.0,0.5315315315315315,46395.6036036036,103760.0,0.7926897965515118,0.09390416699898196,0.028436999997211387,1.5221458729938604,ok,247107.0,247107.0,6568.59349560413,1171.9178225849596,0.37773539500294423,1.0630890206628287,2.3678239248701813,0.9352,2.6400983655813732,15000,3455.0,11545.0,4,2,,,False,,0.3333333333333333
GP_Matern52_PI,Acquisition Ablation,4,19,6,150,1,117,6,145704.0,864576,101403.0,0.410360693950394,99.99078865503218,1.0,1.0,0.5299145299145299,46530.77777777778,144409.0,0.5441026328829658,0.18314358299903688,0.029555332999734674,1.734844788992632,ok,247107.0,247107.0,6409.872547589193,1147.7596717686536,0.3470473859552303,1.082148045664854,2.4205103403870134,0.9254,2.550318324206287,15000,3394.0,11606.0,6,0,,,False,,0.0
GP_Matern52_PI,Acquisition Ablation,4,20,6,150,1,123,6,145704.0,864576,101403.0,0.410360693950394,99.99078865503218,1.0,1.0,0.5284552845528455,44646.48780487805,20652.0,0.4103041896546945,0.14137204199869302,0.028438290999474702,1.9046551219907997,ok,247107.0,247107.0,9064.376093379728,1510.6908446022865,0.0983673662452079,1.4082429894190474,2.7576307561721514,0.9162,3.0545197350921742,15000,3429.0,11571.0,6,0,,,False,,0.0
GP_Matern52_PI,Acquisition Ablation,4,21,6,150,1,129,6,145704.0,864576,101403.0,0.410360693950394,99.99078865503218,1.0,1.0,0.5503875968992248,44039.317829457366,42840.0,0.5420778955013238,0.1692561250019935,0.029974041997775203,2.1038852889905684,ok,247107.0,247107.0,8346.4992910208,1264.6424941416715,0.37357260785517427,1.5407742637822859,2.5237803147365216,0.973,3.6600150764231314,15000,3311.0,11689.0,6,0,,,False,,0.0
GP_Matern52_PI,Acquisition Ablation,4,22,6,150,1,135,6,145704.0,864576,101403.0,0.410360693950394,99.99078865503218,1.0,1.0,0.5703703703703704,43946.16296296296,74777.0,0.6885967928999326,0.3606264170011855,0.031756207998114405,2.4962679139898682,ok,247107.0,247107.0,6008.9011597569615,1088.6664142832115,0.3706073715195277,1.5960673876997316,2.5773022005267205,0.97,3.7311879734064903,15000,3387.0,11613.0,6,0,,,False,,0.0
GP_Matern52_PI,Acquisition Ablation,4,23,6,150,1,141,6,145704.0,864576,101403.0,0.410360693950394,99.99078865503218,1.0,1.0,0.5886524822695035,44097.624113475176,102359.0,0.6229287940420949,0.4394722910001292,0.032092875000671484,2.967833079990669,ok,247107.0,247107.0,5988.049287321976,1105.8571746942707,0.37367126977770593,1.6339916191538042,2.5911066066090758,0.9698,3.75266629905655,15000,3277.0,11723.0,6,0,,,False,,0.0
GP_Matern52_PI,Acquisition Ablation,4,24,6,150,1,147,6,146209.0,794020,100898.0,0.4083170448429223,99.9910181191417,1.0,1.0,0.6054421768707483,45950.272108843536,146209.0,0.49164143903218327,0.3716994579990569,0.03431808300229022,3.373850620992016,ok,247107.0,247107.0,5953.192500005219,1076.8517971501094,0.36902538001583557,1.6650168829955379,2.5567288344385037,0.9828,3.8952308605907136,15000,3429.0,11571.0,6,0,,,False,,0.0
GP_Matern52_PI,Acquisition Ablation,4,25,6,150,1,150,3,146209.0,794020,100898.0,0.4083170448429223,99.9910181191417,1.0,1.0,0.6133333333333333,47157.26666666667,142970.0,0.6009910787824003,0.4580478750031034,0.029970708998007467,3.861869204993127,ok,247107.0,247107.0,5802.366832869775,1066.8931169451334,0.3663470934059669,1.6626023421974547,2.6011125926483967,0.9758,3.8427474754004938,15000,3365.0,11635.0,3,0,,,False,,0.0
GP_Matern52_PI_GATE_5T1S,Imperfection-aware,0,0,6,150,1,3,3,0.0,2370341,247107.0,1.0,93.70319341923158,0.0,0.0,0.0,0.0,0.0,1.0123451313576954,0.0,0.0,0.0,initial,247107.0,247107.0,,,,,,,,0,,,0,3,,,False,,1.0
GP_Matern52_PI_GATE_5T1S,Imperfection-aware,0,1,6,150,1,9,6,45710.0,1041565,201397.0,0.8150194045494462,99.1430826732962,1.0,0.0,0.1111111111111111,5078.888888888889,45710.0,1.0335503555853827,5.9124999097548425e-05,0.005824374999065185,0.005883499998162733,constant_target_fallback,247107.0,247107.0,8794.15225607335,1574.217,0.0,0.8138185086950146,3.9690805000534337,0.9332,1.0,15000,3347.0,11653.0,5,1,5.0,1.0,False,,0.16666666666666666
GP_Matern52_PI_GATE_5T1S,Imperfection-aware,0,2,6,150,1,15,6,45831.0,962465,201276.0,0.8145297381296361,99.14827839634745,1.0,0.0,0.4,13861.666666666666,45831.0,0.40796838012407066,0.017130875003203982,0.009638040999561781,0.0326524160009285,ok,247107.0,247107.0,8782.091943689536,2006.7124510956858,0.14652458302907564,1.4830499065912761,3.74921096816886,0.886,2.508379693017309,15000,3412.0,11588.0,5,1,5.0,1.0,False,,0.16666666666666666
GP_Matern52_PI_GATE_5T1S,Imperfection-aware,0,3,6,150,1,21,6,54248.0,1132930,192859.0,0.7804675707284698,99.44353314412379,1.0,0.0,0.5238095238095238,18797.0,54248.0,0.49201536437683197,0.013571708001109073,0.010771082997962367,0.05699520699999994,ok,247107.0,247107.0,8566.426721820231,1584.2898204544974,0.4111860872151338,1.0963685749723424,2.48800563303442,0.92,2.334590639707037,15000,3270.0,11730.0,5,1,5.0,1.0,False,,0.16666666666666666
GP_Matern52_PI_GATE_5T1S,Imperfection-aware,0,4,6,150,1,27,6,54248.0,1132930,192859.0,0.7804675707284698,99.44353314412379,1.0,0.0,0.5925925925925926,20883.14814814815,49359.0,0.4165796637159101,0.017844417001469992,0.010539291997702094,0.08537891599917202,ok,247107.0,247107.0,9320.120323199164,1899.8894505819048,0.041687996529389114,2.5247570682417146,5.655338901004161,0.9744,4.7668337145371416,15000,3332.0,11668.0,5,1,5.0,1.0,False,,0.16666666666666666
GP_Matern52_PI_GATE_5T1S,Imperfection-aware,0,5,6,150,1,33,6,60419.0,1298236,186688.0,0.7554945833181578,99.57562251973883,1.0,0.0,0.6060606060606061,22552.242424242424,60419.0,0.1944373694388485,0.019970416997239226,0.011190459001227282,0.11653979199763853,ok,247107.0,247107.0,8692.133827099004,1718.289889569196,0.08302010073169906,2.731585891850633,3.1004086467776077,0.988,5.345449438789451,15000,3294.0,11706.0,5,1,5.0,1.0,False,,0.16666666666666666
GP_Matern52_PI_GATE_5T1S,Imperfection-aware,0,6,6,150,1,39,6,65356.0,610047,181751.0,0.7355153840239249,99.64969025623273,1.0,0.0,0.6410256410256411,23521.76923076923,65356.0,0.5168630814782881,0.031328083998232614,0.013011082999582868,0.160878958995454,ok,247107.0,247107.0,7884.22513218326,1618.8336587343806,0.3695880329843131,1.9533344022696637,3.457027836314861,0.9348,3.9512790988881505,15000,3374.0,11626.0,5,1,5.0,1.0,False,,0.16666666666666666
GP_Matern52_PI_GATE_5T1S,Imperfection-aware,0,7,6,150,1,45,6,65356.0,610047,181751.0,0.7355153840239249,99.64969025623273,1.0,0.0,0.6666666666666666,25558.955555555556,56868.0,0.48021473222268635,0.04507729100077995,0.013569540999014862,0.21952579099524883,ok,247107.0,247107.0,7903.899841010676,1426.1559221808384,0.3395944347740391,2.144072313343435,2.7756351211258696,0.985,4.759505740937517,15000,3293.0,11707.0,5,1,5.0,1.0,False,,0.16666666666666666
GP_Matern52_PI_GATE_5T1S,Imperfection-aware,0,8,6,150,1,51,6,82414.0,1126628,164693.0,0.6664845593204564,99.79238415176626,1.0,0.0,0.6862745098039216,26847.470588235294,82414.0,0.42186065243200177,0.04481712499909918,0.015891540999291465,0.28023445699363947,ok,247107.0,247107.0,7750.141433832563,1417.073560091639,0.3515584246440778,2.190062582447227,2.8127334671965056,0.9868,5.122149512975329,15000,3491.0,11509.0,5,1,5.0,1.0,False,,0.16666666666666666
GP_Matern52_PI_GATE_5T1S,Imperfection-aware,0,9,6,150,1,57,6,112450.0,1121087,134657.0,0.544933975969924,99.9523042458072,1.0,1.0,0.7017543859649122,28029.894736842107,112450.0,0.7315734702734156,0.07510974999968312,0.01639062499816646,0.37173483199148905,ok,247107.0,247107.0,8659.125721320699,2084.8254497390053,0.3022397794900271,3.0072292793012783,3.0553674190659827,0.9736,5.215158934752622,15000,3309.0,11691.0,5,1,5.0,1.0,False,,0.16666666666666666
GP_Matern52_PI_GATE_5T1S,Imperfection-aware,0,10,6,150,1,63,6,140912.0,958307,106195.0,0.42975310290683794,99.98777284102135,1.0,1.0,0.7142857142857143,31470.174603174604,140912.0,0.6068140212168368,0.04977024999971036,0.018193959000200266,0.43969904099139967,ok,247107.0,247107.0,5765.471841560269,1253.2044942248135,0.35314948080381275,2.5476850217842935,2.9004322273141665,0.9728,4.824446502957101,15000,3376.0,11624.0,5,1,5.0,1.0,False,,0.16666666666666666
GP_Matern52_PI_GATE_5T1S,Imperfection-aware,0,11,6,150,1,69,6,140912.0,958307,106195.0,0.42975310290683794,99.98777284102135,1.0,1.0,0.6666666666666666,30609.652173913044,129445.0,0.8020759580730447,0.05673870800092118,0.019908874997781822,0.5163466239901027,ok,247107.0,247107.0,7206.7807841754775,1335.6197726035248,0.31399450326455447,1.9841824788678117,2.792374548404679,0.976,5.27769528330655,15000,3324.0,11676.0,5,1,5.0,1.0,False,,0.16666666666666666
GP_Matern52_PI_GATE_5T1S,Imperfection-aware,0,12,6,150,1,75,6,151964.0,1036145,95143.0,0.38502753867757694,99.9927882708437,1.0,1.0,0.68,36353.26666666667,151964.0,0.23991783980753165,0.06516895900131203,0.019318499998917105,0.6008340829903318,ok,247107.0,247107.0,7132.102159303997,1254.7132430869592,0.3622664889907082,1.6582887169918423,2.6798571244474836,0.9728,4.822901772336918,15000,3347.0,11653.0,5,1,5.0,1.0,False,,0.16666666666666666
GP_Matern52_PI_GATE_5T1S,Imperfection-aware,0,13,6,150,1,81,6,151964.0,1036145,95143.0,0.38502753867757694,99.9927882708437,1.0,1.0,0.654320987654321,36254.87654320987,112871.0,1.2751102559450396,0.11483224999756203,0.01867212499928428,0.7343384579871781,ok,247107.0,247107.0,6912.892909109186,1200.8684805398166,0.36278181210217053,1.6648156730830033,2.7093492919909092,0.9722,5.002409053096605,15000,3425.0,11575.0,5,1,5.0,1.0,False,,0.16666666666666666
GP_Matern52_PI_GATE_5T1S,Imperfection-aware,0,14,6,150,1,87,6,151964.0,1036145,95143.0,0.38502753867757694,99.9927882708437,1.0,1.0,0.6666666666666666,37970.137931034486,105382.0,0.598617992502961,0.09184091700080899,0.021731417000410147,0.8479107919883972,ok,247107.0,247107.0,6817.164290273024,1178.6153217665683,0.3829112241449139,1.5296009535591795,2.6456308643668596,0.9718,4.713597048105262,15000,3333.0,11667.0,5,1,5.0,1.0,False,,0.16666666666666666
GP_Matern52_PI_GATE_5T1S,Imperfection-aware,0,15,6,150,1,93,6,151964.0,1036145,95143.0,0.38502753867757694,99.9927882708437,1.0,1.0,0.6559139784946236,38091.88172043011,101946.0,1.092664208962618,0.09401425000032759,0.02037775000280817,0.962302791991533,ok,247107.0,247107.0,6578.7615185838595,1128.1051166856591,0.38297458934103074,1.511574555024032,2.6602464561273393,0.9742,4.838766505358055,15000,3297.0,11703.0,5,1,5.0,1.0,False,,0.16666666666666666
GP_Matern52_PI_GATE_5T1S,Imperfection-aware,0,16,6,150,1,99,6,151964.0,1036145,95143.0,0.38502753867757694,99.9927882708437,1.0,1.0,0.6666666666666666,39047.818181818184,100504.0,0.8034999054477295,0.10566916700190632,0.020750625000800937,1.0887225839942403,ok,247107.0,247107.0,6498.745867834127,1109.4358905938138,0.40017930601451424,1.371191306537214,2.5995851449552627,0.972,4.570994462090088,15000,3310.0,11690.0,5,1,5.0,1.0,False,,0.16666666666666666
GP_Matern52_PI_GATE_5T1S,Imperfection-aware,0,17,6,150,1,105,6,151964.0,1036145,95143.0,0.38502753867757694,99.9927882708437,1.0,1.0,0.6761904761904762,40623.41904761905,144657.0,0.6853657064120333,0.11074162500153761,0.023264542000106303,1.2227287509958842,ok,247107.0,247107.0,6463.613738524533,1112.9635366687255,0.40520763503979024,1.3409900101524506,2.592142746037946,0.9676,4.463747035267361,15000,3434.0,11566.0,5,1,5.0,1.0,False,,0.16666666666666666
GP_Matern52_PI_GATE_5T1S,Imperfection-aware,0,18,6,150,1,111,6,151964.0,1036145,95143.0,0.38502753867757694,99.9927882708437,1.0,1.0,0.6396396396396397,38427.55855855856,0.0,0.6806741884876784,0.11914925000019139,0.02363129099830985,1.3655092919943854,ok,247107.0,247107.0,6383.091524803244,1109.4750434702805,0.4083670650909468,1.3263892254511982,2.5701046262463842,0.963,4.3150905271712,15000,3304.0,11696.0,5,1,5.0,1.0,False,,0.16666666666666666
GP_Matern52_PI_GATE_5T1S,Imperfection-aware,0,19,6,150,1,117,6,151964.0,1036145,95143.0,0.38502753867757694,99.9927882708437,1.0,1.0,0.6495726495726496,39783.5641025641,146739.0,0.7617739323085607,0.16377529199962737,0.023744624999380903,1.5530292089933937,ok,247107.0,247107.0,6267.721123354017,1090.1301569124867,0.4145014043482876,1.1980553478621616,2.466237707934112,0.9636,3.906339642032051,15000,3348.0,11652.0,5,1,5.0,1.0,False,,0.16666666666666666
GP_Matern52_PI_GATE_5T1S,Imperfection-aware,0,20,6,150,1,123,6,151964.0,1036145,95143.0,0.38502753867757694,99.9927882708437,1.0,1.0,0.6585365853658537,40214.74796747968,78274.0,0.4294359858823776,0.14659270900301635,0.030169999998179264,1.7297919179945893,ok,247107.0,247107.0,6144.069678963454,1066.53783868514,0.4062882305863009,1.216908979300104,2.4774340268297923,0.9672,3.9369652986892705,15000,3411.0,11589.0,5,1,5.0,1.0,False,,0.16666666666666666
GP_Matern52_PI_GATE_5T1S,Imperfection-aware,0,21,6,150,1,129,6,151964.0,1036145,95143.0,0.38502753867757694,99.9927882708437,1.0,1.0,0.6666666666666666,40779.31007751938,82107.0,0.7923225930815252,0.21793508300106623,0.02499787499982631,1.9727248759954819,ok,247107.0,247107.0,6048.686242201923,1042.3505271185331,0.38962905564914424,1.2554653995029883,2.5180559649552388,0.9678,4.089289006135807,15000,3290.0,11710.0,5,1,5.0,1.0,False,,0.16666666666666666
GP_Matern52_PI_GATE_5T1S,Imperfection-aware,0,22,6,150,1,135,6,151964.0,1036145,95143.0,0.38502753867757694,99.9927882708437,1.0,1.0,0.674074074074074,43155.83703703704,138935.0,0.5482341554826207,0.42061479200128815,0.026293208000424784,2.419632875997195,ok,247107.0,247107.0,6086.889885815777,1053.1019875492248,0.3945235475795863,1.2382908255786156,2.508892696203535,0.9662,4.023076311639784,15000,3284.0,11716.0,5,1,5.0,1.0,False,,0.16666666666666666
GP_Matern52_PI_GATE_5T1S,Imperfection-aware,0,23,6,150,1,141,6,151964.0,1036145,95143.0,0.38502753867757694,99.9927882708437,1.0,1.0,0.6808510638297872,43859.40425531915,118044.0,0.8862484471505139,0.31804316700072377,0.03107099999760976,2.7687470429955283,ok,247107.0,247107.0,5925.716858529358,1037.9447095206558,0.39884292762241785,1.222554357425002,2.5033150772595314,0.965,3.971853275176871,15000,3322.0,11678.0,5,1,5.0,1.0,False,,0.16666666666666666
GP_Matern52_PI_GATE_5T1S,Imperfection-aware,0,24,6,150,1,147,6,151964.0,1036145,95143.0,0.38502753867757694,99.9927882708437,1.0,1.0,0.6870748299319728,44353.42857142857,104270.0,0.6487152077721401,0.34995833299763035,0.03121645799910766,3.1499218339922663,ok,247107.0,247107.0,5596.625033568407,974.3342549354927,0.40380988777865956,1.2171355100379015,2.5049451731762127,0.9652,3.9196326895957028,15000,3429.0,11571.0,5,1,5.0,1.0,False,,0.16666666666666666
GP_Matern52_PI_GATE_5T1S,Imperfection-aware,0,25,6,150,1,150,3,151964.0,1036145,95143.0,0.38502753867757694,99.9927882708437,1.0,1.0,0.6866666666666666,44387.46,73200.0,0.9411881889317687,0.42796050000106334,0.028775209000741597,3.6066575429940713,ok,247107.0,247107.0,5594.812829561278,973.2459170141608,0.40632772359225616,1.216997869513753,2.520795364968339,0.9648,3.940319124635997,15000,3366.0,11634.0,2,1,2.0,1.0,False,,0.3333333333333333
GP_Matern52_PI_GATE_5T1S,Imperfection-aware,1,0,6,150,1,3,3,0.0,6047398,247107.0,1.0,93.70319341923158,0.0,0.0,0.0,0.0,0.0,1.0430113993225636,0.0,0.0,0.0,initial,247107.0,247107.0,,,,,,,,0,,,1,2,,,False,,0.6666666666666666
GP_Matern52_PI_GATE_5T1S,Imperfection-aware,1,1,6,150,1,9,6,53052.0,773571,194055.0,0.7853075793077493,99.41160485231362,1.0,0.0,0.1111111111111111,5894.666666666667,53052.0,0.9459678757788096,6.341599873849191e-05,0.00427391700213775,0.004337333000876242,constant_target_fallback,247107.0,247107.0,7917.9183090633105,1413.8866,0.0,0.7939908874887035,3.8456615956198963,0.935,1.0,15000,3400.0,11600.0,5,1,5.0,1.0,False,,0.16666666666666666
GP_Matern52_PI_GATE_5T1S,Imperfection-aware,1,2,6,150,1,15,6,53052.0,773571,194055.0,0.7853075793077493,99.41160485231362,1.0,0.0,0.26666666666666666,6934.866666666667,26305.0,0.4435014965032167,0.014259583000239218,0.008303499998874031,0.02690041599998949,ok,247107.0,247107.0,15602.032652466185,5223.566222899191,0.006421380759451405,1.604277433167975,56.852016074944906,0.8682,1.473303570267781,15000,3417.0,11583.0,5,1,5.0,1.0,False,,0.16666666666666666
GP_Matern52_PI_GATE_5T1S,Imperfection-aware,1,3,6,150,1,21,6,86746.0,863270,160361.0,0.6489536921252737,99.82126384897853,1.0,0.0,0.38095238095238093,14688.047619047618,86746.0,0.617183436217651,0.013962124998215586,0.008914165999158286,0.04977670699736336,ok,247107.0,247107.0,7684.071505913263,1521.5872479751006,0.32038230237334714,1.5281620658268942,5.583981725010436,0.9282,3.037104363021744,15000,3370.0,11630.0,5,1,5.0,1.0,False,,0.16666666666666666
GP_Matern52_PI_GATE_5T1S,Imperfection-aware,1,4,6,150,1,27,6,97986.0,865793,149121.0,0.603467323871845,99.88731673193281,1.0,0.0,0.48148148148148145,23448.74074074074,97986.0,0.4619811309266636,0.021679041998140747,0.009580000001733424,0.08103574899723753,ok,247107.0,247107.0,9513.173992489234,1405.024181138848,0.3380730281768214,1.7828131667929301,2.6386221392107387,0.9812,3.931678293285124,15000,3454.0,11546.0,5,1,5.0,1.0,False,,0.16666666666666666
GP_Matern52_PI_GATE_5T1S,Imperfection-aware,1,5,6,150,1,33,6,98431.0,863271,148676.0,0.6016664845593205,99.8894310797991,1.0,0.0,0.48484848484848486,25039.090909090908,98431.0,0.679347591178702,0.018204291998699773,0.011600958001508843,0.11084099899744615,ok,247107.0,247107.0,9260.62745829825,2100.24133108792,0.135676926834237,2.660196518473321,4.401399472374053,0.9516,4.303932460518672,15000,3401.0,11599.0,5,1,5.0,1.0,False,,0.16666666666666666
GP_Matern52_PI_GATE_5T1S,Imperfection-aware,1,6,6,150,1,39,6,109628.0,881197,137479.0,0.5563541299922705,99.94281426584925,1.0,1.0,0.5641025641025641,29857.4358974359,109628.0,0.627161097291372,0.04227033300048788,0.010943290999421151,0.16405462299735518,ok,247107.0,247107.0,7423.772078469889,1367.5956912407485,0.23057022835238516,2.312601720528105,2.8143931830401354,0.9924,4.679478797986051,15000,3303.0,11697.0,5,1,5.0,1.0,False,,0.16666666666666666
GP_Matern52_PI_GATE_5T1S,Imperfection-aware,1,7,6,150,1,45,6,113271.0,950748,133836.0,0.5416115286090641,99.9549594733602,1.0,1.0,0.6,29193.48888888889,113271.0,0.854050796326874,0.01830954099932569,0.014987582999310689,0.19735174699599156,ok,247107.0,247107.0,7098.1835734371825,1414.4832111430974,0.1933394761266275,2.5431689947923455,2.891306612418648,0.9916,4.902693048301764,15000,3339.0,11661.0,5,1,5.0,1.0,False,,0.16666666666666666
GP_Matern52_PI_GATE_5T1S,Imperfection-aware,1,8,6,150,1,51,6,222753.0,776110,24354.0,0.09855649576903933,99.99990165823877,1.0,1.0,0.6274509803921569,39941.470588235294,222753.0,0.7725786330083534,0.0318840830004774,0.013453208001010353,0.24268903799747932,ok,247107.0,247107.0,7045.867058794731,1430.6738498468164,0.05962905619112793,2.731810882195752,2.954736215056456,0.992,5.056800488290441,15000,3329.0,11671.0,5,1,5.0,1.0,False,,0.16666666666666666
GP_Matern52_PI_GATE_5T1S,Imperfection-aware,1,9,6,150,1,57,6,222753.0,776110,24354.0,0.09855649576903933,99.99990165823877,1.0,1.0,0.6491228070175439,41278.59649122807,80387.0,0.643134294314719,0.05432758400274906,0.017993250003200956,0.31500987200342934,ok,247107.0,247107.0,7359.522278592152,1447.7925028325417,0.0831214118057831,2.614764264755133,2.9475946911987325,0.9892,5.268109229550153,15000,3287.0,11713.0,5,1,5.0,1.0,False,,0.16666666666666666
GP_Matern52_PI_GATE_5T1S,Imperfection-aware,1,10,6,150,1,63,6,222753.0,776110,24354.0,0.09855649576903933,99.99990165823877,1.0,1.0,0.6507936507936508,43695.80952380953,108232.0,0.9553541781274343,0.03341079199890373,0.01675783400060027,0.36517849800293334,ok,247107.0,247107.0,7202.574280460721,1349.6293840246965,0.14693417451131094,2.4067068953827264,2.9095444145139604,0.986,5.30497885630948,15000,3420.0,11580.0,5,1,5.0,1.0,False,,0.16666666666666666
GP_Matern52_PI_GATE_5T1S,Imperfection-aware,1,11,6,150,1,69,6,222753.0,776110,24354.0,0.09855649576903933,99.99990165823877,1.0,1.0,0.6521739130434783,41869.666666666664,98755.0,0.8835195224797631,0.06971258300109184,0.01897895799993421,0.4538700390039594,ok,247107.0,247107.0,7018.035581254822,1318.004672723967,0.19545103382969287,2.19504861073702,2.8502539319662574,0.9842,5.256815828977704,15000,3334.0,11666.0,5,1,5.0,1.0,False,,0.16666666666666666
GP_Matern52_PI_GATE_5T1S,Imperfection-aware,1,12,6,150,1,75,6,222753.0,776110,24354.0,0.09855649576903933,99.99990165823877,1.0,1.0,0.6666666666666666,39384.653333333335,16317.0,0.7774478485409898,0.07749550000153249,0.018039291000604862,0.5494048300060967,ok,247107.0,247107.0,6943.209318182324,1242.1060677190765,0.3532625678261866,1.778861813157443,2.7219718978577054,0.9806,4.964267893259999,15000,3354.0,11646.0,5,1,5.0,1.0,False,,0.16666666666666666
GP_Matern52_PI_GATE_5T1S,Imperfection-aware,1,13,6,150,1,81,6,222753.0,776110,24354.0,0.09855649576903933,99.99990165823877,1.0,1.0,0.6296296296296297,38383.432098765436,155209.0,1.1624980214126182,0.0835087499981455,0.02282708400161937,0.6557406640058616,ok,247107.0,247107.0,6922.882662937342,1220.3455511429165,0.35130097362965923,1.6885581889600092,2.6992408626555027,0.978,4.859524932323854,15000,3316.0,11684.0,5,1,5.0,1.0,False,,0.16666666666666666
GP_Matern52_PI_GATE_5T1S,Imperfection-aware,1,14,6,150,1,87,6,222753.0,776110,24354.0,0.09855649576903933,99.99990165823877,1.0,1.0,0.5862068965517241,35736.29885057471,0.0,0.8068817500668257,0.06703824999931385,0.01918837500124937,0.7419672890064248,ok,247107.0,247107.0,6944.958807323819,1213.888272473462,0.37677869200062764,1.4450072441103992,2.599705094722395,0.9748,4.467606799319723,15000,3411.0,11589.0,5,1,5.0,1.0,False,,0.16666666666666666
GP_Matern52_PI_GATE_5T1S,Imperfection-aware,1,15,6,150,1,93,6,222753.0,776110,24354.0,0.09855649576903933,99.99990165823877,1.0,1.0,0.6021505376344086,38308.43010752688,130950.0,0.8027337387418475,0.11929604200122412,0.018950708999909693,0.8802140400075587,ok,247107.0,247107.0,6952.953958773242,1212.4662779208113,0.3854099834682897,1.3303400716590372,2.5303788261686173,0.9746,4.145780821056861,15000,3323.0,11677.0,5,1,5.0,1.0,False,,0.16666666666666666
GP_Matern52_PI_GATE_5T1S,Imperfection-aware,1,16,6,150,1,99,6,222753.0,776110,24354.0,0.09855649576903933,99.99990165823877,1.0,1.0,0.6060606060606061,37863.606060606064,60778.0,0.9449651473316985,0.0922893329989165,0.020007874998555053,0.9925112480050302,ok,247107.0,247107.0,6702.002910581779,1160.3624212665136,0.39541275828602995,1.2762778391741947,2.5182171721257736,0.9746,4.1572227310184315,15000,3347.0,11653.0,5,1,5.0,1.0,False,,0.16666666666666666
GP_Matern52_PI_GATE_5T1S,Imperfection-aware,1,17,6,150,1,105,6,222753.0,776110,24354.0,0.09855649576903933,99.99990165823877,1.0,1.0,0.6095238095238096,38952.25714285715,125617.0,0.7961228223711363,0.13135904099908657,0.022924249999050517,1.1467945390031673,ok,247107.0,247107.0,6609.183627208151,1135.7564252936256,0.40710045033704056,1.215029064365386,2.488975712384079,0.9718,3.9816428513549087,15000,3396.0,11604.0,5,1,5.0,1.0,False,,0.16666666666666666
GP_Matern52_PI_GATE_5T1S,Imperfection-aware,1,18,6,150,1,111,6,222753.0,776110,24354.0,0.09855649576903933,99.99990165823877,1.0,1.0,0.6036036036036037,38466.02702702703,97432.0,0.9553282283962733,0.0984442080007284,0.022506291999889072,1.2677450390037848,ok,247107.0,247107.0,6419.108821560863,1103.4779712594677,0.4151261657469841,1.1775780928409652,2.459325902019446,0.971,3.835074770400986,15000,3453.0,11547.0,5,1,5.0,1.0,False,,0.16666666666666666
GP_Matern52_PI_GATE_5T1S,Imperfection-aware,1,19,6,150,1,117,6,222753.0,776110,24354.0,0.09855649576903933,99.99990165823877,1.0,1.0,0.6153846153846154,39184.05128205128,120261.0,0.7867506464908837,0.17400837500099442,0.023236458000610583,1.4649898720053898,ok,247107.0,247107.0,6207.653126728531,1045.7700066028376,0.4147930403919085,1.1893561346473365,2.4538526362869444,0.9762,3.944764219757628,15000,3410.0,11590.0,5,1,5.0,1.0,False,,0.16666666666666666
GP_Matern52_PI_GATE_5T1S,Imperfection-aware,1,20,6,150,1,123,6,222753.0,776110,24354.0,0.09855649576903933,99.99990165823877,1.0,1.0,0.6178861788617886,40697.455284552845,152164.0,0.8079640894663258,0.12270308400184149,0.02601700000013807,1.6137099560073693,ok,247107.0,247107.0,6037.2132896307985,1000.8817561720166,0.4162944154311586,1.1699065880077921,2.4596484664488147,0.9714,3.8665585089833994,15000,3329.0,11671.0,5,1,5.0,1.0,False,,0.16666666666666666
GP_Matern52_PI_GATE_5T1S,Imperfection-aware,1,21,6,150,1,129,6,222753.0,776110,24354.0,0.09855649576903933,99.99990165823877,1.0,1.0,0.627906976744186,42369.05426356589,107807.0,0.46302430913364845,0.10187762499845121,0.023359792001429014,1.7389473730072496,ok,247107.0,247107.0,5991.094425880077,981.838924249259,0.4189589143645468,1.1262849542709668,2.4399482995792283,0.9696,3.748981934638012,15000,3342.0,11658.0,5,1,5.0,1.0,False,,0.16666666666666666
GP_Matern52_PI_GATE_5T1S,Imperfection-aware,1,22,6,150,1,135,6,222753.0,776110,24354.0,0.09855649576903933,99.99990165823877,1.0,1.0,0.6222222222222222,42422.77777777778,119204.0,0.5365785522567637,0.21969008299856796,0.02594712499922025,1.9845845810050378,ok,247107.0,247107.0,5979.654354235894,978.8225938217763,0.42028535373385645,1.102165853848717,2.437957830360546,0.967,3.6532928688383617,15000,3339.0,11661.0,5,1,5.0,1.0,False,,0.16666666666666666
GP_Matern52_PI_GATE_5T1S,Imperfection-aware,1,23,6,150,1,141,6,222753.0,776110,24354.0,0.09855649576903933,99.99990165823877,1.0,1.0,0.624113475177305,42026.51063829787,113727.0,0.5816098361711087,0.24820358400029363,0.02734825000152341,2.260136415006855,ok,247107.0,247107.0,16273.199686688446,1407.9129053976962,0.40912783194589053,1.3067259290043927,2.668124070358938,0.9746,4.31429841496507,15000,3353.0,11647.0,5,1,5.0,1.0,False,,0.16666666666666666
GP_Matern52_PI_GATE_5T1S,Imperfection-aware,1,24,6,150,1,147,6,222753.0,776110,24354.0,0.09855649576903933,99.99990165823877,1.0,1.0,0.6326530612244898,42238.97278911564,91431.0,0.596965799775763,0.1848447499978647,0.029254042001412017,2.4742352070061315,ok,247107.0,247107.0,6637.81356062809,1087.5203381941728,0.38499723481957654,1.6091863014788046,2.7999284496742303,0.9834,4.872480085381972,15000,3352.0,11648.0,5,1,5.0,1.0,False,,0.16666666666666666
GP_Matern52_PI_GATE_5T1S,Imperfection-aware,1,25,6,150,1,150,3,222753.0,776110,24354.0,0.09855649576903933,99.99990165823877,1.0,1.0,0.6266666666666667,41429.7,5326.0,0.814568190064671,0.43680516699896543,0.029471583999111317,2.9405119580042083,ok,247107.0,247107.0,6423.7377528833795,1066.386964447054,0.3891572683660412,1.572557931701076,2.790497331056113,0.9824,4.872655695420768,15000,3315.0,11685.0,2,1,2.0,1.0,False,,0.3333333333333333
GP_Matern52_PI_GATE_5T1S,Imperfection-aware,2,0,6,150,1,3,3,0.0,2729609,247107.0,1.0,93.70319341923158,0.0,0.0,0.0,0.0,0.0,0.47049671902245843,0.0,0.0,0.0,initial,247107.0,247107.0,,,,,,,,0,,,0,3,,,False,,1.0
GP_Matern52_PI_GATE_5T1S,Imperfection-aware,2,1,6,150,1,9,6,17589.0,1471759,229518.0,0.9288203086112494,97.57458075268161,0.0,0.0,0.2222222222222222,3483.777777777778,17589.0,0.9853098673702717,6.53749993944075e-05,0.004498334001254989,0.004563709000649396,constant_target_fallback,247107.0,247107.0,7992.336081909969,1363.7274,0.0,0.8102606103318564,3.884107341202348,0.9316,1.0,15000,3295.0,11705.0,5,1,5.0,1.0,False,,0.16666666666666666
GP_Matern52_PI_GATE_5T1S,Imperfection-aware,2,2,6,150,1,15,6,49900.0,860943,197207.0,0.7980631872023051,99.30887049242342,1.0,0.0,0.3333333333333333,6074.933333333333,49900.0,0.606269707424662,0.015092458001163322,0.008223749999160646,0.027879917000973364,ok,247107.0,247107.0,9776.469018418196,3623.865076934392,-0.020729263737184055,2.5240170495594567,66.804544655134,0.7952,2.092401650282921,15000,3399.0,11601.0,5,1,5.0,1.0,False,,0.16666666666666666
GP_Matern52_PI_GATE_5T1S,Imperfection-aware,2,3,6,150,1,21,6,133156.0,1122050,113951.0,0.46114031573367004,99.98347858411466,1.0,1.0,0.5238095238095238,22793.285714285714,133156.0,0.6599533053405422,0.01993820800271351,0.00860883399946033,0.056426959003147203,ok,247107.0,247107.0,9428.306916362268,1453.2728899834792,0.424494128453632,1.3329855502701702,2.4134920769989026,0.9768,3.4603162907052902,15000,3345.0,11655.0,5,1,5.0,1.0,False,,0.16666666666666666
GP_Matern52_PI_GATE_5T1S,Imperfection-aware,2,4,6,150,1,27,6,133156.0,1122050,113951.0,0.46114031573367004,99.98347858411466,1.0,1.0,0.5925925925925926,35680.333333333336,116348.0,0.4043496921656351,0.015154459000768838,0.010481749999598833,0.08206316800351487,ok,247107.0,247107.0,7522.717597520223,1374.1953887929012,0.4101972691516243,1.6962879466865983,2.6473202606860076,0.9424,3.5780646178494937,15000,3273.0,11727.0,5,1,5.0,1.0,False,,0.16666666666666666
GP_Matern52_PI_GATE_5T1S,Imperfection-aware,2,5,6,150,1,33,6,133156.0,1122050,113951.0,0.46114031573367004,99.98347858411466,1.0,1.0,0.6363636363636364,33810.181818181816,38411.0,0.6314278682467899,0.02095299999928102,0.012009624999336665,0.11502579300213256,ok,247107.0,247107.0,7497.030477247079,1265.9847542786167,0.4113285936276702,1.5377767887910836,2.7290864896736835,0.9398,3.80614277105511,15000,3406.0,11594.0,5,1,5.0,1.0,False,,0.16666666666666666
GP_Matern52_PI_GATE_5T1S,Imperfection-aware,2,6,6,150,1,39,6,159227.0,879938,87880.0,0.3556354129992271,99.99519764399365,1.0,1.0,0.6666666666666666,38116.05128205128,159227.0,0.45776675062907857,0.042374291999294655,0.0111672080020071,0.16856729300343432,ok,247107.0,247107.0,5048.507921653759,968.9890566879664,0.39792957462075135,1.6378500981586255,2.769555226743582,0.9414,4.005613152910962,15000,3435.0,11565.0,5,1,5.0,1.0,False,,0.16666666666666666
GP_Matern52_PI_GATE_5T1S,Imperfection-aware,2,7,6,150,1,45,6,159227.0,879938,87880.0,0.3556354129992271,99.99519764399365,1.0,1.0,0.6888888888888889,44176.177777777775,117644.0,0.6357011331367773,0.05035587499878602,0.012946582999575185,0.23186975100179552,ok,247107.0,247107.0,5752.584830728839,1050.8751847197398,0.28281634043891696,2.033815535260649,2.7704423841802233,0.9746,4.628892309316099,15000,3328.0,11672.0,5,1,5.0,1.0,False,,0.16666666666666666
GP_Matern52_PI_GATE_5T1S,Imperfection-aware,2,8,6,150,1,51,6,159227.0,879938,87880.0,0.3556354129992271,99.99519764399365,1.0,1.0,0.6666666666666666,43395.509803921566,86475.0,0.5132618093391336,0.030960957999923266,0.014510124998196261,0.27734083399991505,ok,247107.0,247107.0,13256.22420290099,1733.335560456258,0.24741460530676826,1.9133127281733031,3.6000091414749362,0.9108,4.118692314010221,15000,3385.0,11615.0,5,1,5.0,1.0,False,,0.16666666666666666
GP_Matern52_PI_GATE_5T1S,Imperfection-aware,2,9,6,150,1,57,6,159227.0,879938,87880.0,0.3556354129992271,99.99519764399365,1.0,1.0,0.6842105263157895,44440.0350877193,96185.0,0.7892013313554972,0.07078804199773003,0.017263375000766246,0.3653922509984113,ok,247107.0,247107.0,8066.9849145286835,1201.3293877558826,0.29839371191496933,2.3250204398646304,2.843426883036615,0.9866,5.086877575857085,15000,3452.0,11548.0,5,1,5.0,1.0,False,,0.16666666666666666
GP_Matern52_PI_GATE_5T1S,Imperfection-aware,2,10,6,150,1,63,6,159227.0,879938,87880.0,0.3556354129992271,99.99519764399365,1.0,1.0,0.6984126984126984,43364.23809523809,52991.0,0.6745434812981801,0.09976154199830489,0.020286041999497684,0.4854398349962139,ok,247107.0,247107.0,6373.23015235703,1158.0382848834088,0.286102238809149,2.3950055391444143,2.87851863333814,0.9882,5.345102613429419,15000,3265.0,11735.0,5,1,5.0,1.0,False,,0.16666666666666666
GP_Matern52_PI_GATE_5T1S,Imperfection-aware,2,11,6,150,1,69,6,159227.0,879938,87880.0,0.3556354129992271,99.99519764399365,1.0,1.0,0.7101449275362319,46568.913043478264,100146.0,0.4981649540409039,0.059343708999222144,0.018439250001392793,0.5632227939968288,ok,247107.0,247107.0,6157.569816583035,1027.3916102888265,0.3259694007907034,2.0949734049891364,2.825428364652406,0.9842,5.4607867514225115,15000,3305.0,11695.0,5,1,5.0,1.0,False,,0.16666666666666666
GP_Matern52_PI_GATE_5T1S,Imperfection-aware,2,12,6,150,1,75,6,159227.0,879938,87880.0,0.3556354129992271,99.99519764399365,1.0,1.0,0.72,44992.56,62895.0,0.6632295833785115,0.06860220900125569,0.01781950000076904,0.6496445029988536,ok,247107.0,247107.0,5305.543199270797,1037.617390746633,0.2890348704125507,2.2626755311338838,2.8742513212097345,0.9842,5.5105642304223625,15000,3412.0,11588.0,5,1,5.0,1.0,False,,0.16666666666666666
GP_Matern52_PI_GATE_5T1S,Imperfection-aware,2,13,6,150,1,81,6,159227.0,879938,87880.0,0.3556354129992271,99.99519764399365,1.0,1.0,0.7283950617283951,47135.25925925926,121804.0,0.6362027709794199,0.057538084001862444,0.0188766659994144,0.7260592530001304,ok,247107.0,247107.0,5337.812828977197,1024.0467704058947,0.3087466138164786,2.141848005635087,2.848736328860588,0.9828,5.499309326755608,15000,3445.0,11555.0,5,1,5.0,1.0,False,,0.16666666666666666
GP_Matern52_PI_GATE_5T1S,Imperfection-aware,2,14,6,150,1,87,6,159227.0,879938,87880.0,0.3556354129992271,99.99519764399365,1.0,1.0,0.7241379310344828,47157.28735632184,109097.0,0.9202943330328301,0.12291191600161255,0.018040083999949275,0.8670112530016922,ok,247107.0,247107.0,5502.077737811739,1024.8737476961549,0.3172085571676814,2.0860825150163365,2.885799299697984,0.985,5.658532239762882,15000,3376.0,11624.0,5,1,5.0,1.0,False,,0.16666666666666666
GP_Matern52_PI_GATE_5T1S,Imperfection-aware,2,15,6,150,1,93,6,159227.0,879938,87880.0,0.3556354129992271,99.99519764399365,1.0,1.0,0.7311827956989247,49332.645161290326,144700.0,0.6051944574371052,0.09005799999795272,0.020259791999706067,0.977329044999351,ok,247107.0,247107.0,6459.3634116963785,1479.9146814006695,0.3129657892233518,1.9889190528401421,3.120694716869226,0.919,4.463017869518268,15000,3328.0,11672.0,5,1,5.0,1.0,False,,0.16666666666666666
GP_Matern52_PI_GATE_5T1S,Imperfection-aware,2,16,6,150,1,99,6,159227.0,879938,87880.0,0.3556354129992271,99.99519764399365,1.0,1.0,0.7171717171717171,48084.35353535353,115124.0,1.2067332138137339,0.10886891699919943,0.021468832997925347,1.1076667949964758,ok,247107.0,247107.0,5526.232523987262,999.9224472856116,0.3616623956042094,1.7600041026125386,2.7764024411946804,0.9822,5.491962127513494,15000,3392.0,11608.0,5,1,5.0,1.0,False,,0.16666666666666666
GP_Matern52_PI_GATE_5T1S,Imperfection-aware,2,17,6,150,1,105,6,159227.0,879938,87880.0,0.3556354129992271,99.99519764399365,1.0,1.0,0.7238095238095238,47692.02857142857,95974.0,0.6845235297744543,0.13300999999773921,0.02129162500204984,1.2619684199962649,ok,247107.0,247107.0,5485.445185499338,984.9235677701131,0.3765112166238369,1.6310423541256682,2.735661807259406,0.9792,5.234035123380178,15000,3306.0,11694.0,5,1,5.0,1.0,False,,0.16666666666666666
GP_Matern52_PI_GATE_5T1S,Imperfection-aware,2,18,6,150,1,111,6,159227.0,879938,87880.0,0.3556354129992271,99.99519764399365,1.0,1.0,0.7297297297297297,48088.61261261261,89667.0,0.658286820386421,0.1393099999986589,0.0222290410019923,1.423507460996916,ok,247107.0,247107.0,5148.0130554135985,975.7639199844033,0.38649005406140646,1.5393699076463785,2.763672929479747,0.959,4.51617502050171,15000,3334.0,11666.0,5,1,5.0,1.0,False,,0.16666666666666666
GP_Matern52_PI_GATE_5T1S,Imperfection-aware,2,19,6,150,1,117,6,159227.0,879938,87880.0,0.3556354129992271,99.99519764399365,1.0,1.0,0.7350427350427351,47133.094017094016,118018.0,0.6566197677757621,0.14119066700004623,0.023829333997127833,1.5885274619940901,ok,247107.0,247107.0,5167.04262107764,967.2338188187696,0.3989645667779645,1.4870462914110048,2.735006121185022,0.9682,4.711013704418468,15000,3240.0,11760.0,5,1,5.0,1.0,False,,0.16666666666666666
GP_Matern52_PI_GATE_5T1S,Imperfection-aware,2,20,6,150,1,123,6,159227.0,879938,87880.0,0.3556354129992271,99.99519764399365,1.0,1.0,0.7398373983739838,47530.82113821138,109893.0,0.6972980981084188,0.16285891699953936,0.023440415996446973,1.7748267949900765,ok,247107.0,247107.0,5136.295635624752,956.7893424721705,0.4047886456061613,1.444570401434014,2.731687633275593,0.9648,4.5326914841813295,15000,3334.0,11666.0,5,1,5.0,1.0,False,,0.16666666666666666
GP_Matern52_PI_GATE_5T1S,Imperfection-aware,2,21,6,150,1,129,6,208000.0,776090,39107.0,0.15825937751662236,99.99900019209424,1.0,1.0,0.7441860465116279,48719.682170542634,208000.0,0.7321029801187626,0.16471941599957063,0.02461941699948511,1.9641656279891322,ok,247107.0,247107.0,4990.724795729665,915.1532527966496,0.3862690833149293,1.4765732926821542,2.680183591143651,0.9746,4.909825127269138,15000,3312.0,11688.0,5,1,5.0,1.0,False,,0.16666666666666666
GP_Matern52_PI_GATE_5T1S,Imperfection-aware,2,22,6,150,1,135,6,208000.0,776090,39107.0,0.15825937751662236,99.99900019209424,1.0,1.0,0.7333333333333333,49411.637037037035,205162.0,1.1435998600601922,0.29214512500038836,0.02690545899895369,2.2832162119884742,ok,247107.0,247107.0,5075.692770236061,922.5121565509902,0.3840485500258174,1.465560723483457,2.6781493128024225,0.9744,4.878294444088076,15000,3357.0,11643.0,5,1,5.0,1.0,False,,0.16666666666666666
GP_Matern52_PI_GATE_5T1S,Imperfection-aware,2,23,6,150,1,141,6,208000.0,776090,39107.0,0.15825937751662236,99.99900019209424,1.0,1.0,0.723404255319149,47469.32624113475,8503.0,1.0503403563204303,0.26664125000024796,0.0254547080003249,2.575312169989047,ok,247107.0,247107.0,5065.268413924433,920.3752405158084,0.3889103186705374,1.4014127152601574,2.6444050695849257,0.9728,4.66806301395552,15000,3356.0,11644.0,5,1,5.0,1.0,False,,0.16666666666666666
GP_Matern52_PI_GATE_5T1S,Imperfection-aware,2,24,6,150,1,147,6,208000.0,776090,39107.0,0.15825937751662236,99.99900019209424,1.0,1.0,0.7142857142857143,46641.707482993195,109983.0,0.7318177368588477,0.3309456249990035,0.03153745800227625,2.937795252990327,ok,247107.0,247107.0,4979.86350838968,897.3491235526062,0.39112325381995927,1.3745526239800168,2.628247427802176,0.9666,4.434785811570068,15000,3431.0,11569.0,5,1,5.0,1.0,False,,0.16666666666666666
GP_Matern52_PI_GATE_5T1S,Imperfection-aware,2,25,6,150,1,150,3,208000.0,776090,39107.0,0.15825937751662236,99.99900019209424,1.0,1.0,0.7133333333333334,45763.37333333334,6529.0,0.8275642940226842,0.3508860410001944,0.028363542001898168,3.3170448359924194,ok,247107.0,247107.0,4884.356504578683,878.1386428129096,0.3998927029932347,1.3189272708606927,2.6092743298291,0.9584,4.072769345256579,15000,3340.0,11660.0,2,1,2.0,1.0,False,,0.3333333333333333
GP_Matern52_PI_GATE_5T1S,Imperfection-aware,3,0,6,150,1,3,3,0.0,409668,247107.0,1.0,93.70319341923158,0.0,0.0,0.0,0.0,0.0,1.0055793833043412,0.0,0.0,0.0,initial,247107.0,247107.0,,,,,,,,0,,,0,3,,,False,,1.0
GP_Matern52_PI_GATE_5T1S,Imperfection-aware,3,1,6,150,1,9,6,33849.0,1653487,213258.0,0.8630188541805777,98.58587825421084,0.0,0.0,0.4444444444444444,6959.222222222223,33849.0,0.7474573351763404,5.6333999964408576e-05,0.004297125000448432,0.00435345900041284,constant_target_fallback,247107.0,247107.0,7909.099054228617,1427.68,0.0,0.8171530915714472,3.9560373352279044,0.932,1.0,15000,3394.0,11606.0,5,1,5.0,1.0,False,,0.16666666666666666
GP_Matern52_PI_GATE_5T1S,Imperfection-aware,3,2,6,150,1,15,6,46206.0,963014,200901.0,0.8130121769112166,99.16442283548145,1.0,0.0,0.5333333333333333,12648.466666666667,46206.0,0.24531842162939313,0.016402707999077393,0.006759707997844089,0.027515874997334322,ok,247107.0,247107.0,9761.46425721447,3972.6709410219805,0.3419373624724025,3.108148261653047,21.325621101134637,0.6056,1.628408641807403,15000,3336.0,11664.0,5,1,5.0,1.0,False,,0.16666666666666666
GP_Matern52_PI_GATE_5T1S,Imperfection-aware,3,3,6,150,1,21,6,46206.0,963014,200901.0,0.8130121769112166,99.16442283548145,1.0,0.0,0.47619047619047616,10236.047619047618,23900.0,0.4807576444503444,0.01749483300227439,0.00837145800323924,0.05338216600284795,ok,247107.0,247107.0,12768.69153991337,5377.349826437026,0.2565537498766582,3.1483893689284965,28.776822812701507,0.7674,2.3662010559050897,15000,3305.0,11695.0,5,1,5.0,1.0,False,,0.16666666666666666
GP_Matern52_PI_GATE_5T1S,Imperfection-aware,3,4,6,150,1,27,6,52838.0,964246,194269.0,0.7861736009097273,99.40478649020221,1.0,0.0,0.5555555555555556,14095.888888888889,52838.0,0.4599263146864732,0.01915766700039967,0.010115540997503558,0.08265537400075118,ok,247107.0,247107.0,7341.778965334052,1525.5897428680046,0.37701652817329423,2.2252325820938794,3.1704307937367693,0.9542,3.972897953712431,15000,3368.0,11632.0,5,1,5.0,1.0,False,,0.16666666666666666
GP_Matern52_PI_GATE_5T1S,Imperfection-aware,3,5,6,150,1,33,6,60874.0,966028,186233.0,0.7536532757064753,99.58334234799477,1.0,0.0,0.6060606060606061,18480.030303030304,60874.0,0.45029631182296104,0.022193459000845905,0.011473750000732252,0.11632258300232934,ok,247107.0,247107.0,6855.760387141189,1325.615761410875,0.3589561416319687,2.8229538750666032,2.974496379574385,0.9932,4.492885224644175,15000,3239.0,11761.0,5,1,5.0,1.0,False,,0.16666666666666666
GP_Matern52_PI_GATE_5T1S,Imperfection-aware,3,6,6,150,1,39,6,60874.0,966028,186233.0,0.7536532757064753,99.58334234799477,1.0,0.0,0.6410256410256411,17774.641025641027,33939.0,0.7245979644685829,0.03574720799952047,0.015430291001393925,0.16750008200324373,ok,247107.0,247107.0,16971.64171698987,2968.8414292008147,0.37286724765147256,2.7604685323465934,3.1745749840057105,0.9622,4.775060303530972,15000,3378.0,11622.0,5,1,5.0,1.0,False,,0.16666666666666666
GP_Matern52_PI_GATE_5T1S,Imperfection-aware,3,7,6,150,1,45,6,158314.0,965588,88793.0,0.3593301687123392,99.99470593518754,1.0,1.0,0.6666666666666666,25988.88888888889,158314.0,0.3727166506746244,0.052085167000768706,0.01291670800128486,0.2325019570052973,ok,247107.0,247107.0,7244.547294816745,1695.444972303864,0.25997589726652237,3.5879143309701758,3.2444901591289197,0.9922,4.967014593374736,15000,3363.0,11637.0,5,1,5.0,1.0,False,,0.16666666666666666
GP_Matern52_PI_GATE_5T1S,Imperfection-aware,3,8,6,150,1,51,6,158314.0,965588,88793.0,0.3593301687123392,99.99470593518754,1.0,1.0,0.6862745098039216,31021.392156862745,112646.0,0.4280417590268827,0.0523403330007568,0.014551749998645391,0.2993940400046995,ok,247107.0,247107.0,8993.525102906266,1681.7756328374726,0.3472310255063914,2.8664707342787414,3.0665107374989615,0.9934,6.102873132344603,15000,3306.0,11694.0,5,1,5.0,1.0,False,,0.16666666666666666
GP_Matern52_PI_GATE_5T1S,Imperfection-aware,3,9,6,150,1,57,6,158314.0,965588,88793.0,0.3593301687123392,99.99470593518754,1.0,1.0,0.6842105263157895,29531.614035087718,95617.0,0.5104249530268269,0.07100745800198638,0.01718991699817707,0.38759141500486294,ok,247107.0,247107.0,9000.276185360537,1972.7839898584016,0.24859961708629505,3.5333044131439832,3.2014758084664727,0.9924,5.841768689440249,15000,3383.0,11617.0,5,1,5.0,1.0,False,,0.16666666666666666
GP_Matern52_PI_GATE_5T1S,Imperfection-aware,3,10,6,150,1,63,6,158314.0,965588,88793.0,0.3593301687123392,99.99470593518754,1.0,1.0,0.6984126984126984,34247.93650793651,110114.0,0.3981323482729368,0.058387083998240996,0.016500875000929227,0.46247937400403316,ok,247107.0,247107.0,6423.177068084424,1664.248263446946,0.13810526650750551,3.531123896000584,3.1812385961101834,0.9962,5.395404583122753,15000,3361.0,11639.0,5,1,5.0,1.0,False,,0.16666666666666666
GP_Matern52_PI_GATE_5T1S,Imperfection-aware,3,11,6,150,1,69,6,158314.0,965588,88793.0,0.3593301687123392,99.99470593518754,1.0,1.0,0.7101449275362319,35247.0,98967.0,0.48638594845806177,0.06115012499867589,0.019501709000905976,0.543131208003615,ok,247107.0,247107.0,6719.266987206098,1754.4617219689287,0.07659290979376052,3.4535173842565214,3.184329713775828,0.9944,6.197557633595822,15000,3394.0,11606.0,5,1,5.0,1.0,False,,0.16666666666666666
GP_Matern52_PI_GATE_5T1S,Imperfection-aware,3,12,6,150,1,75,6,158314.0,965588,88793.0,0.3593301687123392,99.99470593518754,1.0,1.0,0.72,38744.58666666667,128408.0,0.5055810036117869,0.13372420899759163,0.017339000001811655,0.6941944170030183,ok,247107.0,247107.0,6080.15334622673,2161.661081171173,0.19084605686210868,4.192232744829703,3.37383160854569,0.9966,5.225635186692372,15000,3363.0,11637.0,5,1,5.0,1.0,False,,0.16666666666666666
GP_Matern52_PI_GATE_5T1S,Imperfection-aware,3,13,6,150,1,81,6,158314.0,965588,88793.0,0.3593301687123392,99.99470593518754,1.0,1.0,0.7283950617283951,40495.17283950617,130367.0,0.6341539796577383,0.09260637500119628,0.018607791000249563,0.8054085830044642,ok,247107.0,247107.0,5957.563707209106,2315.7425724548048,0.15062913017448704,4.273213665169344,3.391023076083661,0.9968,5.316864701797959,15000,3403.0,11597.0,5,1,5.0,1.0,False,,0.16666666666666666
GP_Matern52_PI_GATE_5T1S,Imperfection-aware,3,14,6,150,1,87,6,163738.0,965859,83369.0,0.3373801632491188,99.99598437808342,1.0,1.0,0.735632183908046,41373.50574712644,163738.0,0.5226249668038607,0.12160858300194377,0.020806792002986185,0.9478239580093941,ok,247107.0,247107.0,8071.608150074533,2156.4429515839374,0.23693905710130986,3.5981525581202805,3.1945877530521014,0.9922,6.125473419794065,15000,3343.0,11657.0,5,1,5.0,1.0,False,,0.16666666666666666
GP_Matern52_PI_GATE_5T1S,Imperfection-aware,3,15,6,150,1,93,6,163738.0,965859,83369.0,0.3373801632491188,99.99598437808342,1.0,1.0,0.7419354838709677,43535.82795698925,123857.0,0.348952029071083,0.14921858399975463,0.020576999999320833,1.1176195420084696,ok,247107.0,247107.0,5872.884827128972,2397.052066621483,0.10246914321759112,4.123487702531575,3.3272189104688805,0.995,5.811337391337042,15000,3324.0,11676.0,5,1,5.0,1.0,False,,0.16666666666666666
GP_Matern52_PI_GATE_5T1S,Imperfection-aware,3,16,6,150,1,99,6,163738.0,965859,83369.0,0.3373801632491188,99.99598437808342,1.0,1.0,0.7474747474747475,43607.77777777778,98760.0,0.6957928672238173,0.12603341700014425,0.024206165999203222,1.267859125007817,ok,247107.0,247107.0,5885.035884503542,2500.923215372582,0.08488976574813001,4.111600888300474,3.318782257026463,0.9952,6.01152132506831,15000,3366.0,11634.0,5,1,5.0,1.0,False,,0.16666666666666666
GP_Matern52_PI_GATE_5T1S,Imperfection-aware,3,17,6,150,1,105,6,163738.0,965859,83369.0,0.3373801632491188,99.99598437808342,1.0,1.0,0.7619047619047619,41639.304761904765,15705.0,0.6033957915560485,0.15669591599726118,0.019993165999039775,1.444548207004118,ok,247107.0,247107.0,5723.654556526493,1775.0528060077465,0.18246293562154983,3.3836826681242482,3.1566602631180904,0.994,6.628439720031599,15000,3306.0,11694.0,5,1,5.0,1.0,False,,0.16666666666666666
GP_Matern52_PI_GATE_5T1S,Imperfection-aware,3,18,6,150,1,111,6,163738.0,965859,83369.0,0.3373801632491188,99.99598437808342,1.0,1.0,0.7657657657657657,43314.52252252252,163429.0,0.7246762820253565,0.17609950000041863,0.022470374999102205,1.6431180820036388,ok,247107.0,247107.0,5770.206579496506,2638.405844320255,0.11504957070792188,4.172734992274547,3.3328267758807533,0.9948,5.827630439955251,15000,3266.0,11734.0,5,1,5.0,1.0,False,,0.16666666666666666
GP_Matern52_PI_GATE_5T1S,Imperfection-aware,3,19,6,150,1,117,6,163738.0,965859,83369.0,0.3373801632491188,99.99598437808342,1.0,1.0,0.7692307692307693,43153.179487179485,62712.0,0.692993967548085,0.16445887500231038,0.022319749998132465,1.8298967070040817,ok,247107.0,247107.0,5333.598540487435,1519.0637637415773,0.1719878302098079,3.152624046432005,3.133707318510996,0.9912,7.012672159205694,15000,3433.0,11567.0,5,1,5.0,1.0,False,,0.16666666666666666
GP_Matern52_PI_GATE_5T1S,Imperfection-aware,3,20,6,150,1,123,6,163738.0,965859,83369.0,0.3373801632491188,99.99598437808342,1.0,1.0,0.7723577235772358,44547.918699186994,128165.0,0.8048265332405321,0.21711074999984703,0.02497866700286977,2.0719861240067985,ok,247107.0,247107.0,5255.136369631856,1515.487224594871,0.17841952638275965,3.1597632615319866,3.1251220581356836,0.9922,6.865483820130264,15000,3379.0,11621.0,5,1,5.0,1.0,False,,0.16666666666666666
GP_Matern52_PI_GATE_5T1S,Imperfection-aware,3,21,6,150,1,129,6,163738.0,965859,83369.0,0.3373801632491188,99.99598437808342,1.0,1.0,0.7751937984496124,45663.79069767442,115040.0,0.6751335905716966,0.20138237500214018,0.02353074999700766,2.2968992490059463,ok,247107.0,247107.0,5198.837739898958,1305.7743328200784,0.195993456849833,2.9600077124715507,3.0992750331933485,0.9908,6.995997481561186,15000,3326.0,11674.0,5,1,5.0,1.0,False,,0.16666666666666666
GP_Matern52_PI_GATE_5T1S,Imperfection-aware,3,22,6,150,1,135,6,163738.0,965859,83369.0,0.3373801632491188,99.99598437808342,1.0,1.0,0.7777777777777778,46622.91851851852,106669.0,0.44599867213029765,0.2966018749975774,0.025329541000246536,2.6188306650037703,ok,247107.0,247107.0,5141.961540682761,1184.0612810610903,0.21147091900951426,2.8284094425666257,3.0733387551557914,0.99,6.949447012544135,15000,3293.0,11707.0,5,1,5.0,1.0,False,,0.16666666666666666
GP_Matern52_PI_GATE_5T1S,Imperfection-aware,3,23,6,150,1,141,6,163738.0,965859,83369.0,0.3373801632491188,99.99598437808342,1.0,1.0,0.7801418439716312,47379.524822695035,106707.0,0.8378327315752164,0.37619187499876716,0.02766683300069417,3.0226893730032316,ok,247107.0,247107.0,5152.464978557552,1124.2363166264308,0.23057923425795387,2.71426051716992,3.058725748187719,0.9888,6.975500804755526,15000,3328.0,11672.0,5,1,5.0,1.0,False,,0.16666666666666666
GP_Matern52_PI_GATE_5T1S,Imperfection-aware,3,24,6,150,1,147,6,163738.0,965859,83369.0,0.3373801632491188,99.99598437808342,1.0,1.0,0.7551020408163265,45475.55782312925,4394.0,0.8342288664991497,0.3849698750018433,0.02775691599890706,3.435416164003982,ok,247107.0,247107.0,5050.483526013367,1059.0577710718612,0.24056304946606807,2.633978528593577,3.0510540484620154,0.9876,7.034913885874288,15000,3395.0,11605.0,5,1,5.0,1.0,False,,0.16666666666666666
GP_Matern52_PI_GATE_5T1S,Imperfection-aware,3,25,6,150,1,150,3,163738.0,965859,83369.0,0.3373801632491188,99.99598437808342,1.0,1.0,0.7533333333333333,45639.06,102530.0,1.2061318635452116,0.6032355409988668,0.027705374999641208,4.06635708000249,ok,247107.0,247107.0,5013.2808664895365,1075.0908047928017,0.23796430994694315,2.6302771407073173,3.01581718717186,0.988,6.546324275679766,15000,3349.0,11651.0,2,1,2.0,1.0,False,,0.3333333333333333
GP_Matern52_PI_GATE_5T1S,Imperfection-aware,4,0,6,150,1,3,3,0.0,3806703,247107.0,1.0,93.70319341923158,0.0,0.0,0.0,0.0,0.0,0.8989998979021484,0.0,0.0,0.0,initial,247107.0,247107.0,,,,,,,,0,,,1,2,,,False,,0.6666666666666666
GP_Matern52_PI_GATE_5T1S,Imperfection-aware,4,1,6,150,1,9,6,5899.0,1575801,241208.0,0.9761277503267816,95.46791993407169,0.0,0.0,0.1111111111111111,655.4444444444445,5899.0,0.8203498330262058,7.47499980207067e-05,0.005792042000393849,0.0058667919984145556,constant_target_fallback,247107.0,247107.0,8775.797842190761,1529.645,0.0,0.8104050858432441,3.93666540770458,0.9332,1.0,15000,3299.0,11701.0,5,1,5.0,1.0,False,,0.16666666666666666
GP_Matern52_PI_GATE_5T1S,Imperfection-aware,4,2,6,150,1,15,6,8905.0,534529,238202.0,0.9639629795999304,96.20586011999006,0.0,0.0,0.26666666666666666,1808.1333333333334,8905.0,0.339240332040249,0.01385291699989466,0.0074156250011583325,0.027135333999467548,ok,247107.0,247107.0,8784.081358793448,1802.0948246557155,-0.022852110605914137,1.7842923140882856,64.71410091009103,0.769,1.420324550894106,15000,3318.0,11682.0,5,1,5.0,1.0,False,,0.16666666666666666
GP_Matern52_PI_GATE_5T1S,Imperfection-aware,4,3,6,150,1,21,6,23987.0,1476705,223120.0,0.9029286908100539,98.14091456526714,0.0,0.0,0.38095238095238093,4032.3333333333335,23987.0,0.5663912561607399,0.016741958999773487,0.00830804200086277,0.052185335000103805,ok,247107.0,247107.0,8805.74898124558,1661.280407533893,0.025479187040869645,1.8282534530703314,48.945717706168494,0.9418,3.2770046084297717,15000,3298.0,11702.0,5,1,5.0,1.0,False,,0.16666666666666666
GP_Matern52_PI_GATE_5T1S,Imperfection-aware,4,4,6,150,1,27,6,25027.0,1136767,222080.0,0.8987199876976371,98.20550871209662,0.0,0.0,0.4444444444444444,5837.074074074074,25027.0,0.6056270058119065,0.010974291999445995,0.009701917002530536,0.07286154400208034,ok,247107.0,247107.0,8771.433109050162,1562.3820597075846,-0.02092906256235037,2.1856205048125807,5.627910456078349,0.9968,4.160247147173129,15000,3328.0,11672.0,5,1,5.0,1.0,False,,0.16666666666666666
GP_Matern52_PI_GATE_5T1S,Imperfection-aware,4,5,6,150,1,33,6,30240.0,1049077,216867.0,0.8776238633466474,98.43716912094922,0.0,0.0,0.5151515151515151,8130.363636363636,30240.0,0.30454170355106047,0.02614887500021723,0.01129883300018264,0.11030925200248021,ok,247107.0,247107.0,8752.872084379429,1579.8422058511114,0.04906510836223711,2.461357270766577,2.8625953742954757,0.9878,4.142665798842926,15000,3254.0,11746.0,5,1,5.0,1.0,False,,0.16666666666666666
GP_Matern52_PI_GATE_5T1S,Imperfection-aware,4,6,6,150,1,39,6,30240.0,1049077,216867.0,0.8776238633466474,98.43716912094922,0.0,0.0,0.5641025641025641,8799.794871794871,19256.0,0.3265823056443923,0.043814291999296984,0.012277875001018401,0.1664014190027956,ok,247107.0,247107.0,8757.665432457734,1608.1363307449649,0.0235793706766171,2.7120432099540235,2.931752135704991,0.9976,4.695252122980335,15000,3341.0,11659.0,5,1,5.0,1.0,False,,0.16666666666666666
GP_Matern52_PI_GATE_5T1S,Imperfection-aware,4,7,6,150,1,45,6,30240.0,1049077,216867.0,0.8776238633466474,98.43716912094922,0.0,0.0,0.6,9288.4,26436.0,0.3896380363167148,0.02900058299928787,0.014017750003404217,0.20941975200548768,ok,247107.0,247107.0,8740.340778085385,1667.6099937831968,-0.03372080907713765,2.9782613991170943,3.0253118166958513,0.9984,5.151884206997923,15000,3403.0,11597.0,5,1,5.0,1.0,False,,0.16666666666666666
GP_Matern52_PI_GATE_5T1S,Imperfection-aware,4,8,6,150,1,51,6,56282.0,620398,190825.0,0.7722363186797622,99.49249095091895,1.0,0.0,0.6078431372549019,10115.823529411764,56282.0,0.5778624931110393,0.06265825000082259,0.014803125002799788,0.28688112700911006,ok,247107.0,247107.0,12297.59372742923,1873.0422158907845,0.29153180693708886,2.6291209921728287,2.991312721463138,0.9714,4.731848375552677,15000,3386.0,11614.0,5,1,5.0,1.0,False,,0.16666666666666666
GP_Matern52_PI_GATE_5T1S,Imperfection-aware,4,9,6,150,1,57,6,75841.0,966107,171266.0,0.6930843723569142,99.7496218759281,1.0,0.0,0.631578947368421,13750.350877192983,75841.0,0.6205742816865398,0.07438033300059033,0.0161887909998768,0.3774502510095772,ok,247107.0,247107.0,8713.778409174705,1808.751947766985,-0.037576502024376776,3.4609571485514303,3.1638976258091627,0.9982,5.004479945647625,15000,3338.0,11662.0,5,1,5.0,1.0,False,,0.16666666666666666
GP_Matern52_PI_GATE_5T1S,Imperfection-aware,4,10,6,150,1,63,6,75841.0,966107,171266.0,0.6930843723569142,99.7496218759281,1.0,0.0,0.6507936507936508,16232.42857142857,67754.0,0.62663082342969,0.08680462499978603,0.017401541997969616,0.48165641800733283,ok,247107.0,247107.0,8582.104614652377,1740.421874941171,0.08135139242884258,3.255459184800515,3.1034244795790937,0.9984,5.28676764688478,15000,3353.0,11647.0,5,1,5.0,1.0,False,,0.16666666666666666
GP_Matern52_PI_GATE_5T1S,Imperfection-aware,4,11,6,150,1,69,6,75841.0,966107,171266.0,0.6930843723569142,99.7496218759281,1.0,0.0,0.6376811594202898,15818.72463768116,40902.0,0.7128817192096758,0.10349904100075946,0.017925291998835746,0.603080751006928,ok,247107.0,247107.0,8713.997320323419,2058.27191993087,0.06808547756333759,3.9456482156066386,3.3305737394799695,0.998,4.807021063335026,15000,3295.0,11705.0,5,1,5.0,1.0,False,,0.16666666666666666
GP_Matern52_PI_GATE_5T1S,Imperfection-aware,4,12,6,150,1,75,6,79557.0,1042168,167550.0,0.6780463523898554,99.77461707357209,1.0,0.0,0.6533333333333333,17855.04,79557.0,0.671058496739452,0.1288894999997865,0.01891925000018091,0.7508895010068954,ok,247107.0,247107.0,7425.229001617008,1367.465019998984,0.3247568023419643,2.6989104648632063,2.936967016929468,0.9938,5.2832850309254935,15000,3422.0,11578.0,5,1,5.0,1.0,False,,0.16666666666666666
GP_Matern52_PI_GATE_5T1S,Imperfection-aware,4,13,6,150,1,81,6,91896.0,1044184,155211.0,0.6281125180589785,99.85410999722676,1.0,0.0,0.6790123456790124,19457.679012345678,91896.0,0.725619434898992,0.10724345799826551,0.018670749999728287,0.8768037090048892,ok,247107.0,247107.0,7208.792407291498,1399.6359242607682,0.2912233969169893,2.833242995819791,2.9777746352880365,0.995,5.468165404363116,15000,3460.0,11540.0,5,1,5.0,1.0,False,,0.16666666666666666
GP_Matern52_PI_GATE_5T1S,Imperfection-aware,4,14,6,150,1,87,6,100269.0,1045740,146838.0,0.5942284111741067,99.89954389091145,1.0,0.0,0.6896551724137931,22193.58620689655,100269.0,0.5747853477787374,0.1342482079999172,0.019862166001985315,1.0309140830067918,ok,247107.0,247107.0,6941.473439924317,1436.1192460893608,0.28004963105355163,2.9716023018429674,3.0061140992592428,0.9944,5.367392760828547,15000,3292.0,11708.0,5,1,5.0,1.0,False,,0.16666666666666666
GP_Matern52_PI_GATE_5T1S,Imperfection-aware,4,15,6,150,1,93,6,100269.0,1045740,146838.0,0.5942284111741067,99.89954389091145,1.0,0.0,0.6989247311827957,23959.16129032258,95007.0,0.40044954845651914,0.1016134579986101,0.01785579100032919,1.150383332005731,ok,247107.0,247107.0,6949.580264194288,1532.8213050398376,0.23476688761330247,3.126969351265134,3.0449010473127407,0.9966,5.445042101494013,15000,3311.0,11689.0,5,1,5.0,1.0,False,,0.16666666666666666
GP_Matern52_PI_GATE_5T1S,Imperfection-aware,4,16,6,150,1,99,6,107037.0,959819,140070.0,0.5668394663040707,99.93237364886616,1.0,1.0,0.7171717171717171,26802.848484848484,107037.0,0.5018432439648289,0.11376529200060759,0.018656208001630148,1.2828048320079688,ok,247107.0,247107.0,7012.513864800016,1607.1410199208751,0.2043477342481336,3.22355319069032,3.072960993684426,0.996,5.553895217003663,15000,3410.0,11590.0,5,1,5.0,1.0,False,,0.16666666666666666
GP_Matern52_PI_GATE_5T1S,Imperfection-aware,4,17,6,150,1,105,6,156909.0,1129903,90198.0,0.36501596474401776,99.99429617784911,1.0,1.0,0.7238095238095238,28738.095238095237,156909.0,0.8668881639178231,0.14371379200019874,0.02098633300192887,1.4475049570100964,ok,247107.0,247107.0,6887.787198881988,1633.1927748314522,0.19683620690508546,3.2132388720197986,3.072292206840024,0.9958,5.709712615284287,15000,3343.0,11657.0,5,1,5.0,1.0,False,,0.16666666666666666
GP_Matern52_PI_GATE_5T1S,Imperfection-aware,4,18,6,150,1,111,6,156909.0,1129903,90198.0,0.36501596474401776,99.99429617784911,1.0,1.0,0.7297297297297297,29958.423423423425,99457.0,0.757004442047257,0.14138829199873726,0.020745500001794426,1.609638749010628,ok,247107.0,247107.0,6942.361446005827,1615.6191844878601,0.20208679024010692,3.1140493906202154,3.0503018756525764,0.9952,5.815797931305857,15000,3478.0,11522.0,5,1,5.0,1.0,False,,0.16666666666666666
GP_Matern52_PI_GATE_5T1S,Imperfection-aware,4,19,6,150,1,117,6,156909.0,1129903,90198.0,0.36501596474401776,99.99429617784911,1.0,1.0,0.7350427350427351,30992.0,105965.0,0.7394687350897097,0.15895020800235216,0.020870250002190005,1.7894592070151703,ok,247107.0,247107.0,6894.189061981826,1497.99424992631,0.22954580189634366,2.9160783243883057,3.0099454359043736,0.9936,5.88171112271321,15000,3404.0,11596.0,5,1,5.0,1.0,False,,0.16666666666666666
GP_Matern52_PI_GATE_5T1S,Imperfection-aware,4,20,6,150,1,123,6,156909.0,1129903,90198.0,0.36501596474401776,99.99429617784911,1.0,1.0,0.7398373983739838,33648.52032520325,120818.0,0.7212610035486982,0.17483054200056358,0.021872166002140148,1.986161915017874,ok,247107.0,247107.0,6786.116278816799,1495.1983500116125,0.21573786536797498,2.9743866560922885,3.0229654576515395,0.9934,5.979709665861839,15000,3368.0,11632.0,5,1,5.0,1.0,False,,0.16666666666666666
GP_Matern52_PI_GATE_5T1S,Imperfection-aware,4,21,6,150,1,129,6,156909.0,1129903,90198.0,0.36501596474401776,99.99429617784911,1.0,1.0,0.7364341085271318,33469.90697674418,108312.0,0.8323509333432682,0.17032416700021713,0.022156666000228142,2.1786427480183193,ok,247107.0,247107.0,6799.095922269427,1433.5265053376772,0.231629601044363,2.877460975846549,3.0102934638082095,0.9922,6.0520214128153205,15000,3316.0,11684.0,5,1,5.0,1.0,False,,0.16666666666666666
GP_Matern52_PI_GATE_5T1S,Imperfection-aware,4,22,6,150,1,135,6,156909.0,1129903,90198.0,0.36501596474401776,99.99429617784911,1.0,1.0,0.7407407407407407,34022.62962962963,73081.0,0.4290884249728753,0.3900825829987298,0.023428874999808613,2.5921542060168576,ok,247107.0,247107.0,23196.42282497394,1660.9657369680406,0.2893150127006533,2.5491370421290105,2.982685329505341,0.994,6.654970791042086,15000,3350.0,11650.0,5,1,5.0,1.0,False,,0.16666666666666666
GP_Matern52_PI_GATE_5T1S,Imperfection-aware,4,23,6,150,1,141,6,156909.0,1129903,90198.0,0.36501596474401776,99.99429617784911,1.0,1.0,0.7092198581560284,32574.858156028367,0.0,0.4274227932130453,0.33498675000009825,0.026316540999687277,2.953457497016643,ok,247107.0,247107.0,53950.340942534276,2959.2215381003334,0.22557202888215644,3.3553526928876134,3.1268438855113776,0.9964,6.421841564597594,15000,3338.0,11662.0,5,1,5.0,1.0,False,,0.16666666666666666
GP_Matern52_PI_GATE_5T1S,Imperfection-aware,4,24,6,150,1,147,6,156909.0,1129903,90198.0,0.36501596474401776,99.99429617784911,1.0,1.0,0.7142857142857143,34069.44217687075,116024.0,0.6805584582842891,0.3184709589986596,0.02909462500247173,3.3010230810177745,ok,247107.0,247107.0,21449.800567650906,1480.5829618368457,0.29559980459323887,2.5781348385443774,2.9524220228064504,0.9946,6.089757889500783,15000,3293.0,11707.0,5,1,5.0,1.0,False,,0.16666666666666666
GP_Matern52_PI_GATE_5T1S,Imperfection-aware,4,25,6,150,1,150,3,156909.0,1129903,90198.0,0.36501596474401776,99.99429617784911,1.0,1.0,0.72,34219.85333333333,94548.0,0.7514279847063378,0.510226957998384,0.026053083001897903,3.8373031220180565,ok,247107.0,247107.0,6571.175713243438,1921.5870833041556,0.27196855336840403,3.8662900697776172,3.249486331348389,0.9948,5.209975663049668,15000,3339.0,11661.0,2,1,2.0,1.0,False,,0.3333333333333333
